date,bitcoin to usd_unscaled,bitcoin to usd_monthly,isPartial,scale,bitcoin to usd
2017-08-01,58,,,,
2017-08-02,49,,,,
2017-08-03,55,,,,
2017-08-04,37,,,,
2017-08-05,42,,,,
2017-08-06,50,15.0,False,0.15,7.5
2017-08-07,66,15.0,,0.15,9.9
2017-08-08,55,15.0,,0.15,8.25
2017-08-09,54,15.0,,0.15,8.1
2017-08-10,45,15.0,,0.15,6.75
2017-08-11,47,15.0,,0.15,7.05
2017-08-12,57,15.0,,0.15,8.549999999999999
2017-08-13,100,20.0,False,0.2,20.0
2017-08-14,87,20.0,,0.2,17.400000000000002
2017-08-15,79,20.0,,0.2,15.8
2017-08-16,55,20.0,,0.2,11.0
2017-08-17,91,20.0,,0.2,18.2
2017-08-18,61,20.0,,0.2,12.200000000000001
2017-08-19,53,20.0,,0.2,10.600000000000001
2017-08-20,46,14.0,False,0.14,6.44
2017-08-21,54,14.0,,0.14,7.5600000000000005
2017-08-22,58,14.0,,0.14,8.120000000000001
2017-08-23,53,14.0,,0.14,7.420000000000001
2017-08-24,65,14.0,,0.14,9.100000000000001
2017-08-25,61,14.0,,0.14,8.540000000000001
2017-08-26,57,14.0,,0.14,7.98
2017-08-27,32,14.0,False,0.14,4.48
2017-08-28,51,14.0,,0.14,7.140000000000001
2017-08-29,58,14.0,,0.14,8.120000000000001
2017-08-30,61,14.0,,0.14,8.540000000000001
2017-08-31,60,14.0,,0.14,8.4
2017-09-01,73,14.0,,0.14,10.22
2017-09-02,64,14.0,,0.14,8.96
2017-09-03,70,15.0,False,0.15,10.5
2017-09-04,85,15.0,,0.15,12.75
2017-09-05,93,15.0,,0.15,13.95
2017-09-06,59,15.0,,0.15,8.85
2017-09-07,63,15.0,,0.15,9.45
2017-09-08,59,15.0,,0.15,8.85
2017-09-09,44,15.0,,0.15,6.6
2017-09-10,62,17.0,False,0.17,10.540000000000001
2017-09-11,80,17.0,,0.17,13.600000000000001
2017-09-12,56,17.0,,0.17,9.520000000000001
2017-09-13,70,17.0,,0.17,11.9
2017-09-14,85,17.0,,0.17,14.450000000000001
2017-09-15,100,17.0,,0.17,17.0
2017-09-16,78,17.0,,0.17,13.260000000000002
2017-09-17,88,15.0,False,0.15,13.2
2017-09-18,70,15.0,,0.15,10.5
2017-09-19,66,15.0,,0.15,9.9
2017-09-20,45,15.0,,0.15,6.75
2017-09-21,65,15.0,,0.15,9.75
2017-09-22,48,15.0,,0.15,7.199999999999999
2017-09-23,51,15.0,,0.15,7.6499999999999995
2017-09-24,40,11.0,False,0.11,4.4
2017-09-25,44,11.0,,0.11,4.84
2017-09-26,42,11.0,,0.11,4.62
2017-09-27,42,11.0,,0.11,4.62
2017-09-28,63,11.0,,0.11,6.93
2017-09-29,41,11.0,,0.11,4.51
2017-09-30,48,11.0,,0.11,5.28
2017-10-01,24,10.0,False,0.1,2.4000000000000004
2017-10-02,48,10.0,,0.1,4.800000000000001
2017-10-03,51,10.0,,0.1,5.1000000000000005
2017-10-04,33,10.0,,0.1,3.3000000000000003
2017-10-05,43,10.0,,0.1,4.3
2017-10-06,41,10.0,,0.1,4.1000000000000005
2017-10-07,39,10.0,,0.1,3.9000000000000004
2017-10-08,33,17.0,False,0.17,5.61
2017-10-09,41,17.0,,0.17,6.970000000000001
2017-10-10,57,17.0,,0.17,9.690000000000001
2017-10-11,57,17.0,,0.17,9.690000000000001
2017-10-12,88,17.0,,0.17,14.96
2017-10-13,100,17.0,,0.17,17.0
2017-10-14,60,17.0,,0.17,10.200000000000001
2017-10-15,45,16.0,False,0.16,7.2
2017-10-16,64,16.0,,0.16,10.24
2017-10-17,58,16.0,,0.16,9.28
2017-10-18,42,16.0,,0.16,6.72
2017-10-19,61,16.0,,0.16,9.76
2017-10-20,69,16.0,,0.16,11.040000000000001
2017-10-21,84,16.0,,0.16,13.44
2017-10-22,68,16.0,False,0.16,10.88
2017-10-23,68,16.0,,0.16,10.88
2017-10-24,78,16.0,,0.16,12.48
2017-10-25,77,16.0,,0.16,12.32
2017-10-26,61,16.0,,0.16,9.76
2017-10-27,56,16.0,,0.16,8.96
2017-10-28,53,16.0,,0.16,8.48
2017-10-29,44,27.0,False,0.27,11.88
2017-10-30,76,27.0,,0.27,20.520000000000003
2017-10-31,82,27.0,,0.27,22.14
2017-11-01,31,27.0,,0.27,8.370000000000001
2017-11-02,36,27.0,,0.27,9.72
2017-11-03,33,27.0,,0.27,8.91
2017-11-04,25,27.0,,0.27,6.75
2017-11-05,22,25.0,False,0.25,5.5
2017-11-06,21,25.0,,0.25,5.25
2017-11-07,21,25.0,,0.25,5.25
2017-11-08,26,25.0,,0.25,6.5
2017-11-09,26,25.0,,0.25,6.5
2017-11-10,26,25.0,,0.25,6.5
2017-11-11,25,25.0,,0.25,6.25
2017-11-12,33,28.0,False,0.28,9.24
2017-11-13,28,28.0,,0.28,7.840000000000001
2017-11-14,17,28.0,,0.28,4.760000000000001
2017-11-15,22,28.0,,0.28,6.16
2017-11-16,22,28.0,,0.28,6.16
2017-11-17,40,28.0,,0.28,11.200000000000001
2017-11-18,24,28.0,,0.28,6.720000000000001
2017-11-19,23,27.0,False,0.27,6.210000000000001
2017-11-20,23,27.0,,0.27,6.210000000000001
2017-11-21,33,27.0,,0.27,8.91
2017-11-22,26,27.0,,0.27,7.0200000000000005
2017-11-23,23,27.0,,0.27,6.210000000000001
2017-11-24,18,27.0,,0.27,4.86
2017-11-25,23,27.0,,0.27,6.210000000000001
2017-11-26,45,69.0,False,0.69,31.049999999999997
2017-11-27,55,69.0,,0.69,37.949999999999996
2017-11-28,63,69.0,,0.69,43.47
2017-11-29,100,69.0,,0.69,69.0
2017-11-30,98,69.0,,0.69,67.61999999999999
2017-12-01,36,69.0,,0.69,24.839999999999996
2017-12-02,31,69.0,,0.69,21.389999999999997
2017-12-03,29,100.0,False,1.0,29.0
2017-12-04,32,100.0,,1.0,32.0
2017-12-05,34,100.0,,1.0,34.0
2017-12-06,46,100.0,,1.0,46.0
2017-12-07,100,100.0,,1.0,100.0
2017-12-08,98,100.0,,1.0,98.0
2017-12-09,54,100.0,,1.0,54.0
2017-12-10,48,90.0,False,0.9,43.2
2017-12-11,58,90.0,,0.9,52.2
2017-12-12,53,90.0,,0.9,47.7
2017-12-13,50,90.0,,0.9,45.0
2017-12-14,45,90.0,,0.9,40.5
2017-12-15,41,90.0,,0.9,36.9
2017-12-16,39,90.0,,0.9,35.1
2017-12-17,44,94.0,False,0.94,41.36
2017-12-18,43,94.0,,0.94,40.419999999999995
2017-12-19,41,94.0,,0.94,38.54
2017-12-20,54,94.0,,0.94,50.76
2017-12-21,47,94.0,,0.94,44.18
2017-12-22,80,94.0,,0.94,75.19999999999999
2017-12-23,67,94.0,,0.94,62.98
2017-12-24,48,62.0,False,0.62,29.759999999999998
2017-12-25,33,62.0,,0.62,20.46
2017-12-26,34,62.0,,0.62,21.08
2017-12-27,34,62.0,,0.62,21.08
2017-12-28,34,62.0,,0.62,21.08
2017-12-29,35,62.0,,0.62,21.7
2017-12-30,31,62.0,,0.62,19.22
2017-12-31,26,49.0,False,0.49,12.74
2018-01-01,42,49.0,,0.49,20.58
2018-01-02,60,49.0,,0.49,29.4
2018-01-03,56,49.0,,0.49,27.439999999999998
2018-01-04,56,49.0,,0.49,27.439999999999998
2018-01-05,51,49.0,,0.49,24.99
2018-01-06,51,49.0,,0.49,24.99
2018-01-07,47,44.0,False,0.44,20.68
2018-01-08,45,44.0,,0.44,19.8
2018-01-09,47,44.0,,0.44,20.68
2018-01-10,49,44.0,,0.44,21.56
2018-01-11,57,44.0,,0.44,25.080000000000002
2018-01-12,44,44.0,,0.44,19.36
2018-01-13,33,44.0,,0.44,14.52
2018-01-14,30,52.0,False,0.52,15.600000000000001
2018-01-15,30,52.0,,0.52,15.600000000000001
2018-01-16,59,52.0,,0.52,30.68
2018-01-17,100,52.0,,0.52,52.0
2018-01-18,66,52.0,,0.52,34.32
2018-01-19,45,52.0,,0.52,23.400000000000002
2018-01-20,34,52.0,,0.52,17.68
2018-01-21,38,34.0,False,0.34,12.920000000000002
2018-01-22,40,34.0,,0.34,13.600000000000001
2018-01-23,35,34.0,,0.34,11.9
2018-01-24,31,34.0,,0.34,10.540000000000001
2018-01-25,30,34.0,,0.34,10.200000000000001
2018-01-26,30,34.0,,0.34,10.200000000000001
2018-01-27,33,34.0,,0.34,11.22
2018-01-28,26,34.0,False,0.34,8.84
2018-01-29,28,34.0,,0.34,9.520000000000001
2018-01-30,24,34.0,,0.34,8.16
2018-01-31,37,34.0,,0.34,12.58
2018-02-01,39,34.0,,0.34,13.260000000000002
2018-02-02,56,34.0,,0.34,19.040000000000003
2018-02-03,44,34.0,,0.34,14.96
2018-02-04,30,49.0,False,0.49,14.7
2018-02-05,58,49.0,,0.49,28.419999999999998
2018-02-06,100,49.0,,0.49,49.0
2018-02-07,54,49.0,,0.49,26.46
2018-02-08,36,49.0,,0.49,17.64
2018-02-09,37,49.0,,0.49,18.13
2018-02-10,25,49.0,,0.49,12.25
2018-02-11,23,22.0,False,0.22,5.06
2018-02-12,26,22.0,,0.22,5.72
2018-02-13,27,22.0,,0.22,5.94
2018-02-14,23,22.0,,0.22,5.06
2018-02-15,23,22.0,,0.22,5.06
2018-02-16,24,22.0,,0.22,5.28
2018-02-17,20,22.0,,0.22,4.4
2018-02-18,26,20.0,False,0.2,5.2
2018-02-19,29,20.0,,0.2,5.800000000000001
2018-02-20,20,20.0,,0.2,4.0
2018-02-21,24,20.0,,0.2,4.800000000000001
2018-02-22,18,20.0,,0.2,3.6
2018-02-23,11,20.0,,0.2,2.2
2018-02-24,14,20.0,,0.2,2.8000000000000003
2018-02-25,16,12.0,False,0.12,1.92
2018-02-26,16,12.0,,0.12,1.92
2018-02-27,15,12.0,,0.12,1.7999999999999998
2018-02-28,13,12.0,,0.12,1.56
2018-03-01,60,12.0,,0.12,7.199999999999999
2018-03-02,73,12.0,,0.12,8.76
2018-03-03,75,12.0,,0.12,9.0
2018-03-04,73,12.0,False,0.12,8.76
2018-03-05,61,12.0,,0.12,7.319999999999999
2018-03-06,86,12.0,,0.12,10.32
2018-03-07,64,12.0,,0.12,7.68
2018-03-08,59,12.0,,0.12,7.08
2018-03-09,77,12.0,,0.12,9.24
2018-03-10,53,12.0,,0.12,6.359999999999999
2018-03-11,67,11.0,False,0.11,7.37
2018-03-12,60,11.0,,0.11,6.6
2018-03-13,71,11.0,,0.11,7.81
2018-03-14,77,11.0,,0.11,8.47
2018-03-15,75,11.0,,0.11,8.25
2018-03-16,84,11.0,,0.11,9.24
2018-03-17,61,11.0,,0.11,6.71
2018-03-18,72,10.0,False,0.1,7.2
2018-03-19,84,10.0,,0.1,8.4
2018-03-20,100,10.0,,0.1,10.0
2018-03-21,62,10.0,,0.1,6.2
2018-03-22,54,10.0,,0.1,5.4
2018-03-23,48,10.0,,0.1,4.800000000000001
2018-03-24,56,10.0,,0.1,5.6000000000000005
2018-03-25,41,10.0,False,0.1,4.1000000000000005
2018-03-26,52,10.0,,0.1,5.2
2018-03-27,43,10.0,,0.1,4.3
2018-03-28,53,10.0,,0.1,5.300000000000001
2018-03-29,53,10.0,,0.1,5.300000000000001
2018-03-30,68,10.0,,0.1,6.800000000000001
2018-03-31,68,10.0,,0.1,6.800000000000001
2018-04-01,55,9.0,False,0.09,4.95
2018-04-02,66,9.0,,0.09,5.9399999999999995
2018-04-03,100,9.0,,0.09,9.0
2018-04-04,53,9.0,,0.09,4.77
2018-04-05,74,9.0,,0.09,6.66
2018-04-06,65,9.0,,0.09,5.85
2018-04-07,49,9.0,,0.09,4.41
2018-04-08,51,10.0,False,0.1,5.1000000000000005
2018-04-09,51,10.0,,0.1,5.1000000000000005
2018-04-10,69,10.0,,0.1,6.9
2018-04-11,52,10.0,,0.1,5.2
2018-04-12,85,10.0,,0.1,8.5
2018-04-13,64,10.0,,0.1,6.4
2018-04-14,42,10.0,,0.1,4.2
2018-04-15,53,8.0,False,0.08,4.24
2018-04-16,53,8.0,,0.08,4.24
2018-04-17,86,8.0,,0.08,6.88
2018-04-18,60,8.0,,0.08,4.8
2018-04-19,64,8.0,,0.08,5.12
2018-04-20,50,8.0,,0.08,4.0
2018-04-21,63,8.0,,0.08,5.04
2018-04-22,44,9.0,False,0.09,3.96
2018-04-23,50,9.0,,0.09,4.5
2018-04-24,85,9.0,,0.09,7.6499999999999995
2018-04-25,61,9.0,,0.09,5.49
2018-04-26,47,9.0,,0.09,4.2299999999999995
2018-04-27,48,9.0,,0.09,4.32
2018-04-28,73,9.0,,0.09,6.569999999999999
2018-04-29,74,8.0,False,0.08,5.92
2018-04-30,85,8.0,,0.08,6.8
2018-05-01,79,8.0,,0.08,6.32
2018-05-02,81,8.0,,0.08,6.48
2018-05-03,65,8.0,,0.08,5.2
2018-05-04,54,8.0,,0.08,4.32
2018-05-05,57,8.0,,0.08,4.5600000000000005
2018-05-06,86,6.0,False,0.06,5.16
2018-05-07,100,6.0,,0.06,6.0
2018-05-08,68,6.0,,0.06,4.08
2018-05-09,85,6.0,,0.06,5.1
2018-05-10,79,6.0,,0.06,4.74
2018-05-11,84,6.0,,0.06,5.04
2018-05-12,56,6.0,,0.06,3.36
2018-05-13,60,6.0,False,0.06,3.5999999999999996
2018-05-14,87,6.0,,0.06,5.22
2018-05-15,57,6.0,,0.06,3.42
2018-05-16,55,6.0,,0.06,3.3
2018-05-17,56,6.0,,0.06,3.36
2018-05-18,76,6.0,,0.06,4.56
2018-05-19,56,6.0,,0.06,3.36
2018-05-20,64,7.0,False,0.07,4.48
2018-05-21,82,7.0,,0.07,5.74
2018-05-22,45,7.0,,0.07,3.1500000000000004
2018-05-23,82,7.0,,0.07,5.74
2018-05-24,59,7.0,,0.07,4.130000000000001
2018-05-25,66,7.0,,0.07,4.62
2018-05-26,53,7.0,,0.07,3.7100000000000004
2018-05-27,45,6.0,False,0.06,2.6999999999999997
2018-05-28,80,6.0,,0.06,4.8
2018-05-29,84,6.0,,0.06,5.04
2018-05-30,58,6.0,,0.06,3.48
2018-05-31,50,6.0,,0.06,3.0
2018-06-01,58,6.0,,0.06,3.48
2018-06-02,57,6.0,,0.06,3.42
2018-06-03,46,5.0,False,0.05,2.3000000000000003
2018-06-04,46,5.0,,0.05,2.3000000000000003
2018-06-05,39,5.0,,0.05,1.9500000000000002
2018-06-06,36,5.0,,0.05,1.8
2018-06-07,34,5.0,,0.05,1.7000000000000002
2018-06-08,42,5.0,,0.05,2.1
2018-06-09,39,5.0,,0.05,1.9500000000000002
2018-06-10,35,6.0,False,0.06,2.1
2018-06-11,77,6.0,,0.06,4.62
2018-06-12,36,6.0,,0.06,2.16
2018-06-13,82,6.0,,0.06,4.92
2018-06-14,59,6.0,,0.06,3.54
2018-06-15,64,6.0,,0.06,3.84
2018-06-16,67,6.0,,0.06,4.02
2018-06-17,41,6.0,False,0.06,2.46
2018-06-18,54,6.0,,0.06,3.2399999999999998
2018-06-19,48,6.0,,0.06,2.88
2018-06-20,64,6.0,,0.06,3.84
2018-06-21,45,6.0,,0.06,2.6999999999999997
2018-06-22,88,6.0,,0.06,5.279999999999999
2018-06-23,100,6.0,,0.06,6.0
2018-06-24,72,6.0,False,0.06,4.32
2018-06-25,65,6.0,,0.06,3.9
2018-06-26,50,6.0,,0.06,3.0
2018-06-27,68,6.0,,0.06,4.08
2018-06-28,54,6.0,,0.06,3.2399999999999998
2018-06-29,97,6.0,,0.06,5.819999999999999
2018-06-30,74,6.0,,0.06,4.4399999999999995
2018-07-01,78,5.0,False,0.05,3.9000000000000004
2018-07-02,69,5.0,,0.05,3.45
2018-07-03,56,5.0,,0.05,2.8000000000000003
2018-07-04,48,5.0,,0.05,2.4000000000000004
2018-07-05,95,5.0,,0.05,4.75
2018-07-06,67,5.0,,0.05,3.35
2018-07-07,44,5.0,,0.05,2.2
2018-07-08,40,6.0,False,0.06,2.4
2018-07-09,63,6.0,,0.06,3.78
2018-07-10,81,6.0,,0.06,4.859999999999999
2018-07-11,52,6.0,,0.06,3.12
2018-07-12,40,6.0,,0.06,2.4
2018-07-13,53,6.0,,0.06,3.1799999999999997
2018-07-14,58,6.0,,0.06,3.48
2018-07-15,73,5.0,False,0.05,3.6500000000000004
2018-07-16,43,5.0,,0.05,2.15
2018-07-17,53,5.0,,0.05,2.6500000000000004
2018-07-18,90,5.0,,0.05,4.5
2018-07-19,51,5.0,,0.05,2.5500000000000003
2018-07-20,86,5.0,,0.05,4.3
2018-07-21,50,5.0,,0.05,2.5
2018-07-22,58,7.0,False,0.07,4.0600000000000005
2018-07-23,65,7.0,,0.07,4.550000000000001
2018-07-24,100,7.0,,0.07,7.000000000000001
2018-07-25,68,7.0,,0.07,4.760000000000001
2018-07-26,80,7.0,,0.07,5.6000000000000005
2018-07-27,77,7.0,,0.07,5.390000000000001
2018-07-28,49,7.0,,0.07,3.43
2018-07-29,58,6.0,False,0.06,3.48
2018-07-30,63,6.0,,0.06,3.78
2018-07-31,49,6.0,,0.06,2.94
2018-08-01,71,6.0,,0.06,4.26
2018-08-02,74,6.0,,0.06,4.4399999999999995
2018-08-03,39,6.0,,0.06,2.34
2018-08-04,43,6.0,,0.06,2.58
2018-08-05,50,6.0,False,0.06,3.0
2018-08-06,50,6.0,,0.06,3.0
2018-08-07,55,6.0,,0.06,3.3
2018-08-08,52,6.0,,0.06,3.12
2018-08-09,63,6.0,,0.06,3.78
2018-08-10,86,6.0,,0.06,5.16
2018-08-11,100,6.0,,0.06,6.0
2018-08-12,68,6.0,False,0.06,4.08
2018-08-13,67,6.0,,0.06,4.02
2018-08-14,64,6.0,,0.06,3.84
2018-08-15,93,6.0,,0.06,5.58
2018-08-16,51,6.0,,0.06,3.06
2018-08-17,93,6.0,,0.06,5.58
2018-08-18,51,6.0,,0.06,3.06
2018-08-19,47,5.0,False,0.05,2.35
2018-08-20,66,5.0,,0.05,3.3000000000000003
2018-08-21,69,5.0,,0.05,3.45
2018-08-22,59,5.0,,0.05,2.95
2018-08-23,65,5.0,,0.05,3.25
2018-08-24,38,5.0,,0.05,1.9000000000000001
2018-08-25,47,5.0,,0.05,2.35
2018-08-26,42,5.0,False,0.05,2.1
2018-08-27,51,5.0,,0.05,2.5500000000000003
2018-08-28,87,5.0,,0.05,4.3500000000000005
2018-08-29,47,5.0,,0.05,2.35
2018-08-30,57,5.0,,0.05,2.85
2018-08-31,41,5.0,,0.05,2.0500000000000003
2018-09-01,60,5.0,,0.05,3.0
2018-09-02,60,5.0,False,0.05,3.0
2018-09-03,36,5.0,,0.05,1.8
2018-09-04,82,5.0,,0.05,4.1000000000000005
2018-09-05,91,5.0,,0.05,4.55
2018-09-06,61,5.0,,0.05,3.0500000000000003
2018-09-07,70,5.0,,0.05,3.5
2018-09-08,81,5.0,,0.05,4.05
2018-09-09,59,6.0,False,0.06,3.54
2018-09-10,99,6.0,,0.06,5.9399999999999995
2018-09-11,100,6.0,,0.06,6.0
2018-09-12,69,6.0,,0.06,4.14
2018-09-13,76,6.0,,0.06,4.56
2018-09-14,72,6.0,,0.06,4.32
2018-09-15,71,6.0,,0.06,4.26
2018-09-16,59,5.0,False,0.05,2.95
2018-09-17,40,5.0,,0.05,2.0
2018-09-18,48,5.0,,0.05,2.4000000000000004
2018-09-19,87,5.0,,0.05,4.3500000000000005
2018-09-20,57,5.0,,0.05,2.85
2018-09-21,97,5.0,,0.05,4.8500000000000005
2018-09-22,66,5.0,,0.05,3.3000000000000003
2018-09-23,34,4.0,False,0.04,1.36
2018-09-24,65,4.0,,0.04,2.6
2018-09-25,78,4.0,,0.04,3.12
2018-09-26,69,4.0,,0.04,2.7600000000000002
2018-09-27,58,4.0,,0.04,2.32
2018-09-28,55,4.0,,0.04,2.2
2018-09-29,36,4.0,,0.04,1.44
2018-09-30,60,4.0,False,0.04,2.4
2018-10-01,88,4.0,,0.04,3.52
2018-10-02,64,4.0,,0.04,2.56
2018-10-03,44,4.0,,0.04,1.76
2018-10-04,49,4.0,,0.04,1.96
2018-10-05,47,4.0,,0.04,1.8800000000000001
2018-10-06,65,4.0,,0.04,2.6
2018-10-07,31,4.0,False,0.04,1.24
2018-10-08,48,4.0,,0.04,1.92
2018-10-09,51,4.0,,0.04,2.04
2018-10-10,74,4.0,,0.04,2.96
2018-10-11,100,4.0,,0.04,4.0
2018-10-12,48,4.0,,0.04,1.92
2018-10-13,52,4.0,,0.04,2.08
2018-10-14,61,4.0,False,0.04,2.44
2018-10-15,54,4.0,,0.04,2.16
2018-10-16,37,4.0,,0.04,1.48
2018-10-17,74,4.0,,0.04,2.96
2018-10-18,54,4.0,,0.04,2.16
2018-10-19,65,4.0,,0.04,2.6
2018-10-20,57,4.0,,0.04,2.2800000000000002
2018-10-21,32,4.0,False,0.04,1.28
2018-10-22,24,4.0,,0.04,0.96
2018-10-23,61,4.0,,0.04,2.44
2018-10-24,57,4.0,,0.04,2.2800000000000002
2018-10-25,41,4.0,,0.04,1.6400000000000001
2018-10-26,64,4.0,,0.04,2.56
2018-10-27,36,4.0,,0.04,1.44
2018-10-28,45,4.0,False,0.04,1.8
2018-10-29,58,4.0,,0.04,2.32
2018-10-30,93,4.0,,0.04,3.72
2018-10-31,42,4.0,,0.04,1.68
2018-11-01,42,4.0,,0.04,1.68
2018-11-02,32,4.0,,0.04,1.28
2018-11-03,31,4.0,,0.04,1.24
2018-11-04,62,4.0,False,0.04,2.48
2018-11-05,35,4.0,,0.04,1.4000000000000001
2018-11-06,50,4.0,,0.04,2.0
2018-11-07,41,4.0,,0.04,1.6400000000000001
2018-11-08,56,4.0,,0.04,2.24
2018-11-09,38,4.0,,0.04,1.52
2018-11-10,38,4.0,,0.04,1.52
2018-11-11,37,4.0,False,0.04,1.48
2018-11-12,26,4.0,,0.04,1.04
2018-11-13,43,4.0,,0.04,1.72
2018-11-14,63,4.0,,0.04,2.52
2018-11-15,80,4.0,,0.04,3.2
2018-11-16,80,4.0,,0.04,3.2
2018-11-17,27,4.0,,0.04,1.08
2018-11-18,45,6.0,False,0.06,2.6999999999999997
2018-11-19,64,6.0,,0.06,3.84
2018-11-20,100,6.0,,0.06,6.0
2018-11-21,63,6.0,,0.06,3.78
2018-11-22,62,6.0,,0.06,3.7199999999999998
2018-11-23,66,6.0,,0.06,3.96
2018-11-24,37,6.0,,0.06,2.2199999999999998
2018-11-25,99,6.0,False,0.06,5.9399999999999995
2018-11-26,81,6.0,,0.06,4.859999999999999
2018-11-27,85,6.0,,0.06,5.1
2018-11-28,69,6.0,,0.06,4.14
2018-11-29,44,6.0,,0.06,2.6399999999999997
2018-11-30,54,6.0,,0.06,3.2399999999999998
2018-12-01,47,6.0,,0.06,2.82
2018-12-02,73,6.0,False,0.06,4.38
2018-12-03,65,6.0,,0.06,3.9
2018-12-04,81,6.0,,0.06,4.859999999999999
2018-12-05,77,6.0,,0.06,4.62
2018-12-06,75,6.0,,0.06,4.5
2018-12-07,56,6.0,,0.06,3.36
2018-12-08,91,6.0,,0.06,5.46
2018-12-09,97,6.0,False,0.06,5.819999999999999
2018-12-10,70,6.0,,0.06,4.2
2018-12-11,98,6.0,,0.06,5.88
2018-12-12,72,6.0,,0.06,4.32
2018-12-13,64,6.0,,0.06,3.84
2018-12-14,71,6.0,,0.06,4.26
2018-12-15,78,6.0,,0.06,4.68
2018-12-16,91,5.0,False,0.05,4.55
2018-12-17,88,5.0,,0.05,4.4
2018-12-18,44,5.0,,0.05,2.2
2018-12-19,79,5.0,,0.05,3.95
2018-12-20,62,5.0,,0.05,3.1
2018-12-21,78,5.0,,0.05,3.9000000000000004
2018-12-22,75,5.0,,0.05,3.75
2018-12-23,76,5.0,False,0.05,3.8000000000000003
2018-12-24,60,5.0,,0.05,3.0
2018-12-25,100,5.0,,0.05,5.0
2018-12-26,74,5.0,,0.05,3.7
2018-12-27,36,5.0,,0.05,1.8
2018-12-28,54,5.0,,0.05,2.7
2018-12-29,63,5.0,,0.05,3.1500000000000004
2018-12-30,39,4.0,False,0.04,1.56
2018-12-31,43,4.0,,0.04,1.72
2019-01-01,65,4.0,,0.04,2.6
2019-01-02,42,4.0,,0.04,1.68
2019-01-03,100,4.0,,0.04,4.0
2019-01-04,93,4.0,,0.04,3.72
2019-01-05,76,4.0,,0.04,3.04
2019-01-06,95,4.0,False,0.04,3.8000000000000003
2019-01-07,58,4.0,,0.04,2.32
2019-01-08,71,4.0,,0.04,2.84
2019-01-09,45,4.0,,0.04,1.8
2019-01-10,54,4.0,,0.04,2.16
2019-01-11,88,4.0,,0.04,3.52
2019-01-12,50,4.0,,0.04,2.0
2019-01-13,54,4.0,False,0.04,2.16
2019-01-14,61,4.0,,0.04,2.44
2019-01-15,52,4.0,,0.04,2.08
2019-01-16,58,4.0,,0.04,2.32
2019-01-17,58,4.0,,0.04,2.32
2019-01-18,23,4.0,,0.04,0.92
2019-01-19,55,4.0,,0.04,2.2
2019-01-20,28,3.0,False,0.03,0.84
2019-01-21,53,3.0,,0.03,1.5899999999999999
2019-01-22,48,3.0,,0.03,1.44
2019-01-23,47,3.0,,0.03,1.41
2019-01-24,52,3.0,,0.03,1.56
2019-01-25,27,3.0,,0.03,0.8099999999999999
2019-01-26,25,3.0,,0.03,0.75
2019-01-27,29,3.0,False,0.03,0.87
2019-01-28,52,3.0,,0.03,1.56
2019-01-29,57,3.0,,0.03,1.71
2019-01-30,39,3.0,,0.03,1.17
2019-01-31,44,3.0,,0.03,1.3199999999999998
2019-02-01,66,3.0,,0.03,1.98
2019-02-02,61,3.0,,0.03,1.8299999999999998
2019-02-03,65,4.0,False,0.04,2.6
2019-02-04,69,4.0,,0.04,2.7600000000000002
2019-02-05,53,4.0,,0.04,2.12
2019-02-06,52,4.0,,0.04,2.08
2019-02-07,53,4.0,,0.04,2.12
2019-02-08,66,4.0,,0.04,2.64
2019-02-09,91,4.0,,0.04,3.64
2019-02-10,71,3.0,False,0.03,2.13
2019-02-11,88,3.0,,0.03,2.6399999999999997
2019-02-12,67,3.0,,0.03,2.01
2019-02-13,47,3.0,,0.03,1.41
2019-02-14,64,3.0,,0.03,1.92
2019-02-15,61,3.0,,0.03,1.8299999999999998
2019-02-16,66,3.0,,0.03,1.98
2019-02-17,55,4.0,False,0.04,2.2
2019-02-18,85,4.0,,0.04,3.4
2019-02-19,78,4.0,,0.04,3.12
2019-02-20,100,4.0,,0.04,4.0
2019-02-21,68,4.0,,0.04,2.72
2019-02-22,83,4.0,,0.04,3.3200000000000003
2019-02-23,54,4.0,,0.04,2.16
2019-02-24,42,3.0,False,0.03,1.26
2019-02-25,63,3.0,,0.03,1.89
2019-02-26,58,3.0,,0.03,1.74
2019-02-27,31,3.0,,0.03,0.9299999999999999
2019-02-28,64,3.0,,0.03,1.92
2019-03-01,41,3.0,,0.03,1.23
2019-03-02,53,3.0,,0.03,1.5899999999999999
2019-03-03,53,3.0,False,0.03,1.5899999999999999
2019-03-04,61,3.0,,0.03,1.8299999999999998
2019-03-05,87,3.0,,0.03,2.61
2019-03-06,97,3.0,,0.03,2.9099999999999997
2019-03-07,41,3.0,,0.03,1.23
2019-03-08,35,3.0,,0.03,1.05
2019-03-09,54,3.0,,0.03,1.6199999999999999
2019-03-10,45,3.0,False,0.03,1.3499999999999999
2019-03-11,59,3.0,,0.03,1.77
2019-03-12,92,3.0,,0.03,2.76
2019-03-13,79,3.0,,0.03,2.37
2019-03-14,47,3.0,,0.03,1.41
2019-03-15,69,3.0,,0.03,2.07
2019-03-16,92,3.0,,0.03,2.76
2019-03-17,30,3.0,False,0.03,0.8999999999999999
2019-03-18,80,3.0,,0.03,2.4
2019-03-19,44,3.0,,0.03,1.3199999999999998
2019-03-20,60,3.0,,0.03,1.7999999999999998
2019-03-21,97,3.0,,0.03,2.9099999999999997
2019-03-22,77,3.0,,0.03,2.31
2019-03-23,100,3.0,,0.03,3.0
2019-03-24,42,2.0,False,0.02,0.84
2019-03-25,67,2.0,,0.02,1.34
2019-03-26,60,2.0,,0.02,1.2
2019-03-27,74,2.0,,0.02,1.48
2019-03-28,48,2.0,,0.02,0.96
2019-03-29,57,2.0,,0.02,1.1400000000000001
2019-03-30,55,2.0,,0.02,1.1
2019-03-31,54,5.0,False,0.05,2.7
2019-04-01,65,5.0,,0.05,3.25
2019-04-02,75,5.0,,0.05,3.75
2019-04-03,100,5.0,,0.05,5.0
2019-04-04,87,5.0,,0.05,4.3500000000000005
2019-04-05,100,5.0,,0.05,5.0
2019-04-06,59,5.0,,0.05,2.95
2019-04-07,50,4.0,False,0.04,2.0
2019-04-08,60,4.0,,0.04,2.4
2019-04-09,34,4.0,,0.04,1.36
2019-04-10,43,4.0,,0.04,1.72
2019-04-11,66,4.0,,0.04,2.64
2019-04-12,69,4.0,,0.04,2.7600000000000002
2019-04-13,57,4.0,,0.04,2.2800000000000002
2019-04-14,50,4.0,False,0.04,2.0
2019-04-15,57,4.0,,0.04,2.2800000000000002
2019-04-16,53,4.0,,0.04,2.12
2019-04-17,45,4.0,,0.04,1.8
2019-04-18,65,4.0,,0.04,2.6
2019-04-19,50,4.0,,0.04,2.0
2019-04-20,32,4.0,,0.04,1.28
2019-04-21,21,4.0,False,0.04,0.84
2019-04-22,60,4.0,,0.04,2.4
2019-04-23,79,4.0,,0.04,3.16
2019-04-24,61,4.0,,0.04,2.44
2019-04-25,88,4.0,,0.04,3.52
2019-04-26,36,4.0,,0.04,1.44
2019-04-27,20,4.0,,0.04,0.8
2019-04-28,68,4.0,False,0.04,2.72
2019-04-29,51,4.0,,0.04,2.04
2019-04-30,61,4.0,,0.04,2.44
2019-05-01,57,4.0,,0.04,2.2800000000000002
2019-05-02,16,4.0,,0.04,0.64
2019-05-03,36,4.0,,0.04,1.44
2019-05-04,46,4.0,,0.04,1.84
2019-05-05,73,5.0,False,0.05,3.6500000000000004
2019-05-06,44,5.0,,0.05,2.2
2019-05-07,62,5.0,,0.05,3.1
2019-05-08,25,5.0,,0.05,1.25
2019-05-09,51,5.0,,0.05,2.5500000000000003
2019-05-10,60,5.0,,0.05,3.0
2019-05-11,82,5.0,,0.05,4.1000000000000005
2019-05-12,79,8.0,False,0.08,6.32
2019-05-13,76,8.0,,0.08,6.08
2019-05-14,100,8.0,,0.08,8.0
2019-05-15,85,8.0,,0.08,6.8
2019-05-16,63,8.0,,0.08,5.04
2019-05-17,82,8.0,,0.08,6.5600000000000005
2019-05-18,62,8.0,,0.08,4.96
2019-05-19,53,6.0,False,0.06,3.1799999999999997
2019-05-20,50,6.0,,0.06,3.0
2019-05-21,55,6.0,,0.06,3.3
2019-05-22,55,6.0,,0.06,3.3
2019-05-23,72,6.0,,0.06,4.32
2019-05-24,74,6.0,,0.06,4.4399999999999995
2019-05-25,51,6.0,,0.06,3.06
2019-05-26,57,6.0,False,0.06,3.42
2019-05-27,66,6.0,,0.06,3.96
2019-05-28,86,6.0,,0.06,5.16
2019-05-29,39,6.0,,0.06,2.34
2019-05-30,65,6.0,,0.06,3.9
2019-05-31,49,6.0,,0.06,2.94
2019-06-01,29,6.0,,0.06,1.74
2019-06-02,13,5.0,False,0.05,0.65
2019-06-03,30,5.0,,0.05,1.5
2019-06-04,32,5.0,,0.05,1.6
2019-06-05,30,5.0,,0.05,1.5
2019-06-06,38,5.0,,0.05,1.9000000000000001
2019-06-07,50,5.0,,0.05,2.5
2019-06-08,44,5.0,,0.05,2.2
2019-06-09,28,4.0,False,0.04,1.12
2019-06-10,28,4.0,,0.04,1.12
2019-06-11,32,4.0,,0.04,1.28
2019-06-12,34,4.0,,0.04,1.36
2019-06-13,21,4.0,,0.04,0.84
2019-06-14,35,4.0,,0.04,1.4000000000000001
2019-06-15,30,4.0,,0.04,1.2
2019-06-16,30,7.0,False,0.07,2.1
2019-06-17,27,7.0,,0.07,1.8900000000000001
2019-06-18,53,7.0,,0.07,3.7100000000000004
2019-06-19,36,7.0,,0.07,2.5200000000000005
2019-06-20,35,7.0,,0.07,2.45
2019-06-21,28,7.0,,0.07,1.9600000000000002
2019-06-22,100,7.0,,0.07,7.000000000000001
2019-06-23,42,11.0,False,0.11,4.62
2019-06-24,91,11.0,,0.11,10.01
2019-06-25,59,11.0,,0.11,6.49
2019-06-26,84,11.0,,0.11,9.24
2019-06-27,90,11.0,,0.11,9.9
2019-06-28,55,11.0,,0.11,6.05
2019-06-29,60,11.0,,0.11,6.6
2019-06-30,44,7.0,False,0.07,3.08
2019-07-01,100,7.0,,0.07,7.000000000000001
2019-07-02,80,7.0,,0.07,5.6000000000000005
2019-07-03,71,7.0,,0.07,4.970000000000001
2019-07-04,89,7.0,,0.07,6.23
2019-07-05,53,7.0,,0.07,3.7100000000000004
2019-07-06,57,7.0,,0.07,3.99
2019-07-07,66,6.0,False,0.06,3.96
2019-07-08,67,6.0,,0.06,4.02
2019-07-09,69,6.0,,0.06,4.14
2019-07-10,49,6.0,,0.06,2.94
2019-07-11,55,6.0,,0.06,3.3
2019-07-12,55,6.0,,0.06,3.3
2019-07-13,54,6.0,,0.06,3.2399999999999998
2019-07-14,53,6.0,False,0.06,3.1799999999999997
2019-07-15,52,6.0,,0.06,3.12
2019-07-16,62,6.0,,0.06,3.7199999999999998
2019-07-17,53,6.0,,0.06,3.1799999999999997
2019-07-18,52,6.0,,0.06,3.12
2019-07-19,54,6.0,,0.06,3.2399999999999998
2019-07-20,83,6.0,,0.06,4.9799999999999995
2019-07-21,73,5.0,False,0.05,3.6500000000000004
2019-07-22,57,5.0,,0.05,2.85
2019-07-23,48,5.0,,0.05,2.4000000000000004
2019-07-24,40,5.0,,0.05,2.0
2019-07-25,53,5.0,,0.05,2.6500000000000004
2019-07-26,25,5.0,,0.05,1.25
2019-07-27,58,5.0,,0.05,2.9000000000000004
2019-07-28,51,5.0,False,0.05,2.5500000000000003
2019-07-29,49,5.0,,0.05,2.45
2019-07-30,45,5.0,,0.05,2.25
2019-07-31,58,5.0,,0.05,2.9000000000000004
2019-08-01,79,5.0,,0.05,3.95
2019-08-02,53,5.0,,0.05,2.6500000000000004
2019-08-03,48,5.0,,0.05,2.4000000000000004
2019-08-04,65,6.0,False,0.06,3.9
2019-08-05,61,6.0,,0.06,3.6599999999999997
2019-08-06,85,6.0,,0.06,5.1
2019-08-07,100,6.0,,0.06,6.0
2019-08-08,75,6.0,,0.06,4.5
2019-08-09,44,6.0,,0.06,2.6399999999999997
2019-08-10,61,6.0,,0.06,3.6599999999999997
2019-08-11,32,6.0,False,0.06,1.92
2019-08-12,50,6.0,,0.06,3.0
2019-08-13,56,6.0,,0.06,3.36
2019-08-14,77,6.0,,0.06,4.62
2019-08-15,79,6.0,,0.06,4.74
2019-08-16,76,6.0,,0.06,4.56
2019-08-17,48,6.0,,0.06,2.88
2019-08-18,68,5.0,False,0.05,3.4000000000000004
2019-08-19,24,5.0,,0.05,1.2000000000000002
2019-08-20,31,5.0,,0.05,1.55
2019-08-21,52,5.0,,0.05,2.6
2019-08-22,56,5.0,,0.05,2.8000000000000003
2019-08-23,55,5.0,,0.05,2.75
2019-08-24,79,5.0,,0.05,3.95
2019-08-25,48,3.0,False,0.03,1.44
2019-08-26,35,3.0,,0.03,1.05
2019-08-27,34,3.0,,0.03,1.02
2019-08-28,24,3.0,,0.03,0.72
2019-08-29,74,3.0,,0.03,2.2199999999999998
2019-08-30,21,3.0,,0.03,0.63
2019-08-31,39,3.0,,0.03,1.17
2019-09-01,79,4.0,False,0.04,3.16
2019-09-02,49,4.0,,0.04,1.96
2019-09-03,81,4.0,,0.04,3.24
2019-09-04,47,4.0,,0.04,1.8800000000000001
2019-09-05,52,4.0,,0.04,2.08
2019-09-06,49,4.0,,0.04,1.96
2019-09-07,55,4.0,,0.04,2.2
2019-09-08,59,4.0,False,0.04,2.36
2019-09-09,86,4.0,,0.04,3.44
2019-09-10,82,4.0,,0.04,3.2800000000000002
2019-09-11,55,4.0,,0.04,2.2
2019-09-12,77,4.0,,0.04,3.08
2019-09-13,54,4.0,,0.04,2.16
2019-09-14,49,4.0,,0.04,1.96
2019-09-15,48,3.0,False,0.03,1.44
2019-09-16,30,3.0,,0.03,0.8999999999999999
2019-09-17,55,3.0,,0.03,1.65
2019-09-18,50,3.0,,0.03,1.5
2019-09-19,65,3.0,,0.03,1.95
2019-09-20,54,3.0,,0.03,1.6199999999999999
2019-09-21,29,3.0,,0.03,0.87
2019-09-22,62,5.0,False,0.05,3.1
2019-09-23,62,5.0,,0.05,3.1
2019-09-24,96,5.0,,0.05,4.800000000000001
2019-09-25,100,5.0,,0.05,5.0
2019-09-26,73,5.0,,0.05,3.6500000000000004
2019-09-27,89,5.0,,0.05,4.45
2019-09-28,74,5.0,,0.05,3.7
2019-09-29,63,4.0,False,0.04,2.52
2019-09-30,47,4.0,,0.04,1.8800000000000001
2019-10-01,68,4.0,,0.04,2.72
2019-10-02,45,4.0,,0.04,1.8
2019-10-03,42,4.0,,0.04,1.68
2019-10-04,63,4.0,,0.04,2.52
2019-10-05,35,4.0,,0.04,1.4000000000000001
2019-10-06,60,4.0,False,0.04,2.4
2019-10-07,80,4.0,,0.04,3.2
2019-10-08,73,4.0,,0.04,2.92
2019-10-09,58,4.0,,0.04,2.32
2019-10-10,46,4.0,,0.04,1.84
2019-10-11,93,4.0,,0.04,3.72
2019-10-12,30,4.0,,0.04,1.2
2019-10-13,55,4.0,False,0.04,2.2
2019-10-14,69,4.0,,0.04,2.7600000000000002
2019-10-15,86,4.0,,0.04,3.44
2019-10-16,53,4.0,,0.04,2.12
2019-10-17,50,4.0,,0.04,2.0
2019-10-18,48,4.0,,0.04,1.92
2019-10-19,30,4.0,,0.04,1.2
2019-10-20,30,4.0,False,0.04,1.2
2019-10-21,44,4.0,,0.04,1.76
2019-10-22,58,4.0,,0.04,2.32
2019-10-23,56,4.0,,0.04,2.24
2019-10-24,63,4.0,,0.04,2.52
2019-10-25,64,4.0,,0.04,2.56
2019-10-26,100,4.0,,0.04,4.0
2019-10-27,84,5.0,False,0.05,4.2
2019-10-28,73,5.0,,0.05,3.6500000000000004
2019-10-29,68,5.0,,0.05,3.4000000000000004
2019-10-30,71,5.0,,0.05,3.5500000000000003
2019-10-31,74,5.0,,0.05,3.7
2019-11-01,73,5.0,,0.05,3.6500000000000004
2019-11-02,82,5.0,,0.05,4.1000000000000005
2019-11-03,81,4.0,False,0.04,3.24
2019-11-04,100,4.0,,0.04,4.0
2019-11-05,73,4.0,,0.04,2.92
2019-11-06,77,4.0,,0.04,3.08
2019-11-07,67,4.0,,0.04,2.68
2019-11-08,86,4.0,,0.04,3.44
2019-11-09,87,4.0,,0.04,3.48
2019-11-10,29,4.0,False,0.04,1.16
2019-11-11,77,4.0,,0.04,3.08
2019-11-12,87,4.0,,0.04,3.48
2019-11-13,67,4.0,,0.04,2.68
2019-11-14,61,4.0,,0.04,2.44
2019-11-15,49,4.0,,0.04,1.96
2019-11-16,30,4.0,,0.04,1.2
2019-11-17,52,4.0,False,0.04,2.08
2019-11-18,36,4.0,,0.04,1.44
2019-11-19,94,4.0,,0.04,3.7600000000000002
2019-11-20,53,4.0,,0.04,2.12
2019-11-21,96,4.0,,0.04,3.84
2019-11-22,33,4.0,,0.04,1.32
2019-11-23,53,4.0,,0.04,2.12
2019-11-24,58,4.0,False,0.04,2.32
2019-11-25,98,4.0,,0.04,3.92
2019-11-26,93,4.0,,0.04,3.72
2019-11-27,89,4.0,,0.04,3.56
2019-11-28,53,4.0,,0.04,2.12
2019-11-29,80,4.0,,0.04,3.2
2019-11-30,76,4.0,,0.04,3.04
2019-12-01,85,4.0,False,0.04,3.4
2019-12-02,81,4.0,,0.04,3.24
2019-12-03,71,4.0,,0.04,2.84
2019-12-04,15,4.0,,0.04,0.6
2019-12-05,88,4.0,,0.04,3.52
2019-12-06,54,4.0,,0.04,2.16
2019-12-07,66,4.0,,0.04,2.64
2019-12-08,65,4.0,False,0.04,2.6
2019-12-09,72,4.0,,0.04,2.88
2019-12-10,31,4.0,,0.04,1.24
2019-12-11,67,4.0,,0.04,2.68
2019-12-12,89,4.0,,0.04,3.56
2019-12-13,75,4.0,,0.04,3.0
2019-12-14,58,4.0,,0.04,2.32
2019-12-15,35,4.0,False,0.04,1.4000000000000001
2019-12-16,86,4.0,,0.04,3.44
2019-12-17,52,4.0,,0.04,2.08
2019-12-18,87,4.0,,0.04,3.48
2019-12-19,38,4.0,,0.04,1.52
2019-12-20,44,4.0,,0.04,1.76
2019-12-21,41,4.0,,0.04,1.6400000000000001
2019-12-22,47,3.0,False,0.03,1.41
2019-12-23,66,3.0,,0.03,1.98
2019-12-24,83,3.0,,0.03,2.4899999999999998
2019-12-25,65,3.0,,0.03,1.95
2019-12-26,62,3.0,,0.03,1.8599999999999999
2019-12-27,44,3.0,,0.03,1.3199999999999998
2019-12-28,96,3.0,,0.03,2.88
2019-12-29,100,4.0,False,0.04,4.0
2019-12-30,22,4.0,,0.04,0.88
2019-12-31,82,4.0,,0.04,3.2800000000000002
2020-01-01,89,4.0,,0.04,3.56
2020-01-02,63,4.0,,0.04,2.52
2020-01-03,79,4.0,,0.04,3.16
2020-01-04,55,4.0,,0.04,2.2
2020-01-05,67,5.0,False,0.05,3.35
2020-01-06,69,5.0,,0.05,3.45
2020-01-07,100,5.0,,0.05,5.0
2020-01-08,67,5.0,,0.05,3.35
2020-01-09,73,5.0,,0.05,3.6500000000000004
2020-01-10,97,5.0,,0.05,4.8500000000000005
2020-01-11,86,5.0,,0.05,4.3
2020-01-12,65,4.0,False,0.04,2.6
2020-01-13,87,4.0,,0.04,3.48
2020-01-14,51,4.0,,0.04,2.04
2020-01-15,87,4.0,,0.04,3.48
2020-01-16,82,4.0,,0.04,3.2800000000000002
2020-01-17,74,4.0,,0.04,2.96
2020-01-18,61,4.0,,0.04,2.44
2020-01-19,74,4.0,False,0.04,2.96
2020-01-20,32,4.0,,0.04,1.28
2020-01-21,45,4.0,,0.04,1.8
2020-01-22,63,4.0,,0.04,2.52
2020-01-23,63,4.0,,0.04,2.52
2020-01-24,70,4.0,,0.04,2.8000000000000003
2020-01-25,66,4.0,,0.04,2.64
2020-01-26,39,3.0,False,0.03,1.17
2020-01-27,43,3.0,,0.03,1.29
2020-01-28,71,3.0,,0.03,2.13
2020-01-29,76,3.0,,0.03,2.28
2020-01-30,78,3.0,,0.03,2.34
2020-01-31,65,3.0,,0.03,1.95
2020-02-01,32,3.0,,0.03,0.96
2020-02-02,58,4.0,False,0.04,2.32
2020-02-03,37,4.0,,0.04,1.48
2020-02-04,85,4.0,,0.04,3.4
2020-02-05,89,4.0,,0.04,3.56
2020-02-06,100,4.0,,0.04,4.0
2020-02-07,63,4.0,,0.04,2.52
2020-02-08,81,4.0,,0.04,3.24
2020-02-09,57,5.0,False,0.05,2.85
2020-02-10,55,5.0,,0.05,2.75
2020-02-11,94,5.0,,0.05,4.7
2020-02-12,91,5.0,,0.05,4.55
2020-02-13,68,5.0,,0.05,3.4000000000000004
2020-02-14,71,5.0,,0.05,3.5500000000000003
2020-02-15,59,5.0,,0.05,2.95
2020-02-16,71,3.0,False,0.03,2.13
2020-02-17,76,3.0,,0.03,2.28
2020-02-18,46,3.0,,0.03,1.38
2020-02-19,86,3.0,,0.03,2.58
2020-02-20,59,3.0,,0.03,1.77
2020-02-21,45,3.0,,0.03,1.3499999999999999
2020-02-22,57,3.0,,0.03,1.71
2020-02-23,53,4.0,False,0.04,2.12
2020-02-24,80,4.0,,0.04,3.2
2020-02-25,66,4.0,,0.04,2.64
2020-02-26,53,4.0,,0.04,2.12
2020-02-27,53,4.0,,0.04,2.12
2020-02-28,60,4.0,,0.04,2.4
2020-02-29,69,4.0,,0.04,2.7600000000000002
2020-03-01,25,4.0,False,0.04,1.0
2020-03-02,22,4.0,,0.04,0.88
2020-03-03,24,4.0,,0.04,0.96
2020-03-04,23,4.0,,0.04,0.92
2020-03-05,43,4.0,,0.04,1.72
2020-03-06,33,4.0,,0.04,1.32
2020-03-07,24,4.0,,0.04,0.96
2020-03-08,11,8.0,False,0.08,0.88
2020-03-09,46,8.0,,0.08,3.68
2020-03-10,36,8.0,,0.08,2.88
2020-03-11,42,8.0,,0.08,3.36
2020-03-12,61,8.0,,0.08,4.88
2020-03-13,100,8.0,,0.08,8.0
2020-03-14,55,8.0,,0.08,4.4
2020-03-15,35,9.0,False,0.09,3.15
2020-03-16,63,9.0,,0.09,5.67
2020-03-17,75,9.0,,0.09,6.75
2020-03-18,58,9.0,,0.09,5.22
2020-03-19,56,9.0,,0.09,5.04
2020-03-20,52,9.0,,0.09,4.68
2020-03-21,61,9.0,,0.09,5.49
2020-03-22,43,7.0,False,0.07,3.0100000000000002
2020-03-23,42,7.0,,0.07,2.9400000000000004
2020-03-24,36,7.0,,0.07,2.5200000000000005
2020-03-25,42,7.0,,0.07,2.9400000000000004
2020-03-26,37,7.0,,0.07,2.5900000000000003
2020-03-27,44,7.0,,0.07,3.08
2020-03-28,41,7.0,,0.07,2.87
2020-03-29,33,5.0,False,0.05,1.6500000000000001
2020-03-30,32,5.0,,0.05,1.6
2020-03-31,34,5.0,,0.05,1.7000000000000002
2020-04-01,55,5.0,,0.05,2.75
2020-04-02,50,5.0,,0.05,2.5
2020-04-03,54,5.0,,0.05,2.7
2020-04-04,34,5.0,,0.05,1.7000000000000002
2020-04-05,65,6.0,False,0.06,3.9
2020-04-06,59,6.0,,0.06,3.54
2020-04-07,73,6.0,,0.06,4.38
2020-04-08,41,6.0,,0.06,2.46
2020-04-09,63,6.0,,0.06,3.78
2020-04-10,59,6.0,,0.06,3.54
2020-04-11,52,6.0,,0.06,3.12
2020-04-12,49,5.0,False,0.05,2.45
2020-04-13,36,5.0,,0.05,1.8
2020-04-14,73,5.0,,0.05,3.6500000000000004
2020-04-15,52,5.0,,0.05,2.6
2020-04-16,65,5.0,,0.05,3.25
2020-04-17,51,5.0,,0.05,2.5500000000000003
2020-04-18,31,5.0,,0.05,1.55
2020-04-19,71,5.0,False,0.05,3.5500000000000003
2020-04-20,59,5.0,,0.05,2.95
2020-04-21,47,5.0,,0.05,2.35
2020-04-22,61,5.0,,0.05,3.0500000000000003
2020-04-23,78,5.0,,0.05,3.9000000000000004
2020-04-24,54,5.0,,0.05,2.7
2020-04-25,63,5.0,,0.05,3.1500000000000004
2020-04-26,74,7.0,False,0.07,5.180000000000001
2020-04-27,63,7.0,,0.07,4.41
2020-04-28,42,7.0,,0.07,2.9400000000000004
2020-04-29,70,7.0,,0.07,4.9
2020-04-30,100,7.0,,0.07,7.000000000000001
2020-05-01,77,7.0,,0.07,5.390000000000001
2020-05-02,57,7.0,,0.07,3.99
2020-05-03,67,8.0,False,0.08,5.36
2020-05-04,47,8.0,,0.08,3.7600000000000002
2020-05-05,73,8.0,,0.08,5.84
2020-05-06,80,8.0,,0.08,6.4
2020-05-07,84,8.0,,0.08,6.72
2020-05-08,83,8.0,,0.08,6.640000000000001
2020-05-09,64,8.0,,0.08,5.12
2020-05-10,81,9.0,False,0.09,7.29
2020-05-11,100,9.0,,0.09,9.0
2020-05-12,85,9.0,,0.09,7.6499999999999995
2020-05-13,70,9.0,,0.09,6.3
2020-05-14,85,9.0,,0.09,7.6499999999999995
2020-05-15,57,9.0,,0.09,5.13
2020-05-16,57,9.0,,0.09,5.13
2020-05-17,50,6.0,False,0.06,3.0
2020-05-18,60,6.0,,0.06,3.5999999999999996
2020-05-19,56,6.0,,0.06,3.36
2020-05-20,50,6.0,,0.06,3.0
2020-05-21,85,6.0,,0.06,5.1
2020-05-22,56,6.0,,0.06,3.36
2020-05-23,42,6.0,,0.06,2.52
2020-05-24,31,6.0,False,0.06,1.8599999999999999
2020-05-25,41,6.0,,0.06,2.46
2020-05-26,53,6.0,,0.06,3.1799999999999997
2020-05-27,35,6.0,,0.06,2.1
2020-05-28,57,6.0,,0.06,3.42
2020-05-29,57,6.0,,0.06,3.42
2020-05-30,39,6.0,,0.06,2.34
2020-05-31,47,5.0,False,0.05,2.35
2020-06-01,64,5.0,,0.05,3.2
2020-06-02,88,5.0,,0.05,4.4
2020-06-03,80,5.0,,0.05,4.0
2020-06-04,70,5.0,,0.05,3.5
2020-06-05,100,5.0,,0.05,5.0
2020-06-06,67,5.0,,0.05,3.35
2020-06-07,56,5.0,False,0.05,2.8000000000000003
2020-06-08,60,5.0,,0.05,3.0
2020-06-09,47,5.0,,0.05,2.35
2020-06-10,98,5.0,,0.05,4.9
2020-06-11,78,5.0,,0.05,3.9000000000000004
2020-06-12,74,5.0,,0.05,3.7
2020-06-13,54,5.0,,0.05,2.7
2020-06-14,61,5.0,False,0.05,3.0500000000000003
2020-06-15,85,5.0,,0.05,4.25
2020-06-16,59,5.0,,0.05,2.95
2020-06-17,71,5.0,,0.05,3.5500000000000003
2020-06-18,79,5.0,,0.05,3.95
2020-06-19,41,5.0,,0.05,2.0500000000000003
2020-06-20,61,5.0,,0.05,3.0500000000000003
2020-06-21,61,5.0,False,0.05,3.0500000000000003
2020-06-22,91,5.0,,0.05,4.55
2020-06-23,61,5.0,,0.05,3.0500000000000003
2020-06-24,55,5.0,,0.05,2.75
2020-06-25,84,5.0,,0.05,4.2
2020-06-26,49,5.0,,0.05,2.45
2020-06-27,74,5.0,,0.05,3.7
2020-06-28,84,4.0,False,0.04,3.36
2020-06-29,62,4.0,,0.04,2.48
2020-06-30,80,4.0,,0.04,3.2
2020-07-01,49,4.0,,0.04,1.96
2020-07-02,44,4.0,,0.04,1.76
2020-07-03,50,4.0,,0.04,2.0
2020-07-04,37,4.0,,0.04,1.48
2020-07-05,21,4.0,False,0.04,0.84
2020-07-06,38,4.0,,0.04,1.52
2020-07-07,37,4.0,,0.04,1.48
2020-07-08,33,4.0,,0.04,1.32
2020-07-09,33,4.0,,0.04,1.32
2020-07-10,29,4.0,,0.04,1.16
2020-07-11,35,4.0,,0.04,1.4000000000000001
2020-07-12,46,4.0,False,0.04,1.84
2020-07-13,48,4.0,,0.04,1.92
2020-07-14,31,4.0,,0.04,1.24
2020-07-15,45,4.0,,0.04,1.8
2020-07-16,46,4.0,,0.04,1.84
2020-07-17,40,4.0,,0.04,1.6
2020-07-18,41,4.0,,0.04,1.6400000000000001
2020-07-19,30,5.0,False,0.05,1.5
2020-07-20,31,5.0,,0.05,1.55
2020-07-21,48,5.0,,0.05,2.4000000000000004
2020-07-22,41,5.0,,0.05,2.0500000000000003
2020-07-23,43,5.0,,0.05,2.15
2020-07-24,44,5.0,,0.05,2.2
2020-07-25,54,5.0,,0.05,2.7
2020-07-26,44,7.0,False,0.07,3.08
2020-07-27,100,7.0,,0.07,7.000000000000001
2020-07-28,100,7.0,,0.07,7.000000000000001
2020-07-29,49,7.0,,0.07,3.43
2020-07-30,70,7.0,,0.07,4.9
2020-07-31,61,7.0,,0.07,4.2700000000000005
2020-08-01,65,7.0,,0.07,4.550000000000001
2020-08-02,83,7.0,False,0.07,5.8100000000000005
2020-08-03,54,7.0,,0.07,3.7800000000000002
2020-08-04,100,7.0,,0.07,7.000000000000001
2020-08-05,89,7.0,,0.07,6.23
2020-08-06,70,7.0,,0.07,4.9
2020-08-07,47,7.0,,0.07,3.2900000000000005
2020-08-08,41,7.0,,0.07,2.87
2020-08-09,36,6.0,False,0.06,2.16
2020-08-10,62,6.0,,0.06,3.7199999999999998
2020-08-11,68,6.0,,0.06,4.08
2020-08-12,47,6.0,,0.06,2.82
2020-08-13,57,6.0,,0.06,3.42
2020-08-14,39,6.0,,0.06,2.34
2020-08-15,54,6.0,,0.06,3.2399999999999998
2020-08-16,30,6.0,False,0.06,1.7999999999999998
2020-08-17,82,6.0,,0.06,4.92
2020-08-18,59,6.0,,0.06,3.54
2020-08-19,47,6.0,,0.06,2.82
2020-08-20,61,6.0,,0.06,3.6599999999999997
2020-08-21,37,6.0,,0.06,2.2199999999999998
2020-08-22,33,6.0,,0.06,1.98
2020-08-23,57,5.0,False,0.05,2.85
2020-08-24,47,5.0,,0.05,2.35
2020-08-25,26,5.0,,0.05,1.3
2020-08-26,48,5.0,,0.05,2.4000000000000004
2020-08-27,40,5.0,,0.05,2.0
2020-08-28,39,5.0,,0.05,1.9500000000000002
2020-08-29,49,5.0,,0.05,2.45
2020-08-30,73,6.0,False,0.06,4.38
2020-08-31,53,6.0,,0.06,3.1799999999999997
2020-09-01,88,6.0,,0.06,5.279999999999999
2020-09-02,52,6.0,,0.06,3.12
2020-09-03,80,6.0,,0.06,4.8
2020-09-04,91,6.0,,0.06,5.46
2020-09-05,69,6.0,,0.06,4.14
2020-09-06,60,4.0,False,0.04,2.4
2020-09-07,58,4.0,,0.04,2.32
2020-09-08,72,4.0,,0.04,2.88
2020-09-09,72,4.0,,0.04,2.88
2020-09-10,100,4.0,,0.04,4.0
2020-09-11,42,4.0,,0.04,1.68
2020-09-12,84,4.0,,0.04,3.36
2020-09-13,83,5.0,False,0.05,4.15
2020-09-14,99,5.0,,0.05,4.95
2020-09-15,80,5.0,,0.05,4.0
2020-09-16,63,5.0,,0.05,3.1500000000000004
2020-09-17,99,5.0,,0.05,4.95
2020-09-18,46,5.0,,0.05,2.3000000000000003
2020-09-19,78,5.0,,0.05,3.9000000000000004
2020-09-20,64,4.0,False,0.04,2.56
2020-09-21,81,4.0,,0.04,3.24
2020-09-22,63,4.0,,0.04,2.52
2020-09-23,94,4.0,,0.04,3.7600000000000002
2020-09-24,51,4.0,,0.04,2.04
2020-09-25,77,4.0,,0.04,3.08
2020-09-26,90,4.0,,0.04,3.6
2020-09-27,88,4.0,False,0.04,3.52
2020-09-28,53,4.0,,0.04,2.12
2020-09-29,41,4.0,,0.04,1.6400000000000001
2020-09-30,61,4.0,,0.04,2.44
2020-10-01,80,4.0,,0.04,3.2
2020-10-02,40,4.0,,0.04,1.6
2020-10-03,31,4.0,,0.04,1.24
2020-10-04,43,3.0,False,0.03,1.29
2020-10-05,67,3.0,,0.03,2.01
2020-10-06,30,3.0,,0.03,0.8999999999999999
2020-10-07,42,3.0,,0.03,1.26
2020-10-08,38,3.0,,0.03,1.14
2020-10-09,46,3.0,,0.03,1.38
2020-10-10,42,3.0,,0.03,1.26
2020-10-11,68,4.0,False,0.04,2.72
2020-10-12,33,4.0,,0.04,1.32
2020-10-13,64,4.0,,0.04,2.56
2020-10-14,60,4.0,,0.04,2.4
2020-10-15,84,4.0,,0.04,3.36
2020-10-16,58,4.0,,0.04,2.32
2020-10-17,55,4.0,,0.04,2.2
2020-10-18,64,5.0,False,0.05,3.2
2020-10-19,73,5.0,,0.05,3.6500000000000004
2020-10-20,36,5.0,,0.05,1.8
2020-10-21,80,5.0,,0.05,4.0
2020-10-22,87,5.0,,0.05,4.3500000000000005
2020-10-23,76,5.0,,0.05,3.8000000000000003
2020-10-24,63,5.0,,0.05,3.1500000000000004
2020-10-25,63,5.0,False,0.05,3.1500000000000004
2020-10-26,72,5.0,,0.05,3.6
2020-10-27,100,5.0,,0.05,5.0
2020-10-28,88,5.0,,0.05,4.4
2020-10-29,74,5.0,,0.05,3.7
2020-10-30,67,5.0,,0.05,3.35
2020-10-31,72,5.0,,0.05,3.6
2020-11-01,42,6.0,False,0.06,2.52
2020-11-02,29,6.0,,0.06,1.74
2020-11-03,32,6.0,,0.06,1.92
2020-11-04,34,6.0,,0.06,2.04
2020-11-05,55,6.0,,0.06,3.3
2020-11-06,58,6.0,,0.06,3.48
2020-11-07,69,6.0,,0.06,4.14
2020-11-08,36,5.0,False,0.05,1.8
2020-11-09,78,5.0,,0.05,3.9000000000000004
2020-11-10,39,5.0,,0.05,1.9500000000000002
2020-11-11,67,5.0,,0.05,3.35
2020-11-12,46,5.0,,0.05,2.3000000000000003
2020-11-13,53,5.0,,0.05,2.6500000000000004
2020-11-14,35,5.0,,0.05,1.75
2020-11-15,47,9.0,False,0.09,4.2299999999999995
2020-11-16,54,9.0,,0.09,4.859999999999999
2020-11-17,82,9.0,,0.09,7.38
2020-11-18,85,9.0,,0.09,7.6499999999999995
2020-11-19,73,9.0,,0.09,6.569999999999999
2020-11-20,67,9.0,,0.09,6.029999999999999
2020-11-21,73,9.0,,0.09,6.569999999999999
2020-11-22,64,9.0,False,0.09,5.76
2020-11-23,46,9.0,,0.09,4.14
2020-11-24,100,9.0,,0.09,9.0
2020-11-25,79,9.0,,0.09,7.109999999999999
2020-11-26,88,9.0,,0.09,7.92
2020-11-27,42,9.0,,0.09,3.78
2020-11-28,65,9.0,,0.09,5.85
2020-11-29,80,8.0,False,0.08,6.4
2020-11-30,90,8.0,,0.08,7.2
2020-12-01,46,8.0,,0.08,3.68
2020-12-02,36,8.0,,0.08,2.88
2020-12-03,44,8.0,,0.08,3.52
2020-12-04,26,8.0,,0.08,2.08
2020-12-05,36,8.0,,0.08,2.88
2020-12-06,25,6.0,False,0.06,1.5
2020-12-07,32,6.0,,0.06,1.92
2020-12-08,40,6.0,,0.06,2.4
2020-12-09,27,6.0,,0.06,1.6199999999999999
2020-12-10,30,6.0,,0.06,1.7999999999999998
2020-12-11,21,6.0,,0.06,1.26
2020-12-12,24,6.0,,0.06,1.44
2020-12-13,31,11.0,False,0.11,3.41
2020-12-14,24,11.0,,0.11,2.64
2020-12-15,34,11.0,,0.11,3.74
2020-12-16,64,11.0,,0.11,7.04
2020-12-17,98,11.0,,0.11,10.78
2020-12-18,50,11.0,,0.11,5.5
2020-12-19,59,11.0,,0.11,6.49
2020-12-20,47,11.0,False,0.11,5.17
2020-12-21,50,11.0,,0.11,5.5
2020-12-22,49,11.0,,0.11,5.39
2020-12-23,45,11.0,,0.11,4.95
2020-12-24,36,11.0,,0.11,3.96
2020-12-25,61,11.0,,0.11,6.71
2020-12-26,63,11.0,,0.11,6.93
2020-12-27,100,15.0,False,0.15,15.0
2020-12-28,70,15.0,,0.15,10.5
2020-12-29,58,15.0,,0.15,8.7
2020-12-30,77,15.0,,0.15,11.549999999999999
2020-12-31,67,15.0,,0.15,10.049999999999999
2021-01-01,31,15.0,,0.15,4.6499999999999995
2021-01-02,59,15.0,,0.15,8.85
2021-01-03,77,24.0,False,0.24,18.48
2021-01-04,83,24.0,,0.24,19.919999999999998
2021-01-05,63,24.0,,0.24,15.12
2021-01-06,73,24.0,,0.24,17.52
2021-01-07,100,24.0,,0.24,24.0
2021-01-08,94,24.0,,0.24,22.56
2021-01-09,74,24.0,,0.24,17.759999999999998
2021-01-10,79,21.0,False,0.21,16.59
2021-01-11,92,21.0,,0.21,19.32
2021-01-12,80,21.0,,0.21,16.8
2021-01-13,62,21.0,,0.21,13.02
2021-01-14,57,21.0,,0.21,11.969999999999999
2021-01-15,63,21.0,,0.21,13.229999999999999
2021-01-16,54,21.0,,0.21,11.34
2021-01-17,38,15.0,False,0.15,5.7
2021-01-18,34,15.0,,0.15,5.1
2021-01-19,64,15.0,,0.15,9.6
2021-01-20,34,15.0,,0.15,5.1
2021-01-21,52,15.0,,0.15,7.8
2021-01-22,56,15.0,,0.15,8.4
2021-01-23,32,15.0,,0.15,4.8
2021-01-24,32,12.0,False,0.12,3.84
2021-01-25,39,12.0,,0.12,4.68
2021-01-26,34,12.0,,0.12,4.08
2021-01-27,31,12.0,,0.12,3.7199999999999998
2021-01-28,36,12.0,,0.12,4.32
2021-01-29,47,12.0,,0.12,5.64
2021-01-30,43,12.0,,0.12,5.16
2021-01-31,38,13.0,False,0.13,4.94
2021-02-01,35,13.0,,0.13,4.55
2021-02-02,45,13.0,,0.13,5.8500000000000005
2021-02-03,36,13.0,,0.13,4.68
2021-02-04,44,13.0,,0.13,5.720000000000001
2021-02-05,39,13.0,,0.13,5.07
2021-02-06,39,13.0,,0.13,5.07
2021-02-07,36,19.0,False,0.19,6.84
2021-02-08,80,19.0,,0.19,15.2
2021-02-09,89,19.0,,0.19,16.91
2021-02-10,52,19.0,,0.19,9.88
2021-02-11,60,19.0,,0.19,11.4
2021-02-12,49,19.0,,0.19,9.31
2021-02-13,35,19.0,,0.19,6.65
2021-02-14,40,21.0,False,0.21,8.4
2021-02-15,48,21.0,,0.21,10.08
2021-02-16,55,21.0,,0.21,11.549999999999999
2021-02-17,77,21.0,,0.21,16.169999999999998
2021-02-18,52,21.0,,0.21,10.92
2021-02-19,70,21.0,,0.21,14.7
2021-02-20,75,21.0,,0.21,15.75
2021-02-21,83,21.0,False,0.21,17.43
2021-02-22,78,21.0,,0.21,16.38
2021-02-23,100,21.0,,0.21,21.0
2021-02-24,50,21.0,,0.21,10.5
2021-02-25,56,21.0,,0.21,11.76
2021-02-26,57,21.0,,0.21,11.969999999999999
2021-02-27,45,21.0,,0.21,9.45
2021-02-28,50,14.0,False,0.14,7.000000000000001
2021-03-01,100,14.0,,0.14,14.000000000000002
2021-03-02,73,14.0,,0.14,10.22
2021-03-03,75,14.0,,0.14,10.500000000000002
2021-03-04,74,14.0,,0.14,10.360000000000001
2021-03-05,70,14.0,,0.14,9.8
2021-03-06,58,14.0,,0.14,8.120000000000001
2021-03-07,67,13.0,False,0.13,8.71
2021-03-08,59,13.0,,0.13,7.67
2021-03-09,82,13.0,,0.13,10.66
2021-03-10,83,13.0,,0.13,10.790000000000001
2021-03-11,55,13.0,,0.13,7.15
2021-03-12,63,13.0,,0.13,8.19
2021-03-13,73,13.0,,0.13,9.49
2021-03-14,82,13.0,False,0.13,10.66
2021-03-15,69,13.0,,0.13,8.97
2021-03-16,53,13.0,,0.13,6.890000000000001
2021-03-17,64,13.0,,0.13,8.32
2021-03-18,55,13.0,,0.13,7.15
2021-03-19,63,13.0,,0.13,8.19
2021-03-20,68,13.0,,0.13,8.84
2021-03-21,51,11.0,False,0.11,5.61
2021-03-22,60,11.0,,0.11,6.6
2021-03-23,70,11.0,,0.11,7.7
2021-03-24,48,11.0,,0.11,5.28
2021-03-25,67,11.0,,0.11,7.37
2021-03-26,66,11.0,,0.11,7.26
2021-03-27,54,11.0,,0.11,5.94
2021-03-28,76,11.0,False,0.11,8.36
2021-03-29,54,11.0,,0.11,5.94
2021-03-30,59,11.0,,0.11,6.49
2021-03-31,65,11.0,,0.11,7.15
2021-04-01,37,11.0,,0.11,4.07
2021-04-02,54,11.0,,0.11,5.94
2021-04-03,57,11.0,,0.11,6.2700000000000005
2021-04-04,54,10.0,False,0.1,5.4
2021-04-05,48,10.0,,0.1,4.800000000000001
2021-04-06,46,10.0,,0.1,4.6000000000000005
2021-04-07,58,10.0,,0.1,5.800000000000001
2021-04-08,48,10.0,,0.1,4.800000000000001
2021-04-09,45,10.0,,0.1,4.5
2021-04-10,55,10.0,,0.1,5.5
2021-04-11,48,13.0,False,0.13,6.24
2021-04-12,45,13.0,,0.13,5.8500000000000005
2021-04-13,67,13.0,,0.13,8.71
2021-04-14,58,13.0,,0.13,7.54
2021-04-15,72,13.0,,0.13,9.36
2021-04-16,64,13.0,,0.13,8.32
2021-04-17,52,13.0,,0.13,6.76
2021-04-18,100,16.0,False,0.16,16.0
2021-04-19,75,16.0,,0.16,12.0
2021-04-20,64,16.0,,0.16,10.24
2021-04-21,49,16.0,,0.16,7.84
2021-04-22,73,16.0,,0.16,11.68
2021-04-23,94,16.0,,0.16,15.040000000000001
2021-04-24,64,16.0,,0.16,10.24
2021-04-25,56,14.0,False,0.14,7.840000000000001
2021-04-26,73,14.0,,0.14,10.22
2021-04-27,68,14.0,,0.14,9.520000000000001
2021-04-28,48,14.0,,0.14,6.720000000000001
2021-04-29,43,14.0,,0.14,6.0200000000000005
2021-04-30,43,14.0,,0.14,6.0200000000000005
2021-05-01,28,14.0,,0.14,3.9200000000000004
2021-05-02,23,12.0,False,0.12,2.76
2021-05-03,31,12.0,,0.12,3.7199999999999998
2021-05-04,32,12.0,,0.12,3.84
2021-05-05,31,12.0,,0.12,3.7199999999999998
2021-05-06,34,12.0,,0.12,4.08
2021-05-07,30,12.0,,0.12,3.5999999999999996
2021-05-08,31,12.0,,0.12,3.7199999999999998
2021-05-09,31,14.0,False,0.14,4.340000000000001
2021-05-10,34,14.0,,0.14,4.760000000000001
2021-05-11,31,14.0,,0.14,4.340000000000001
2021-05-12,30,14.0,,0.14,4.2
2021-05-13,50,14.0,,0.14,7.000000000000001
2021-05-14,38,14.0,,0.14,5.32
2021-05-15,35,14.0,,0.14,4.9
2021-05-16,35,24.0,False,0.24,8.4
2021-05-17,57,24.0,,0.24,13.68
2021-05-18,29,24.0,,0.24,6.96
2021-05-19,100,24.0,,0.24,24.0
2021-05-20,66,24.0,,0.24,15.84
2021-05-21,52,24.0,,0.24,12.48
2021-05-22,58,24.0,,0.24,13.92
2021-05-23,56,17.0,False,0.17,9.520000000000001
2021-05-24,53,17.0,,0.17,9.01
2021-05-25,34,17.0,,0.17,5.78
2021-05-26,34,17.0,,0.17,5.78
2021-05-27,31,17.0,,0.17,5.2700000000000005
2021-05-28,36,17.0,,0.17,6.12
2021-05-29,36,17.0,,0.17,6.12
2021-05-30,38,13.0,False,0.13,4.94
2021-05-31,29,13.0,,0.13,3.77
2021-06-01,56,13.0,,0.13,7.28
2021-06-02,65,13.0,,0.13,8.450000000000001
2021-06-03,60,13.0,,0.13,7.800000000000001
2021-06-04,78,13.0,,0.13,10.14
2021-06-05,71,13.0,,0.13,9.23
2021-06-06,82,12.0,False,0.12,9.84
2021-06-07,56,12.0,,0.12,6.72
2021-06-08,94,12.0,,0.12,11.28
2021-06-09,71,12.0,,0.12,8.52
2021-06-10,58,12.0,,0.12,6.96
2021-06-11,44,12.0,,0.12,5.279999999999999
2021-06-12,32,12.0,,0.12,3.84
2021-06-13,41,10.0,False,0.1,4.1000000000000005
2021-06-14,47,10.0,,0.1,4.7
2021-06-15,61,10.0,,0.1,6.1000000000000005
2021-06-16,46,10.0,,0.1,4.6000000000000005
2021-06-17,53,10.0,,0.1,5.300000000000001
2021-06-18,55,10.0,,0.1,5.5
2021-06-19,49,10.0,,0.1,4.9
2021-06-20,54,12.0,False,0.12,6.4799999999999995
2021-06-21,55,12.0,,0.12,6.6
2021-06-22,100,12.0,,0.12,12.0
2021-06-23,46,12.0,,0.12,5.52
2021-06-24,43,12.0,,0.12,5.16
2021-06-25,44,12.0,,0.12,5.279999999999999
2021-06-26,53,12.0,,0.12,6.359999999999999
2021-06-27,49,9.0,False,0.09,4.41
2021-06-28,61,9.0,,0.09,5.49
2021-06-29,32,9.0,,0.09,2.88
2021-06-30,47,9.0,,0.09,4.2299999999999995
2021-07-01,80,9.0,,0.09,7.199999999999999
2021-07-02,77,9.0,,0.09,6.93
2021-07-03,53,9.0,,0.09,4.77
2021-07-04,57,7.0,False,0.07,3.99
2021-07-05,67,7.0,,0.07,4.69
2021-07-06,65,7.0,,0.07,4.550000000000001
2021-07-07,57,7.0,,0.07,3.99
2021-07-08,75,7.0,,0.07,5.250000000000001
2021-07-09,57,7.0,,0.07,3.99
2021-07-10,46,7.0,,0.07,3.22
2021-07-11,47,7.0,False,0.07,3.2900000000000005
2021-07-12,64,7.0,,0.07,4.48
2021-07-13,63,7.0,,0.07,4.41
2021-07-14,54,7.0,,0.07,3.7800000000000002
2021-07-15,62,7.0,,0.07,4.340000000000001
2021-07-16,52,7.0,,0.07,3.6400000000000006
2021-07-17,52,7.0,,0.07,3.6400000000000006
2021-07-18,63,8.0,False,0.08,5.04
2021-07-19,60,8.0,,0.08,4.8
2021-07-20,70,8.0,,0.08,5.6000000000000005
2021-07-21,61,8.0,,0.08,4.88
2021-07-22,90,8.0,,0.08,7.2
2021-07-23,47,8.0,,0.08,3.7600000000000002
2021-07-24,44,8.0,,0.08,3.52
2021-07-25,53,8.0,False,0.08,4.24
2021-07-26,100,8.0,,0.08,8.0
2021-07-27,78,8.0,,0.08,6.24
2021-07-28,74,8.0,,0.08,5.92
2021-07-29,69,8.0,,0.08,5.5200000000000005
2021-07-30,56,8.0,,0.08,4.48
2021-07-31,64,8.0,,0.08,5.12
2021-08-01,40,7.0,False,0.07,2.8000000000000003
2021-08-02,70,7.0,,0.07,4.9
2021-08-03,62,7.0,,0.07,4.340000000000001
2021-08-04,68,7.0,,0.07,4.760000000000001
2021-08-05,60,7.0,,0.07,4.2
2021-08-06,79,7.0,,0.07,5.53
2021-08-07,88,7.0,,0.07,6.16
2021-08-08,74,9.0,False,0.09,6.66
2021-08-09,100,9.0,,0.09,9.0
2021-08-10,44,9.0,,0.09,3.96
2021-08-11,52,9.0,,0.09,4.68
2021-08-12,79,9.0,,0.09,7.109999999999999
2021-08-13,76,9.0,,0.09,6.84
2021-08-14,60,9.0,,0.09,5.3999999999999995
2021-08-15,49,7.0,False,0.07,3.43
2021-08-16,59,7.0,,0.07,4.130000000000001
2021-08-17,64,7.0,,0.07,4.48
2021-08-18,78,7.0,,0.07,5.460000000000001
2021-08-19,52,7.0,,0.07,3.6400000000000006
2021-08-20,72,7.0,,0.07,5.040000000000001
2021-08-21,83,7.0,,0.07,5.8100000000000005
2021-08-22,39,8.0,False,0.08,3.12
2021-08-23,56,8.0,,0.08,4.48
2021-08-24,68,8.0,,0.08,5.44
2021-08-25,60,8.0,,0.08,4.8
2021-08-26,56,8.0,,0.08,4.48
2021-08-27,76,8.0,,0.08,6.08
2021-08-28,25,8.0,,0.08,2.0
2021-08-29,67,7.0,False,0.07,4.69
2021-08-30,56,7.0,,0.07,3.9200000000000004
2021-08-31,51,7.0,,0.07,3.5700000000000003
2021-09-01,75,7.0,,0.07,5.250000000000001
2021-09-02,61,7.0,,0.07,4.2700000000000005
2021-09-03,68,7.0,,0.07,4.760000000000001
2021-09-04,64,7.0,,0.07,4.48
2021-09-05,47,9.0,False,0.09,4.2299999999999995
2021-09-06,77,9.0,,0.09,6.93
2021-09-07,100,9.0,,0.09,9.0
2021-09-08,93,9.0,,0.09,8.37
2021-09-09,78,9.0,,0.09,7.02
2021-09-10,69,9.0,,0.09,6.21
2021-09-11,59,9.0,,0.09,5.31
2021-09-12,79,7.0,False,0.07,5.53
2021-09-13,62,7.0,,0.07,4.340000000000001
2021-09-14,61,7.0,,0.07,4.2700000000000005
2021-09-15,85,7.0,,0.07,5.95
2021-09-16,65,7.0,,0.07,4.550000000000001
2021-09-17,57,7.0,,0.07,3.99
2021-09-18,68,7.0,,0.07,4.760000000000001
2021-09-19,70,8.0,False,0.08,5.6000000000000005
2021-09-20,71,8.0,,0.08,5.68
2021-09-21,74,8.0,,0.08,5.92
2021-09-22,66,8.0,,0.08,5.28
2021-09-23,50,8.0,,0.08,4.0
2021-09-24,73,8.0,,0.08,5.84
2021-09-25,84,8.0,,0.08,6.72
2021-09-26,80,7.0,False,0.07,5.6000000000000005
2021-09-27,52,7.0,,0.07,3.6400000000000006
2021-09-28,60,7.0,,0.07,4.2
2021-09-29,53,7.0,,0.07,3.7100000000000004
2021-09-30,59,7.0,,0.07,4.130000000000001
2021-10-01,80,7.0,,0.07,5.6000000000000005
2021-10-02,60,7.0,,0.07,4.2
2021-10-03,76,6.0,False,0.06,4.56
2021-10-04,53,6.0,,0.06,3.1799999999999997
2021-10-05,65,6.0,,0.06,3.9
2021-10-06,52,6.0,,0.06,3.12
2021-10-07,76,6.0,,0.06,4.56
2021-10-08,45,6.0,,0.06,2.6999999999999997
2021-10-09,50,6.0,,0.06,3.0
2021-10-10,60,7.0,False,0.07,4.2
2021-10-11,45,7.0,,0.07,3.1500000000000004
2021-10-12,52,7.0,,0.07,3.6400000000000006
2021-10-13,48,7.0,,0.07,3.3600000000000003
2021-10-14,51,7.0,,0.07,3.5700000000000003
2021-10-15,71,7.0,,0.07,4.970000000000001
2021-10-16,64,7.0,,0.07,4.48
2021-10-17,49,8.0,False,0.08,3.92
2021-10-18,81,8.0,,0.08,6.48
2021-10-19,77,8.0,,0.08,6.16
2021-10-20,95,8.0,,0.08,7.6000000000000005
2021-10-21,100,8.0,,0.08,8.0
2021-10-22,79,8.0,,0.08,6.32
2021-10-23,57,8.0,,0.08,4.5600000000000005
2021-10-24,49,7.0,False,0.07,3.43
2021-10-25,51,7.0,,0.07,3.5700000000000003
2021-10-26,75,7.0,,0.07,5.250000000000001
2021-10-27,73,7.0,,0.07,5.11
2021-10-28,79,7.0,,0.07,5.53
2021-10-29,59,7.0,,0.07,4.130000000000001
2021-10-30,46,7.0,,0.07,3.22
2021-10-31,55,6.0,False,0.06,3.3
2021-11-01,47,6.0,,0.06,2.82
2021-11-02,75,6.0,,0.06,4.5
2021-11-03,55,6.0,,0.06,3.3
2021-11-04,62,6.0,,0.06,3.7199999999999998
2021-11-05,64,6.0,,0.06,3.84
2021-11-06,55,6.0,,0.06,3.3
2021-11-07,57,6.0,False,0.06,3.42
2021-11-08,80,6.0,,0.06,4.8
2021-11-09,83,6.0,,0.06,4.9799999999999995
2021-11-10,71,6.0,,0.06,4.26
2021-11-11,60,6.0,,0.06,3.5999999999999996
2021-11-12,48,6.0,,0.06,2.88
2021-11-13,53,6.0,,0.06,3.1799999999999997
2021-11-14,39,6.0,False,0.06,2.34
2021-11-15,70,6.0,,0.06,4.2
2021-11-16,76,6.0,,0.06,4.56
2021-11-17,59,6.0,,0.06,3.54
2021-11-18,81,6.0,,0.06,4.859999999999999
2021-11-19,72,6.0,,0.06,4.32
2021-11-20,56,6.0,,0.06,3.36
2021-11-21,72,6.0,False,0.06,4.32
2021-11-22,82,6.0,,0.06,4.92
2021-11-23,42,6.0,,0.06,2.52
2021-11-24,100,6.0,,0.06,6.0
2021-11-25,53,6.0,,0.06,3.1799999999999997
2021-11-26,63,6.0,,0.06,3.78
2021-11-27,66,6.0,,0.06,3.96
2021-11-28,55,6.0,True,0.06,3.3
2021-11-29,70,6.0,,0.06,4.2
2021-11-30,68,6.0,,0.06,4.08
2021-12-01,100,6.0,,0.06,6.0
2021-12-02,85,6.0,,0.06,5.1
