date,bitcoin price usd_unscaled,bitcoin price usd_monthly,isPartial,scale,bitcoin price usd
2017-08-01,50,,,,
2017-08-02,35,,,,
2017-08-03,29,,,,
2017-08-04,25,,,,
2017-08-05,31,,,,
2017-08-06,22,6.0,False,0.06,1.3199999999999998
2017-08-07,36,6.0,,0.06,2.16
2017-08-08,53,6.0,,0.06,3.1799999999999997
2017-08-09,39,6.0,,0.06,2.34
2017-08-10,43,6.0,,0.06,2.58
2017-08-11,50,6.0,,0.06,3.0
2017-08-12,55,6.0,,0.06,3.3
2017-08-13,92,10.0,False,0.1,9.200000000000001
2017-08-14,100,10.0,,0.1,10.0
2017-08-15,65,10.0,,0.1,6.5
2017-08-16,67,10.0,,0.1,6.7
2017-08-17,99,10.0,,0.1,9.9
2017-08-18,66,10.0,,0.1,6.6000000000000005
2017-08-19,73,10.0,,0.1,7.300000000000001
2017-08-20,36,6.0,False,0.06,2.16
2017-08-21,25,6.0,,0.06,1.5
2017-08-22,60,6.0,,0.06,3.5999999999999996
2017-08-23,55,6.0,,0.06,3.3
2017-08-24,61,6.0,,0.06,3.6599999999999997
2017-08-25,33,6.0,,0.06,1.98
2017-08-26,43,6.0,,0.06,2.58
2017-08-27,24,6.0,False,0.06,1.44
2017-08-28,45,6.0,,0.06,2.6999999999999997
2017-08-29,65,6.0,,0.06,3.9
2017-08-30,31,6.0,,0.06,1.8599999999999999
2017-08-31,66,6.0,,0.06,3.96
2017-09-01,38,6.0,,0.06,2.28
2017-09-02,44,6.0,,0.06,2.6399999999999997
2017-09-03,27,8.0,False,0.08,2.16
2017-09-04,39,8.0,,0.08,3.12
2017-09-05,75,8.0,,0.08,6.0
2017-09-06,17,8.0,,0.08,1.36
2017-09-07,36,8.0,,0.08,2.88
2017-09-08,39,8.0,,0.08,3.12
2017-09-09,25,8.0,,0.08,2.0
2017-09-10,36,11.0,False,0.11,3.96
2017-09-11,47,11.0,,0.11,5.17
2017-09-12,20,11.0,,0.11,2.2
2017-09-13,52,11.0,,0.11,5.72
2017-09-14,61,11.0,,0.11,6.71
2017-09-15,100,11.0,,0.11,11.0
2017-09-16,63,11.0,,0.11,6.93
2017-09-17,40,9.0,False,0.09,3.5999999999999996
2017-09-18,41,9.0,,0.09,3.69
2017-09-19,55,9.0,,0.09,4.95
2017-09-20,41,9.0,,0.09,3.69
2017-09-21,34,9.0,,0.09,3.06
2017-09-22,46,9.0,,0.09,4.14
2017-09-23,19,9.0,,0.09,1.71
2017-09-24,19,6.0,False,0.06,1.14
2017-09-25,22,6.0,,0.06,1.3199999999999998
2017-09-26,17,6.0,,0.06,1.02
2017-09-27,32,6.0,,0.06,1.92
2017-09-28,38,6.0,,0.06,2.28
2017-09-29,27,6.0,,0.06,1.6199999999999999
2017-09-30,24,6.0,,0.06,1.44
2017-10-01,27,5.0,False,0.05,1.35
2017-10-02,40,5.0,,0.05,2.0
2017-10-03,31,5.0,,0.05,1.55
2017-10-04,33,5.0,,0.05,1.6500000000000001
2017-10-05,45,5.0,,0.05,2.25
2017-10-06,22,5.0,,0.05,1.1
2017-10-07,22,5.0,,0.05,1.1
2017-10-08,24,9.0,False,0.09,2.16
2017-10-09,37,9.0,,0.09,3.33
2017-10-10,62,9.0,,0.09,5.58
2017-10-11,51,9.0,,0.09,4.59
2017-10-12,94,9.0,,0.09,8.459999999999999
2017-10-13,100,9.0,,0.09,9.0
2017-10-14,68,9.0,,0.09,6.12
2017-10-15,50,8.0,False,0.08,4.0
2017-10-16,63,8.0,,0.08,5.04
2017-10-17,55,8.0,,0.08,4.4
2017-10-18,47,8.0,,0.08,3.7600000000000002
2017-10-19,63,8.0,,0.08,5.04
2017-10-20,54,8.0,,0.08,4.32
2017-10-21,86,8.0,,0.08,6.88
2017-10-22,59,9.0,False,0.09,5.31
2017-10-23,43,9.0,,0.09,3.8699999999999997
2017-10-24,71,9.0,,0.09,6.39
2017-10-25,55,9.0,,0.09,4.95
2017-10-26,58,9.0,,0.09,5.22
2017-10-27,53,9.0,,0.09,4.77
2017-10-28,51,9.0,,0.09,4.59
2017-10-29,31,16.0,False,0.16,4.96
2017-10-30,69,16.0,,0.16,11.040000000000001
2017-10-31,76,16.0,,0.16,12.16
2017-11-01,27,16.0,,0.16,4.32
2017-11-02,26,16.0,,0.16,4.16
2017-11-03,27,16.0,,0.16,4.32
2017-11-04,26,16.0,,0.16,4.16
2017-11-05,21,16.0,False,0.16,3.36
2017-11-06,22,16.0,,0.16,3.52
2017-11-07,15,16.0,,0.16,2.4
2017-11-08,24,16.0,,0.16,3.84
2017-11-09,22,16.0,,0.16,3.52
2017-11-10,28,16.0,,0.16,4.48
2017-11-11,24,16.0,,0.16,3.84
2017-11-12,26,17.0,False,0.17,4.42
2017-11-13,27,17.0,,0.17,4.590000000000001
2017-11-14,20,17.0,,0.17,3.4000000000000004
2017-11-15,22,17.0,,0.17,3.74
2017-11-16,17,17.0,,0.17,2.89
2017-11-17,30,17.0,,0.17,5.1000000000000005
2017-11-18,16,17.0,,0.17,2.72
2017-11-19,12,17.0,False,0.17,2.04
2017-11-20,24,17.0,,0.17,4.08
2017-11-21,21,17.0,,0.17,3.5700000000000003
2017-11-22,27,17.0,,0.17,4.590000000000001
2017-11-23,20,17.0,,0.17,3.4000000000000004
2017-11-24,20,17.0,,0.17,3.4000000000000004
2017-11-25,19,17.0,,0.17,3.2300000000000004
2017-11-26,37,47.0,False,0.47,17.39
2017-11-27,50,47.0,,0.47,23.5
2017-11-28,63,47.0,,0.47,29.61
2017-11-29,100,47.0,,0.47,47.0
2017-11-30,93,47.0,,0.47,43.71
2017-12-01,34,47.0,,0.47,15.979999999999999
2017-12-02,30,47.0,,0.47,14.1
2017-12-03,28,67.0,False,0.67,18.76
2017-12-04,28,67.0,,0.67,18.76
2017-12-05,27,67.0,,0.67,18.09
2017-12-06,43,67.0,,0.67,28.810000000000002
2017-12-07,93,67.0,,0.67,62.31
2017-12-08,82,67.0,,0.67,54.940000000000005
2017-12-09,42,67.0,,0.67,28.14
2017-12-10,42,61.0,False,0.61,25.62
2017-12-11,66,61.0,,0.61,40.26
2017-12-12,56,61.0,,0.61,34.16
2017-12-13,46,61.0,,0.61,28.06
2017-12-14,42,61.0,,0.61,25.62
2017-12-15,33,61.0,,0.61,20.13
2017-12-16,40,61.0,,0.61,24.4
2017-12-17,41,71.0,False,0.71,29.11
2017-12-18,40,71.0,,0.71,28.4
2017-12-19,41,71.0,,0.71,29.11
2017-12-20,52,71.0,,0.71,36.92
2017-12-21,45,71.0,,0.71,31.95
2017-12-22,100,71.0,,0.71,71.0
2017-12-23,64,71.0,,0.71,45.44
2017-12-24,51,50.0,False,0.5,25.5
2017-12-25,38,50.0,,0.5,19.0
2017-12-26,43,50.0,,0.5,21.5
2017-12-27,34,50.0,,0.5,17.0
2017-12-28,33,50.0,,0.5,16.5
2017-12-29,38,50.0,,0.5,19.0
2017-12-30,33,50.0,,0.5,16.5
2017-12-31,31,36.0,False,0.36,11.16
2018-01-01,32,36.0,,0.36,11.52
2018-01-02,57,36.0,,0.36,20.52
2018-01-03,49,36.0,,0.36,17.64
2018-01-04,41,36.0,,0.36,14.76
2018-01-05,36,36.0,,0.36,12.959999999999999
2018-01-06,26,36.0,,0.36,9.36
2018-01-07,34,32.0,False,0.32,10.88
2018-01-08,36,32.0,,0.32,11.52
2018-01-09,36,32.0,,0.32,11.52
2018-01-10,36,32.0,,0.32,11.52
2018-01-11,44,32.0,,0.32,14.08
2018-01-12,43,32.0,,0.32,13.76
2018-01-13,24,32.0,,0.32,7.68
2018-01-14,30,46.0,False,0.46,13.8
2018-01-15,24,46.0,,0.46,11.040000000000001
2018-01-16,57,46.0,,0.46,26.220000000000002
2018-01-17,100,46.0,,0.46,46.0
2018-01-18,76,46.0,,0.46,34.96
2018-01-19,45,46.0,,0.46,20.7
2018-01-20,34,46.0,,0.46,15.64
2018-01-21,31,30.0,False,0.3,9.299999999999999
2018-01-22,42,30.0,,0.3,12.6
2018-01-23,53,30.0,,0.3,15.899999999999999
2018-01-24,35,30.0,,0.3,10.5
2018-01-25,37,30.0,,0.3,11.1
2018-01-26,30,30.0,,0.3,9.0
2018-01-27,32,30.0,,0.3,9.6
2018-01-28,26,37.0,False,0.37,9.62
2018-01-29,23,37.0,,0.37,8.51
2018-01-30,37,37.0,,0.37,13.69
2018-01-31,42,37.0,,0.37,15.54
2018-02-01,46,37.0,,0.37,17.02
2018-02-02,82,37.0,,0.37,30.34
2018-02-03,52,37.0,,0.37,19.24
2018-02-04,38,57.0,False,0.57,21.659999999999997
2018-02-05,67,57.0,,0.57,38.19
2018-02-06,100,57.0,,0.57,56.99999999999999
2018-02-07,62,57.0,,0.57,35.339999999999996
2018-02-08,47,57.0,,0.57,26.79
2018-02-09,36,57.0,,0.57,20.52
2018-02-10,28,57.0,,0.57,15.959999999999999
2018-02-11,24,25.0,False,0.25,6.0
2018-02-12,27,25.0,,0.25,6.75
2018-02-13,30,25.0,,0.25,7.5
2018-02-14,19,25.0,,0.25,4.75
2018-02-15,25,25.0,,0.25,6.25
2018-02-16,26,25.0,,0.25,6.5
2018-02-17,18,25.0,,0.25,4.5
2018-02-18,16,21.0,False,0.21,3.36
2018-02-19,20,21.0,,0.21,4.2
2018-02-20,23,21.0,,0.21,4.83
2018-02-21,20,21.0,,0.21,4.2
2018-02-22,21,21.0,,0.21,4.41
2018-02-23,18,21.0,,0.21,3.78
2018-02-24,15,21.0,,0.21,3.15
2018-02-25,19,16.0,False,0.16,3.04
2018-02-26,12,16.0,,0.16,1.92
2018-02-27,18,16.0,,0.16,2.88
2018-02-28,15,16.0,,0.16,2.4
2018-03-01,71,16.0,,0.16,11.36
2018-03-02,94,16.0,,0.16,15.040000000000001
2018-03-03,60,16.0,,0.16,9.6
2018-03-04,75,13.0,False,0.13,9.75
2018-03-05,71,13.0,,0.13,9.23
2018-03-06,78,13.0,,0.13,10.14
2018-03-07,75,13.0,,0.13,9.75
2018-03-08,90,13.0,,0.13,11.700000000000001
2018-03-09,86,13.0,,0.13,11.18
2018-03-10,77,13.0,,0.13,10.01
2018-03-11,88,13.0,False,0.13,11.440000000000001
2018-03-12,83,13.0,,0.13,10.790000000000001
2018-03-13,64,13.0,,0.13,8.32
2018-03-14,86,13.0,,0.13,11.18
2018-03-15,83,13.0,,0.13,10.790000000000001
2018-03-16,79,13.0,,0.13,10.27
2018-03-17,62,13.0,,0.13,8.06
2018-03-18,100,12.0,False,0.12,12.0
2018-03-19,65,12.0,,0.12,7.8
2018-03-20,55,12.0,,0.12,6.6
2018-03-21,67,12.0,,0.12,8.04
2018-03-22,63,12.0,,0.12,7.56
2018-03-23,61,12.0,,0.12,7.319999999999999
2018-03-24,38,12.0,,0.12,4.56
2018-03-25,73,10.0,False,0.1,7.300000000000001
2018-03-26,68,10.0,,0.1,6.800000000000001
2018-03-27,53,10.0,,0.1,5.300000000000001
2018-03-28,56,10.0,,0.1,5.6000000000000005
2018-03-29,78,10.0,,0.1,7.800000000000001
2018-03-30,69,10.0,,0.1,6.9
2018-03-31,56,10.0,,0.1,5.6000000000000005
2018-04-01,74,10.0,False,0.1,7.4
2018-04-02,79,10.0,,0.1,7.9
2018-04-03,69,10.0,,0.1,6.9
2018-04-04,51,10.0,,0.1,5.1000000000000005
2018-04-05,81,10.0,,0.1,8.1
2018-04-06,78,10.0,,0.1,7.800000000000001
2018-04-07,72,10.0,,0.1,7.2
2018-04-08,61,9.0,False,0.09,5.49
2018-04-09,60,9.0,,0.09,5.3999999999999995
2018-04-10,62,9.0,,0.09,5.58
2018-04-11,59,9.0,,0.09,5.31
2018-04-12,58,9.0,,0.09,5.22
2018-04-13,68,9.0,,0.09,6.12
2018-04-14,65,9.0,,0.09,5.85
2018-04-15,79,8.0,False,0.08,6.32
2018-04-16,55,8.0,,0.08,4.4
2018-04-17,44,8.0,,0.08,3.52
2018-04-18,65,8.0,,0.08,5.2
2018-04-19,60,8.0,,0.08,4.8
2018-04-20,62,8.0,,0.08,4.96
2018-04-21,71,8.0,,0.08,5.68
2018-04-22,43,8.0,False,0.08,3.44
2018-04-23,68,8.0,,0.08,5.44
2018-04-24,100,8.0,,0.08,8.0
2018-04-25,76,8.0,,0.08,6.08
2018-04-26,47,8.0,,0.08,3.7600000000000002
2018-04-27,55,8.0,,0.08,4.4
2018-04-28,55,8.0,,0.08,4.4
2018-04-29,32,7.0,False,0.07,2.24
2018-04-30,31,7.0,,0.07,2.1700000000000004
2018-05-01,100,7.0,,0.07,7.000000000000001
2018-05-02,58,7.0,,0.07,4.0600000000000005
2018-05-03,47,7.0,,0.07,3.2900000000000005
2018-05-04,65,7.0,,0.07,4.550000000000001
2018-05-05,98,7.0,,0.07,6.86
2018-05-06,63,6.0,False,0.06,3.78
2018-05-07,47,6.0,,0.06,2.82
2018-05-08,40,6.0,,0.06,2.4
2018-05-09,88,6.0,,0.06,5.279999999999999
2018-05-10,44,6.0,,0.06,2.6399999999999997
2018-05-11,57,6.0,,0.06,3.42
2018-05-12,80,6.0,,0.06,4.8
2018-05-13,68,5.0,False,0.05,3.4000000000000004
2018-05-14,47,5.0,,0.05,2.35
2018-05-15,46,5.0,,0.05,2.3000000000000003
2018-05-16,54,5.0,,0.05,2.7
2018-05-17,66,5.0,,0.05,3.3000000000000003
2018-05-18,50,5.0,,0.05,2.5
2018-05-19,63,5.0,,0.05,3.1500000000000004
2018-05-20,42,6.0,False,0.06,2.52
2018-05-21,63,6.0,,0.06,3.78
2018-05-22,40,6.0,,0.06,2.4
2018-05-23,77,6.0,,0.06,4.62
2018-05-24,92,6.0,,0.06,5.52
2018-05-25,70,6.0,,0.06,4.2
2018-05-26,34,6.0,,0.06,2.04
2018-05-27,72,6.0,False,0.06,4.32
2018-05-28,56,6.0,,0.06,3.36
2018-05-29,87,6.0,,0.06,5.22
2018-05-30,69,6.0,,0.06,4.14
2018-05-31,52,6.0,,0.06,3.12
2018-06-01,40,6.0,,0.06,2.4
2018-06-02,72,6.0,,0.06,4.32
2018-06-03,44,4.0,False,0.04,1.76
2018-06-04,27,4.0,,0.04,1.08
2018-06-05,49,4.0,,0.04,1.96
2018-06-06,57,4.0,,0.04,2.2800000000000002
2018-06-07,50,4.0,,0.04,2.0
2018-06-08,44,4.0,,0.04,1.76
2018-06-09,36,4.0,,0.04,1.44
2018-06-10,71,6.0,False,0.06,4.26
2018-06-11,77,6.0,,0.06,4.62
2018-06-12,86,6.0,,0.06,5.16
2018-06-13,74,6.0,,0.06,4.4399999999999995
2018-06-14,74,6.0,,0.06,4.4399999999999995
2018-06-15,100,6.0,,0.06,6.0
2018-06-16,57,6.0,,0.06,3.42
2018-06-17,47,6.0,False,0.06,2.82
2018-06-18,60,6.0,,0.06,3.5999999999999996
2018-06-19,74,6.0,,0.06,4.4399999999999995
2018-06-20,61,6.0,,0.06,3.6599999999999997
2018-06-21,64,6.0,,0.06,3.84
2018-06-22,63,6.0,,0.06,3.78
2018-06-23,69,6.0,,0.06,4.14
2018-06-24,43,7.0,False,0.07,3.0100000000000002
2018-06-25,41,7.0,,0.07,2.87
2018-06-26,52,7.0,,0.07,3.6400000000000006
2018-06-27,52,7.0,,0.07,3.6400000000000006
2018-06-28,68,7.0,,0.07,4.760000000000001
2018-06-29,72,7.0,,0.07,5.040000000000001
2018-06-30,79,7.0,,0.07,5.53
2018-07-01,56,5.0,False,0.05,2.8000000000000003
2018-07-02,69,5.0,,0.05,3.45
2018-07-03,50,5.0,,0.05,2.5
2018-07-04,61,5.0,,0.05,3.0500000000000003
2018-07-05,53,5.0,,0.05,2.6500000000000004
2018-07-06,62,5.0,,0.05,3.1
2018-07-07,48,5.0,,0.05,2.4000000000000004
2018-07-08,49,5.0,False,0.05,2.45
2018-07-09,66,5.0,,0.05,3.3000000000000003
2018-07-10,67,5.0,,0.05,3.35
2018-07-11,76,5.0,,0.05,3.8000000000000003
2018-07-12,65,5.0,,0.05,3.25
2018-07-13,63,5.0,,0.05,3.1500000000000004
2018-07-14,14,5.0,,0.05,0.7000000000000001
2018-07-15,67,7.0,False,0.07,4.69
2018-07-16,52,7.0,,0.07,3.6400000000000006
2018-07-17,87,7.0,,0.07,6.090000000000001
2018-07-18,100,7.0,,0.07,7.000000000000001
2018-07-19,81,7.0,,0.07,5.670000000000001
2018-07-20,70,7.0,,0.07,4.9
2018-07-21,32,7.0,,0.07,2.24
2018-07-22,73,7.0,False,0.07,5.11
2018-07-23,84,7.0,,0.07,5.880000000000001
2018-07-24,55,7.0,,0.07,3.8500000000000005
2018-07-25,80,7.0,,0.07,5.6000000000000005
2018-07-26,93,7.0,,0.07,6.510000000000001
2018-07-27,90,7.0,,0.07,6.300000000000001
2018-07-28,50,7.0,,0.07,3.5000000000000004
2018-07-29,64,6.0,False,0.06,3.84
2018-07-30,47,6.0,,0.06,2.82
2018-07-31,59,6.0,,0.06,3.54
2018-08-01,42,6.0,,0.06,2.52
2018-08-02,84,6.0,,0.06,5.04
2018-08-03,61,6.0,,0.06,3.6599999999999997
2018-08-04,34,6.0,,0.06,2.04
2018-08-05,47,6.0,False,0.06,2.82
2018-08-06,66,6.0,,0.06,3.96
2018-08-07,61,6.0,,0.06,3.6599999999999997
2018-08-08,65,6.0,,0.06,3.9
2018-08-09,62,6.0,,0.06,3.7199999999999998
2018-08-10,60,6.0,,0.06,3.5999999999999996
2018-08-11,57,6.0,,0.06,3.42
2018-08-12,42,7.0,False,0.07,2.9400000000000004
2018-08-13,71,7.0,,0.07,4.970000000000001
2018-08-14,88,7.0,,0.07,6.16
2018-08-15,77,7.0,,0.07,5.390000000000001
2018-08-16,72,7.0,,0.07,5.040000000000001
2018-08-17,43,7.0,,0.07,3.0100000000000002
2018-08-18,69,7.0,,0.07,4.83
2018-08-19,64,6.0,False,0.06,3.84
2018-08-20,65,6.0,,0.06,3.9
2018-08-21,77,6.0,,0.06,4.62
2018-08-22,77,6.0,,0.06,4.62
2018-08-23,89,6.0,,0.06,5.34
2018-08-24,100,6.0,,0.06,6.0
2018-08-25,77,6.0,,0.06,4.62
2018-08-26,67,5.0,False,0.05,3.35
2018-08-27,59,5.0,,0.05,2.95
2018-08-28,58,5.0,,0.05,2.9000000000000004
2018-08-29,70,5.0,,0.05,3.5
2018-08-30,62,5.0,,0.05,3.1
2018-08-31,77,5.0,,0.05,3.85
2018-09-01,49,5.0,,0.05,2.45
2018-09-02,74,6.0,False,0.06,4.4399999999999995
2018-09-03,48,6.0,,0.06,2.88
2018-09-04,42,6.0,,0.06,2.52
2018-09-05,78,6.0,,0.06,4.68
2018-09-06,100,6.0,,0.06,6.0
2018-09-07,76,6.0,,0.06,4.56
2018-09-08,41,6.0,,0.06,2.46
2018-09-09,49,5.0,False,0.05,2.45
2018-09-10,46,5.0,,0.05,2.3000000000000003
2018-09-11,46,5.0,,0.05,2.3000000000000003
2018-09-12,28,5.0,,0.05,1.4000000000000001
2018-09-13,77,5.0,,0.05,3.85
2018-09-14,70,5.0,,0.05,3.5
2018-09-15,58,5.0,,0.05,2.9000000000000004
2018-09-16,61,6.0,False,0.06,3.6599999999999997
2018-09-17,44,6.0,,0.06,2.6399999999999997
2018-09-18,53,6.0,,0.06,3.1799999999999997
2018-09-19,54,6.0,,0.06,3.2399999999999998
2018-09-20,32,6.0,,0.06,1.92
2018-09-21,53,6.0,,0.06,3.1799999999999997
2018-09-22,54,6.0,,0.06,3.2399999999999998
2018-09-23,60,3.0,False,0.03,1.7999999999999998
2018-09-24,53,3.0,,0.03,1.5899999999999999
2018-09-25,50,3.0,,0.03,1.5
2018-09-26,28,3.0,,0.03,0.84
2018-09-27,47,3.0,,0.03,1.41
2018-09-28,26,3.0,,0.03,0.78
2018-09-29,29,3.0,,0.03,0.87
2018-09-30,45,4.0,False,0.04,1.8
2018-10-01,74,4.0,,0.04,2.96
2018-10-02,49,4.0,,0.04,1.96
2018-10-03,86,4.0,,0.04,3.44
2018-10-04,75,4.0,,0.04,3.0
2018-10-05,59,4.0,,0.04,2.36
2018-10-06,100,4.0,,0.04,4.0
2018-10-07,55,5.0,False,0.05,2.75
2018-10-08,62,5.0,,0.05,3.1
2018-10-09,42,5.0,,0.05,2.1
2018-10-10,82,5.0,,0.05,4.1000000000000005
2018-10-11,38,5.0,,0.05,1.9000000000000001
2018-10-12,94,5.0,,0.05,4.7
2018-10-13,66,5.0,,0.05,3.3000000000000003
2018-10-14,58,3.0,False,0.03,1.74
2018-10-15,57,3.0,,0.03,1.71
2018-10-16,44,3.0,,0.03,1.3199999999999998
2018-10-17,63,3.0,,0.03,1.89
2018-10-18,19,3.0,,0.03,0.57
2018-10-19,54,3.0,,0.03,1.6199999999999999
2018-10-20,36,3.0,,0.03,1.08
2018-10-21,43,3.0,False,0.03,1.29
2018-10-22,50,3.0,,0.03,1.5
2018-10-23,62,3.0,,0.03,1.8599999999999999
2018-10-24,25,3.0,,0.03,0.75
2018-10-25,50,3.0,,0.03,1.5
2018-10-26,46,3.0,,0.03,1.38
2018-10-27,35,3.0,,0.03,1.05
2018-10-28,41,3.0,False,0.03,1.23
2018-10-29,65,3.0,,0.03,1.95
2018-10-30,87,3.0,,0.03,2.61
2018-10-31,45,3.0,,0.03,1.3499999999999999
2018-11-01,21,3.0,,0.03,0.63
2018-11-02,19,3.0,,0.03,0.57
2018-11-03,24,3.0,,0.03,0.72
2018-11-04,20,3.0,False,0.03,0.6
2018-11-05,28,3.0,,0.03,0.84
2018-11-06,7,3.0,,0.03,0.21
2018-11-07,15,3.0,,0.03,0.44999999999999996
2018-11-08,29,3.0,,0.03,0.87
2018-11-09,21,3.0,,0.03,0.63
2018-11-10,23,3.0,,0.03,0.69
2018-11-11,12,5.0,False,0.05,0.6000000000000001
2018-11-12,27,5.0,,0.05,1.35
2018-11-13,13,5.0,,0.05,0.65
2018-11-14,43,5.0,,0.05,2.15
2018-11-15,55,5.0,,0.05,2.75
2018-11-16,38,5.0,,0.05,1.9000000000000001
2018-11-17,47,5.0,,0.05,2.35
2018-11-18,13,9.0,False,0.09,1.17
2018-11-19,57,9.0,,0.09,5.13
2018-11-20,70,9.0,,0.09,6.3
2018-11-21,84,9.0,,0.09,7.56
2018-11-22,64,9.0,,0.09,5.76
2018-11-23,35,9.0,,0.09,3.15
2018-11-24,63,9.0,,0.09,5.67
2018-11-25,100,10.0,False,0.1,10.0
2018-11-26,67,10.0,,0.1,6.7
2018-11-27,62,10.0,,0.1,6.2
2018-11-28,67,10.0,,0.1,6.7
2018-11-29,69,10.0,,0.1,6.9
2018-11-30,51,10.0,,0.1,5.1000000000000005
2018-12-01,52,10.0,,0.1,5.2
2018-12-02,59,10.0,False,0.1,5.9
2018-12-03,62,10.0,,0.1,6.2
2018-12-04,82,10.0,,0.1,8.200000000000001
2018-12-05,69,10.0,,0.1,6.9
2018-12-06,73,10.0,,0.1,7.300000000000001
2018-12-07,79,10.0,,0.1,7.9
2018-12-08,100,10.0,,0.1,10.0
2018-12-09,70,9.0,False,0.09,6.3
2018-12-10,78,9.0,,0.09,7.02
2018-12-11,60,9.0,,0.09,5.3999999999999995
2018-12-12,59,9.0,,0.09,5.31
2018-12-13,81,9.0,,0.09,7.29
2018-12-14,61,9.0,,0.09,5.49
2018-12-15,80,9.0,,0.09,7.199999999999999
2018-12-16,79,10.0,False,0.1,7.9
2018-12-17,58,10.0,,0.1,5.800000000000001
2018-12-18,68,10.0,,0.1,6.800000000000001
2018-12-19,75,10.0,,0.1,7.5
2018-12-20,84,10.0,,0.1,8.4
2018-12-21,71,10.0,,0.1,7.1000000000000005
2018-12-22,52,10.0,,0.1,5.2
2018-12-23,40,8.0,False,0.08,3.2
2018-12-24,70,8.0,,0.08,5.6000000000000005
2018-12-25,97,8.0,,0.08,7.76
2018-12-26,59,8.0,,0.08,4.72
2018-12-27,52,8.0,,0.08,4.16
2018-12-28,58,8.0,,0.08,4.64
2018-12-29,24,8.0,,0.08,1.92
2018-12-30,42,7.0,False,0.07,2.9400000000000004
2018-12-31,35,7.0,,0.07,2.45
2019-01-01,75,7.0,,0.07,5.250000000000001
2019-01-02,51,7.0,,0.07,3.5700000000000003
2019-01-03,98,7.0,,0.07,6.86
2019-01-04,68,7.0,,0.07,4.760000000000001
2019-01-05,79,7.0,,0.07,5.53
2019-01-06,49,6.0,False,0.06,2.94
2019-01-07,92,6.0,,0.06,5.52
2019-01-08,100,6.0,,0.06,6.0
2019-01-09,88,6.0,,0.06,5.279999999999999
2019-01-10,61,6.0,,0.06,3.6599999999999997
2019-01-11,45,6.0,,0.06,2.6999999999999997
2019-01-12,54,6.0,,0.06,3.2399999999999998
2019-01-13,53,6.0,False,0.06,3.1799999999999997
2019-01-14,98,6.0,,0.06,5.88
2019-01-15,60,6.0,,0.06,3.5999999999999996
2019-01-16,83,6.0,,0.06,4.9799999999999995
2019-01-17,56,6.0,,0.06,3.36
2019-01-18,63,6.0,,0.06,3.78
2019-01-19,63,6.0,,0.06,3.78
2019-01-20,93,4.0,False,0.04,3.72
2019-01-21,69,4.0,,0.04,2.7600000000000002
2019-01-22,38,4.0,,0.04,1.52
2019-01-23,46,4.0,,0.04,1.84
2019-01-24,72,4.0,,0.04,2.88
2019-01-25,61,4.0,,0.04,2.44
2019-01-26,64,4.0,,0.04,2.56
2019-01-27,19,4.0,False,0.04,0.76
2019-01-28,64,4.0,,0.04,2.56
2019-01-29,51,4.0,,0.04,2.04
2019-01-30,64,4.0,,0.04,2.56
2019-01-31,56,4.0,,0.04,2.24
2019-02-01,57,4.0,,0.04,2.2800000000000002
2019-02-02,47,4.0,,0.04,1.8800000000000001
2019-02-03,36,5.0,False,0.05,1.8
2019-02-04,69,5.0,,0.05,3.45
2019-02-05,46,5.0,,0.05,2.3000000000000003
2019-02-06,72,5.0,,0.05,3.6
2019-02-07,68,5.0,,0.05,3.4000000000000004
2019-02-08,90,5.0,,0.05,4.5
2019-02-09,62,5.0,,0.05,3.1
2019-02-10,46,3.0,False,0.03,1.38
2019-02-11,71,3.0,,0.03,2.13
2019-02-12,54,3.0,,0.03,1.6199999999999999
2019-02-13,58,3.0,,0.03,1.74
2019-02-14,64,3.0,,0.03,1.92
2019-02-15,67,3.0,,0.03,2.01
2019-02-16,26,3.0,,0.03,0.78
2019-02-17,26,6.0,False,0.06,1.56
2019-02-18,78,6.0,,0.06,4.68
2019-02-19,72,6.0,,0.06,4.32
2019-02-20,68,6.0,,0.06,4.08
2019-02-21,100,6.0,,0.06,6.0
2019-02-22,33,6.0,,0.06,1.98
2019-02-23,57,6.0,,0.06,3.42
2019-02-24,78,4.0,False,0.04,3.12
2019-02-25,49,4.0,,0.04,1.96
2019-02-26,73,4.0,,0.04,2.92
2019-02-27,49,4.0,,0.04,1.96
2019-02-28,69,4.0,,0.04,2.7600000000000002
2019-03-01,50,4.0,,0.04,2.0
2019-03-02,55,4.0,,0.04,2.2
2019-03-03,48,4.0,False,0.04,1.92
2019-03-04,43,4.0,,0.04,1.72
2019-03-05,91,4.0,,0.04,3.64
2019-03-06,57,4.0,,0.04,2.2800000000000002
2019-03-07,44,4.0,,0.04,1.76
2019-03-08,56,4.0,,0.04,2.24
2019-03-09,99,4.0,,0.04,3.96
2019-03-10,36,3.0,False,0.03,1.08
2019-03-11,58,3.0,,0.03,1.74
2019-03-12,85,3.0,,0.03,2.55
2019-03-13,53,3.0,,0.03,1.5899999999999999
2019-03-14,32,3.0,,0.03,0.96
2019-03-15,50,3.0,,0.03,1.5
2019-03-16,74,3.0,,0.03,2.2199999999999998
2019-03-17,49,5.0,False,0.05,2.45
2019-03-18,91,5.0,,0.05,4.55
2019-03-19,76,5.0,,0.05,3.8000000000000003
2019-03-20,97,5.0,,0.05,4.8500000000000005
2019-03-21,100,5.0,,0.05,5.0
2019-03-22,51,5.0,,0.05,2.5500000000000003
2019-03-23,62,5.0,,0.05,3.1
2019-03-24,45,3.0,False,0.03,1.3499999999999999
2019-03-25,70,3.0,,0.03,2.1
2019-03-26,80,3.0,,0.03,2.4
2019-03-27,76,3.0,,0.03,2.28
2019-03-28,60,3.0,,0.03,1.7999999999999998
2019-03-29,86,3.0,,0.03,2.58
2019-03-30,82,3.0,,0.03,2.46
2019-03-31,80,9.0,False,0.09,7.199999999999999
2019-04-01,23,9.0,,0.09,2.07
2019-04-02,80,9.0,,0.09,7.199999999999999
2019-04-03,100,9.0,,0.09,9.0
2019-04-04,52,9.0,,0.09,4.68
2019-04-05,50,9.0,,0.09,4.5
2019-04-06,31,9.0,,0.09,2.79
2019-04-07,31,7.0,False,0.07,2.1700000000000004
2019-04-08,49,7.0,,0.07,3.43
2019-04-09,65,7.0,,0.07,4.550000000000001
2019-04-10,51,7.0,,0.07,3.5700000000000003
2019-04-11,27,7.0,,0.07,1.8900000000000001
2019-04-12,34,7.0,,0.07,2.3800000000000003
2019-04-13,56,7.0,,0.07,3.9200000000000004
2019-04-14,36,7.0,False,0.07,2.5200000000000005
2019-04-15,39,7.0,,0.07,2.7300000000000004
2019-04-16,65,7.0,,0.07,4.550000000000001
2019-04-17,40,7.0,,0.07,2.8000000000000003
2019-04-18,51,7.0,,0.07,3.5700000000000003
2019-04-19,23,7.0,,0.07,1.61
2019-04-20,41,7.0,,0.07,2.87
2019-04-21,30,7.0,False,0.07,2.1
2019-04-22,41,7.0,,0.07,2.87
2019-04-23,64,7.0,,0.07,4.48
2019-04-24,32,7.0,,0.07,2.24
2019-04-25,41,7.0,,0.07,2.87
2019-04-26,31,7.0,,0.07,2.1700000000000004
2019-04-27,62,7.0,,0.07,4.340000000000001
2019-04-28,20,7.0,False,0.07,1.4000000000000001
2019-04-29,51,7.0,,0.07,3.5700000000000003
2019-04-30,25,7.0,,0.07,1.7500000000000002
2019-05-01,19,7.0,,0.07,1.33
2019-05-02,36,7.0,,0.07,2.5200000000000005
2019-05-03,44,7.0,,0.07,3.08
2019-05-04,31,7.0,,0.07,2.1700000000000004
2019-05-05,35,9.0,False,0.09,3.15
2019-05-06,42,9.0,,0.09,3.78
2019-05-07,39,9.0,,0.09,3.51
2019-05-08,39,9.0,,0.09,3.51
2019-05-09,32,9.0,,0.09,2.88
2019-05-10,48,9.0,,0.09,4.32
2019-05-11,62,9.0,,0.09,5.58
2019-05-12,66,18.0,False,0.18,11.879999999999999
2019-05-13,85,18.0,,0.18,15.299999999999999
2019-05-14,87,18.0,,0.18,15.66
2019-05-15,100,18.0,,0.18,18.0
2019-05-16,76,18.0,,0.18,13.68
2019-05-17,94,18.0,,0.18,16.919999999999998
2019-05-18,63,18.0,,0.18,11.34
2019-05-19,63,12.0,False,0.12,7.56
2019-05-20,57,12.0,,0.12,6.84
2019-05-21,56,12.0,,0.12,6.72
2019-05-22,41,12.0,,0.12,4.92
2019-05-23,36,12.0,,0.12,4.32
2019-05-24,48,12.0,,0.12,5.76
2019-05-25,47,12.0,,0.12,5.64
2019-05-26,41,11.0,False,0.11,4.51
2019-05-27,49,11.0,,0.11,5.39
2019-05-28,51,11.0,,0.11,5.61
2019-05-29,39,11.0,,0.11,4.29
2019-05-30,46,11.0,,0.11,5.06
2019-05-31,61,11.0,,0.11,6.71
2019-06-01,21,11.0,,0.11,2.31
2019-06-02,24,10.0,False,0.1,2.4000000000000004
2019-06-03,24,10.0,,0.1,2.4000000000000004
2019-06-04,27,10.0,,0.1,2.7
2019-06-05,20,10.0,,0.1,2.0
2019-06-06,16,10.0,,0.1,1.6
2019-06-07,23,10.0,,0.1,2.3000000000000003
2019-06-08,21,10.0,,0.1,2.1
2019-06-09,19,9.0,False,0.09,1.71
2019-06-10,27,9.0,,0.09,2.4299999999999997
2019-06-11,18,9.0,,0.09,1.6199999999999999
2019-06-12,19,9.0,,0.09,1.71
2019-06-13,23,9.0,,0.09,2.07
2019-06-14,27,9.0,,0.09,2.4299999999999997
2019-06-15,20,9.0,,0.09,1.7999999999999998
2019-06-16,31,17.0,False,0.17,5.2700000000000005
2019-06-17,24,17.0,,0.17,4.08
2019-06-18,40,17.0,,0.17,6.800000000000001
2019-06-19,32,17.0,,0.17,5.44
2019-06-20,40,17.0,,0.17,6.800000000000001
2019-06-21,41,17.0,,0.17,6.970000000000001
2019-06-22,68,17.0,,0.17,11.56
2019-06-23,50,27.0,False,0.27,13.5
2019-06-24,38,27.0,,0.27,10.260000000000002
2019-06-25,52,27.0,,0.27,14.040000000000001
2019-06-26,100,27.0,,0.27,27.0
2019-06-27,97,27.0,,0.27,26.19
2019-06-28,81,27.0,,0.27,21.87
2019-06-29,53,27.0,,0.27,14.31
2019-06-30,49,16.0,False,0.16,7.84
2019-07-01,78,16.0,,0.16,12.48
2019-07-02,95,16.0,,0.16,15.200000000000001
2019-07-03,82,16.0,,0.16,13.120000000000001
2019-07-04,71,16.0,,0.16,11.36
2019-07-05,62,16.0,,0.16,9.92
2019-07-06,63,16.0,,0.16,10.08
2019-07-07,55,16.0,False,0.16,8.8
2019-07-08,80,16.0,,0.16,12.8
2019-07-09,82,16.0,,0.16,13.120000000000001
2019-07-10,87,16.0,,0.16,13.92
2019-07-11,77,16.0,,0.16,12.32
2019-07-12,61,16.0,,0.16,9.76
2019-07-13,68,16.0,,0.16,10.88
2019-07-14,58,16.0,False,0.16,9.28
2019-07-15,79,16.0,,0.16,12.64
2019-07-16,72,16.0,,0.16,11.52
2019-07-17,100,16.0,,0.16,16.0
2019-07-18,83,16.0,,0.16,13.280000000000001
2019-07-19,65,16.0,,0.16,10.4
2019-07-20,81,16.0,,0.16,12.96
2019-07-21,61,14.0,False,0.14,8.540000000000001
2019-07-22,61,14.0,,0.14,8.540000000000001
2019-07-23,65,14.0,,0.14,9.100000000000001
2019-07-24,53,14.0,,0.14,7.420000000000001
2019-07-25,69,14.0,,0.14,9.66
2019-07-26,57,14.0,,0.14,7.98
2019-07-27,59,14.0,,0.14,8.260000000000002
2019-07-28,36,11.0,False,0.11,3.96
2019-07-29,47,11.0,,0.11,5.17
2019-07-30,57,11.0,,0.11,6.2700000000000005
2019-07-31,74,11.0,,0.11,8.14
2019-08-01,57,11.0,,0.11,6.2700000000000005
2019-08-02,54,11.0,,0.11,5.94
2019-08-03,70,11.0,,0.11,7.7
2019-08-04,62,14.0,False,0.14,8.680000000000001
2019-08-05,83,14.0,,0.14,11.620000000000001
2019-08-06,100,14.0,,0.14,14.000000000000002
2019-08-07,88,14.0,,0.14,12.32
2019-08-08,73,14.0,,0.14,10.22
2019-08-09,56,14.0,,0.14,7.840000000000001
2019-08-10,59,14.0,,0.14,8.260000000000002
2019-08-11,58,12.0,False,0.12,6.96
2019-08-12,58,12.0,,0.12,6.96
2019-08-13,57,12.0,,0.12,6.84
2019-08-14,60,12.0,,0.12,7.199999999999999
2019-08-15,79,12.0,,0.12,9.48
2019-08-16,56,12.0,,0.12,6.72
2019-08-17,66,12.0,,0.12,7.92
2019-08-18,43,9.0,False,0.09,3.8699999999999997
2019-08-19,64,9.0,,0.09,5.76
2019-08-20,46,9.0,,0.09,4.14
2019-08-21,68,9.0,,0.09,6.12
2019-08-22,57,9.0,,0.09,5.13
2019-08-23,54,9.0,,0.09,4.859999999999999
2019-08-24,37,9.0,,0.09,3.33
2019-08-25,45,10.0,False,0.1,4.5
2019-08-26,44,10.0,,0.1,4.4
2019-08-27,57,10.0,,0.1,5.7
2019-08-28,36,10.0,,0.1,3.6
2019-08-29,66,10.0,,0.1,6.6000000000000005
2019-08-30,41,10.0,,0.1,4.1000000000000005
2019-08-31,34,10.0,,0.1,3.4000000000000004
2019-09-01,37,10.0,False,0.1,3.7
2019-09-02,59,10.0,,0.1,5.9
2019-09-03,76,10.0,,0.1,7.6000000000000005
2019-09-04,67,10.0,,0.1,6.7
2019-09-05,63,10.0,,0.1,6.300000000000001
2019-09-06,67,10.0,,0.1,6.7
2019-09-07,61,10.0,,0.1,6.1000000000000005
2019-09-08,55,8.0,False,0.08,4.4
2019-09-09,44,8.0,,0.08,3.52
2019-09-10,42,8.0,,0.08,3.36
2019-09-11,34,8.0,,0.08,2.72
2019-09-12,40,8.0,,0.08,3.2
2019-09-13,51,8.0,,0.08,4.08
2019-09-14,58,8.0,,0.08,4.64
2019-09-15,20,6.0,False,0.06,1.2
2019-09-16,40,6.0,,0.06,2.4
2019-09-17,40,6.0,,0.06,2.4
2019-09-18,30,6.0,,0.06,1.7999999999999998
2019-09-19,46,6.0,,0.06,2.76
2019-09-20,36,6.0,,0.06,2.16
2019-09-21,36,6.0,,0.06,2.16
2019-09-22,53,11.0,False,0.11,5.83
2019-09-23,43,11.0,,0.11,4.73
2019-09-24,98,11.0,,0.11,10.78
2019-09-25,100,11.0,,0.11,11.0
2019-09-26,95,11.0,,0.11,10.45
2019-09-27,61,11.0,,0.11,6.71
2019-09-28,69,11.0,,0.11,7.59
2019-09-29,39,8.0,False,0.08,3.12
2019-09-30,80,8.0,,0.08,6.4
2019-10-01,54,8.0,,0.08,4.32
2019-10-02,44,8.0,,0.08,3.52
2019-10-03,61,8.0,,0.08,4.88
2019-10-04,76,8.0,,0.08,6.08
2019-10-05,51,8.0,,0.08,4.08
2019-10-06,43,7.0,False,0.07,3.0100000000000002
2019-10-07,59,7.0,,0.07,4.130000000000001
2019-10-08,59,7.0,,0.07,4.130000000000001
2019-10-09,69,7.0,,0.07,4.83
2019-10-10,85,7.0,,0.07,5.95
2019-10-11,57,7.0,,0.07,3.99
2019-10-12,43,7.0,,0.07,3.0100000000000002
2019-10-13,45,8.0,False,0.08,3.6
2019-10-14,57,8.0,,0.08,4.5600000000000005
2019-10-15,65,8.0,,0.08,5.2
2019-10-16,23,8.0,,0.08,1.84
2019-10-17,52,8.0,,0.08,4.16
2019-10-18,66,8.0,,0.08,5.28
2019-10-19,51,8.0,,0.08,4.08
2019-10-20,37,9.0,False,0.09,3.33
2019-10-21,34,9.0,,0.09,3.06
2019-10-22,29,9.0,,0.09,2.61
2019-10-23,49,9.0,,0.09,4.41
2019-10-24,46,9.0,,0.09,4.14
2019-10-25,69,9.0,,0.09,6.21
2019-10-26,97,9.0,,0.09,8.73
2019-10-27,91,9.0,False,0.09,8.19
2019-10-28,100,9.0,,0.09,9.0
2019-10-29,73,9.0,,0.09,6.569999999999999
2019-10-30,63,9.0,,0.09,5.67
2019-10-31,67,9.0,,0.09,6.029999999999999
2019-11-01,96,9.0,,0.09,8.64
2019-11-02,61,9.0,,0.09,5.49
2019-11-03,58,8.0,False,0.08,4.64
2019-11-04,75,8.0,,0.08,6.0
2019-11-05,49,8.0,,0.08,3.92
2019-11-06,79,8.0,,0.08,6.32
2019-11-07,66,8.0,,0.08,5.28
2019-11-08,65,8.0,,0.08,5.2
2019-11-09,61,8.0,,0.08,4.88
2019-11-10,54,5.0,False,0.05,2.7
2019-11-11,48,5.0,,0.05,2.4000000000000004
2019-11-12,57,5.0,,0.05,2.85
2019-11-13,43,5.0,,0.05,2.15
2019-11-14,20,5.0,,0.05,1.0
2019-11-15,57,5.0,,0.05,2.85
2019-11-16,53,5.0,,0.05,2.6500000000000004
2019-11-17,45,8.0,False,0.08,3.6
2019-11-18,29,8.0,,0.08,2.32
2019-11-19,84,8.0,,0.08,6.72
2019-11-20,55,8.0,,0.08,4.4
2019-11-21,70,8.0,,0.08,5.6000000000000005
2019-11-22,63,8.0,,0.08,5.04
2019-11-23,94,8.0,,0.08,7.5200000000000005
2019-11-24,70,10.0,False,0.1,7.0
2019-11-25,79,10.0,,0.1,7.9
2019-11-26,100,10.0,,0.1,10.0
2019-11-27,75,10.0,,0.1,7.5
2019-11-28,76,10.0,,0.1,7.6000000000000005
2019-11-29,71,10.0,,0.1,7.1000000000000005
2019-11-30,67,10.0,,0.1,6.7
2019-12-01,90,6.0,False,0.06,5.3999999999999995
2019-12-02,77,6.0,,0.06,4.62
2019-12-03,78,6.0,,0.06,4.68
2019-12-04,85,6.0,,0.06,5.1
2019-12-05,68,6.0,,0.06,4.08
2019-12-06,70,6.0,,0.06,4.2
2019-12-07,83,6.0,,0.06,4.9799999999999995
2019-12-08,69,7.0,False,0.07,4.83
2019-12-09,45,7.0,,0.07,3.1500000000000004
2019-12-10,96,7.0,,0.07,6.720000000000001
2019-12-11,82,7.0,,0.07,5.74
2019-12-12,61,7.0,,0.07,4.2700000000000005
2019-12-13,62,7.0,,0.07,4.340000000000001
2019-12-14,63,7.0,,0.07,4.41
2019-12-15,84,6.0,False,0.06,5.04
2019-12-16,78,6.0,,0.06,4.68
2019-12-17,87,6.0,,0.06,5.22
2019-12-18,78,6.0,,0.06,4.68
2019-12-19,78,6.0,,0.06,4.68
2019-12-20,89,6.0,,0.06,5.34
2019-12-21,77,6.0,,0.06,4.62
2019-12-22,69,6.0,False,0.06,4.14
2019-12-23,100,6.0,,0.06,6.0
2019-12-24,82,6.0,,0.06,4.92
2019-12-25,66,6.0,,0.06,3.96
2019-12-26,78,6.0,,0.06,4.68
2019-12-27,69,6.0,,0.06,4.14
2019-12-28,65,6.0,,0.06,3.9
2019-12-29,64,6.0,False,0.06,3.84
2019-12-30,86,6.0,,0.06,5.16
2019-12-31,47,6.0,,0.06,2.82
2020-01-01,60,6.0,,0.06,3.5999999999999996
2020-01-02,65,6.0,,0.06,3.9
2020-01-03,56,6.0,,0.06,3.36
2020-01-04,40,6.0,,0.06,2.4
2020-01-05,47,9.0,False,0.09,4.2299999999999995
2020-01-06,52,9.0,,0.09,4.68
2020-01-07,64,9.0,,0.09,5.76
2020-01-08,100,9.0,,0.09,9.0
2020-01-09,71,9.0,,0.09,6.39
2020-01-10,62,9.0,,0.09,5.58
2020-01-11,63,9.0,,0.09,5.67
2020-01-12,65,8.0,False,0.08,5.2
2020-01-13,52,8.0,,0.08,4.16
2020-01-14,70,8.0,,0.08,5.6000000000000005
2020-01-15,68,8.0,,0.08,5.44
2020-01-16,74,8.0,,0.08,5.92
2020-01-17,83,8.0,,0.08,6.640000000000001
2020-01-18,88,8.0,,0.08,7.04
2020-01-19,72,7.0,False,0.07,5.040000000000001
2020-01-20,52,7.0,,0.07,3.6400000000000006
2020-01-21,73,7.0,,0.07,5.11
2020-01-22,51,7.0,,0.07,3.5700000000000003
2020-01-23,63,7.0,,0.07,4.41
2020-01-24,58,7.0,,0.07,4.0600000000000005
2020-01-25,49,7.0,,0.07,3.43
2020-01-26,51,10.0,False,0.1,5.1000000000000005
2020-01-27,56,10.0,,0.1,5.6000000000000005
2020-01-28,84,10.0,,0.1,8.4
2020-01-29,80,10.0,,0.1,8.0
2020-01-30,67,10.0,,0.1,6.7
2020-01-31,96,10.0,,0.1,9.600000000000001
2020-02-01,54,10.0,,0.1,5.4
2020-02-02,46,9.0,False,0.09,4.14
2020-02-03,55,9.0,,0.09,4.95
2020-02-04,42,9.0,,0.09,3.78
2020-02-05,48,9.0,,0.09,4.32
2020-02-06,59,9.0,,0.09,5.31
2020-02-07,70,9.0,,0.09,6.3
2020-02-08,49,9.0,,0.09,4.41
2020-02-09,54,12.0,False,0.12,6.4799999999999995
2020-02-10,56,12.0,,0.12,6.72
2020-02-11,67,12.0,,0.12,8.04
2020-02-12,79,12.0,,0.12,9.48
2020-02-13,73,12.0,,0.12,8.76
2020-02-14,51,12.0,,0.12,6.12
2020-02-15,67,12.0,,0.12,8.04
2020-02-16,63,10.0,False,0.1,6.300000000000001
2020-02-17,55,10.0,,0.1,5.5
2020-02-18,59,10.0,,0.1,5.9
2020-02-19,71,10.0,,0.1,7.1000000000000005
2020-02-20,62,10.0,,0.1,6.2
2020-02-21,38,10.0,,0.1,3.8000000000000003
2020-02-22,41,10.0,,0.1,4.1000000000000005
2020-02-23,52,9.0,False,0.09,4.68
2020-02-24,100,9.0,,0.09,9.0
2020-02-25,67,9.0,,0.09,6.029999999999999
2020-02-26,63,9.0,,0.09,5.67
2020-02-27,48,9.0,,0.09,4.32
2020-02-28,61,9.0,,0.09,5.49
2020-02-29,58,9.0,,0.09,5.22
2020-03-01,46,7.0,False,0.07,3.22
2020-03-02,24,7.0,,0.07,1.6800000000000002
2020-03-03,24,7.0,,0.07,1.6800000000000002
2020-03-04,33,7.0,,0.07,2.31
2020-03-05,26,7.0,,0.07,1.8200000000000003
2020-03-06,43,7.0,,0.07,3.0100000000000002
2020-03-07,25,7.0,,0.07,1.7500000000000002
2020-03-08,24,14.0,False,0.14,3.3600000000000003
2020-03-09,57,14.0,,0.14,7.98
2020-03-10,46,14.0,,0.14,6.44
2020-03-11,44,14.0,,0.14,6.16
2020-03-12,80,14.0,,0.14,11.200000000000001
2020-03-13,100,14.0,,0.14,14.000000000000002
2020-03-14,66,14.0,,0.14,9.24
2020-03-15,78,16.0,False,0.16,12.48
2020-03-16,74,16.0,,0.16,11.84
2020-03-17,75,16.0,,0.16,12.0
2020-03-18,58,16.0,,0.16,9.28
2020-03-19,81,16.0,,0.16,12.96
2020-03-20,72,16.0,,0.16,11.52
2020-03-21,54,16.0,,0.16,8.64
2020-03-22,63,13.0,False,0.13,8.19
2020-03-23,66,13.0,,0.13,8.58
2020-03-24,63,13.0,,0.13,8.19
2020-03-25,65,13.0,,0.13,8.450000000000001
2020-03-26,40,13.0,,0.13,5.2
2020-03-27,40,13.0,,0.13,5.2
2020-03-28,50,13.0,,0.13,6.5
2020-03-29,51,10.0,False,0.1,5.1000000000000005
2020-03-30,35,10.0,,0.1,3.5
2020-03-31,39,10.0,,0.1,3.9000000000000004
2020-04-01,65,10.0,,0.1,6.5
2020-04-02,71,10.0,,0.1,7.1000000000000005
2020-04-03,72,10.0,,0.1,7.2
2020-04-04,46,10.0,,0.1,4.6000000000000005
2020-04-05,50,10.0,False,0.1,5.0
2020-04-06,70,10.0,,0.1,7.0
2020-04-07,75,10.0,,0.1,7.5
2020-04-08,54,10.0,,0.1,5.4
2020-04-09,81,10.0,,0.1,8.1
2020-04-10,65,10.0,,0.1,6.5
2020-04-11,64,10.0,,0.1,6.4
2020-04-12,45,9.0,False,0.09,4.05
2020-04-13,49,9.0,,0.09,4.41
2020-04-14,70,9.0,,0.09,6.3
2020-04-15,46,9.0,,0.09,4.14
2020-04-16,61,9.0,,0.09,5.49
2020-04-17,57,9.0,,0.09,5.13
2020-04-18,48,9.0,,0.09,4.32
2020-04-19,46,9.0,False,0.09,4.14
2020-04-20,43,9.0,,0.09,3.8699999999999997
2020-04-21,67,9.0,,0.09,6.029999999999999
2020-04-22,63,9.0,,0.09,5.67
2020-04-23,45,9.0,,0.09,4.05
2020-04-24,64,9.0,,0.09,5.76
2020-04-25,56,9.0,,0.09,5.04
2020-04-26,66,11.0,False,0.11,7.26
2020-04-27,60,11.0,,0.11,6.6
2020-04-28,65,11.0,,0.11,7.15
2020-04-29,79,11.0,,0.11,8.69
2020-04-30,100,11.0,,0.11,11.0
2020-05-01,59,11.0,,0.11,6.49
2020-05-02,67,11.0,,0.11,7.37
2020-05-03,55,12.0,False,0.12,6.6
2020-05-04,39,12.0,,0.12,4.68
2020-05-05,57,12.0,,0.12,6.84
2020-05-06,60,12.0,,0.12,7.199999999999999
2020-05-07,73,12.0,,0.12,8.76
2020-05-08,82,12.0,,0.12,9.84
2020-05-09,78,12.0,,0.12,9.36
2020-05-10,94,16.0,False,0.16,15.040000000000001
2020-05-11,89,16.0,,0.16,14.24
2020-05-12,90,16.0,,0.16,14.4
2020-05-13,89,16.0,,0.16,14.24
2020-05-14,100,16.0,,0.16,16.0
2020-05-15,74,16.0,,0.16,11.84
2020-05-16,76,16.0,,0.16,12.16
2020-05-17,80,11.0,False,0.11,8.8
2020-05-18,88,11.0,,0.11,9.68
2020-05-19,70,11.0,,0.11,7.7
2020-05-20,53,11.0,,0.11,5.83
2020-05-21,98,11.0,,0.11,10.78
2020-05-22,70,11.0,,0.11,7.7
2020-05-23,38,11.0,,0.11,4.18
2020-05-24,55,10.0,False,0.1,5.5
2020-05-25,83,10.0,,0.1,8.3
2020-05-26,70,10.0,,0.1,7.0
2020-05-27,54,10.0,,0.1,5.4
2020-05-28,56,10.0,,0.1,5.6000000000000005
2020-05-29,69,10.0,,0.1,6.9
2020-05-30,44,10.0,,0.1,4.4
2020-05-31,59,10.0,False,0.1,5.9
2020-06-01,65,10.0,,0.1,6.5
2020-06-02,100,10.0,,0.1,10.0
2020-06-03,64,10.0,,0.1,6.4
2020-06-04,83,10.0,,0.1,8.3
2020-06-05,64,10.0,,0.1,6.4
2020-06-06,55,10.0,,0.1,5.5
2020-06-07,47,9.0,False,0.09,4.2299999999999995
2020-06-08,57,9.0,,0.09,5.13
2020-06-09,53,9.0,,0.09,4.77
2020-06-10,60,9.0,,0.09,5.3999999999999995
2020-06-11,48,9.0,,0.09,4.32
2020-06-12,79,9.0,,0.09,7.109999999999999
2020-06-13,62,9.0,,0.09,5.58
2020-06-14,48,8.0,False,0.08,3.84
2020-06-15,59,8.0,,0.08,4.72
2020-06-16,45,8.0,,0.08,3.6
2020-06-17,39,8.0,,0.08,3.12
2020-06-18,47,8.0,,0.08,3.7600000000000002
2020-06-19,38,8.0,,0.08,3.04
2020-06-20,34,8.0,,0.08,2.72
2020-06-21,63,7.0,False,0.07,4.41
2020-06-22,45,7.0,,0.07,3.1500000000000004
2020-06-23,62,7.0,,0.07,4.340000000000001
2020-06-24,50,7.0,,0.07,3.5000000000000004
2020-06-25,59,7.0,,0.07,4.130000000000001
2020-06-26,39,7.0,,0.07,2.7300000000000004
2020-06-27,51,7.0,,0.07,3.5700000000000003
2020-06-28,42,8.0,False,0.08,3.36
2020-06-29,49,8.0,,0.08,3.92
2020-06-30,51,8.0,,0.08,4.08
2020-07-01,39,8.0,,0.08,3.12
2020-07-02,48,8.0,,0.08,3.84
2020-07-03,56,8.0,,0.08,4.48
2020-07-04,43,8.0,,0.08,3.44
2020-07-05,38,6.0,False,0.06,2.28
2020-07-06,37,6.0,,0.06,2.2199999999999998
2020-07-07,29,6.0,,0.06,1.74
2020-07-08,43,6.0,,0.06,2.58
2020-07-09,32,6.0,,0.06,1.92
2020-07-10,26,6.0,,0.06,1.56
2020-07-11,23,6.0,,0.06,1.38
2020-07-12,35,6.0,False,0.06,2.1
2020-07-13,27,6.0,,0.06,1.6199999999999999
2020-07-14,35,6.0,,0.06,2.1
2020-07-15,34,6.0,,0.06,2.04
2020-07-16,34,6.0,,0.06,2.04
2020-07-17,34,6.0,,0.06,2.04
2020-07-18,33,6.0,,0.06,1.98
2020-07-19,33,7.0,False,0.07,2.31
2020-07-20,27,7.0,,0.07,1.8900000000000001
2020-07-21,26,7.0,,0.07,1.8200000000000003
2020-07-22,41,7.0,,0.07,2.87
2020-07-23,46,7.0,,0.07,3.22
2020-07-24,28,7.0,,0.07,1.9600000000000002
2020-07-25,50,7.0,,0.07,3.5000000000000004
2020-07-26,56,15.0,False,0.15,8.4
2020-07-27,84,15.0,,0.15,12.6
2020-07-28,96,15.0,,0.15,14.399999999999999
2020-07-29,82,15.0,,0.15,12.299999999999999
2020-07-30,100,15.0,,0.15,15.0
2020-07-31,92,15.0,,0.15,13.799999999999999
2020-08-01,85,15.0,,0.15,12.75
2020-08-02,86,13.0,False,0.13,11.18
2020-08-03,89,13.0,,0.13,11.57
2020-08-04,65,13.0,,0.13,8.450000000000001
2020-08-05,78,13.0,,0.13,10.14
2020-08-06,75,13.0,,0.13,9.75
2020-08-07,67,13.0,,0.13,8.71
2020-08-08,65,13.0,,0.13,8.450000000000001
2020-08-09,52,11.0,False,0.11,5.72
2020-08-10,88,11.0,,0.11,9.68
2020-08-11,79,11.0,,0.11,8.69
2020-08-12,61,11.0,,0.11,6.71
2020-08-13,56,11.0,,0.11,6.16
2020-08-14,75,11.0,,0.11,8.25
2020-08-15,48,11.0,,0.11,5.28
2020-08-16,65,11.0,False,0.11,7.15
2020-08-17,76,11.0,,0.11,8.36
2020-08-18,100,11.0,,0.11,11.0
2020-08-19,75,11.0,,0.11,8.25
2020-08-20,76,11.0,,0.11,8.36
2020-08-21,67,11.0,,0.11,7.37
2020-08-22,53,11.0,,0.11,5.83
2020-08-23,36,8.0,False,0.08,2.88
2020-08-24,58,8.0,,0.08,4.64
2020-08-25,45,8.0,,0.08,3.6
2020-08-26,31,8.0,,0.08,2.48
2020-08-27,35,8.0,,0.08,2.8000000000000003
2020-08-28,55,8.0,,0.08,4.4
2020-08-29,48,8.0,,0.08,3.84
2020-08-30,42,11.0,False,0.11,4.62
2020-08-31,52,11.0,,0.11,5.72
2020-09-01,81,11.0,,0.11,8.91
2020-09-02,55,11.0,,0.11,6.05
2020-09-03,51,11.0,,0.11,5.61
2020-09-04,88,11.0,,0.11,9.68
2020-09-05,74,11.0,,0.11,8.14
2020-09-06,55,8.0,False,0.08,4.4
2020-09-07,80,8.0,,0.08,6.4
2020-09-08,100,8.0,,0.08,8.0
2020-09-09,67,8.0,,0.08,5.36
2020-09-10,46,8.0,,0.08,3.68
2020-09-11,57,8.0,,0.08,4.5600000000000005
2020-09-12,46,8.0,,0.08,3.68
2020-09-13,43,7.0,False,0.07,3.0100000000000002
2020-09-14,48,7.0,,0.07,3.3600000000000003
2020-09-15,65,7.0,,0.07,4.550000000000001
2020-09-16,62,7.0,,0.07,4.340000000000001
2020-09-17,46,7.0,,0.07,3.22
2020-09-18,50,7.0,,0.07,3.5000000000000004
2020-09-19,51,7.0,,0.07,3.5700000000000003
2020-09-20,36,7.0,False,0.07,2.5200000000000005
2020-09-21,73,7.0,,0.07,5.11
2020-09-22,43,7.0,,0.07,3.0100000000000002
2020-09-23,57,7.0,,0.07,3.99
2020-09-24,41,7.0,,0.07,2.87
2020-09-25,56,7.0,,0.07,3.9200000000000004
2020-09-26,37,7.0,,0.07,2.5900000000000003
2020-09-27,61,6.0,False,0.06,3.6599999999999997
2020-09-28,45,6.0,,0.06,2.6999999999999997
2020-09-29,19,6.0,,0.06,1.14
2020-09-30,40,6.0,,0.06,2.4
2020-10-01,20,6.0,,0.06,1.2
2020-10-02,40,6.0,,0.06,2.4
2020-10-03,18,6.0,,0.06,1.08
2020-10-04,23,7.0,False,0.07,1.61
2020-10-05,31,7.0,,0.07,2.1700000000000004
2020-10-06,24,7.0,,0.07,1.6800000000000002
2020-10-07,25,7.0,,0.07,1.7500000000000002
2020-10-08,17,7.0,,0.07,1.1900000000000002
2020-10-09,47,7.0,,0.07,3.2900000000000005
2020-10-10,33,7.0,,0.07,2.31
2020-10-11,41,7.0,False,0.07,2.87
2020-10-12,39,7.0,,0.07,2.7300000000000004
2020-10-13,37,7.0,,0.07,2.5900000000000003
2020-10-14,30,7.0,,0.07,2.1
2020-10-15,41,7.0,,0.07,2.87
2020-10-16,36,7.0,,0.07,2.5200000000000005
2020-10-17,17,7.0,,0.07,1.1900000000000002
2020-10-18,26,11.0,False,0.11,2.86
2020-10-19,37,11.0,,0.11,4.07
2020-10-20,43,11.0,,0.11,4.73
2020-10-21,72,11.0,,0.11,7.92
2020-10-22,84,11.0,,0.11,9.24
2020-10-23,67,11.0,,0.11,7.37
2020-10-24,47,11.0,,0.11,5.17
2020-10-25,63,13.0,False,0.13,8.19
2020-10-26,35,13.0,,0.13,4.55
2020-10-27,100,13.0,,0.13,13.0
2020-10-28,68,13.0,,0.13,8.84
2020-10-29,63,13.0,,0.13,8.19
2020-10-30,46,13.0,,0.13,5.98
2020-10-31,48,13.0,,0.13,6.24
2020-11-01,50,16.0,False,0.16,8.0
2020-11-02,38,16.0,,0.16,6.08
2020-11-03,36,16.0,,0.16,5.76
2020-11-04,45,16.0,,0.16,7.2
2020-11-05,64,16.0,,0.16,10.24
2020-11-06,80,16.0,,0.16,12.8
2020-11-07,56,16.0,,0.16,8.96
2020-11-08,58,18.0,False,0.18,10.44
2020-11-09,57,18.0,,0.18,10.26
2020-11-10,39,18.0,,0.18,7.02
2020-11-11,44,18.0,,0.18,7.92
2020-11-12,50,18.0,,0.18,9.0
2020-11-13,59,18.0,,0.18,10.62
2020-11-14,56,18.0,,0.18,10.08
2020-11-15,45,22.0,False,0.22,9.9
2020-11-16,50,22.0,,0.22,11.0
2020-11-17,91,22.0,,0.22,20.02
2020-11-18,97,22.0,,0.22,21.34
2020-11-19,76,22.0,,0.22,16.72
2020-11-20,70,22.0,,0.22,15.4
2020-11-21,80,22.0,,0.22,17.6
2020-11-22,66,23.0,False,0.23,15.180000000000001
2020-11-23,79,23.0,,0.23,18.17
2020-11-24,97,23.0,,0.23,22.310000000000002
2020-11-25,66,23.0,,0.23,15.180000000000001
2020-11-26,89,23.0,,0.23,20.470000000000002
2020-11-27,90,23.0,,0.23,20.7
2020-11-28,65,23.0,,0.23,14.950000000000001
2020-11-29,78,22.0,False,0.22,17.16
2020-11-30,100,22.0,,0.22,22.0
2020-12-01,64,22.0,,0.22,14.08
2020-12-02,36,22.0,,0.22,7.92
2020-12-03,42,22.0,,0.22,9.24
2020-12-04,38,22.0,,0.22,8.36
2020-12-05,36,22.0,,0.22,7.92
2020-12-06,39,18.0,False,0.18,7.02
2020-12-07,37,18.0,,0.18,6.66
2020-12-08,42,18.0,,0.18,7.56
2020-12-09,39,18.0,,0.18,7.02
2020-12-10,26,18.0,,0.18,4.68
2020-12-11,38,18.0,,0.18,6.84
2020-12-12,32,18.0,,0.18,5.76
2020-12-13,31,29.0,False,0.29,8.99
2020-12-14,25,29.0,,0.29,7.249999999999999
2020-12-15,31,29.0,,0.29,8.99
2020-12-16,60,29.0,,0.29,17.4
2020-12-17,98,29.0,,0.29,28.419999999999998
2020-12-18,70,29.0,,0.29,20.299999999999997
2020-12-19,56,29.0,,0.29,16.24
2020-12-20,54,29.0,False,0.29,15.659999999999998
2020-12-21,71,29.0,,0.29,20.59
2020-12-22,44,29.0,,0.29,12.76
2020-12-23,44,29.0,,0.29,12.76
2020-12-24,43,29.0,,0.29,12.469999999999999
2020-12-25,49,29.0,,0.29,14.209999999999999
2020-12-26,65,29.0,,0.29,18.849999999999998
2020-12-27,100,44.0,False,0.44,44.0
2020-12-28,81,44.0,,0.44,35.64
2020-12-29,62,44.0,,0.44,27.28
2020-12-30,69,44.0,,0.44,30.36
2020-12-31,72,44.0,,0.44,31.68
2021-01-01,43,44.0,,0.44,18.92
2021-01-02,66,44.0,,0.44,29.04
2021-01-03,65,66.0,False,0.66,42.9
2021-01-04,57,66.0,,0.66,37.620000000000005
2021-01-05,50,66.0,,0.66,33.0
2021-01-06,53,66.0,,0.66,34.980000000000004
2021-01-07,82,66.0,,0.66,54.120000000000005
2021-01-08,85,66.0,,0.66,56.1
2021-01-09,69,66.0,,0.66,45.54
2021-01-10,51,68.0,False,0.68,34.68
2021-01-11,100,68.0,,0.68,68.0
2021-01-12,79,68.0,,0.68,53.720000000000006
2021-01-13,60,68.0,,0.68,40.800000000000004
2021-01-14,70,68.0,,0.68,47.6
2021-01-15,57,68.0,,0.68,38.760000000000005
2021-01-16,45,68.0,,0.68,30.6
2021-01-17,39,45.0,False,0.45,17.55
2021-01-18,35,45.0,,0.45,15.75
2021-01-19,40,45.0,,0.45,18.0
2021-01-20,40,45.0,,0.45,18.0
2021-01-21,45,45.0,,0.45,20.25
2021-01-22,52,45.0,,0.45,23.400000000000002
2021-01-23,40,45.0,,0.45,18.0
2021-01-24,35,40.0,False,0.4,14.0
2021-01-25,35,40.0,,0.4,14.0
2021-01-26,31,40.0,,0.4,12.4
2021-01-27,33,40.0,,0.4,13.200000000000001
2021-01-28,44,40.0,,0.4,17.6
2021-01-29,51,40.0,,0.4,20.400000000000002
2021-01-30,37,40.0,,0.4,14.8
2021-01-31,31,36.0,False,0.36,11.16
2021-02-01,38,36.0,,0.36,13.68
2021-02-02,30,36.0,,0.36,10.799999999999999
2021-02-03,33,36.0,,0.36,11.879999999999999
2021-02-04,36,36.0,,0.36,12.959999999999999
2021-02-05,27,36.0,,0.36,9.719999999999999
2021-02-06,34,36.0,,0.36,12.24
2021-02-07,39,54.0,False,0.54,21.060000000000002
2021-02-08,53,54.0,,0.54,28.62
2021-02-09,75,54.0,,0.54,40.5
2021-02-10,55,54.0,,0.54,29.700000000000003
2021-02-11,55,54.0,,0.54,29.700000000000003
2021-02-12,49,54.0,,0.54,26.46
2021-02-13,42,54.0,,0.54,22.68
2021-02-14,50,61.0,False,0.61,30.5
2021-02-15,44,61.0,,0.61,26.84
2021-02-16,64,61.0,,0.61,39.04
2021-02-17,72,61.0,,0.61,43.92
2021-02-18,59,61.0,,0.61,35.99
2021-02-19,57,61.0,,0.61,34.769999999999996
2021-02-20,67,61.0,,0.61,40.87
2021-02-21,61,73.0,False,0.73,44.53
2021-02-22,75,73.0,,0.73,54.75
2021-02-23,100,73.0,,0.73,73.0
2021-02-24,73,73.0,,0.73,53.29
2021-02-25,58,73.0,,0.73,42.339999999999996
2021-02-26,66,73.0,,0.73,48.18
2021-02-27,52,73.0,,0.73,37.96
2021-02-28,53,51.0,False,0.51,27.03
2021-03-01,100,51.0,,0.51,51.0
2021-03-02,97,51.0,,0.51,49.47
2021-03-03,89,51.0,,0.51,45.39
2021-03-04,78,51.0,,0.51,39.78
2021-03-05,80,51.0,,0.51,40.8
2021-03-06,66,51.0,,0.51,33.660000000000004
2021-03-07,68,47.0,False,0.47,31.959999999999997
2021-03-08,72,47.0,,0.47,33.839999999999996
2021-03-09,87,47.0,,0.47,40.89
2021-03-10,92,47.0,,0.47,43.239999999999995
2021-03-11,82,47.0,,0.47,38.54
2021-03-12,80,47.0,,0.47,37.599999999999994
2021-03-13,91,47.0,,0.47,42.769999999999996
2021-03-14,97,49.0,False,0.49,47.53
2021-03-15,96,49.0,,0.49,47.04
2021-03-16,81,49.0,,0.49,39.69
2021-03-17,80,49.0,,0.49,39.2
2021-03-18,80,49.0,,0.49,39.2
2021-03-19,62,49.0,,0.49,30.38
2021-03-20,63,49.0,,0.49,30.87
2021-03-21,75,42.0,False,0.42,31.5
2021-03-22,62,42.0,,0.42,26.04
2021-03-23,61,42.0,,0.42,25.619999999999997
2021-03-24,82,42.0,,0.42,34.44
2021-03-25,87,42.0,,0.42,36.54
2021-03-26,73,42.0,,0.42,30.66
2021-03-27,59,42.0,,0.42,24.779999999999998
2021-03-28,65,42.0,False,0.42,27.3
2021-03-29,64,42.0,,0.42,26.88
2021-03-30,64,42.0,,0.42,26.88
2021-03-31,73,42.0,,0.42,30.66
2021-04-01,46,42.0,,0.42,19.32
2021-04-02,42,42.0,,0.42,17.64
2021-04-03,42,42.0,,0.42,17.64
2021-04-04,43,33.0,False,0.33,14.190000000000001
2021-04-05,40,33.0,,0.33,13.200000000000001
2021-04-06,38,33.0,,0.33,12.540000000000001
2021-04-07,41,33.0,,0.33,13.530000000000001
2021-04-08,41,33.0,,0.33,13.530000000000001
2021-04-09,39,33.0,,0.33,12.870000000000001
2021-04-10,47,33.0,,0.33,15.510000000000002
2021-04-11,45,42.0,False,0.42,18.9
2021-04-12,43,42.0,,0.42,18.06
2021-04-13,59,42.0,,0.42,24.779999999999998
2021-04-14,63,42.0,,0.42,26.459999999999997
2021-04-15,43,42.0,,0.42,18.06
2021-04-16,58,42.0,,0.42,24.36
2021-04-17,38,42.0,,0.42,15.959999999999999
2021-04-18,79,59.0,False,0.59,46.61
2021-04-19,70,59.0,,0.59,41.3
2021-04-20,62,59.0,,0.59,36.58
2021-04-21,56,59.0,,0.59,33.04
2021-04-22,52,59.0,,0.59,30.68
2021-04-23,100,59.0,,0.59,59.0
2021-04-24,64,59.0,,0.59,37.76
2021-04-25,59,46.0,False,0.46,27.14
2021-04-26,70,46.0,,0.46,32.2
2021-04-27,72,46.0,,0.46,33.120000000000005
2021-04-28,54,46.0,,0.46,24.84
2021-04-29,47,46.0,,0.46,21.62
2021-04-30,49,46.0,,0.46,22.540000000000003
2021-05-01,24,46.0,,0.46,11.040000000000001
2021-05-02,19,36.0,False,0.36,6.84
2021-05-03,23,36.0,,0.36,8.28
2021-05-04,21,36.0,,0.36,7.56
2021-05-05,24,36.0,,0.36,8.64
2021-05-06,23,36.0,,0.36,8.28
2021-05-07,19,36.0,,0.36,6.84
2021-05-08,19,36.0,,0.36,6.84
2021-05-09,22,46.0,False,0.46,10.120000000000001
2021-05-10,22,46.0,,0.46,10.120000000000001
2021-05-11,23,46.0,,0.46,10.58
2021-05-12,21,46.0,,0.46,9.66
2021-05-13,55,46.0,,0.46,25.3
2021-05-14,37,46.0,,0.46,17.02
2021-05-15,30,46.0,,0.46,13.8
2021-05-16,32,100.0,False,1.0,32.0
2021-05-17,48,100.0,,1.0,48.0
2021-05-18,38,100.0,,1.0,38.0
2021-05-19,100,100.0,,1.0,100.0
2021-05-20,86,100.0,,1.0,86.0
2021-05-21,56,100.0,,1.0,56.0
2021-05-22,55,100.0,,1.0,55.0
2021-05-23,56,73.0,False,0.73,40.879999999999995
2021-05-24,58,73.0,,0.73,42.339999999999996
2021-05-25,42,73.0,,0.73,30.66
2021-05-26,42,73.0,,0.73,30.66
2021-05-27,33,73.0,,0.73,24.09
2021-05-28,39,73.0,,0.73,28.47
2021-05-29,37,73.0,,0.73,27.009999999999998
2021-05-30,37,55.0,False,0.55,20.35
2021-05-31,38,55.0,,0.55,20.900000000000002
2021-06-01,70,55.0,,0.55,38.5
2021-06-02,64,55.0,,0.55,35.2
2021-06-03,74,55.0,,0.55,40.7
2021-06-04,80,55.0,,0.55,44.0
2021-06-05,61,55.0,,0.55,33.550000000000004
2021-06-06,63,52.0,False,0.52,32.76
2021-06-07,59,52.0,,0.52,30.68
2021-06-08,83,52.0,,0.52,43.160000000000004
2021-06-09,63,52.0,,0.52,32.76
2021-06-10,75,52.0,,0.52,39.0
2021-06-11,53,52.0,,0.52,27.560000000000002
2021-06-12,46,52.0,,0.52,23.92
2021-06-13,46,38.0,False,0.38,17.48
2021-06-14,55,38.0,,0.38,20.9
2021-06-15,51,38.0,,0.38,19.38
2021-06-16,48,38.0,,0.38,18.240000000000002
2021-06-17,49,38.0,,0.38,18.62
2021-06-18,45,38.0,,0.38,17.1
2021-06-19,35,38.0,,0.38,13.3
2021-06-20,50,54.0,False,0.54,27.0
2021-06-21,73,54.0,,0.54,39.42
2021-06-22,100,54.0,,0.54,54.0
2021-06-23,75,54.0,,0.54,40.5
2021-06-24,56,54.0,,0.54,30.240000000000002
2021-06-25,55,54.0,,0.54,29.700000000000003
2021-06-26,57,54.0,,0.54,30.78
2021-06-27,59,37.0,False,0.37,21.83
2021-06-28,59,37.0,,0.37,21.83
2021-06-29,60,37.0,,0.37,22.2
2021-06-30,46,37.0,,0.37,17.02
2021-07-01,66,37.0,,0.37,24.419999999999998
2021-07-02,71,37.0,,0.37,26.27
2021-07-03,52,37.0,,0.37,19.24
2021-07-04,57,28.0,False,0.28,15.96
2021-07-05,69,28.0,,0.28,19.32
2021-07-06,61,28.0,,0.28,17.080000000000002
2021-07-07,61,28.0,,0.28,17.080000000000002
2021-07-08,49,28.0,,0.28,13.72
2021-07-09,60,28.0,,0.28,16.8
2021-07-10,43,28.0,,0.28,12.040000000000001
2021-07-11,46,26.0,False,0.26,11.96
2021-07-12,53,26.0,,0.26,13.780000000000001
2021-07-13,58,26.0,,0.26,15.08
2021-07-14,55,26.0,,0.26,14.3
2021-07-15,58,26.0,,0.26,15.08
2021-07-16,55,26.0,,0.26,14.3
2021-07-17,59,26.0,,0.26,15.34
2021-07-18,47,33.0,False,0.33,15.510000000000002
2021-07-19,59,33.0,,0.33,19.470000000000002
2021-07-20,91,33.0,,0.33,30.03
2021-07-21,85,33.0,,0.33,28.05
2021-07-22,85,33.0,,0.33,28.05
2021-07-23,56,33.0,,0.33,18.48
2021-07-24,56,33.0,,0.33,18.48
2021-07-25,50,41.0,False,0.41,20.5
2021-07-26,100,41.0,,0.41,41.0
2021-07-27,89,41.0,,0.41,36.489999999999995
2021-07-28,92,41.0,,0.41,37.72
2021-07-29,77,41.0,,0.41,31.569999999999997
2021-07-30,65,41.0,,0.41,26.65
2021-07-31,58,41.0,,0.41,23.779999999999998
2021-08-01,60,33.0,False,0.33,19.8
2021-08-02,63,33.0,,0.33,20.790000000000003
2021-08-03,76,33.0,,0.33,25.080000000000002
2021-08-04,75,33.0,,0.33,24.75
2021-08-05,59,33.0,,0.33,19.470000000000002
2021-08-06,97,33.0,,0.33,32.01
2021-08-07,82,33.0,,0.33,27.060000000000002
2021-08-08,79,37.0,False,0.37,29.23
2021-08-09,88,37.0,,0.37,32.56
2021-08-10,80,37.0,,0.37,29.6
2021-08-11,81,37.0,,0.37,29.97
2021-08-12,72,37.0,,0.37,26.64
2021-08-13,74,37.0,,0.37,27.38
2021-08-14,80,37.0,,0.37,29.6
2021-08-15,69,32.0,False,0.32,22.080000000000002
2021-08-16,79,32.0,,0.32,25.28
2021-08-17,75,32.0,,0.32,24.0
2021-08-18,65,32.0,,0.32,20.8
2021-08-19,63,32.0,,0.32,20.16
2021-08-20,73,32.0,,0.32,23.36
2021-08-21,74,32.0,,0.32,23.68
2021-08-22,70,37.0,False,0.37,25.9
2021-08-23,100,37.0,,0.37,37.0
2021-08-24,91,37.0,,0.37,33.67
2021-08-25,77,37.0,,0.37,28.49
2021-08-26,65,37.0,,0.37,24.05
2021-08-27,81,37.0,,0.37,29.97
2021-08-28,53,37.0,,0.37,19.61
2021-08-29,60,28.0,False,0.28,16.8
2021-08-30,68,28.0,,0.28,19.040000000000003
2021-08-31,66,28.0,,0.28,18.48
2021-09-01,56,28.0,,0.28,15.680000000000001
2021-09-02,66,28.0,,0.28,18.48
2021-09-03,64,28.0,,0.28,17.92
2021-09-04,46,28.0,,0.28,12.88
2021-09-05,60,43.0,False,0.43,25.8
2021-09-06,74,43.0,,0.43,31.82
2021-09-07,96,43.0,,0.43,41.28
2021-09-08,100,43.0,,0.43,43.0
2021-09-09,77,43.0,,0.43,33.11
2021-09-10,79,43.0,,0.43,33.97
2021-09-11,53,43.0,,0.43,22.79
2021-09-12,52,30.0,False,0.3,15.6
2021-09-13,65,30.0,,0.3,19.5
2021-09-14,64,30.0,,0.3,19.2
2021-09-15,63,30.0,,0.3,18.9
2021-09-16,56,30.0,,0.3,16.8
2021-09-17,42,30.0,,0.3,12.6
2021-09-18,40,30.0,,0.3,12.0
2021-09-19,52,36.0,False,0.36,18.72
2021-09-20,73,36.0,,0.36,26.279999999999998
2021-09-21,89,36.0,,0.36,32.04
2021-09-22,63,36.0,,0.36,22.68
2021-09-23,62,36.0,,0.36,22.32
2021-09-24,88,36.0,,0.36,31.68
2021-09-25,64,36.0,,0.36,23.04
2021-09-26,59,29.0,False,0.29,17.11
2021-09-27,62,29.0,,0.29,17.98
2021-09-28,55,29.0,,0.29,15.95
2021-09-29,53,29.0,,0.29,15.37
2021-09-30,50,29.0,,0.29,14.499999999999998
2021-10-01,70,29.0,,0.29,20.299999999999997
2021-10-02,51,29.0,,0.29,14.79
2021-10-03,51,33.0,False,0.33,16.830000000000002
2021-10-04,61,33.0,,0.33,20.130000000000003
2021-10-05,54,33.0,,0.33,17.82
2021-10-06,72,33.0,,0.33,23.76
2021-10-07,67,33.0,,0.33,22.11
2021-10-08,43,33.0,,0.33,14.190000000000001
2021-10-09,45,33.0,,0.33,14.850000000000001
2021-10-10,49,33.0,False,0.33,16.17
2021-10-11,58,33.0,,0.33,19.14
2021-10-12,54,33.0,,0.33,17.82
2021-10-13,51,33.0,,0.33,16.830000000000002
2021-10-14,57,33.0,,0.33,18.810000000000002
2021-10-15,72,33.0,,0.33,23.76
2021-10-16,75,33.0,,0.33,24.75
2021-10-17,55,42.0,False,0.42,23.099999999999998
2021-10-18,66,42.0,,0.42,27.72
2021-10-19,65,42.0,,0.42,27.3
2021-10-20,100,42.0,,0.42,42.0
2021-10-21,82,42.0,,0.42,34.44
2021-10-22,74,42.0,,0.42,31.08
2021-10-23,62,42.0,,0.42,26.04
2021-10-24,54,33.0,False,0.33,17.82
2021-10-25,62,33.0,,0.33,20.46
2021-10-26,53,33.0,,0.33,17.490000000000002
2021-10-27,61,33.0,,0.33,20.130000000000003
2021-10-28,56,33.0,,0.33,18.48
2021-10-29,52,33.0,,0.33,17.16
2021-10-30,41,33.0,,0.33,13.530000000000001
2021-10-31,48,27.0,False,0.27,12.96
2021-11-01,68,27.0,,0.27,18.36
2021-11-02,67,27.0,,0.27,18.09
2021-11-03,77,27.0,,0.27,20.790000000000003
2021-11-04,66,27.0,,0.27,17.82
2021-11-05,76,27.0,,0.27,20.520000000000003
2021-11-06,50,27.0,,0.27,13.5
2021-11-07,48,33.0,False,0.33,15.84
2021-11-08,100,33.0,,0.33,33.0
2021-11-09,100,33.0,,0.33,33.0
2021-11-10,85,33.0,,0.33,28.05
2021-11-11,72,33.0,,0.33,23.76
2021-11-12,72,33.0,,0.33,23.76
2021-11-13,64,33.0,,0.33,21.12
2021-11-14,61,35.0,False,0.35,21.349999999999998
2021-11-15,73,35.0,,0.35,25.549999999999997
2021-11-16,90,35.0,,0.35,31.499999999999996
2021-11-17,77,35.0,,0.35,26.95
2021-11-18,91,35.0,,0.35,31.849999999999998
2021-11-19,92,35.0,,0.35,32.199999999999996
2021-11-20,78,35.0,,0.35,27.299999999999997
2021-11-21,60,32.0,False,0.32,19.2
2021-11-22,92,32.0,,0.32,29.44
2021-11-23,92,32.0,,0.32,29.44
2021-11-24,92,32.0,,0.32,29.44
2021-11-25,70,32.0,,0.32,22.400000000000002
2021-11-26,85,32.0,,0.32,27.2
2021-11-27,76,32.0,,0.32,24.32
2021-11-28,72,32.0,True,0.32,23.04
2021-11-29,81,32.0,,0.32,25.92
2021-11-30,77,32.0,,0.32,24.64
2021-12-01,100,32.0,,0.32,32.0
2021-12-02,88,32.0,,0.32,28.16
