date,bitcoin news_unscaled,bitcoin news_monthly,isPartial,scale,bitcoin news
2017-08-01,100,,,,
2017-08-02,47,,,,
2017-08-03,33,,,,
2017-08-04,29,,,,
2017-08-05,44,,,,
2017-08-06,46,12.0,False,0.12,5.52
2017-08-07,63,12.0,,0.12,7.56
2017-08-08,36,12.0,,0.12,4.32
2017-08-09,21,12.0,,0.12,2.52
2017-08-10,36,12.0,,0.12,4.32
2017-08-11,17,12.0,,0.12,2.04
2017-08-12,38,12.0,,0.12,4.56
2017-08-13,51,16.0,False,0.16,8.16
2017-08-14,38,16.0,,0.16,6.08
2017-08-15,96,16.0,,0.16,15.36
2017-08-16,35,16.0,,0.16,5.6000000000000005
2017-08-17,33,16.0,,0.16,5.28
2017-08-18,46,16.0,,0.16,7.36
2017-08-19,21,16.0,,0.16,3.36
2017-08-20,16,10.0,False,0.1,1.6
2017-08-21,41,10.0,,0.1,4.1000000000000005
2017-08-22,39,10.0,,0.1,3.9000000000000004
2017-08-23,44,10.0,,0.1,4.4
2017-08-24,21,10.0,,0.1,2.1
2017-08-25,44,10.0,,0.1,4.4
2017-08-26,24,10.0,,0.1,2.4000000000000004
2017-08-27,21,14.0,False,0.14,2.9400000000000004
2017-08-28,28,14.0,,0.14,3.9200000000000004
2017-08-29,60,14.0,,0.14,8.4
2017-08-30,51,14.0,,0.14,7.140000000000001
2017-08-31,35,14.0,,0.14,4.9
2017-09-01,43,14.0,,0.14,6.0200000000000005
2017-09-02,43,14.0,,0.14,6.0200000000000005
2017-09-03,8,16.0,False,0.16,1.28
2017-09-04,34,16.0,,0.16,5.44
2017-09-05,37,16.0,,0.16,5.92
2017-09-06,36,16.0,,0.16,5.76
2017-09-07,15,16.0,,0.16,2.4
2017-09-08,53,16.0,,0.16,8.48
2017-09-09,42,16.0,,0.16,6.72
2017-09-10,41,31.0,False,0.31,12.709999999999999
2017-09-11,47,31.0,,0.31,14.57
2017-09-12,27,31.0,,0.31,8.37
2017-09-13,71,31.0,,0.31,22.01
2017-09-14,68,31.0,,0.31,21.08
2017-09-15,100,31.0,,0.31,31.0
2017-09-16,72,31.0,,0.31,22.32
2017-09-17,50,17.0,False,0.17,8.5
2017-09-18,31,17.0,,0.17,5.2700000000000005
2017-09-19,47,17.0,,0.17,7.99
2017-09-20,38,17.0,,0.17,6.460000000000001
2017-09-21,37,17.0,,0.17,6.29
2017-09-22,44,17.0,,0.17,7.48
2017-09-23,21,17.0,,0.17,3.5700000000000003
2017-09-24,35,14.0,False,0.14,4.9
2017-09-25,36,14.0,,0.14,5.040000000000001
2017-09-26,40,14.0,,0.14,5.6000000000000005
2017-09-27,27,14.0,,0.14,3.7800000000000002
2017-09-28,30,14.0,,0.14,4.2
2017-09-29,50,14.0,,0.14,7.000000000000001
2017-09-30,49,14.0,,0.14,6.86
2017-10-01,47,13.0,False,0.13,6.11
2017-10-02,75,13.0,,0.13,9.75
2017-10-03,55,13.0,,0.13,7.15
2017-10-04,41,13.0,,0.13,5.33
2017-10-05,45,13.0,,0.13,5.8500000000000005
2017-10-06,53,13.0,,0.13,6.890000000000001
2017-10-07,47,13.0,,0.13,6.11
2017-10-08,47,17.0,False,0.17,7.99
2017-10-09,68,17.0,,0.17,11.56
2017-10-10,63,17.0,,0.17,10.71
2017-10-11,54,17.0,,0.17,9.180000000000001
2017-10-12,87,17.0,,0.17,14.790000000000001
2017-10-13,96,17.0,,0.17,16.32
2017-10-14,51,17.0,,0.17,8.67
2017-10-15,69,20.0,False,0.2,13.8
2017-10-16,84,20.0,,0.2,16.8
2017-10-17,67,20.0,,0.2,13.4
2017-10-18,96,20.0,,0.2,19.200000000000003
2017-10-19,66,20.0,,0.2,13.200000000000001
2017-10-20,100,20.0,,0.2,20.0
2017-10-21,78,20.0,,0.2,15.600000000000001
2017-10-22,64,20.0,False,0.2,12.8
2017-10-23,83,20.0,,0.2,16.6
2017-10-24,84,20.0,,0.2,16.8
2017-10-25,90,20.0,,0.2,18.0
2017-10-26,78,20.0,,0.2,15.600000000000001
2017-10-27,67,20.0,,0.2,13.4
2017-10-28,70,20.0,,0.2,14.0
2017-10-29,61,24.0,False,0.24,14.639999999999999
2017-10-30,54,24.0,,0.24,12.959999999999999
2017-10-31,89,24.0,,0.24,21.36
2017-11-01,30,24.0,,0.24,7.199999999999999
2017-11-02,52,24.0,,0.24,12.48
2017-11-03,32,24.0,,0.24,7.68
2017-11-04,20,24.0,,0.24,4.8
2017-11-05,29,32.0,False,0.32,9.28
2017-11-06,25,32.0,,0.32,8.0
2017-11-07,25,32.0,,0.32,8.0
2017-11-08,29,32.0,,0.32,9.28
2017-11-09,37,32.0,,0.32,11.84
2017-11-10,49,32.0,,0.32,15.68
2017-11-11,33,32.0,,0.32,10.56
2017-11-12,47,30.0,False,0.3,14.1
2017-11-13,38,30.0,,0.3,11.4
2017-11-14,29,30.0,,0.3,8.7
2017-11-15,25,30.0,,0.3,7.5
2017-11-16,31,30.0,,0.3,9.299999999999999
2017-11-17,37,30.0,,0.3,11.1
2017-11-18,28,30.0,,0.3,8.4
2017-11-19,20,24.0,False,0.24,4.8
2017-11-20,32,24.0,,0.24,7.68
2017-11-21,33,24.0,,0.24,7.92
2017-11-22,23,24.0,,0.24,5.52
2017-11-23,22,24.0,,0.24,5.279999999999999
2017-11-24,27,24.0,,0.24,6.4799999999999995
2017-11-25,24,24.0,,0.24,5.76
2017-11-26,34,49.0,False,0.49,16.66
2017-11-27,36,49.0,,0.49,17.64
2017-11-28,64,49.0,,0.49,31.36
2017-11-29,100,49.0,,0.49,49.0
2017-11-30,95,49.0,,0.49,46.55
2017-12-01,24,49.0,,0.49,11.76
2017-12-02,19,49.0,,0.49,9.31
2017-12-03,14,77.0,False,0.77,10.780000000000001
2017-12-04,21,77.0,,0.77,16.17
2017-12-05,17,77.0,,0.77,13.09
2017-12-06,36,77.0,,0.77,27.72
2017-12-07,63,77.0,,0.77,48.51
2017-12-08,48,77.0,,0.77,36.96
2017-12-09,38,77.0,,0.77,29.26
2017-12-10,35,74.0,False,0.74,25.9
2017-12-11,39,74.0,,0.74,28.86
2017-12-12,35,74.0,,0.74,25.9
2017-12-13,38,74.0,,0.74,28.12
2017-12-14,34,74.0,,0.74,25.16
2017-12-15,26,74.0,,0.74,19.24
2017-12-16,29,74.0,,0.74,21.46
2017-12-17,25,100.0,False,1.0,25.0
2017-12-18,32,100.0,,1.0,32.0
2017-12-19,37,100.0,,1.0,37.0
2017-12-20,57,100.0,,1.0,57.0
2017-12-21,52,100.0,,1.0,52.0
2017-12-22,100,100.0,,1.0,100.0
2017-12-23,40,100.0,,1.0,40.0
2017-12-24,34,55.0,False,0.55,18.700000000000003
2017-12-25,22,55.0,,0.55,12.100000000000001
2017-12-26,28,55.0,,0.55,15.400000000000002
2017-12-27,25,55.0,,0.55,13.750000000000002
2017-12-28,31,55.0,,0.55,17.05
2017-12-29,29,55.0,,0.55,15.950000000000001
2017-12-30,37,55.0,,0.55,20.35
2017-12-31,21,45.0,False,0.45,9.450000000000001
2018-01-01,34,45.0,,0.45,15.3
2018-01-02,40,45.0,,0.45,18.0
2018-01-03,35,45.0,,0.45,15.75
2018-01-04,36,45.0,,0.45,16.2
2018-01-05,24,45.0,,0.45,10.8
2018-01-06,24,45.0,,0.45,10.8
2018-01-07,27,52.0,False,0.52,14.040000000000001
2018-01-08,31,52.0,,0.52,16.12
2018-01-09,26,52.0,,0.52,13.52
2018-01-10,43,52.0,,0.52,22.36
2018-01-11,45,52.0,,0.52,23.400000000000002
2018-01-12,35,52.0,,0.52,18.2
2018-01-13,31,52.0,,0.52,16.12
2018-01-14,30,80.0,False,0.8,24.0
2018-01-15,25,80.0,,0.8,20.0
2018-01-16,81,80.0,,0.8,64.8
2018-01-17,100,80.0,,0.8,80.0
2018-01-18,52,80.0,,0.8,41.6
2018-01-19,34,80.0,,0.8,27.200000000000003
2018-01-20,26,80.0,,0.8,20.8
2018-01-21,35,45.0,False,0.45,15.75
2018-01-22,42,45.0,,0.45,18.900000000000002
2018-01-23,39,45.0,,0.45,17.55
2018-01-24,23,45.0,,0.45,10.35
2018-01-25,24,45.0,,0.45,10.8
2018-01-26,39,45.0,,0.45,17.55
2018-01-27,22,45.0,,0.45,9.9
2018-01-28,20,52.0,False,0.52,10.4
2018-01-29,19,52.0,,0.52,9.88
2018-01-30,32,52.0,,0.52,16.64
2018-01-31,33,52.0,,0.52,17.16
2018-02-01,70,52.0,,0.52,36.4
2018-02-02,89,52.0,,0.52,46.28
2018-02-03,50,52.0,,0.52,26.0
2018-02-04,48,64.0,False,0.64,30.72
2018-02-05,84,64.0,,0.64,53.76
2018-02-06,100,64.0,,0.64,64.0
2018-02-07,60,64.0,,0.64,38.4
2018-02-08,51,64.0,,0.64,32.64
2018-02-09,37,64.0,,0.64,23.68
2018-02-10,31,64.0,,0.64,19.84
2018-02-11,23,32.0,False,0.32,7.36
2018-02-12,25,32.0,,0.32,8.0
2018-02-13,22,32.0,,0.32,7.04
2018-02-14,37,32.0,,0.32,11.84
2018-02-15,35,32.0,,0.32,11.200000000000001
2018-02-16,34,32.0,,0.32,10.88
2018-02-17,28,32.0,,0.32,8.96
2018-02-18,35,33.0,False,0.33,11.55
2018-02-19,21,33.0,,0.33,6.930000000000001
2018-02-20,32,33.0,,0.33,10.56
2018-02-21,48,33.0,,0.33,15.84
2018-02-22,41,33.0,,0.33,13.530000000000001
2018-02-23,16,33.0,,0.33,5.28
2018-02-24,14,33.0,,0.33,4.62
2018-02-25,19,22.0,False,0.22,4.18
2018-02-26,21,22.0,,0.22,4.62
2018-02-27,19,22.0,,0.22,4.18
2018-02-28,25,22.0,,0.22,5.5
2018-03-01,64,22.0,,0.22,14.08
2018-03-02,56,22.0,,0.22,12.32
2018-03-03,43,22.0,,0.22,9.46
2018-03-04,38,23.0,False,0.23,8.74
2018-03-05,47,23.0,,0.23,10.81
2018-03-06,49,23.0,,0.23,11.270000000000001
2018-03-07,74,23.0,,0.23,17.02
2018-03-08,72,23.0,,0.23,16.560000000000002
2018-03-09,95,23.0,,0.23,21.85
2018-03-10,55,23.0,,0.23,12.65
2018-03-11,56,27.0,False,0.27,15.120000000000001
2018-03-12,48,27.0,,0.27,12.96
2018-03-13,59,27.0,,0.27,15.930000000000001
2018-03-14,69,27.0,,0.27,18.630000000000003
2018-03-15,100,27.0,,0.27,27.0
2018-03-16,45,27.0,,0.27,12.15
2018-03-17,64,27.0,,0.27,17.28
2018-03-18,67,24.0,False,0.24,16.08
2018-03-19,72,24.0,,0.24,17.28
2018-03-20,64,24.0,,0.24,15.36
2018-03-21,71,24.0,,0.24,17.04
2018-03-22,60,24.0,,0.24,14.399999999999999
2018-03-23,62,24.0,,0.24,14.879999999999999
2018-03-24,56,24.0,,0.24,13.44
2018-03-25,58,27.0,False,0.27,15.66
2018-03-26,73,27.0,,0.27,19.71
2018-03-27,68,27.0,,0.27,18.36
2018-03-28,51,27.0,,0.27,13.770000000000001
2018-03-29,62,27.0,,0.27,16.740000000000002
2018-03-30,90,27.0,,0.27,24.3
2018-03-31,41,27.0,,0.27,11.07
2018-04-01,70,26.0,False,0.26,18.2
2018-04-02,59,26.0,,0.26,15.34
2018-04-03,53,26.0,,0.26,13.780000000000001
2018-04-04,65,26.0,,0.26,16.900000000000002
2018-04-05,97,26.0,,0.26,25.220000000000002
2018-04-06,100,26.0,,0.26,26.0
2018-04-07,63,26.0,,0.26,16.38
2018-04-08,77,23.0,False,0.23,17.71
2018-04-09,65,23.0,,0.23,14.950000000000001
2018-04-10,83,23.0,,0.23,19.09
2018-04-11,73,23.0,,0.23,16.79
2018-04-12,84,23.0,,0.23,19.32
2018-04-13,92,23.0,,0.23,21.16
2018-04-14,57,23.0,,0.23,13.110000000000001
2018-04-15,50,20.0,False,0.2,10.0
2018-04-16,63,20.0,,0.2,12.600000000000001
2018-04-17,66,20.0,,0.2,13.200000000000001
2018-04-18,59,20.0,,0.2,11.8
2018-04-19,59,20.0,,0.2,11.8
2018-04-20,81,20.0,,0.2,16.2
2018-04-21,40,20.0,,0.2,8.0
2018-04-22,29,18.0,False,0.18,5.22
2018-04-23,45,18.0,,0.18,8.1
2018-04-24,56,18.0,,0.18,10.08
2018-04-25,65,18.0,,0.18,11.7
2018-04-26,53,18.0,,0.18,9.54
2018-04-27,39,18.0,,0.18,7.02
2018-04-28,45,18.0,,0.18,8.1
2018-04-29,61,18.0,False,0.18,10.98
2018-04-30,54,18.0,,0.18,9.719999999999999
2018-05-01,68,18.0,,0.18,12.24
2018-05-02,43,18.0,,0.18,7.739999999999999
2018-05-03,67,18.0,,0.18,12.059999999999999
2018-05-04,73,18.0,,0.18,13.139999999999999
2018-05-05,58,18.0,,0.18,10.44
2018-05-06,50,15.0,False,0.15,7.5
2018-05-07,81,15.0,,0.15,12.15
2018-05-08,67,15.0,,0.15,10.049999999999999
2018-05-09,26,15.0,,0.15,3.9
2018-05-10,56,15.0,,0.15,8.4
2018-05-11,94,15.0,,0.15,14.1
2018-05-12,74,15.0,,0.15,11.1
2018-05-13,51,15.0,False,0.15,7.6499999999999995
2018-05-14,84,15.0,,0.15,12.6
2018-05-15,57,15.0,,0.15,8.549999999999999
2018-05-16,64,15.0,,0.15,9.6
2018-05-17,82,15.0,,0.15,12.299999999999999
2018-05-18,46,15.0,,0.15,6.8999999999999995
2018-05-19,34,15.0,,0.15,5.1
2018-05-20,34,16.0,False,0.16,5.44
2018-05-21,50,16.0,,0.16,8.0
2018-05-22,76,16.0,,0.16,12.16
2018-05-23,100,16.0,,0.16,16.0
2018-05-24,44,16.0,,0.16,7.04
2018-05-25,59,16.0,,0.16,9.44
2018-05-26,44,16.0,,0.16,7.04
2018-05-27,74,15.0,False,0.15,11.1
2018-05-28,86,15.0,,0.15,12.9
2018-05-29,67,15.0,,0.15,10.049999999999999
2018-05-30,64,15.0,,0.15,9.6
2018-05-31,62,15.0,,0.15,9.299999999999999
2018-06-01,26,15.0,,0.15,3.9
2018-06-02,35,15.0,,0.15,5.25
2018-06-03,63,13.0,False,0.13,8.19
2018-06-04,44,13.0,,0.13,5.720000000000001
2018-06-05,41,13.0,,0.13,5.33
2018-06-06,36,13.0,,0.13,4.68
2018-06-07,44,13.0,,0.13,5.720000000000001
2018-06-08,47,13.0,,0.13,6.11
2018-06-09,34,13.0,,0.13,4.42
2018-06-10,66,20.0,False,0.2,13.200000000000001
2018-06-11,100,20.0,,0.2,20.0
2018-06-12,49,20.0,,0.2,9.8
2018-06-13,98,20.0,,0.2,19.6
2018-06-14,88,20.0,,0.2,17.6
2018-06-15,44,20.0,,0.2,8.8
2018-06-16,37,20.0,,0.2,7.4
2018-06-17,58,16.0,False,0.16,9.28
2018-06-18,60,16.0,,0.16,9.6
2018-06-19,50,16.0,,0.16,8.0
2018-06-20,39,16.0,,0.16,6.24
2018-06-21,48,16.0,,0.16,7.68
2018-06-22,68,16.0,,0.16,10.88
2018-06-23,55,16.0,,0.16,8.8
2018-06-24,72,15.0,False,0.15,10.799999999999999
2018-06-25,55,15.0,,0.15,8.25
2018-06-26,55,15.0,,0.15,8.25
2018-06-27,43,15.0,,0.15,6.45
2018-06-28,34,15.0,,0.15,5.1
2018-06-29,44,15.0,,0.15,6.6
2018-06-30,71,15.0,,0.15,10.65
2018-07-01,55,15.0,False,0.15,8.25
2018-07-02,66,15.0,,0.15,9.9
2018-07-03,73,15.0,,0.15,10.95
2018-07-04,73,15.0,,0.15,10.95
2018-07-05,84,15.0,,0.15,12.6
2018-07-06,66,15.0,,0.15,9.9
2018-07-07,71,15.0,,0.15,10.65
2018-07-08,64,13.0,False,0.13,8.32
2018-07-09,70,13.0,,0.13,9.1
2018-07-10,88,13.0,,0.13,11.440000000000001
2018-07-11,64,13.0,,0.13,8.32
2018-07-12,44,13.0,,0.13,5.720000000000001
2018-07-13,64,13.0,,0.13,8.32
2018-07-14,54,13.0,,0.13,7.0200000000000005
2018-07-15,48,19.0,False,0.19,9.120000000000001
2018-07-16,79,19.0,,0.19,15.01
2018-07-17,92,19.0,,0.19,17.48
2018-07-18,86,19.0,,0.19,16.34
2018-07-19,62,19.0,,0.19,11.78
2018-07-20,89,19.0,,0.19,16.91
2018-07-21,58,19.0,,0.19,11.02
2018-07-22,49,16.0,False,0.16,7.84
2018-07-23,86,16.0,,0.16,13.76
2018-07-24,99,16.0,,0.16,15.84
2018-07-25,100,16.0,,0.16,16.0
2018-07-26,58,16.0,,0.16,9.28
2018-07-27,80,16.0,,0.16,12.8
2018-07-28,61,16.0,,0.16,9.76
2018-07-29,57,15.0,False,0.15,8.549999999999999
2018-07-30,77,15.0,,0.15,11.549999999999999
2018-07-31,88,15.0,,0.15,13.2
2018-08-01,55,15.0,,0.15,8.25
2018-08-02,40,15.0,,0.15,6.0
2018-08-03,52,15.0,,0.15,7.8
2018-08-04,61,15.0,,0.15,9.15
2018-08-05,30,18.0,False,0.18,5.3999999999999995
2018-08-06,31,18.0,,0.18,5.58
2018-08-07,66,18.0,,0.18,11.879999999999999
2018-08-08,97,18.0,,0.18,17.46
2018-08-09,42,18.0,,0.18,7.56
2018-08-10,64,18.0,,0.18,11.52
2018-08-11,87,18.0,,0.18,15.66
2018-08-12,41,17.0,False,0.17,6.970000000000001
2018-08-13,68,17.0,,0.17,11.56
2018-08-14,100,17.0,,0.17,17.0
2018-08-15,57,17.0,,0.17,9.690000000000001
2018-08-16,40,17.0,,0.17,6.800000000000001
2018-08-17,54,17.0,,0.17,9.180000000000001
2018-08-18,37,17.0,,0.17,6.29
2018-08-19,37,15.0,False,0.15,5.55
2018-08-20,40,15.0,,0.15,6.0
2018-08-21,54,15.0,,0.15,8.1
2018-08-22,68,15.0,,0.15,10.2
2018-08-23,53,15.0,,0.15,7.949999999999999
2018-08-24,57,15.0,,0.15,8.549999999999999
2018-08-25,46,15.0,,0.15,6.8999999999999995
2018-08-26,33,13.0,False,0.13,4.29
2018-08-27,45,13.0,,0.13,5.8500000000000005
2018-08-28,81,13.0,,0.13,10.530000000000001
2018-08-29,44,13.0,,0.13,5.720000000000001
2018-08-30,36,13.0,,0.13,4.68
2018-08-31,43,13.0,,0.13,5.59
2018-09-01,62,13.0,,0.13,8.06
2018-09-02,53,15.0,False,0.15,7.949999999999999
2018-09-03,63,15.0,,0.15,9.45
2018-09-04,42,15.0,,0.15,6.3
2018-09-05,100,15.0,,0.15,15.0
2018-09-06,86,15.0,,0.15,12.9
2018-09-07,80,15.0,,0.15,12.0
2018-09-08,40,15.0,,0.15,6.0
2018-09-09,42,15.0,False,0.15,6.3
2018-09-10,40,15.0,,0.15,6.0
2018-09-11,80,15.0,,0.15,12.0
2018-09-12,59,15.0,,0.15,8.85
2018-09-13,61,15.0,,0.15,9.15
2018-09-14,56,15.0,,0.15,8.4
2018-09-15,53,15.0,,0.15,7.949999999999999
2018-09-16,45,14.0,False,0.14,6.300000000000001
2018-09-17,56,14.0,,0.14,7.840000000000001
2018-09-18,48,14.0,,0.14,6.720000000000001
2018-09-19,57,14.0,,0.14,7.98
2018-09-20,66,14.0,,0.14,9.24
2018-09-21,79,14.0,,0.14,11.06
2018-09-22,40,14.0,,0.14,5.6000000000000005
2018-09-23,22,11.0,False,0.11,2.42
2018-09-24,46,11.0,,0.11,5.06
2018-09-25,46,11.0,,0.11,5.06
2018-09-26,54,11.0,,0.11,5.94
2018-09-27,26,11.0,,0.11,2.86
2018-09-28,33,11.0,,0.11,3.63
2018-09-29,57,11.0,,0.11,6.2700000000000005
2018-09-30,62,11.0,False,0.11,6.82
2018-10-01,66,11.0,,0.11,7.26
2018-10-02,53,11.0,,0.11,5.83
2018-10-03,61,11.0,,0.11,6.71
2018-10-04,53,11.0,,0.11,5.83
2018-10-05,65,11.0,,0.11,7.15
2018-10-06,30,11.0,,0.11,3.3
2018-10-07,44,11.0,False,0.11,4.84
2018-10-08,75,11.0,,0.11,8.25
2018-10-09,55,11.0,,0.11,6.05
2018-10-10,89,11.0,,0.11,9.790000000000001
2018-10-11,100,11.0,,0.11,11.0
2018-10-12,77,11.0,,0.11,8.47
2018-10-13,88,11.0,,0.11,9.68
2018-10-14,67,9.0,False,0.09,6.029999999999999
2018-10-15,86,9.0,,0.09,7.739999999999999
2018-10-16,53,9.0,,0.09,4.77
2018-10-17,81,9.0,,0.09,7.29
2018-10-18,41,9.0,,0.09,3.69
2018-10-19,43,9.0,,0.09,3.8699999999999997
2018-10-20,46,9.0,,0.09,4.14
2018-10-21,60,9.0,False,0.09,5.3999999999999995
2018-10-22,76,9.0,,0.09,6.84
2018-10-23,84,9.0,,0.09,7.56
2018-10-24,67,9.0,,0.09,6.029999999999999
2018-10-25,27,9.0,,0.09,2.4299999999999997
2018-10-26,37,9.0,,0.09,3.33
2018-10-27,35,9.0,,0.09,3.15
2018-10-28,29,12.0,False,0.12,3.48
2018-10-29,72,12.0,,0.12,8.64
2018-10-30,92,12.0,,0.12,11.04
2018-10-31,68,12.0,,0.12,8.16
2018-11-01,34,12.0,,0.12,4.08
2018-11-02,32,12.0,,0.12,3.84
2018-11-03,29,12.0,,0.12,3.48
2018-11-04,35,11.0,False,0.11,3.85
2018-11-05,33,11.0,,0.11,3.63
2018-11-06,40,11.0,,0.11,4.4
2018-11-07,38,11.0,,0.11,4.18
2018-11-08,27,11.0,,0.11,2.97
2018-11-09,46,11.0,,0.11,5.06
2018-11-10,20,11.0,,0.11,2.2
2018-11-11,30,15.0,False,0.15,4.5
2018-11-12,37,15.0,,0.15,5.55
2018-11-13,39,15.0,,0.15,5.85
2018-11-14,65,15.0,,0.15,9.75
2018-11-15,93,15.0,,0.15,13.95
2018-11-16,47,15.0,,0.15,7.05
2018-11-17,43,15.0,,0.15,6.45
2018-11-18,34,19.0,False,0.19,6.46
2018-11-19,83,19.0,,0.19,15.77
2018-11-20,100,19.0,,0.19,19.0
2018-11-21,62,19.0,,0.19,11.78
2018-11-22,49,19.0,,0.19,9.31
2018-11-23,57,19.0,,0.19,10.83
2018-11-24,44,19.0,,0.19,8.36
2018-11-25,99,20.0,False,0.2,19.8
2018-11-26,85,20.0,,0.2,17.0
2018-11-27,71,20.0,,0.2,14.200000000000001
2018-11-28,62,20.0,,0.2,12.4
2018-11-29,43,20.0,,0.2,8.6
2018-11-30,25,20.0,,0.2,5.0
2018-12-01,41,20.0,,0.2,8.200000000000001
2018-12-02,56,15.0,False,0.15,8.4
2018-12-03,100,15.0,,0.15,15.0
2018-12-04,68,15.0,,0.15,10.2
2018-12-05,71,15.0,,0.15,10.65
2018-12-06,80,15.0,,0.15,12.0
2018-12-07,91,15.0,,0.15,13.65
2018-12-08,80,15.0,,0.15,12.0
2018-12-09,69,14.0,False,0.14,9.66
2018-12-10,76,14.0,,0.14,10.64
2018-12-11,54,14.0,,0.14,7.5600000000000005
2018-12-12,44,14.0,,0.14,6.16
2018-12-13,68,14.0,,0.14,9.520000000000001
2018-12-14,58,14.0,,0.14,8.120000000000001
2018-12-15,68,14.0,,0.14,9.520000000000001
2018-12-16,63,15.0,False,0.15,9.45
2018-12-17,87,15.0,,0.15,13.049999999999999
2018-12-18,80,15.0,,0.15,12.0
2018-12-19,85,15.0,,0.15,12.75
2018-12-20,82,15.0,,0.15,12.299999999999999
2018-12-21,61,15.0,,0.15,9.15
2018-12-22,65,15.0,,0.15,9.75
2018-12-23,62,12.0,False,0.12,7.4399999999999995
2018-12-24,83,12.0,,0.12,9.959999999999999
2018-12-25,60,12.0,,0.12,7.199999999999999
2018-12-26,69,12.0,,0.12,8.28
2018-12-27,71,12.0,,0.12,8.52
2018-12-28,91,12.0,,0.12,10.92
2018-12-29,68,12.0,,0.12,8.16
2018-12-30,51,10.0,False,0.1,5.1000000000000005
2018-12-31,63,10.0,,0.1,6.300000000000001
2019-01-01,63,10.0,,0.1,6.300000000000001
2019-01-02,38,10.0,,0.1,3.8000000000000003
2019-01-03,61,10.0,,0.1,6.1000000000000005
2019-01-04,33,10.0,,0.1,3.3000000000000003
2019-01-05,14,10.0,,0.1,1.4000000000000001
2019-01-06,54,13.0,False,0.13,7.0200000000000005
2019-01-07,64,13.0,,0.13,8.32
2019-01-08,51,13.0,,0.13,6.63
2019-01-09,48,13.0,,0.13,6.24
2019-01-10,100,13.0,,0.13,13.0
2019-01-11,70,13.0,,0.13,9.1
2019-01-12,54,13.0,,0.13,7.0200000000000005
2019-01-13,75,11.0,False,0.11,8.25
2019-01-14,74,11.0,,0.11,8.14
2019-01-15,62,11.0,,0.11,6.82
2019-01-16,75,11.0,,0.11,8.25
2019-01-17,79,11.0,,0.11,8.69
2019-01-18,53,11.0,,0.11,5.83
2019-01-19,49,11.0,,0.11,5.39
2019-01-20,30,9.0,False,0.09,2.6999999999999997
2019-01-21,51,9.0,,0.09,4.59
2019-01-22,50,9.0,,0.09,4.5
2019-01-23,42,9.0,,0.09,3.78
2019-01-24,43,9.0,,0.09,3.8699999999999997
2019-01-25,44,9.0,,0.09,3.96
2019-01-26,36,9.0,,0.09,3.2399999999999998
2019-01-27,39,9.0,False,0.09,3.51
2019-01-28,74,9.0,,0.09,6.66
2019-01-29,39,9.0,,0.09,3.51
2019-01-30,55,9.0,,0.09,4.95
2019-01-31,63,9.0,,0.09,5.67
2019-02-01,38,9.0,,0.09,3.42
2019-02-02,23,9.0,,0.09,2.07
2019-02-03,41,14.0,False,0.14,5.74
2019-02-04,69,14.0,,0.14,9.66
2019-02-05,61,14.0,,0.14,8.540000000000001
2019-02-06,80,14.0,,0.14,11.200000000000001
2019-02-07,60,14.0,,0.14,8.4
2019-02-08,67,14.0,,0.14,9.38
2019-02-09,46,14.0,,0.14,6.44
2019-02-10,45,8.0,False,0.08,3.6
2019-02-11,51,8.0,,0.08,4.08
2019-02-12,20,8.0,,0.08,1.6
2019-02-13,40,8.0,,0.08,3.2
2019-02-14,53,8.0,,0.08,4.24
2019-02-15,30,8.0,,0.08,2.4
2019-02-16,37,8.0,,0.08,2.96
2019-02-17,61,11.0,False,0.11,6.71
2019-02-18,86,11.0,,0.11,9.46
2019-02-19,100,11.0,,0.11,11.0
2019-02-20,52,11.0,,0.11,5.72
2019-02-21,57,11.0,,0.11,6.2700000000000005
2019-02-22,42,11.0,,0.11,4.62
2019-02-23,93,11.0,,0.11,10.23
2019-02-24,55,9.0,False,0.09,4.95
2019-02-25,60,9.0,,0.09,5.3999999999999995
2019-02-26,20,9.0,,0.09,1.7999999999999998
2019-02-27,63,9.0,,0.09,5.67
2019-02-28,37,9.0,,0.09,3.33
2019-03-01,73,9.0,,0.09,6.569999999999999
2019-03-02,57,9.0,,0.09,5.13
2019-03-03,34,9.0,False,0.09,3.06
2019-03-04,81,9.0,,0.09,7.29
2019-03-05,86,9.0,,0.09,7.739999999999999
2019-03-06,68,9.0,,0.09,6.12
2019-03-07,56,9.0,,0.09,5.04
2019-03-08,63,9.0,,0.09,5.67
2019-03-09,70,9.0,,0.09,6.3
2019-03-10,28,7.0,False,0.07,1.9600000000000002
2019-03-11,45,7.0,,0.07,3.1500000000000004
2019-03-12,50,7.0,,0.07,3.5000000000000004
2019-03-13,69,7.0,,0.07,4.83
2019-03-14,55,7.0,,0.07,3.8500000000000005
2019-03-15,62,7.0,,0.07,4.340000000000001
2019-03-16,75,7.0,,0.07,5.250000000000001
2019-03-17,63,8.0,False,0.08,5.04
2019-03-18,86,8.0,,0.08,6.88
2019-03-19,38,8.0,,0.08,3.04
2019-03-20,81,8.0,,0.08,6.48
2019-03-21,94,8.0,,0.08,7.5200000000000005
2019-03-22,68,8.0,,0.08,5.44
2019-03-23,35,8.0,,0.08,2.8000000000000003
2019-03-24,63,9.0,False,0.09,5.67
2019-03-25,46,9.0,,0.09,4.14
2019-03-26,45,9.0,,0.09,4.05
2019-03-27,51,9.0,,0.09,4.59
2019-03-28,41,9.0,,0.09,3.69
2019-03-29,38,9.0,,0.09,3.42
2019-03-30,100,9.0,,0.09,9.0
2019-03-31,17,17.0,False,0.17,2.89
2019-04-01,44,17.0,,0.17,7.48
2019-04-02,100,17.0,,0.17,17.0
2019-04-03,73,17.0,,0.17,12.41
2019-04-04,53,17.0,,0.17,9.01
2019-04-05,46,17.0,,0.17,7.82
2019-04-06,49,17.0,,0.17,8.33
2019-04-07,37,11.0,False,0.11,4.07
2019-04-08,61,11.0,,0.11,6.71
2019-04-09,46,11.0,,0.11,5.06
2019-04-10,46,11.0,,0.11,5.06
2019-04-11,59,11.0,,0.11,6.49
2019-04-12,31,11.0,,0.11,3.41
2019-04-13,38,11.0,,0.11,4.18
2019-04-14,10,8.0,False,0.08,0.8
2019-04-15,44,8.0,,0.08,3.52
2019-04-16,44,8.0,,0.08,3.52
2019-04-17,37,8.0,,0.08,2.96
2019-04-18,31,8.0,,0.08,2.48
2019-04-19,20,8.0,,0.08,1.6
2019-04-20,11,8.0,,0.08,0.88
2019-04-21,21,9.0,False,0.09,1.89
2019-04-22,59,9.0,,0.09,5.31
2019-04-23,53,9.0,,0.09,4.77
2019-04-24,47,9.0,,0.09,4.2299999999999995
2019-04-25,36,9.0,,0.09,3.2399999999999998
2019-04-26,46,9.0,,0.09,4.14
2019-04-27,43,9.0,,0.09,3.8699999999999997
2019-04-28,29,9.0,False,0.09,2.61
2019-04-29,40,9.0,,0.09,3.5999999999999996
2019-04-30,23,9.0,,0.09,2.07
2019-05-01,45,9.0,,0.09,4.05
2019-05-02,32,9.0,,0.09,2.88
2019-05-03,36,9.0,,0.09,3.2399999999999998
2019-05-04,25,9.0,,0.09,2.25
2019-05-05,17,12.0,False,0.12,2.04
2019-05-06,22,12.0,,0.12,2.6399999999999997
2019-05-07,20,12.0,,0.12,2.4
2019-05-08,35,12.0,,0.12,4.2
2019-05-09,28,12.0,,0.12,3.36
2019-05-10,45,12.0,,0.12,5.3999999999999995
2019-05-11,76,12.0,,0.12,9.12
2019-05-12,100,23.0,False,0.23,23.0
2019-05-13,67,23.0,,0.23,15.41
2019-05-14,94,23.0,,0.23,21.62
2019-05-15,80,23.0,,0.23,18.400000000000002
2019-05-16,65,23.0,,0.23,14.950000000000001
2019-05-17,42,23.0,,0.23,9.66
2019-05-18,78,23.0,,0.23,17.94
2019-05-19,68,16.0,False,0.16,10.88
2019-05-20,57,16.0,,0.16,9.120000000000001
2019-05-21,71,16.0,,0.16,11.36
2019-05-22,49,16.0,,0.16,7.84
2019-05-23,36,16.0,,0.16,5.76
2019-05-24,31,16.0,,0.16,4.96
2019-05-25,38,16.0,,0.16,6.08
2019-05-26,51,19.0,False,0.19,9.69
2019-05-27,58,19.0,,0.19,11.02
2019-05-28,70,19.0,,0.19,13.3
2019-05-29,65,19.0,,0.19,12.35
2019-05-30,52,19.0,,0.19,9.88
2019-05-31,46,19.0,,0.19,8.74
2019-06-01,30,19.0,,0.19,5.7
2019-06-02,37,16.0,False,0.16,5.92
2019-06-03,26,16.0,,0.16,4.16
2019-06-04,72,16.0,,0.16,11.52
2019-06-05,28,16.0,,0.16,4.48
2019-06-06,39,16.0,,0.16,6.24
2019-06-07,25,16.0,,0.16,4.0
2019-06-08,36,16.0,,0.16,5.76
2019-06-09,32,12.0,False,0.12,3.84
2019-06-10,33,12.0,,0.12,3.96
2019-06-11,29,12.0,,0.12,3.48
2019-06-12,47,12.0,,0.12,5.64
2019-06-13,35,12.0,,0.12,4.2
2019-06-14,33,12.0,,0.12,3.96
2019-06-15,45,12.0,,0.12,5.3999999999999995
2019-06-16,65,21.0,False,0.21,13.65
2019-06-17,34,21.0,,0.21,7.14
2019-06-18,47,21.0,,0.21,9.87
2019-06-19,33,21.0,,0.21,6.93
2019-06-20,27,21.0,,0.21,5.67
2019-06-21,55,21.0,,0.21,11.549999999999999
2019-06-22,100,21.0,,0.21,21.0
2019-06-23,45,23.0,False,0.23,10.35
2019-06-24,45,23.0,,0.23,10.35
2019-06-25,58,23.0,,0.23,13.34
2019-06-26,89,23.0,,0.23,20.470000000000002
2019-06-27,79,23.0,,0.23,18.17
2019-06-28,73,23.0,,0.23,16.79
2019-06-29,39,23.0,,0.23,8.97
2019-06-30,41,18.0,False,0.18,7.38
2019-07-01,75,18.0,,0.18,13.5
2019-07-02,55,18.0,,0.18,9.9
2019-07-03,73,18.0,,0.18,13.139999999999999
2019-07-04,53,18.0,,0.18,9.54
2019-07-05,51,18.0,,0.18,9.18
2019-07-06,37,18.0,,0.18,6.66
2019-07-07,42,15.0,False,0.15,6.3
2019-07-08,46,15.0,,0.15,6.8999999999999995
2019-07-09,45,15.0,,0.15,6.75
2019-07-10,66,15.0,,0.15,9.9
2019-07-11,74,15.0,,0.15,11.1
2019-07-12,86,15.0,,0.15,12.9
2019-07-13,40,15.0,,0.15,6.0
2019-07-14,57,18.0,False,0.18,10.26
2019-07-15,75,18.0,,0.18,13.5
2019-07-16,59,18.0,,0.18,10.62
2019-07-17,100,18.0,,0.18,18.0
2019-07-18,48,18.0,,0.18,8.64
2019-07-19,49,18.0,,0.18,8.82
2019-07-20,54,18.0,,0.18,9.719999999999999
2019-07-21,54,12.0,False,0.12,6.4799999999999995
2019-07-22,46,12.0,,0.12,5.52
2019-07-23,63,12.0,,0.12,7.56
2019-07-24,37,12.0,,0.12,4.4399999999999995
2019-07-25,54,12.0,,0.12,6.4799999999999995
2019-07-26,40,12.0,,0.12,4.8
2019-07-27,50,12.0,,0.12,6.0
2019-07-28,25,11.0,False,0.11,2.75
2019-07-29,28,11.0,,0.11,3.08
2019-07-30,36,11.0,,0.11,3.96
2019-07-31,53,11.0,,0.11,5.83
2019-08-01,58,11.0,,0.11,6.38
2019-08-02,53,11.0,,0.11,5.83
2019-08-03,69,11.0,,0.11,7.59
2019-08-04,57,13.0,False,0.13,7.41
2019-08-05,81,13.0,,0.13,10.530000000000001
2019-08-06,80,13.0,,0.13,10.4
2019-08-07,100,13.0,,0.13,13.0
2019-08-08,81,13.0,,0.13,10.530000000000001
2019-08-09,59,13.0,,0.13,7.67
2019-08-10,53,13.0,,0.13,6.890000000000001
2019-08-11,57,14.0,False,0.14,7.98
2019-08-12,61,14.0,,0.14,8.540000000000001
2019-08-13,60,14.0,,0.14,8.4
2019-08-14,83,14.0,,0.14,11.620000000000001
2019-08-15,85,14.0,,0.14,11.9
2019-08-16,70,14.0,,0.14,9.8
2019-08-17,82,14.0,,0.14,11.48
2019-08-18,47,13.0,False,0.13,6.11
2019-08-19,59,13.0,,0.13,7.67
2019-08-20,56,13.0,,0.13,7.28
2019-08-21,63,13.0,,0.13,8.19
2019-08-22,41,13.0,,0.13,5.33
2019-08-23,59,13.0,,0.13,7.67
2019-08-24,68,13.0,,0.13,8.84
2019-08-25,22,11.0,False,0.11,2.42
2019-08-26,33,11.0,,0.11,3.63
2019-08-27,51,11.0,,0.11,5.61
2019-08-28,77,11.0,,0.11,8.47
2019-08-29,73,11.0,,0.11,8.03
2019-08-30,33,11.0,,0.11,3.63
2019-08-31,54,11.0,,0.11,5.94
2019-09-01,28,12.0,False,0.12,3.36
2019-09-02,54,12.0,,0.12,6.4799999999999995
2019-09-03,51,12.0,,0.12,6.12
2019-09-04,55,12.0,,0.12,6.6
2019-09-05,33,12.0,,0.12,3.96
2019-09-06,41,12.0,,0.12,4.92
2019-09-07,24,12.0,,0.12,2.88
2019-09-08,45,8.0,False,0.08,3.6
2019-09-09,18,8.0,,0.08,1.44
2019-09-10,30,8.0,,0.08,2.4
2019-09-11,51,8.0,,0.08,4.08
2019-09-12,21,8.0,,0.08,1.68
2019-09-13,44,8.0,,0.08,3.52
2019-09-14,28,8.0,,0.08,2.24
2019-09-15,27,9.0,False,0.09,2.4299999999999997
2019-09-16,33,9.0,,0.09,2.9699999999999998
2019-09-17,18,9.0,,0.09,1.6199999999999999
2019-09-18,30,9.0,,0.09,2.6999999999999997
2019-09-19,49,9.0,,0.09,4.41
2019-09-20,32,9.0,,0.09,2.88
2019-09-21,41,9.0,,0.09,3.69
2019-09-22,37,14.0,False,0.14,5.180000000000001
2019-09-23,67,14.0,,0.14,9.38
2019-09-24,71,14.0,,0.14,9.940000000000001
2019-09-25,100,14.0,,0.14,14.000000000000002
2019-09-26,57,14.0,,0.14,7.98
2019-09-27,60,14.0,,0.14,8.4
2019-09-28,42,14.0,,0.14,5.880000000000001
2019-09-29,24,10.0,False,0.1,2.4000000000000004
2019-09-30,27,10.0,,0.1,2.7
2019-10-01,68,10.0,,0.1,6.800000000000001
2019-10-02,25,10.0,,0.1,2.5
2019-10-03,47,10.0,,0.1,4.7
2019-10-04,88,10.0,,0.1,8.8
2019-10-05,43,10.0,,0.1,4.3
2019-10-06,32,9.0,False,0.09,2.88
2019-10-07,50,9.0,,0.09,4.5
2019-10-08,50,9.0,,0.09,4.5
2019-10-09,67,9.0,,0.09,6.029999999999999
2019-10-10,56,9.0,,0.09,5.04
2019-10-11,35,9.0,,0.09,3.15
2019-10-12,46,9.0,,0.09,4.14
2019-10-13,56,9.0,False,0.09,5.04
2019-10-14,50,9.0,,0.09,4.5
2019-10-15,46,9.0,,0.09,4.14
2019-10-16,25,9.0,,0.09,2.25
2019-10-17,31,9.0,,0.09,2.79
2019-10-18,39,9.0,,0.09,3.51
2019-10-19,39,9.0,,0.09,3.51
2019-10-20,35,12.0,False,0.12,4.2
2019-10-21,36,12.0,,0.12,4.32
2019-10-22,56,12.0,,0.12,6.72
2019-10-23,68,12.0,,0.12,8.16
2019-10-24,40,12.0,,0.12,4.8
2019-10-25,78,12.0,,0.12,9.36
2019-10-26,100,12.0,,0.12,12.0
2019-10-27,52,11.0,False,0.11,5.72
2019-10-28,63,11.0,,0.11,6.93
2019-10-29,37,11.0,,0.11,4.07
2019-10-30,34,11.0,,0.11,3.74
2019-10-31,45,11.0,,0.11,4.95
2019-11-01,73,11.0,,0.11,8.03
2019-11-02,85,11.0,,0.11,9.35
2019-11-03,42,8.0,False,0.08,3.36
2019-11-04,55,8.0,,0.08,4.4
2019-11-05,25,8.0,,0.08,2.0
2019-11-06,66,8.0,,0.08,5.28
2019-11-07,42,8.0,,0.08,3.36
2019-11-08,61,8.0,,0.08,4.88
2019-11-09,42,8.0,,0.08,3.36
2019-11-10,37,8.0,False,0.08,2.96
2019-11-11,46,8.0,,0.08,3.68
2019-11-12,75,8.0,,0.08,6.0
2019-11-13,71,8.0,,0.08,5.68
2019-11-14,83,8.0,,0.08,6.640000000000001
2019-11-15,52,8.0,,0.08,4.16
2019-11-16,24,8.0,,0.08,1.92
2019-11-17,47,13.0,False,0.13,6.11
2019-11-18,59,13.0,,0.13,7.67
2019-11-19,63,13.0,,0.13,8.19
2019-11-20,51,13.0,,0.13,6.63
2019-11-21,82,13.0,,0.13,10.66
2019-11-22,97,13.0,,0.13,12.610000000000001
2019-11-23,71,13.0,,0.13,9.23
2019-11-24,61,10.0,False,0.1,6.1000000000000005
2019-11-25,100,10.0,,0.1,10.0
2019-11-26,67,10.0,,0.1,6.7
2019-11-27,46,10.0,,0.1,4.6000000000000005
2019-11-28,52,10.0,,0.1,5.2
2019-11-29,22,10.0,,0.1,2.2
2019-11-30,33,10.0,,0.1,3.3000000000000003
2019-12-01,55,7.0,False,0.07,3.8500000000000005
2019-12-02,38,7.0,,0.07,2.66
2019-12-03,55,7.0,,0.07,3.8500000000000005
2019-12-04,61,7.0,,0.07,4.2700000000000005
2019-12-05,50,7.0,,0.07,3.5000000000000004
2019-12-06,87,7.0,,0.07,6.090000000000001
2019-12-07,78,7.0,,0.07,5.460000000000001
2019-12-08,32,8.0,False,0.08,2.56
2019-12-09,73,8.0,,0.08,5.84
2019-12-10,68,8.0,,0.08,5.44
2019-12-11,45,8.0,,0.08,3.6
2019-12-12,51,8.0,,0.08,4.08
2019-12-13,46,8.0,,0.08,3.68
2019-12-14,25,8.0,,0.08,2.0
2019-12-15,57,9.0,False,0.09,5.13
2019-12-16,66,9.0,,0.09,5.9399999999999995
2019-12-17,95,9.0,,0.09,8.549999999999999
2019-12-18,100,9.0,,0.09,9.0
2019-12-19,52,9.0,,0.09,4.68
2019-12-20,66,9.0,,0.09,5.9399999999999995
2019-12-21,51,9.0,,0.09,4.59
2019-12-22,58,8.0,False,0.08,4.64
2019-12-23,42,8.0,,0.08,3.36
2019-12-24,45,8.0,,0.08,3.6
2019-12-25,70,8.0,,0.08,5.6000000000000005
2019-12-26,98,8.0,,0.08,7.84
2019-12-27,48,8.0,,0.08,3.84
2019-12-28,58,8.0,,0.08,4.64
2019-12-29,26,7.0,False,0.07,1.8200000000000003
2019-12-30,64,7.0,,0.07,4.48
2019-12-31,51,7.0,,0.07,3.5700000000000003
2020-01-01,16,7.0,,0.07,1.12
2020-01-02,56,7.0,,0.07,3.9200000000000004
2020-01-03,54,7.0,,0.07,3.7800000000000002
2020-01-04,50,7.0,,0.07,3.5000000000000004
2020-01-05,59,13.0,False,0.13,7.67
2020-01-06,50,13.0,,0.13,6.5
2020-01-07,65,13.0,,0.13,8.450000000000001
2020-01-08,78,13.0,,0.13,10.14
2020-01-09,36,13.0,,0.13,4.68
2020-01-10,47,13.0,,0.13,6.11
2020-01-11,55,13.0,,0.13,7.15
2020-01-12,36,11.0,False,0.11,3.96
2020-01-13,48,11.0,,0.11,5.28
2020-01-14,88,11.0,,0.11,9.68
2020-01-15,100,11.0,,0.11,11.0
2020-01-16,56,11.0,,0.11,6.16
2020-01-17,47,11.0,,0.11,5.17
2020-01-18,55,11.0,,0.11,6.05
2020-01-19,43,9.0,False,0.09,3.8699999999999997
2020-01-20,59,9.0,,0.09,5.31
2020-01-21,74,9.0,,0.09,6.66
2020-01-22,36,9.0,,0.09,3.2399999999999998
2020-01-23,45,9.0,,0.09,4.05
2020-01-24,37,9.0,,0.09,3.33
2020-01-25,48,9.0,,0.09,4.32
2020-01-26,46,13.0,False,0.13,5.98
2020-01-27,53,13.0,,0.13,6.890000000000001
2020-01-28,93,13.0,,0.13,12.09
2020-01-29,67,13.0,,0.13,8.71
2020-01-30,63,13.0,,0.13,8.19
2020-01-31,84,13.0,,0.13,10.92
2020-02-01,55,13.0,,0.13,7.15
2020-02-02,61,12.0,False,0.12,7.319999999999999
2020-02-03,67,12.0,,0.12,8.04
2020-02-04,63,12.0,,0.12,7.56
2020-02-05,80,12.0,,0.12,9.6
2020-02-06,69,12.0,,0.12,8.28
2020-02-07,72,12.0,,0.12,8.64
2020-02-08,78,12.0,,0.12,9.36
2020-02-09,72,15.0,False,0.15,10.799999999999999
2020-02-10,74,15.0,,0.15,11.1
2020-02-11,87,15.0,,0.15,13.049999999999999
2020-02-12,85,15.0,,0.15,12.75
2020-02-13,59,15.0,,0.15,8.85
2020-02-14,68,15.0,,0.15,10.2
2020-02-15,70,15.0,,0.15,10.5
2020-02-16,49,13.0,False,0.13,6.37
2020-02-17,79,13.0,,0.13,10.27
2020-02-18,100,13.0,,0.13,13.0
2020-02-19,67,13.0,,0.13,8.71
2020-02-20,68,13.0,,0.13,8.84
2020-02-21,39,13.0,,0.13,5.07
2020-02-22,30,13.0,,0.13,3.9000000000000004
2020-02-23,61,13.0,False,0.13,7.930000000000001
2020-02-24,51,13.0,,0.13,6.63
2020-02-25,81,13.0,,0.13,10.530000000000001
2020-02-26,82,13.0,,0.13,10.66
2020-02-27,46,13.0,,0.13,5.98
2020-02-28,79,13.0,,0.13,10.27
2020-02-29,30,13.0,,0.13,3.9000000000000004
2020-03-01,23,14.0,False,0.14,3.22
2020-03-02,36,14.0,,0.14,5.040000000000001
2020-03-03,37,14.0,,0.14,5.180000000000001
2020-03-04,35,14.0,,0.14,4.9
2020-03-05,38,14.0,,0.14,5.32
2020-03-06,40,14.0,,0.14,5.6000000000000005
2020-03-07,39,14.0,,0.14,5.460000000000001
2020-03-08,38,26.0,False,0.26,9.88
2020-03-09,76,26.0,,0.26,19.76
2020-03-10,37,26.0,,0.26,9.620000000000001
2020-03-11,48,26.0,,0.26,12.48
2020-03-12,79,26.0,,0.26,20.54
2020-03-13,100,26.0,,0.26,26.0
2020-03-14,61,26.0,,0.26,15.860000000000001
2020-03-15,55,25.0,False,0.25,13.75
2020-03-16,83,25.0,,0.25,20.75
2020-03-17,52,25.0,,0.25,13.0
2020-03-18,47,25.0,,0.25,11.75
2020-03-19,69,25.0,,0.25,17.25
2020-03-20,52,25.0,,0.25,13.0
2020-03-21,65,25.0,,0.25,16.25
2020-03-22,39,15.0,False,0.15,5.85
2020-03-23,43,15.0,,0.15,6.45
2020-03-24,55,15.0,,0.15,8.25
2020-03-25,35,15.0,,0.15,5.25
2020-03-26,34,15.0,,0.15,5.1
2020-03-27,38,15.0,,0.15,5.7
2020-03-28,38,15.0,,0.15,5.7
2020-03-29,24,11.0,False,0.11,2.64
2020-03-30,39,11.0,,0.11,4.29
2020-03-31,28,11.0,,0.11,3.08
2020-04-01,44,11.0,,0.11,4.84
2020-04-02,65,11.0,,0.11,7.15
2020-04-03,56,11.0,,0.11,6.16
2020-04-04,67,11.0,,0.11,7.37
2020-04-05,35,13.0,False,0.13,4.55
2020-04-06,100,13.0,,0.13,13.0
2020-04-07,60,13.0,,0.13,7.800000000000001
2020-04-08,45,13.0,,0.13,5.8500000000000005
2020-04-09,62,13.0,,0.13,8.06
2020-04-10,50,13.0,,0.13,6.5
2020-04-11,30,13.0,,0.13,3.9000000000000004
2020-04-12,60,13.0,False,0.13,7.800000000000001
2020-04-13,43,13.0,,0.13,5.59
2020-04-14,60,13.0,,0.13,7.800000000000001
2020-04-15,47,13.0,,0.13,6.11
2020-04-16,49,13.0,,0.13,6.37
2020-04-17,61,13.0,,0.13,7.930000000000001
2020-04-18,53,13.0,,0.13,6.890000000000001
2020-04-19,50,13.0,False,0.13,6.5
2020-04-20,54,13.0,,0.13,7.0200000000000005
2020-04-21,59,13.0,,0.13,7.67
2020-04-22,47,13.0,,0.13,6.11
2020-04-23,58,13.0,,0.13,7.54
2020-04-24,66,13.0,,0.13,8.58
2020-04-25,32,13.0,,0.13,4.16
2020-04-26,47,14.0,False,0.14,6.580000000000001
2020-04-27,37,14.0,,0.14,5.180000000000001
2020-04-28,48,14.0,,0.14,6.720000000000001
2020-04-29,95,14.0,,0.14,13.3
2020-04-30,94,14.0,,0.14,13.160000000000002
2020-05-01,48,14.0,,0.14,6.720000000000001
2020-05-02,31,14.0,,0.14,4.340000000000001
2020-05-03,43,16.0,False,0.16,6.88
2020-05-04,53,16.0,,0.16,8.48
2020-05-05,33,16.0,,0.16,5.28
2020-05-06,60,16.0,,0.16,9.6
2020-05-07,54,16.0,,0.16,8.64
2020-05-08,55,16.0,,0.16,8.8
2020-05-09,58,16.0,,0.16,9.28
2020-05-10,85,17.0,False,0.17,14.450000000000001
2020-05-11,100,17.0,,0.17,17.0
2020-05-12,73,17.0,,0.17,12.41
2020-05-13,34,17.0,,0.17,5.78
2020-05-14,57,17.0,,0.17,9.690000000000001
2020-05-15,49,17.0,,0.17,8.33
2020-05-16,43,17.0,,0.17,7.3100000000000005
2020-05-17,37,13.0,False,0.13,4.8100000000000005
2020-05-18,41,13.0,,0.13,5.33
2020-05-19,53,13.0,,0.13,6.890000000000001
2020-05-20,42,13.0,,0.13,5.46
2020-05-21,50,13.0,,0.13,6.5
2020-05-22,43,13.0,,0.13,5.59
2020-05-23,34,13.0,,0.13,4.42
2020-05-24,21,11.0,False,0.11,2.31
2020-05-25,42,11.0,,0.11,4.62
2020-05-26,34,11.0,,0.11,3.74
2020-05-27,34,11.0,,0.11,3.74
2020-05-28,30,11.0,,0.11,3.3
2020-05-29,31,11.0,,0.11,3.41
2020-05-30,28,11.0,,0.11,3.08
2020-05-31,53,13.0,False,0.13,6.890000000000001
2020-06-01,100,13.0,,0.13,13.0
2020-06-02,86,13.0,,0.13,11.18
2020-06-03,63,13.0,,0.13,8.19
2020-06-04,57,13.0,,0.13,7.41
2020-06-05,59,13.0,,0.13,7.67
2020-06-06,68,13.0,,0.13,8.84
2020-06-07,47,12.0,False,0.12,5.64
2020-06-08,85,12.0,,0.12,10.2
2020-06-09,57,12.0,,0.12,6.84
2020-06-10,60,12.0,,0.12,7.199999999999999
2020-06-11,71,12.0,,0.12,8.52
2020-06-12,91,12.0,,0.12,10.92
2020-06-13,60,12.0,,0.12,7.199999999999999
2020-06-14,62,8.0,False,0.08,4.96
2020-06-15,51,8.0,,0.08,4.08
2020-06-16,35,8.0,,0.08,2.8000000000000003
2020-06-17,58,8.0,,0.08,4.64
2020-06-18,42,8.0,,0.08,3.36
2020-06-19,47,8.0,,0.08,3.7600000000000002
2020-06-20,33,8.0,,0.08,2.64
2020-06-21,55,9.0,False,0.09,4.95
2020-06-22,49,9.0,,0.09,4.41
2020-06-23,23,9.0,,0.09,2.07
2020-06-24,47,9.0,,0.09,4.2299999999999995
2020-06-25,33,9.0,,0.09,2.9699999999999998
2020-06-26,34,9.0,,0.09,3.06
2020-06-27,48,9.0,,0.09,4.32
2020-06-28,33,9.0,False,0.09,2.9699999999999998
2020-06-29,33,9.0,,0.09,2.9699999999999998
2020-06-30,56,9.0,,0.09,5.04
2020-07-01,26,9.0,,0.09,2.34
2020-07-02,33,9.0,,0.09,2.9699999999999998
2020-07-03,37,9.0,,0.09,3.33
2020-07-04,46,9.0,,0.09,4.14
2020-07-05,30,8.0,False,0.08,2.4
2020-07-06,39,8.0,,0.08,3.12
2020-07-07,19,8.0,,0.08,1.52
2020-07-08,29,8.0,,0.08,2.32
2020-07-09,31,8.0,,0.08,2.48
2020-07-10,30,8.0,,0.08,2.4
2020-07-11,11,8.0,,0.08,0.88
2020-07-12,11,9.0,False,0.09,0.99
2020-07-13,32,9.0,,0.09,2.88
2020-07-14,31,9.0,,0.09,2.79
2020-07-15,41,9.0,,0.09,3.69
2020-07-16,39,9.0,,0.09,3.51
2020-07-17,48,9.0,,0.09,4.32
2020-07-18,17,9.0,,0.09,1.53
2020-07-19,31,10.0,False,0.1,3.1
2020-07-20,44,10.0,,0.1,4.4
2020-07-21,32,10.0,,0.1,3.2
2020-07-22,46,10.0,,0.1,4.6000000000000005
2020-07-23,46,10.0,,0.1,4.6000000000000005
2020-07-24,20,10.0,,0.1,2.0
2020-07-25,25,10.0,,0.1,2.5
2020-07-26,45,14.0,False,0.14,6.300000000000001
2020-07-27,100,14.0,,0.14,14.000000000000002
2020-07-28,78,14.0,,0.14,10.920000000000002
2020-07-29,40,14.0,,0.14,5.6000000000000005
2020-07-30,52,14.0,,0.14,7.280000000000001
2020-07-31,49,14.0,,0.14,6.86
2020-08-01,54,14.0,,0.14,7.5600000000000005
2020-08-02,100,13.0,False,0.13,13.0
2020-08-03,57,13.0,,0.13,7.41
2020-08-04,52,13.0,,0.13,6.76
2020-08-05,56,13.0,,0.13,7.28
2020-08-06,50,13.0,,0.13,6.5
2020-08-07,57,13.0,,0.13,7.41
2020-08-08,42,13.0,,0.13,5.46
2020-08-09,47,11.0,False,0.11,5.17
2020-08-10,53,11.0,,0.11,5.83
2020-08-11,70,11.0,,0.11,7.7
2020-08-12,67,11.0,,0.11,7.37
2020-08-13,77,11.0,,0.11,8.47
2020-08-14,44,11.0,,0.11,4.84
2020-08-15,67,11.0,,0.11,7.37
2020-08-16,59,10.0,False,0.1,5.9
2020-08-17,53,10.0,,0.1,5.300000000000001
2020-08-18,48,10.0,,0.1,4.800000000000001
2020-08-19,43,10.0,,0.1,4.3
2020-08-20,60,10.0,,0.1,6.0
2020-08-21,67,10.0,,0.1,6.7
2020-08-22,35,10.0,,0.1,3.5
2020-08-23,52,10.0,False,0.1,5.2
2020-08-24,27,10.0,,0.1,2.7
2020-08-25,54,10.0,,0.1,5.4
2020-08-26,68,10.0,,0.1,6.800000000000001
2020-08-27,49,10.0,,0.1,4.9
2020-08-28,38,10.0,,0.1,3.8000000000000003
2020-08-29,38,10.0,,0.1,3.8000000000000003
2020-08-30,49,10.0,False,0.1,4.9
2020-08-31,18,10.0,,0.1,1.8
2020-09-01,59,10.0,,0.1,5.9
2020-09-02,56,10.0,,0.1,5.6000000000000005
2020-09-03,83,10.0,,0.1,8.3
2020-09-04,100,10.0,,0.1,10.0
2020-09-05,51,10.0,,0.1,5.1000000000000005
2020-09-06,51,9.0,False,0.09,4.59
2020-09-07,77,9.0,,0.09,6.93
2020-09-08,70,9.0,,0.09,6.3
2020-09-09,52,9.0,,0.09,4.68
2020-09-10,26,9.0,,0.09,2.34
2020-09-11,54,9.0,,0.09,4.859999999999999
2020-09-12,39,9.0,,0.09,3.51
2020-09-13,34,8.0,False,0.08,2.72
2020-09-14,52,8.0,,0.08,4.16
2020-09-15,56,8.0,,0.08,4.48
2020-09-16,30,8.0,,0.08,2.4
2020-09-17,52,8.0,,0.08,4.16
2020-09-18,35,8.0,,0.08,2.8000000000000003
2020-09-19,60,8.0,,0.08,4.8
2020-09-20,30,7.0,False,0.07,2.1
2020-09-21,47,7.0,,0.07,3.2900000000000005
2020-09-22,48,7.0,,0.07,3.3600000000000003
2020-09-23,29,7.0,,0.07,2.0300000000000002
2020-09-24,48,7.0,,0.07,3.3600000000000003
2020-09-25,44,7.0,,0.07,3.08
2020-09-26,40,7.0,,0.07,2.8000000000000003
2020-09-27,43,8.0,False,0.08,3.44
2020-09-28,49,8.0,,0.08,3.92
2020-09-29,57,8.0,,0.08,4.5600000000000005
2020-09-30,42,8.0,,0.08,3.36
2020-10-01,58,8.0,,0.08,4.64
2020-10-02,30,8.0,,0.08,2.4
2020-10-03,38,8.0,,0.08,3.04
2020-10-04,56,9.0,False,0.09,5.04
2020-10-05,49,9.0,,0.09,4.41
2020-10-06,49,9.0,,0.09,4.41
2020-10-07,46,9.0,,0.09,4.14
2020-10-08,29,9.0,,0.09,2.61
2020-10-09,54,9.0,,0.09,4.859999999999999
2020-10-10,55,9.0,,0.09,4.95
2020-10-11,55,6.0,False,0.06,3.3
2020-10-12,49,6.0,,0.06,2.94
2020-10-13,39,6.0,,0.06,2.34
2020-10-14,52,6.0,,0.06,3.12
2020-10-15,35,6.0,,0.06,2.1
2020-10-16,41,6.0,,0.06,2.46
2020-10-17,20,6.0,,0.06,1.2
2020-10-18,59,13.0,False,0.13,7.67
2020-10-19,44,13.0,,0.13,5.720000000000001
2020-10-20,48,13.0,,0.13,6.24
2020-10-21,95,13.0,,0.13,12.35
2020-10-22,81,13.0,,0.13,10.530000000000001
2020-10-23,88,13.0,,0.13,11.440000000000001
2020-10-24,68,13.0,,0.13,8.84
2020-10-25,83,11.0,False,0.11,9.13
2020-10-26,70,11.0,,0.11,7.7
2020-10-27,100,11.0,,0.11,11.0
2020-10-28,92,11.0,,0.11,10.12
2020-10-29,93,11.0,,0.11,10.23
2020-10-30,64,11.0,,0.11,7.04
2020-10-31,69,11.0,,0.11,7.59
2020-11-01,32,15.0,False,0.15,4.8
2020-11-02,27,15.0,,0.15,4.05
2020-11-03,34,15.0,,0.15,5.1
2020-11-04,53,15.0,,0.15,7.949999999999999
2020-11-05,64,15.0,,0.15,9.6
2020-11-06,55,15.0,,0.15,8.25
2020-11-07,45,15.0,,0.15,6.75
2020-11-08,40,14.0,False,0.14,5.6000000000000005
2020-11-09,77,14.0,,0.14,10.780000000000001
2020-11-10,23,14.0,,0.14,3.22
2020-11-11,26,14.0,,0.14,3.6400000000000006
2020-11-12,30,14.0,,0.14,4.2
2020-11-13,54,14.0,,0.14,7.5600000000000005
2020-11-14,25,14.0,,0.14,3.5000000000000004
2020-11-15,46,20.0,False,0.2,9.200000000000001
2020-11-16,55,20.0,,0.2,11.0
2020-11-17,81,20.0,,0.2,16.2
2020-11-18,80,20.0,,0.2,16.0
2020-11-19,44,20.0,,0.2,8.8
2020-11-20,83,20.0,,0.2,16.6
2020-11-21,41,20.0,,0.2,8.200000000000001
2020-11-22,65,20.0,False,0.2,13.0
2020-11-23,43,20.0,,0.2,8.6
2020-11-24,85,20.0,,0.2,17.0
2020-11-25,59,20.0,,0.2,11.8
2020-11-26,100,20.0,,0.2,20.0
2020-11-27,68,20.0,,0.2,13.600000000000001
2020-11-28,69,20.0,,0.2,13.8
2020-11-29,51,16.0,False,0.16,8.16
2020-11-30,87,16.0,,0.16,13.92
2020-12-01,53,16.0,,0.16,8.48
2020-12-02,29,16.0,,0.16,4.64
2020-12-03,45,16.0,,0.16,7.2
2020-12-04,33,16.0,,0.16,5.28
2020-12-05,18,16.0,,0.16,2.88
2020-12-06,29,11.0,False,0.11,3.19
2020-12-07,13,11.0,,0.11,1.43
2020-12-08,41,11.0,,0.11,4.51
2020-12-09,42,11.0,,0.11,4.62
2020-12-10,38,11.0,,0.11,4.18
2020-12-11,29,11.0,,0.11,3.19
2020-12-12,29,11.0,,0.11,3.19
2020-12-13,27,20.0,False,0.2,5.4
2020-12-14,23,20.0,,0.2,4.6000000000000005
2020-12-15,37,20.0,,0.2,7.4
2020-12-16,60,20.0,,0.2,12.0
2020-12-17,100,20.0,,0.2,20.0
2020-12-18,54,20.0,,0.2,10.8
2020-12-19,51,20.0,,0.2,10.200000000000001
2020-12-20,43,20.0,False,0.2,8.6
2020-12-21,61,20.0,,0.2,12.200000000000001
2020-12-22,52,20.0,,0.2,10.4
2020-12-23,45,20.0,,0.2,9.0
2020-12-24,42,20.0,,0.2,8.4
2020-12-25,42,20.0,,0.2,8.4
2020-12-26,96,20.0,,0.2,19.200000000000003
2020-12-27,98,34.0,False,0.34,33.32
2020-12-28,79,34.0,,0.34,26.860000000000003
2020-12-29,86,34.0,,0.34,29.240000000000002
2020-12-30,70,34.0,,0.34,23.8
2020-12-31,74,34.0,,0.34,25.16
2021-01-01,39,34.0,,0.34,13.260000000000002
2021-01-02,70,34.0,,0.34,23.8
2021-01-03,64,45.0,False,0.45,28.8
2021-01-04,62,45.0,,0.45,27.900000000000002
2021-01-05,53,45.0,,0.45,23.85
2021-01-06,70,45.0,,0.45,31.5
2021-01-07,86,45.0,,0.45,38.7
2021-01-08,59,45.0,,0.45,26.55
2021-01-09,53,45.0,,0.45,23.85
2021-01-10,64,50.0,False,0.5,32.0
2021-01-11,100,50.0,,0.5,50.0
2021-01-12,63,50.0,,0.5,31.5
2021-01-13,63,50.0,,0.5,31.5
2021-01-14,57,50.0,,0.5,28.5
2021-01-15,58,50.0,,0.5,29.0
2021-01-16,49,50.0,,0.5,24.5
2021-01-17,43,34.0,False,0.34,14.620000000000001
2021-01-18,42,34.0,,0.34,14.280000000000001
2021-01-19,39,34.0,,0.34,13.260000000000002
2021-01-20,44,34.0,,0.34,14.96
2021-01-21,61,34.0,,0.34,20.740000000000002
2021-01-22,59,34.0,,0.34,20.060000000000002
2021-01-23,34,34.0,,0.34,11.56
2021-01-24,37,30.0,False,0.3,11.1
2021-01-25,47,30.0,,0.3,14.1
2021-01-26,49,30.0,,0.3,14.7
2021-01-27,42,30.0,,0.3,12.6
2021-01-28,47,30.0,,0.3,14.1
2021-01-29,56,30.0,,0.3,16.8
2021-01-30,43,30.0,,0.3,12.9
2021-01-31,36,25.0,False,0.25,9.0
2021-02-01,44,25.0,,0.25,11.0
2021-02-02,39,25.0,,0.25,9.75
2021-02-03,39,25.0,,0.25,9.75
2021-02-04,34,25.0,,0.25,8.5
2021-02-05,46,25.0,,0.25,11.5
2021-02-06,34,25.0,,0.25,8.5
2021-02-07,37,42.0,False,0.42,15.54
2021-02-08,92,42.0,,0.42,38.64
2021-02-09,95,42.0,,0.42,39.9
2021-02-10,58,42.0,,0.42,24.36
2021-02-11,59,42.0,,0.42,24.779999999999998
2021-02-12,56,42.0,,0.42,23.52
2021-02-13,47,42.0,,0.42,19.74
2021-02-14,63,40.0,False,0.4,25.200000000000003
2021-02-15,63,40.0,,0.4,25.200000000000003
2021-02-16,50,40.0,,0.4,20.0
2021-02-17,88,40.0,,0.4,35.2
2021-02-18,61,40.0,,0.4,24.400000000000002
2021-02-19,74,40.0,,0.4,29.6
2021-02-20,83,40.0,,0.4,33.2
2021-02-21,58,46.0,False,0.46,26.68
2021-02-22,83,46.0,,0.46,38.18
2021-02-23,100,46.0,,0.46,46.0
2021-02-24,69,46.0,,0.46,31.740000000000002
2021-02-25,54,46.0,,0.46,24.84
2021-02-26,69,46.0,,0.46,31.740000000000002
2021-02-27,42,46.0,,0.46,19.32
2021-02-28,61,33.0,False,0.33,20.130000000000003
2021-03-01,100,33.0,,0.33,33.0
2021-03-02,85,33.0,,0.33,28.05
2021-03-03,63,33.0,,0.33,20.790000000000003
2021-03-04,65,33.0,,0.33,21.45
2021-03-05,74,33.0,,0.33,24.42
2021-03-06,63,33.0,,0.33,20.790000000000003
2021-03-07,72,29.0,False,0.29,20.88
2021-03-08,90,29.0,,0.29,26.099999999999998
2021-03-09,67,29.0,,0.29,19.43
2021-03-10,51,29.0,,0.29,14.79
2021-03-11,60,29.0,,0.29,17.4
2021-03-12,59,29.0,,0.29,17.11
2021-03-13,75,29.0,,0.29,21.75
2021-03-14,73,27.0,False,0.27,19.71
2021-03-15,81,27.0,,0.27,21.87
2021-03-16,76,27.0,,0.27,20.520000000000003
2021-03-17,72,27.0,,0.27,19.44
2021-03-18,78,27.0,,0.27,21.060000000000002
2021-03-19,62,27.0,,0.27,16.740000000000002
2021-03-20,47,27.0,,0.27,12.690000000000001
2021-03-21,77,30.0,False,0.3,23.099999999999998
2021-03-22,63,30.0,,0.3,18.9
2021-03-23,71,30.0,,0.3,21.3
2021-03-24,59,30.0,,0.3,17.7
2021-03-25,89,30.0,,0.3,26.7
2021-03-26,62,30.0,,0.3,18.599999999999998
2021-03-27,53,30.0,,0.3,15.899999999999999
2021-03-28,59,25.0,False,0.25,14.75
2021-03-29,55,25.0,,0.25,13.75
2021-03-30,62,25.0,,0.25,15.5
2021-03-31,65,25.0,,0.25,16.25
2021-04-01,42,25.0,,0.25,10.5
2021-04-02,52,25.0,,0.25,13.0
2021-04-03,31,25.0,,0.25,7.75
2021-04-04,42,24.0,False,0.24,10.08
2021-04-05,39,24.0,,0.24,9.36
2021-04-06,38,24.0,,0.24,9.12
2021-04-07,32,24.0,,0.24,7.68
2021-04-08,31,24.0,,0.24,7.4399999999999995
2021-04-09,28,24.0,,0.24,6.72
2021-04-10,27,24.0,,0.24,6.4799999999999995
2021-04-11,32,29.0,False,0.29,9.28
2021-04-12,32,29.0,,0.29,9.28
2021-04-13,53,29.0,,0.29,15.37
2021-04-14,75,29.0,,0.29,21.75
2021-04-15,49,29.0,,0.29,14.209999999999999
2021-04-16,44,29.0,,0.29,12.76
2021-04-17,36,29.0,,0.29,10.44
2021-04-18,100,44.0,False,0.44,44.0
2021-04-19,58,44.0,,0.44,25.52
2021-04-20,67,44.0,,0.44,29.48
2021-04-21,41,44.0,,0.44,18.04
2021-04-22,39,44.0,,0.44,17.16
2021-04-23,93,44.0,,0.44,40.92
2021-04-24,62,44.0,,0.44,27.28
2021-04-25,47,27.0,False,0.27,12.690000000000001
2021-04-26,59,27.0,,0.27,15.930000000000001
2021-04-27,50,27.0,,0.27,13.5
2021-04-28,45,27.0,,0.27,12.15
2021-04-29,41,27.0,,0.27,11.07
2021-04-30,42,27.0,,0.27,11.34
2021-05-01,18,27.0,,0.27,4.86
2021-05-02,11,25.0,False,0.25,2.75
2021-05-03,14,25.0,,0.25,3.5
2021-05-04,20,25.0,,0.25,5.0
2021-05-05,23,25.0,,0.25,5.75
2021-05-06,22,25.0,,0.25,5.5
2021-05-07,14,25.0,,0.25,3.5
2021-05-08,14,25.0,,0.25,3.5
2021-05-09,20,34.0,False,0.34,6.800000000000001
2021-05-10,22,34.0,,0.34,7.48
2021-05-11,19,34.0,,0.34,6.460000000000001
2021-05-12,23,34.0,,0.34,7.82
2021-05-13,60,34.0,,0.34,20.400000000000002
2021-05-14,29,34.0,,0.34,9.860000000000001
2021-05-15,19,34.0,,0.34,6.460000000000001
2021-05-16,32,71.0,False,0.71,22.72
2021-05-17,44,71.0,,0.71,31.24
2021-05-18,32,71.0,,0.71,22.72
2021-05-19,100,71.0,,0.71,71.0
2021-05-20,62,71.0,,0.71,44.019999999999996
2021-05-21,48,71.0,,0.71,34.08
2021-05-22,43,71.0,,0.71,30.529999999999998
2021-05-23,44,48.0,False,0.48,21.119999999999997
2021-05-24,39,48.0,,0.48,18.72
2021-05-25,35,48.0,,0.48,16.8
2021-05-26,29,48.0,,0.48,13.92
2021-05-27,28,48.0,,0.48,13.44
2021-05-28,33,48.0,,0.48,15.84
2021-05-29,29,48.0,,0.48,13.92
2021-05-30,28,39.0,False,0.39,10.92
2021-05-31,25,39.0,,0.39,9.75
2021-06-01,40,39.0,,0.39,15.600000000000001
2021-06-02,55,39.0,,0.39,21.45
2021-06-03,80,39.0,,0.39,31.200000000000003
2021-06-04,50,39.0,,0.39,19.5
2021-06-05,55,39.0,,0.39,21.45
2021-06-06,43,39.0,False,0.39,16.77
2021-06-07,55,39.0,,0.39,21.45
2021-06-08,95,39.0,,0.39,37.050000000000004
2021-06-09,72,39.0,,0.39,28.080000000000002
2021-06-10,54,39.0,,0.39,21.060000000000002
2021-06-11,53,39.0,,0.39,20.67
2021-06-12,51,39.0,,0.39,19.89
2021-06-13,62,29.0,False,0.29,17.98
2021-06-14,62,29.0,,0.29,17.98
2021-06-15,37,29.0,,0.29,10.729999999999999
2021-06-16,49,29.0,,0.29,14.209999999999999
2021-06-17,37,29.0,,0.29,10.729999999999999
2021-06-18,50,29.0,,0.29,14.499999999999998
2021-06-19,25,29.0,,0.29,7.249999999999999
2021-06-20,52,41.0,False,0.41,21.32
2021-06-21,82,41.0,,0.41,33.62
2021-06-22,100,41.0,,0.41,41.0
2021-06-23,72,41.0,,0.41,29.52
2021-06-24,51,41.0,,0.41,20.91
2021-06-25,48,41.0,,0.41,19.68
2021-06-26,56,41.0,,0.41,22.959999999999997
2021-06-27,30,23.0,False,0.23,6.9
2021-06-28,47,23.0,,0.23,10.81
2021-06-29,45,23.0,,0.23,10.35
2021-06-30,45,23.0,,0.23,10.35
2021-07-01,46,23.0,,0.23,10.58
2021-07-02,44,23.0,,0.23,10.120000000000001
2021-07-03,40,23.0,,0.23,9.200000000000001
2021-07-04,37,22.0,False,0.22,8.14
2021-07-05,44,22.0,,0.22,9.68
2021-07-06,40,22.0,,0.22,8.8
2021-07-07,34,22.0,,0.22,7.48
2021-07-08,48,22.0,,0.22,10.56
2021-07-09,39,22.0,,0.22,8.58
2021-07-10,42,22.0,,0.22,9.24
2021-07-11,25,21.0,False,0.21,5.25
2021-07-12,47,21.0,,0.21,9.87
2021-07-13,34,21.0,,0.21,7.14
2021-07-14,32,21.0,,0.21,6.72
2021-07-15,50,21.0,,0.21,10.5
2021-07-16,47,21.0,,0.21,9.87
2021-07-17,37,21.0,,0.21,7.77
2021-07-18,40,25.0,False,0.25,10.0
2021-07-19,68,25.0,,0.25,17.0
2021-07-20,52,25.0,,0.25,13.0
2021-07-21,44,25.0,,0.25,11.0
2021-07-22,46,25.0,,0.25,11.5
2021-07-23,30,25.0,,0.25,7.5
2021-07-24,40,25.0,,0.25,10.0
2021-07-25,29,28.0,False,0.28,8.120000000000001
2021-07-26,100,28.0,,0.28,28.000000000000004
2021-07-27,65,28.0,,0.28,18.200000000000003
2021-07-28,49,28.0,,0.28,13.72
2021-07-29,53,28.0,,0.28,14.840000000000002
2021-07-30,29,28.0,,0.28,8.120000000000001
2021-07-31,58,28.0,,0.28,16.240000000000002
2021-08-01,71,22.0,False,0.22,15.62
2021-08-02,96,22.0,,0.22,21.12
2021-08-03,74,22.0,,0.22,16.28
2021-08-04,77,22.0,,0.22,16.94
2021-08-05,69,22.0,,0.22,15.18
2021-08-06,89,22.0,,0.22,19.580000000000002
2021-08-07,96,22.0,,0.22,21.12
2021-08-08,87,26.0,False,0.26,22.62
2021-08-09,94,26.0,,0.26,24.44
2021-08-10,89,26.0,,0.26,23.14
2021-08-11,99,26.0,,0.26,25.740000000000002
2021-08-12,79,26.0,,0.26,20.54
2021-08-13,100,26.0,,0.26,26.0
2021-08-14,75,26.0,,0.26,19.5
2021-08-15,77,23.0,False,0.23,17.71
2021-08-16,94,23.0,,0.23,21.62
2021-08-17,97,23.0,,0.23,22.310000000000002
2021-08-18,76,23.0,,0.23,17.48
2021-08-19,66,23.0,,0.23,15.180000000000001
2021-08-20,56,23.0,,0.23,12.88
2021-08-21,99,23.0,,0.23,22.77
2021-08-22,69,20.0,False,0.2,13.8
2021-08-23,80,20.0,,0.2,16.0
2021-08-24,56,20.0,,0.2,11.200000000000001
2021-08-25,78,20.0,,0.2,15.600000000000001
2021-08-26,67,20.0,,0.2,13.4
2021-08-27,76,20.0,,0.2,15.200000000000001
2021-08-28,60,20.0,,0.2,12.0
2021-08-29,85,17.0,False,0.17,14.450000000000001
2021-08-30,76,17.0,,0.17,12.920000000000002
2021-08-31,74,17.0,,0.17,12.58
2021-09-01,34,17.0,,0.17,5.78
2021-09-02,43,17.0,,0.17,7.3100000000000005
2021-09-03,39,17.0,,0.17,6.630000000000001
2021-09-04,25,17.0,,0.17,4.25
2021-09-05,37,31.0,False,0.31,11.47
2021-09-06,50,31.0,,0.31,15.5
2021-09-07,100,31.0,,0.31,31.0
2021-09-08,89,31.0,,0.31,27.59
2021-09-09,56,31.0,,0.31,17.36
2021-09-10,46,31.0,,0.31,14.26
2021-09-11,52,31.0,,0.31,16.12
2021-09-12,26,18.0,False,0.18,4.68
2021-09-13,57,18.0,,0.18,10.26
2021-09-14,50,18.0,,0.18,9.0
2021-09-15,43,18.0,,0.18,7.739999999999999
2021-09-16,32,18.0,,0.18,5.76
2021-09-17,25,18.0,,0.18,4.5
2021-09-18,18,18.0,,0.18,3.2399999999999998
2021-09-19,26,23.0,False,0.23,5.98
2021-09-20,58,23.0,,0.23,13.34
2021-09-21,45,23.0,,0.23,10.35
2021-09-22,28,23.0,,0.23,6.44
2021-09-23,29,23.0,,0.23,6.67
2021-09-24,88,23.0,,0.23,20.240000000000002
2021-09-25,48,23.0,,0.23,11.040000000000001
2021-09-26,30,19.0,False,0.19,5.7
2021-09-27,37,19.0,,0.19,7.03
2021-09-28,50,19.0,,0.19,9.5
2021-09-29,35,19.0,,0.19,6.65
2021-09-30,34,19.0,,0.19,6.46
2021-10-01,49,19.0,,0.19,9.31
2021-10-02,34,19.0,,0.19,6.46
2021-10-03,44,24.0,False,0.24,10.559999999999999
2021-10-04,42,24.0,,0.24,10.08
2021-10-05,55,24.0,,0.24,13.2
2021-10-06,89,24.0,,0.24,21.36
2021-10-07,62,24.0,,0.24,14.879999999999999
2021-10-08,46,24.0,,0.24,11.04
2021-10-09,46,24.0,,0.24,11.04
2021-10-10,42,25.0,False,0.25,10.5
2021-10-11,80,25.0,,0.25,20.0
2021-10-12,55,25.0,,0.25,13.75
2021-10-13,56,25.0,,0.25,14.0
2021-10-14,48,25.0,,0.25,12.0
2021-10-15,89,25.0,,0.25,22.25
2021-10-16,71,25.0,,0.25,17.75
2021-10-17,67,31.0,False,0.31,20.77
2021-10-18,87,31.0,,0.31,26.97
2021-10-19,83,31.0,,0.31,25.73
2021-10-20,94,31.0,,0.31,29.14
2021-10-21,100,31.0,,0.31,31.0
2021-10-22,61,31.0,,0.31,18.91
2021-10-23,36,31.0,,0.31,11.16
2021-10-24,50,25.0,False,0.25,12.5
2021-10-25,74,25.0,,0.25,18.5
2021-10-26,57,25.0,,0.25,14.25
2021-10-27,81,25.0,,0.25,20.25
2021-10-28,66,25.0,,0.25,16.5
2021-10-29,54,25.0,,0.25,13.5
2021-10-30,37,25.0,,0.25,9.25
2021-10-31,33,18.0,False,0.18,5.9399999999999995
2021-11-01,44,18.0,,0.18,7.92
2021-11-02,63,18.0,,0.18,11.34
2021-11-03,47,18.0,,0.18,8.459999999999999
2021-11-04,54,18.0,,0.18,9.719999999999999
2021-11-05,45,18.0,,0.18,8.1
2021-11-06,35,18.0,,0.18,6.3
2021-11-07,38,26.0,False,0.26,9.88
2021-11-08,48,26.0,,0.26,12.48
2021-11-09,61,26.0,,0.26,15.860000000000001
2021-11-10,73,26.0,,0.26,18.98
2021-11-11,54,26.0,,0.26,14.040000000000001
2021-11-12,55,26.0,,0.26,14.3
2021-11-13,41,26.0,,0.26,10.66
2021-11-14,38,29.0,False,0.29,11.02
2021-11-15,60,29.0,,0.29,17.4
2021-11-16,100,29.0,,0.29,28.999999999999996
2021-11-17,71,29.0,,0.29,20.59
2021-11-18,83,29.0,,0.29,24.069999999999997
2021-11-19,69,29.0,,0.29,20.009999999999998
2021-11-20,53,29.0,,0.29,15.37
2021-11-21,37,27.0,False,0.27,9.99
2021-11-22,73,27.0,,0.27,19.71
2021-11-23,60,27.0,,0.27,16.200000000000003
2021-11-24,72,27.0,,0.27,19.44
2021-11-25,49,27.0,,0.27,13.23
2021-11-26,85,27.0,,0.27,22.950000000000003
2021-11-27,56,27.0,,0.27,15.120000000000001
2021-11-28,65,20.0,True,0.2,13.0
2021-11-29,56,20.0,,0.2,11.200000000000001
2021-11-30,51,20.0,,0.2,10.200000000000001
2021-12-01,98,20.0,,0.2,19.6
2021-12-02,100,20.0,,0.2,20.0
