date,btc_unscaled,btc_monthly,isPartial,scale,btc
2017-08-01,72,,,,
2017-08-02,72,,,,
2017-08-03,53,,,,
2017-08-04,49,,,,
2017-08-05,69,,,,
2017-08-06,53,4.0,False,0.04,2.12
2017-08-07,67,4.0,,0.04,2.68
2017-08-08,65,4.0,,0.04,2.6
2017-08-09,62,4.0,,0.04,2.48
2017-08-10,57,4.0,,0.04,2.2800000000000002
2017-08-11,57,4.0,,0.04,2.2800000000000002
2017-08-12,67,4.0,,0.04,2.68
2017-08-13,76,5.0,False,0.05,3.8000000000000003
2017-08-14,84,5.0,,0.05,4.2
2017-08-15,81,5.0,,0.05,4.05
2017-08-16,70,5.0,,0.05,3.5
2017-08-17,73,5.0,,0.05,3.6500000000000004
2017-08-18,60,5.0,,0.05,3.0
2017-08-19,67,5.0,,0.05,3.35
2017-08-20,49,4.0,False,0.04,1.96
2017-08-21,68,4.0,,0.04,2.72
2017-08-22,68,4.0,,0.04,2.72
2017-08-23,62,4.0,,0.04,2.48
2017-08-24,73,4.0,,0.04,2.92
2017-08-25,68,4.0,,0.04,2.72
2017-08-26,71,4.0,,0.04,2.84
2017-08-27,62,6.0,False,0.06,3.7199999999999998
2017-08-28,100,6.0,,0.06,6.0
2017-08-29,91,6.0,,0.06,5.46
2017-08-30,85,6.0,,0.06,5.1
2017-08-31,71,6.0,,0.06,4.26
2017-09-01,76,6.0,,0.06,4.56
2017-09-02,70,6.0,,0.06,4.2
2017-09-03,68,5.0,False,0.05,3.4000000000000004
2017-09-04,73,5.0,,0.05,3.6500000000000004
2017-09-05,81,5.0,,0.05,4.05
2017-09-06,74,5.0,,0.05,3.7
2017-09-07,59,5.0,,0.05,2.95
2017-09-08,66,5.0,,0.05,3.3000000000000003
2017-09-09,60,5.0,,0.05,3.0
2017-09-10,56,5.0,False,0.05,2.8000000000000003
2017-09-11,61,5.0,,0.05,3.0500000000000003
2017-09-12,60,5.0,,0.05,3.0
2017-09-13,64,5.0,,0.05,3.2
2017-09-14,85,5.0,,0.05,4.25
2017-09-15,100,5.0,,0.05,5.0
2017-09-16,77,5.0,,0.05,3.85
2017-09-17,60,4.0,False,0.04,2.4
2017-09-18,65,4.0,,0.04,2.6
2017-09-19,64,4.0,,0.04,2.56
2017-09-20,56,4.0,,0.04,2.24
2017-09-21,58,4.0,,0.04,2.32
2017-09-22,54,4.0,,0.04,2.16
2017-09-23,46,4.0,,0.04,1.84
2017-09-24,45,3.0,False,0.03,1.3499999999999999
2017-09-25,45,3.0,,0.03,1.3499999999999999
2017-09-26,49,3.0,,0.03,1.47
2017-09-27,52,3.0,,0.03,1.56
2017-09-28,54,3.0,,0.03,1.6199999999999999
2017-09-29,47,3.0,,0.03,1.41
2017-09-30,43,3.0,,0.03,1.29
2017-10-01,44,4.0,False,0.04,1.76
2017-10-02,60,4.0,,0.04,2.4
2017-10-03,52,4.0,,0.04,2.08
2017-10-04,60,4.0,,0.04,2.4
2017-10-05,69,4.0,,0.04,2.7600000000000002
2017-10-06,53,4.0,,0.04,2.12
2017-10-07,45,4.0,,0.04,1.8
2017-10-08,47,4.0,False,0.04,1.8800000000000001
2017-10-09,53,4.0,,0.04,2.12
2017-10-10,58,4.0,,0.04,2.32
2017-10-11,56,4.0,,0.04,2.24
2017-10-12,85,4.0,,0.04,3.4
2017-10-13,100,4.0,,0.04,4.0
2017-10-14,68,4.0,,0.04,2.72
2017-10-15,66,4.0,False,0.04,2.64
2017-10-16,66,4.0,,0.04,2.64
2017-10-17,62,4.0,,0.04,2.48
2017-10-18,61,4.0,,0.04,2.44
2017-10-19,61,4.0,,0.04,2.44
2017-10-20,68,4.0,,0.04,2.72
2017-10-21,78,4.0,,0.04,3.12
2017-10-22,67,4.0,False,0.04,2.68
2017-10-23,74,4.0,,0.04,2.96
2017-10-24,76,4.0,,0.04,3.04
2017-10-25,63,4.0,,0.04,2.52
2017-10-26,66,4.0,,0.04,2.64
2017-10-27,64,4.0,,0.04,2.56
2017-10-28,56,4.0,,0.04,2.24
2017-10-29,54,6.0,False,0.06,3.2399999999999998
2017-10-30,62,6.0,,0.06,3.7199999999999998
2017-10-31,76,6.0,,0.06,4.56
2017-11-01,38,6.0,,0.06,2.28
2017-11-02,55,6.0,,0.06,3.3
2017-11-03,46,6.0,,0.06,2.76
2017-11-04,34,6.0,,0.06,2.04
2017-11-05,36,6.0,False,0.06,2.16
2017-11-06,36,6.0,,0.06,2.16
2017-11-07,37,6.0,,0.06,2.2199999999999998
2017-11-08,42,6.0,,0.06,2.52
2017-11-09,38,6.0,,0.06,2.28
2017-11-10,42,6.0,,0.06,2.52
2017-11-11,41,6.0,,0.06,2.46
2017-11-12,50,6.0,False,0.06,3.0
2017-11-13,43,6.0,,0.06,2.58
2017-11-14,37,6.0,,0.06,2.2199999999999998
2017-11-15,39,6.0,,0.06,2.34
2017-11-16,41,6.0,,0.06,2.46
2017-11-17,42,6.0,,0.06,2.52
2017-11-18,33,6.0,,0.06,1.98
2017-11-19,33,6.0,False,0.06,1.98
2017-11-20,43,6.0,,0.06,2.58
2017-11-21,44,6.0,,0.06,2.6399999999999997
2017-11-22,37,6.0,,0.06,2.2199999999999998
2017-11-23,36,6.0,,0.06,2.16
2017-11-24,31,6.0,,0.06,1.8599999999999999
2017-11-25,36,6.0,,0.06,2.16
2017-11-26,54,11.0,False,0.11,5.94
2017-11-27,61,11.0,,0.11,6.71
2017-11-28,65,11.0,,0.11,7.15
2017-11-29,100,11.0,,0.11,11.0
2017-11-30,80,11.0,,0.11,8.8
2017-12-01,42,11.0,,0.11,4.62
2017-12-02,40,11.0,,0.11,4.4
2017-12-03,37,15.0,False,0.15,5.55
2017-12-04,40,15.0,,0.15,6.0
2017-12-05,40,15.0,,0.15,6.0
2017-12-06,55,15.0,,0.15,8.25
2017-12-07,100,15.0,,0.15,15.0
2017-12-08,89,15.0,,0.15,13.35
2017-12-09,59,15.0,,0.15,8.85
2017-12-10,56,14.0,False,0.14,7.840000000000001
2017-12-11,65,14.0,,0.14,9.100000000000001
2017-12-12,61,14.0,,0.14,8.540000000000001
2017-12-13,57,14.0,,0.14,7.98
2017-12-14,56,14.0,,0.14,7.840000000000001
2017-12-15,51,14.0,,0.14,7.140000000000001
2017-12-16,53,14.0,,0.14,7.420000000000001
2017-12-17,53,16.0,False,0.16,8.48
2017-12-18,58,16.0,,0.16,9.28
2017-12-19,59,16.0,,0.16,9.44
2017-12-20,70,16.0,,0.16,11.200000000000001
2017-12-21,69,16.0,,0.16,11.040000000000001
2017-12-22,99,16.0,,0.16,15.84
2017-12-23,73,16.0,,0.16,11.68
2017-12-24,59,12.0,False,0.12,7.08
2017-12-25,54,12.0,,0.12,6.4799999999999995
2017-12-26,51,12.0,,0.12,6.12
2017-12-27,49,12.0,,0.12,5.88
2017-12-28,49,12.0,,0.12,5.88
2017-12-29,48,12.0,,0.12,5.76
2017-12-30,47,12.0,,0.12,5.64
2017-12-31,42,11.0,False,0.11,4.62
2018-01-01,65,11.0,,0.11,7.15
2018-01-02,69,11.0,,0.11,7.59
2018-01-03,73,11.0,,0.11,8.03
2018-01-04,77,11.0,,0.11,8.47
2018-01-05,72,11.0,,0.11,7.92
2018-01-06,68,11.0,,0.11,7.48
2018-01-07,65,10.0,False,0.1,6.5
2018-01-08,71,10.0,,0.1,7.1000000000000005
2018-01-09,67,10.0,,0.1,6.7
2018-01-10,67,10.0,,0.1,6.7
2018-01-11,69,10.0,,0.1,6.9
2018-01-12,59,10.0,,0.1,5.9
2018-01-13,52,10.0,,0.1,5.2
2018-01-14,51,11.0,False,0.11,5.61
2018-01-15,53,11.0,,0.11,5.83
2018-01-16,80,11.0,,0.11,8.8
2018-01-17,100,11.0,,0.11,11.0
2018-01-18,81,11.0,,0.11,8.91
2018-01-19,56,11.0,,0.11,6.16
2018-01-20,57,11.0,,0.11,6.2700000000000005
2018-01-21,49,8.0,False,0.08,3.92
2018-01-22,53,8.0,,0.08,4.24
2018-01-23,50,8.0,,0.08,4.0
2018-01-24,45,8.0,,0.08,3.6
2018-01-25,47,8.0,,0.08,3.7600000000000002
2018-01-26,42,8.0,,0.08,3.36
2018-01-27,38,8.0,,0.08,3.04
2018-01-28,37,8.0,False,0.08,2.96
2018-01-29,41,8.0,,0.08,3.2800000000000002
2018-01-30,43,8.0,,0.08,3.44
2018-01-31,47,8.0,,0.08,3.7600000000000002
2018-02-01,64,8.0,,0.08,5.12
2018-02-02,87,8.0,,0.08,6.96
2018-02-03,67,8.0,,0.08,5.36
2018-02-04,54,9.0,False,0.09,4.859999999999999
2018-02-05,86,9.0,,0.09,7.739999999999999
2018-02-06,100,9.0,,0.09,9.0
2018-02-07,69,9.0,,0.09,6.21
2018-02-08,64,9.0,,0.09,5.76
2018-02-09,59,9.0,,0.09,5.31
2018-02-10,53,9.0,,0.09,4.77
2018-02-11,43,6.0,False,0.06,2.58
2018-02-12,47,6.0,,0.06,2.82
2018-02-13,47,6.0,,0.06,2.82
2018-02-14,45,6.0,,0.06,2.6999999999999997
2018-02-15,48,6.0,,0.06,2.88
2018-02-16,46,6.0,,0.06,2.76
2018-02-17,46,6.0,,0.06,2.76
2018-02-18,45,5.0,False,0.05,2.25
2018-02-19,45,5.0,,0.05,2.25
2018-02-20,48,5.0,,0.05,2.4000000000000004
2018-02-21,45,5.0,,0.05,2.25
2018-02-22,40,5.0,,0.05,2.0
2018-02-23,41,5.0,,0.05,2.0500000000000003
2018-02-24,33,5.0,,0.05,1.6500000000000001
2018-02-25,33,4.0,False,0.04,1.32
2018-02-26,34,4.0,,0.04,1.36
2018-02-27,37,4.0,,0.04,1.48
2018-02-28,34,4.0,,0.04,1.36
2018-03-01,80,4.0,,0.04,3.2
2018-03-02,91,4.0,,0.04,3.64
2018-03-03,91,4.0,,0.04,3.64
2018-03-04,83,4.0,False,0.04,3.3200000000000003
2018-03-05,89,4.0,,0.04,3.56
2018-03-06,76,4.0,,0.04,3.04
2018-03-07,80,4.0,,0.04,3.2
2018-03-08,81,4.0,,0.04,3.24
2018-03-09,92,4.0,,0.04,3.68
2018-03-10,74,4.0,,0.04,2.96
2018-03-11,67,4.0,False,0.04,2.68
2018-03-12,82,4.0,,0.04,3.2800000000000002
2018-03-13,78,4.0,,0.04,3.12
2018-03-14,75,4.0,,0.04,3.0
2018-03-15,90,4.0,,0.04,3.6
2018-03-16,88,4.0,,0.04,3.52
2018-03-17,73,4.0,,0.04,2.92
2018-03-18,81,4.0,False,0.04,3.24
2018-03-19,86,4.0,,0.04,3.44
2018-03-20,100,4.0,,0.04,4.0
2018-03-21,96,4.0,,0.04,3.84
2018-03-22,71,4.0,,0.04,2.84
2018-03-23,69,4.0,,0.04,2.7600000000000002
2018-03-24,68,4.0,,0.04,2.72
2018-03-25,68,4.0,False,0.04,2.72
2018-03-26,75,4.0,,0.04,3.0
2018-03-27,68,4.0,,0.04,2.72
2018-03-28,68,4.0,,0.04,2.72
2018-03-29,76,4.0,,0.04,3.04
2018-03-30,90,4.0,,0.04,3.6
2018-03-31,70,4.0,,0.04,2.8000000000000003
2018-04-01,64,3.0,False,0.03,1.92
2018-04-02,81,3.0,,0.03,2.4299999999999997
2018-04-03,81,3.0,,0.03,2.4299999999999997
2018-04-04,80,3.0,,0.03,2.4
2018-04-05,74,3.0,,0.03,2.2199999999999998
2018-04-06,78,3.0,,0.03,2.34
2018-04-07,69,3.0,,0.03,2.07
2018-04-08,67,4.0,False,0.04,2.68
2018-04-09,76,4.0,,0.04,3.04
2018-04-10,73,4.0,,0.04,2.92
2018-04-11,69,4.0,,0.04,2.7600000000000002
2018-04-12,85,4.0,,0.04,3.4
2018-04-13,100,4.0,,0.04,4.0
2018-04-14,78,4.0,,0.04,3.12
2018-04-15,71,3.0,False,0.03,2.13
2018-04-16,72,3.0,,0.03,2.16
2018-04-17,84,3.0,,0.03,2.52
2018-04-18,72,3.0,,0.03,2.16
2018-04-19,81,3.0,,0.03,2.4299999999999997
2018-04-20,83,3.0,,0.03,2.4899999999999998
2018-04-21,71,3.0,,0.03,2.13
2018-04-22,69,4.0,False,0.04,2.7600000000000002
2018-04-23,73,4.0,,0.04,2.92
2018-04-24,88,4.0,,0.04,3.52
2018-04-25,91,4.0,,0.04,3.64
2018-04-26,80,4.0,,0.04,3.2
2018-04-27,93,4.0,,0.04,3.72
2018-04-28,74,4.0,,0.04,2.96
2018-04-29,69,3.0,False,0.03,2.07
2018-04-30,63,3.0,,0.03,1.89
2018-05-01,85,3.0,,0.03,2.55
2018-05-02,84,3.0,,0.03,2.52
2018-05-03,95,3.0,,0.03,2.85
2018-05-04,93,3.0,,0.03,2.79
2018-05-05,100,3.0,,0.03,3.0
2018-05-06,91,3.0,False,0.03,2.73
2018-05-07,93,3.0,,0.03,2.79
2018-05-08,85,3.0,,0.03,2.55
2018-05-09,89,3.0,,0.03,2.67
2018-05-10,83,3.0,,0.03,2.4899999999999998
2018-05-11,98,3.0,,0.03,2.94
2018-05-12,84,3.0,,0.03,2.52
2018-05-13,73,3.0,False,0.03,2.19
2018-05-14,93,3.0,,0.03,2.79
2018-05-15,77,3.0,,0.03,2.31
2018-05-16,76,3.0,,0.03,2.28
2018-05-17,74,3.0,,0.03,2.2199999999999998
2018-05-18,81,3.0,,0.03,2.4299999999999997
2018-05-19,74,3.0,,0.03,2.2199999999999998
2018-05-20,77,3.0,False,0.03,2.31
2018-05-21,74,3.0,,0.03,2.2199999999999998
2018-05-22,69,3.0,,0.03,2.07
2018-05-23,85,3.0,,0.03,2.55
2018-05-24,83,3.0,,0.03,2.4899999999999998
2018-05-25,71,3.0,,0.03,2.13
2018-05-26,62,3.0,,0.03,1.8599999999999999
2018-05-27,77,3.0,False,0.03,2.31
2018-05-28,86,3.0,,0.03,2.58
2018-05-29,80,3.0,,0.03,2.4
2018-05-30,76,3.0,,0.03,2.28
2018-05-31,78,3.0,,0.03,2.34
2018-06-01,78,3.0,,0.03,2.34
2018-06-02,73,3.0,,0.03,2.19
2018-06-03,77,3.0,False,0.03,2.31
2018-06-04,74,3.0,,0.03,2.2199999999999998
2018-06-05,82,3.0,,0.03,2.46
2018-06-06,80,3.0,,0.03,2.4
2018-06-07,67,3.0,,0.03,2.01
2018-06-08,65,3.0,,0.03,1.95
2018-06-09,70,3.0,,0.03,2.1
2018-06-10,76,3.0,False,0.03,2.28
2018-06-11,85,3.0,,0.03,2.55
2018-06-12,80,3.0,,0.03,2.4
2018-06-13,90,3.0,,0.03,2.6999999999999997
2018-06-14,100,3.0,,0.03,3.0
2018-06-15,70,3.0,,0.03,2.1
2018-06-16,66,3.0,,0.03,1.98
2018-06-17,60,3.0,False,0.03,1.7999999999999998
2018-06-18,68,3.0,,0.03,2.04
2018-06-19,83,3.0,,0.03,2.4899999999999998
2018-06-20,74,3.0,,0.03,2.2199999999999998
2018-06-21,77,3.0,,0.03,2.31
2018-06-22,79,3.0,,0.03,2.37
2018-06-23,73,3.0,,0.03,2.19
2018-06-24,89,3.0,False,0.03,2.67
2018-06-25,76,3.0,,0.03,2.28
2018-06-26,67,3.0,,0.03,2.01
2018-06-27,75,3.0,,0.03,2.25
2018-06-28,73,3.0,,0.03,2.19
2018-06-29,74,3.0,,0.03,2.2199999999999998
2018-06-30,73,3.0,,0.03,2.19
2018-07-01,61,3.0,False,0.03,1.8299999999999998
2018-07-02,74,3.0,,0.03,2.2199999999999998
2018-07-03,74,3.0,,0.03,2.2199999999999998
2018-07-04,71,3.0,,0.03,2.13
2018-07-05,74,3.0,,0.03,2.2199999999999998
2018-07-06,57,3.0,,0.03,1.71
2018-07-07,55,3.0,,0.03,1.65
2018-07-08,56,2.0,False,0.02,1.12
2018-07-09,65,2.0,,0.02,1.3
2018-07-10,65,2.0,,0.02,1.3
2018-07-11,68,2.0,,0.02,1.36
2018-07-12,63,2.0,,0.02,1.26
2018-07-13,60,2.0,,0.02,1.2
2018-07-14,61,2.0,,0.02,1.22
2018-07-15,54,3.0,False,0.03,1.6199999999999999
2018-07-16,64,3.0,,0.03,1.92
2018-07-17,83,3.0,,0.03,2.4899999999999998
2018-07-18,93,3.0,,0.03,2.79
2018-07-19,78,3.0,,0.03,2.34
2018-07-20,78,3.0,,0.03,2.34
2018-07-21,62,3.0,,0.03,1.8599999999999999
2018-07-22,67,3.0,False,0.03,2.01
2018-07-23,80,3.0,,0.03,2.4
2018-07-24,100,3.0,,0.03,3.0
2018-07-25,94,3.0,,0.03,2.82
2018-07-26,88,3.0,,0.03,2.6399999999999997
2018-07-27,80,3.0,,0.03,2.4
2018-07-28,70,3.0,,0.03,2.1
2018-07-29,65,3.0,False,0.03,1.95
2018-07-30,85,3.0,,0.03,2.55
2018-07-31,64,3.0,,0.03,1.92
2018-08-01,88,3.0,,0.03,2.6399999999999997
2018-08-02,86,3.0,,0.03,2.58
2018-08-03,86,3.0,,0.03,2.58
2018-08-04,87,3.0,,0.03,2.61
2018-08-05,74,3.0,False,0.03,2.2199999999999998
2018-08-06,88,3.0,,0.03,2.6399999999999997
2018-08-07,77,3.0,,0.03,2.31
2018-08-08,96,3.0,,0.03,2.88
2018-08-09,95,3.0,,0.03,2.85
2018-08-10,79,3.0,,0.03,2.37
2018-08-11,93,3.0,,0.03,2.79
2018-08-12,84,3.0,False,0.03,2.52
2018-08-13,82,3.0,,0.03,2.46
2018-08-14,100,3.0,,0.03,3.0
2018-08-15,77,3.0,,0.03,2.31
2018-08-16,88,3.0,,0.03,2.6399999999999997
2018-08-17,76,3.0,,0.03,2.28
2018-08-18,60,3.0,,0.03,1.7999999999999998
2018-08-19,67,3.0,False,0.03,2.01
2018-08-20,83,3.0,,0.03,2.4899999999999998
2018-08-21,81,3.0,,0.03,2.4299999999999997
2018-08-22,81,3.0,,0.03,2.4299999999999997
2018-08-23,72,3.0,,0.03,2.16
2018-08-24,73,3.0,,0.03,2.19
2018-08-25,70,3.0,,0.03,2.1
2018-08-26,61,3.0,False,0.03,1.8299999999999998
2018-08-27,75,3.0,,0.03,2.25
2018-08-28,90,3.0,,0.03,2.6999999999999997
2018-08-29,76,3.0,,0.03,2.28
2018-08-30,76,3.0,,0.03,2.28
2018-08-31,86,3.0,,0.03,2.58
2018-09-01,65,3.0,,0.03,1.95
2018-09-02,58,3.0,False,0.03,1.74
2018-09-03,65,3.0,,0.03,1.95
2018-09-04,60,3.0,,0.03,1.7999999999999998
2018-09-05,68,3.0,,0.03,2.04
2018-09-06,79,3.0,,0.03,2.37
2018-09-07,68,3.0,,0.03,2.04
2018-09-08,83,3.0,,0.03,2.4899999999999998
2018-09-09,64,3.0,False,0.03,1.92
2018-09-10,60,3.0,,0.03,1.7999999999999998
2018-09-11,65,3.0,,0.03,1.95
2018-09-12,57,3.0,,0.03,1.71
2018-09-13,60,3.0,,0.03,1.7999999999999998
2018-09-14,59,3.0,,0.03,1.77
2018-09-15,100,3.0,,0.03,3.0
2018-09-16,91,3.0,False,0.03,2.73
2018-09-17,58,3.0,,0.03,1.74
2018-09-18,55,3.0,,0.03,1.65
2018-09-19,59,3.0,,0.03,1.77
2018-09-20,60,3.0,,0.03,1.7999999999999998
2018-09-21,66,3.0,,0.03,1.98
2018-09-22,58,3.0,,0.03,1.74
2018-09-23,50,3.0,False,0.03,1.5
2018-09-24,55,3.0,,0.03,1.65
2018-09-25,93,3.0,,0.03,2.79
2018-09-26,66,3.0,,0.03,1.98
2018-09-27,57,3.0,,0.03,1.71
2018-09-28,58,3.0,,0.03,1.74
2018-09-29,51,3.0,,0.03,1.53
2018-09-30,46,2.0,False,0.02,0.92
2018-10-01,84,2.0,,0.02,1.68
2018-10-02,76,2.0,,0.02,1.52
2018-10-03,76,2.0,,0.02,1.52
2018-10-04,83,2.0,,0.02,1.6600000000000001
2018-10-05,81,2.0,,0.02,1.62
2018-10-06,84,2.0,,0.02,1.68
2018-10-07,71,3.0,False,0.03,2.13
2018-10-08,98,3.0,,0.03,2.94
2018-10-09,82,3.0,,0.03,2.46
2018-10-10,80,3.0,,0.03,2.4
2018-10-11,100,3.0,,0.03,3.0
2018-10-12,77,3.0,,0.03,2.31
2018-10-13,78,3.0,,0.03,2.34
2018-10-14,73,2.0,False,0.02,1.46
2018-10-15,93,2.0,,0.02,1.86
2018-10-16,96,2.0,,0.02,1.92
2018-10-17,80,2.0,,0.02,1.6
2018-10-18,81,2.0,,0.02,1.62
2018-10-19,75,2.0,,0.02,1.5
2018-10-20,83,2.0,,0.02,1.6600000000000001
2018-10-21,84,2.0,False,0.02,1.68
2018-10-22,76,2.0,,0.02,1.52
2018-10-23,78,2.0,,0.02,1.56
2018-10-24,83,2.0,,0.02,1.6600000000000001
2018-10-25,78,2.0,,0.02,1.56
2018-10-26,67,2.0,,0.02,1.34
2018-10-27,72,2.0,,0.02,1.44
2018-10-28,62,2.0,False,0.02,1.24
2018-10-29,66,2.0,,0.02,1.32
2018-10-30,68,2.0,,0.02,1.36
2018-10-31,83,2.0,,0.02,1.6600000000000001
2018-11-01,49,2.0,,0.02,0.98
2018-11-02,49,2.0,,0.02,0.98
2018-11-03,51,2.0,,0.02,1.02
2018-11-04,44,2.0,False,0.02,0.88
2018-11-05,43,2.0,,0.02,0.86
2018-11-06,43,2.0,,0.02,0.86
2018-11-07,47,2.0,,0.02,0.9400000000000001
2018-11-08,44,2.0,,0.02,0.88
2018-11-09,44,2.0,,0.02,0.88
2018-11-10,43,2.0,,0.02,0.86
2018-11-11,40,3.0,False,0.03,1.2
2018-11-12,46,3.0,,0.03,1.38
2018-11-13,50,3.0,,0.03,1.5
2018-11-14,65,3.0,,0.03,1.95
2018-11-15,78,3.0,,0.03,2.34
2018-11-16,64,3.0,,0.03,1.92
2018-11-17,63,3.0,,0.03,1.89
2018-11-18,50,4.0,False,0.04,2.0
2018-11-19,77,4.0,,0.04,3.08
2018-11-20,100,4.0,,0.04,4.0
2018-11-21,82,4.0,,0.04,3.2800000000000002
2018-11-22,67,4.0,,0.04,2.68
2018-11-23,72,4.0,,0.04,2.88
2018-11-24,68,4.0,,0.04,2.72
2018-11-25,94,4.0,False,0.04,3.7600000000000002
2018-11-26,81,4.0,,0.04,3.24
2018-11-27,76,4.0,,0.04,3.04
2018-11-28,71,4.0,,0.04,2.84
2018-11-29,71,4.0,,0.04,2.84
2018-11-30,65,4.0,,0.04,2.6
2018-12-01,52,4.0,,0.04,2.08
2018-12-02,45,3.0,False,0.03,1.3499999999999999
2018-12-03,52,3.0,,0.03,1.56
2018-12-04,51,3.0,,0.03,1.53
2018-12-05,54,3.0,,0.03,1.6199999999999999
2018-12-06,62,3.0,,0.03,1.8599999999999999
2018-12-07,73,3.0,,0.03,2.19
2018-12-08,49,3.0,,0.03,1.47
2018-12-09,51,3.0,False,0.03,1.53
2018-12-10,52,3.0,,0.03,1.56
2018-12-11,66,3.0,,0.03,1.98
2018-12-12,100,3.0,,0.03,3.0
2018-12-13,56,3.0,,0.03,1.68
2018-12-14,53,3.0,,0.03,1.5899999999999999
2018-12-15,54,3.0,,0.03,1.6199999999999999
2018-12-16,53,3.0,False,0.03,1.5899999999999999
2018-12-17,54,3.0,,0.03,1.6199999999999999
2018-12-18,51,3.0,,0.03,1.53
2018-12-19,66,3.0,,0.03,1.98
2018-12-20,64,3.0,,0.03,1.92
2018-12-21,58,3.0,,0.03,1.74
2018-12-22,58,3.0,,0.03,1.74
2018-12-23,50,3.0,False,0.03,1.5
2018-12-24,57,3.0,,0.03,1.71
2018-12-25,59,3.0,,0.03,1.77
2018-12-26,47,3.0,,0.03,1.41
2018-12-27,48,3.0,,0.03,1.44
2018-12-28,50,3.0,,0.03,1.5
2018-12-29,47,3.0,,0.03,1.41
2018-12-30,45,2.0,False,0.02,0.9
2018-12-31,42,2.0,,0.02,0.84
2019-01-01,66,2.0,,0.02,1.32
2019-01-02,84,2.0,,0.02,1.68
2019-01-03,85,2.0,,0.02,1.7
2019-01-04,72,2.0,,0.02,1.44
2019-01-05,81,2.0,,0.02,1.62
2019-01-06,84,3.0,False,0.03,2.52
2019-01-07,90,3.0,,0.03,2.6999999999999997
2019-01-08,90,3.0,,0.03,2.6999999999999997
2019-01-09,84,3.0,,0.03,2.52
2019-01-10,100,3.0,,0.03,3.0
2019-01-11,84,3.0,,0.03,2.52
2019-01-12,71,3.0,,0.03,2.13
2019-01-13,78,2.0,False,0.02,1.56
2019-01-14,77,2.0,,0.02,1.54
2019-01-15,75,2.0,,0.02,1.5
2019-01-16,80,2.0,,0.02,1.6
2019-01-17,80,2.0,,0.02,1.6
2019-01-18,83,2.0,,0.02,1.6600000000000001
2019-01-19,78,2.0,,0.02,1.56
2019-01-20,74,2.0,False,0.02,1.48
2019-01-21,73,2.0,,0.02,1.46
2019-01-22,78,2.0,,0.02,1.56
2019-01-23,70,2.0,,0.02,1.4000000000000001
2019-01-24,73,2.0,,0.02,1.46
2019-01-25,68,2.0,,0.02,1.36
2019-01-26,67,2.0,,0.02,1.34
2019-01-27,61,2.0,False,0.02,1.22
2019-01-28,76,2.0,,0.02,1.52
2019-01-29,63,2.0,,0.02,1.26
2019-01-30,69,2.0,,0.02,1.3800000000000001
2019-01-31,78,2.0,,0.02,1.56
2019-02-01,74,2.0,,0.02,1.48
2019-02-02,72,2.0,,0.02,1.44
2019-02-03,69,2.0,False,0.02,1.3800000000000001
2019-02-04,76,2.0,,0.02,1.52
2019-02-05,74,2.0,,0.02,1.48
2019-02-06,74,2.0,,0.02,1.48
2019-02-07,68,2.0,,0.02,1.36
2019-02-08,75,2.0,,0.02,1.5
2019-02-09,81,2.0,,0.02,1.62
2019-02-10,64,2.0,False,0.02,1.28
2019-02-11,77,2.0,,0.02,1.54
2019-02-12,73,2.0,,0.02,1.46
2019-02-13,68,2.0,,0.02,1.36
2019-02-14,81,2.0,,0.02,1.62
2019-02-15,70,2.0,,0.02,1.4000000000000001
2019-02-16,74,2.0,,0.02,1.48
2019-02-17,64,2.0,False,0.02,1.28
2019-02-18,88,2.0,,0.02,1.76
2019-02-19,91,2.0,,0.02,1.82
2019-02-20,92,2.0,,0.02,1.84
2019-02-21,83,2.0,,0.02,1.6600000000000001
2019-02-22,76,2.0,,0.02,1.52
2019-02-23,81,2.0,,0.02,1.62
2019-02-24,100,2.0,False,0.02,2.0
2019-02-25,92,2.0,,0.02,1.84
2019-02-26,78,2.0,,0.02,1.56
2019-02-27,79,2.0,,0.02,1.58
2019-02-28,66,2.0,,0.02,1.32
2019-03-01,87,2.0,,0.02,1.74
2019-03-02,79,2.0,,0.02,1.58
2019-03-03,79,2.0,False,0.02,1.58
2019-03-04,87,2.0,,0.02,1.74
2019-03-05,87,2.0,,0.02,1.74
2019-03-06,86,2.0,,0.02,1.72
2019-03-07,87,2.0,,0.02,1.74
2019-03-08,83,2.0,,0.02,1.6600000000000001
2019-03-09,70,2.0,,0.02,1.4000000000000001
2019-03-10,79,2.0,False,0.02,1.58
2019-03-11,80,2.0,,0.02,1.6
2019-03-12,80,2.0,,0.02,1.6
2019-03-13,74,2.0,,0.02,1.48
2019-03-14,69,2.0,,0.02,1.3800000000000001
2019-03-15,73,2.0,,0.02,1.46
2019-03-16,79,2.0,,0.02,1.58
2019-03-17,73,2.0,False,0.02,1.46
2019-03-18,85,2.0,,0.02,1.7
2019-03-19,89,2.0,,0.02,1.78
2019-03-20,83,2.0,,0.02,1.6600000000000001
2019-03-21,100,2.0,,0.02,2.0
2019-03-22,99,2.0,,0.02,1.98
2019-03-23,94,2.0,,0.02,1.8800000000000001
2019-03-24,70,2.0,False,0.02,1.4000000000000001
2019-03-25,84,2.0,,0.02,1.68
2019-03-26,79,2.0,,0.02,1.58
2019-03-27,79,2.0,,0.02,1.58
2019-03-28,74,2.0,,0.02,1.48
2019-03-29,82,2.0,,0.02,1.6400000000000001
2019-03-30,81,2.0,,0.02,1.62
2019-03-31,76,3.0,False,0.03,2.28
2019-04-01,36,3.0,,0.03,1.08
2019-04-02,72,3.0,,0.03,2.16
2019-04-03,78,3.0,,0.03,2.34
2019-04-04,64,3.0,,0.03,1.92
2019-04-05,49,3.0,,0.03,1.47
2019-04-06,50,3.0,,0.03,1.5
2019-04-07,42,3.0,False,0.03,1.26
2019-04-08,53,3.0,,0.03,1.5899999999999999
2019-04-09,49,3.0,,0.03,1.47
2019-04-10,48,3.0,,0.03,1.44
2019-04-11,49,3.0,,0.03,1.47
2019-04-12,46,3.0,,0.03,1.38
2019-04-13,37,3.0,,0.03,1.1099999999999999
2019-04-14,39,3.0,False,0.03,1.17
2019-04-15,42,3.0,,0.03,1.26
2019-04-16,46,3.0,,0.03,1.38
2019-04-17,45,3.0,,0.03,1.3499999999999999
2019-04-18,40,3.0,,0.03,1.2
2019-04-19,41,3.0,,0.03,1.23
2019-04-20,38,3.0,,0.03,1.14
2019-04-21,36,3.0,False,0.03,1.08
2019-04-22,33,3.0,,0.03,0.99
2019-04-23,51,3.0,,0.03,1.53
2019-04-24,48,3.0,,0.03,1.44
2019-04-25,49,3.0,,0.03,1.47
2019-04-26,71,3.0,,0.03,2.13
2019-04-27,100,3.0,,0.03,3.0
2019-04-28,53,3.0,False,0.03,1.5899999999999999
2019-04-29,43,3.0,,0.03,1.29
2019-04-30,43,3.0,,0.03,1.29
2019-05-01,41,3.0,,0.03,1.23
2019-05-02,40,3.0,,0.03,1.2
2019-05-03,55,3.0,,0.03,1.65
2019-05-04,47,3.0,,0.03,1.41
2019-05-05,47,4.0,False,0.04,1.8800000000000001
2019-05-06,47,4.0,,0.04,1.8800000000000001
2019-05-07,51,4.0,,0.04,2.04
2019-05-08,51,4.0,,0.04,2.04
2019-05-09,52,4.0,,0.04,2.08
2019-05-10,62,4.0,,0.04,2.48
2019-05-11,88,4.0,,0.04,3.52
2019-05-12,93,6.0,False,0.06,5.58
2019-05-13,87,6.0,,0.06,5.22
2019-05-14,100,6.0,,0.06,6.0
2019-05-15,93,6.0,,0.06,5.58
2019-05-16,84,6.0,,0.06,5.04
2019-05-17,88,6.0,,0.06,5.279999999999999
2019-05-18,67,6.0,,0.06,4.02
2019-05-19,60,4.0,False,0.04,2.4
2019-05-20,68,4.0,,0.04,2.72
2019-05-21,67,4.0,,0.04,2.68
2019-05-22,64,4.0,,0.04,2.56
2019-05-23,56,4.0,,0.04,2.24
2019-05-24,63,4.0,,0.04,2.52
2019-05-25,57,4.0,,0.04,2.2800000000000002
2019-05-26,64,4.0,False,0.04,2.56
2019-05-27,85,4.0,,0.04,3.4
2019-05-28,80,4.0,,0.04,3.2
2019-05-29,70,4.0,,0.04,2.8000000000000003
2019-05-30,67,4.0,,0.04,2.68
2019-05-31,65,4.0,,0.04,2.6
2019-06-01,37,4.0,,0.04,1.48
2019-06-02,33,4.0,False,0.04,1.32
2019-06-03,35,4.0,,0.04,1.4000000000000001
2019-06-04,42,4.0,,0.04,1.68
2019-06-05,34,4.0,,0.04,1.36
2019-06-06,37,4.0,,0.04,1.48
2019-06-07,36,4.0,,0.04,1.44
2019-06-08,29,4.0,,0.04,1.16
2019-06-09,28,3.0,False,0.03,0.84
2019-06-10,31,3.0,,0.03,0.9299999999999999
2019-06-11,28,3.0,,0.03,0.84
2019-06-12,31,3.0,,0.03,0.9299999999999999
2019-06-13,35,3.0,,0.03,1.05
2019-06-14,30,3.0,,0.03,0.8999999999999999
2019-06-15,37,3.0,,0.03,1.1099999999999999
2019-06-16,44,5.0,False,0.05,2.2
2019-06-17,42,5.0,,0.05,2.1
2019-06-18,40,5.0,,0.05,2.0
2019-06-19,36,5.0,,0.05,1.8
2019-06-20,36,5.0,,0.05,1.8
2019-06-21,46,5.0,,0.05,2.3000000000000003
2019-06-22,76,5.0,,0.05,3.8000000000000003
2019-06-23,55,7.0,False,0.07,3.8500000000000005
2019-06-24,57,7.0,,0.07,3.99
2019-06-25,57,7.0,,0.07,3.99
2019-06-26,100,7.0,,0.07,7.000000000000001
2019-06-27,87,7.0,,0.07,6.090000000000001
2019-06-28,67,7.0,,0.07,4.69
2019-06-29,55,7.0,,0.07,3.8500000000000005
2019-06-30,49,5.0,False,0.05,2.45
2019-07-01,99,5.0,,0.05,4.95
2019-07-02,100,5.0,,0.05,5.0
2019-07-03,97,5.0,,0.05,4.8500000000000005
2019-07-04,100,5.0,,0.05,5.0
2019-07-05,85,5.0,,0.05,4.25
2019-07-06,76,5.0,,0.05,3.8000000000000003
2019-07-07,71,5.0,False,0.05,3.5500000000000003
2019-07-08,90,5.0,,0.05,4.5
2019-07-09,95,5.0,,0.05,4.75
2019-07-10,99,5.0,,0.05,4.95
2019-07-11,89,5.0,,0.05,4.45
2019-07-12,93,5.0,,0.05,4.65
2019-07-13,82,5.0,,0.05,4.1000000000000005
2019-07-14,75,5.0,False,0.05,3.75
2019-07-15,85,5.0,,0.05,4.25
2019-07-16,95,5.0,,0.05,4.75
2019-07-17,92,5.0,,0.05,4.6000000000000005
2019-07-18,87,5.0,,0.05,4.3500000000000005
2019-07-19,86,5.0,,0.05,4.3
2019-07-20,74,5.0,,0.05,3.7
2019-07-21,70,4.0,False,0.04,2.8000000000000003
2019-07-22,69,4.0,,0.04,2.7600000000000002
2019-07-23,77,4.0,,0.04,3.08
2019-07-24,74,4.0,,0.04,2.96
2019-07-25,73,4.0,,0.04,2.92
2019-07-26,61,4.0,,0.04,2.44
2019-07-27,70,4.0,,0.04,2.8000000000000003
2019-07-28,58,4.0,False,0.04,2.32
2019-07-29,56,4.0,,0.04,2.24
2019-07-30,64,4.0,,0.04,2.56
2019-07-31,61,4.0,,0.04,2.44
2019-08-01,2,4.0,,0.04,0.08
2019-08-02,3,4.0,,0.04,0.12
2019-08-03,3,4.0,,0.04,0.12
2019-08-04,2,4.0,False,0.04,0.08
2019-08-05,4,4.0,,0.04,0.16
2019-08-06,3,4.0,,0.04,0.12
2019-08-07,3,4.0,,0.04,0.12
2019-08-08,3,4.0,,0.04,0.12
2019-08-09,3,4.0,,0.04,0.12
2019-08-10,3,4.0,,0.04,0.12
2019-08-11,2,4.0,False,0.04,0.08
2019-08-12,2,4.0,,0.04,0.08
2019-08-13,3,4.0,,0.04,0.12
2019-08-14,3,4.0,,0.04,0.12
2019-08-15,3,4.0,,0.04,0.12
2019-08-16,3,4.0,,0.04,0.12
2019-08-17,2,4.0,,0.04,0.08
2019-08-18,2,3.0,False,0.03,0.06
2019-08-19,2,3.0,,0.03,0.06
2019-08-20,3,3.0,,0.03,0.09
2019-08-21,2,3.0,,0.03,0.06
2019-08-22,2,3.0,,0.03,0.06
2019-08-23,3,3.0,,0.03,0.09
2019-08-24,2,3.0,,0.03,0.06
2019-08-25,2,35.0,False,0.35,0.7
2019-08-26,3,35.0,,0.35,1.0499999999999998
2019-08-27,3,35.0,,0.35,1.0499999999999998
2019-08-28,3,35.0,,0.35,1.0499999999999998
2019-08-29,3,35.0,,0.35,1.0499999999999998
2019-08-30,76,35.0,,0.35,26.599999999999998
2019-08-31,100,35.0,,0.35,35.0
2019-09-01,98,100.0,False,1.0,98.0
2019-09-02,71,100.0,,1.0,71.0
2019-09-03,70,100.0,,1.0,70.0
2019-09-04,93,100.0,,1.0,93.0
2019-09-05,100,100.0,,1.0,100.0
2019-09-06,79,100.0,,1.0,79.0
2019-09-07,44,100.0,,1.0,44.0
2019-09-08,43,54.0,False,0.54,23.220000000000002
2019-09-09,39,54.0,,0.54,21.060000000000002
2019-09-10,39,54.0,,0.54,21.060000000000002
2019-09-11,40,54.0,,0.54,21.6
2019-09-12,40,54.0,,0.54,21.6
2019-09-13,44,54.0,,0.54,23.76
2019-09-14,44,54.0,,0.54,23.76
2019-09-15,43,46.0,False,0.46,19.78
2019-09-16,38,46.0,,0.46,17.48
2019-09-17,40,46.0,,0.46,18.400000000000002
2019-09-18,36,46.0,,0.46,16.560000000000002
2019-09-19,36,46.0,,0.46,16.560000000000002
2019-09-20,35,46.0,,0.46,16.1
2019-09-21,36,46.0,,0.46,16.560000000000002
2019-09-22,34,28.0,False,0.28,9.520000000000001
2019-09-23,31,28.0,,0.28,8.680000000000001
2019-09-24,28,28.0,,0.28,7.840000000000001
2019-09-25,26,28.0,,0.28,7.280000000000001
2019-09-26,25,28.0,,0.28,7.000000000000001
2019-09-27,6,28.0,,0.28,1.6800000000000002
2019-09-28,2,28.0,,0.28,0.56
2019-09-29,2,3.0,False,0.03,0.06
2019-09-30,3,3.0,,0.03,0.09
2019-10-01,57,3.0,,0.03,1.71
2019-10-02,62,3.0,,0.03,1.8599999999999999
2019-10-03,57,3.0,,0.03,1.71
2019-10-04,56,3.0,,0.03,1.68
2019-10-05,52,3.0,,0.03,1.56
2019-10-06,55,3.0,False,0.03,1.65
2019-10-07,66,3.0,,0.03,1.98
2019-10-08,56,3.0,,0.03,1.68
2019-10-09,58,3.0,,0.03,1.74
2019-10-10,56,3.0,,0.03,1.68
2019-10-11,58,3.0,,0.03,1.74
2019-10-12,48,3.0,,0.03,1.44
2019-10-13,46,3.0,False,0.03,1.38
2019-10-14,53,3.0,,0.03,1.5899999999999999
2019-10-15,49,3.0,,0.03,1.47
2019-10-16,54,3.0,,0.03,1.6199999999999999
2019-10-17,64,3.0,,0.03,1.92
2019-10-18,54,3.0,,0.03,1.6199999999999999
2019-10-19,55,3.0,,0.03,1.65
2019-10-20,51,3.0,False,0.03,1.53
2019-10-21,56,3.0,,0.03,1.68
2019-10-22,93,3.0,,0.03,2.79
2019-10-23,67,3.0,,0.03,2.01
2019-10-24,59,3.0,,0.03,1.77
2019-10-25,65,3.0,,0.03,1.95
2019-10-26,100,3.0,,0.03,3.0
2019-10-27,74,3.0,False,0.03,2.2199999999999998
2019-10-28,69,3.0,,0.03,2.07
2019-10-29,67,3.0,,0.03,2.01
2019-10-30,66,3.0,,0.03,1.98
2019-10-31,60,3.0,,0.03,1.7999999999999998
2019-11-01,73,3.0,,0.03,2.19
2019-11-02,67,3.0,,0.03,2.01
2019-11-03,64,3.0,False,0.03,1.92
2019-11-04,68,3.0,,0.03,2.04
2019-11-05,68,3.0,,0.03,2.04
2019-11-06,67,3.0,,0.03,2.01
2019-11-07,75,3.0,,0.03,2.25
2019-11-08,78,3.0,,0.03,2.34
2019-11-09,63,3.0,,0.03,1.89
2019-11-10,59,3.0,False,0.03,1.77
2019-11-11,68,3.0,,0.03,2.04
2019-11-12,74,3.0,,0.03,2.2199999999999998
2019-11-13,58,3.0,,0.03,1.74
2019-11-14,62,3.0,,0.03,1.8599999999999999
2019-11-15,68,3.0,,0.03,2.04
2019-11-16,64,3.0,,0.03,1.92
2019-11-17,56,3.0,False,0.03,1.68
2019-11-18,65,3.0,,0.03,1.95
2019-11-19,77,3.0,,0.03,2.31
2019-11-20,70,3.0,,0.03,2.1
2019-11-21,81,3.0,,0.03,2.4299999999999997
2019-11-22,100,3.0,,0.03,3.0
2019-11-23,83,3.0,,0.03,2.4899999999999998
2019-11-24,74,3.0,False,0.03,2.2199999999999998
2019-11-25,98,3.0,,0.03,2.94
2019-11-26,81,3.0,,0.03,2.4299999999999997
2019-11-27,84,3.0,,0.03,2.52
2019-11-28,72,3.0,,0.03,2.16
2019-11-29,73,3.0,,0.03,2.19
2019-11-30,73,3.0,,0.03,2.19
2019-12-01,79,3.0,False,0.03,2.37
2019-12-02,75,3.0,,0.03,2.25
2019-12-03,81,3.0,,0.03,2.4299999999999997
2019-12-04,86,3.0,,0.03,2.58
2019-12-05,79,3.0,,0.03,2.37
2019-12-06,76,3.0,,0.03,2.28
2019-12-07,73,3.0,,0.03,2.19
2019-12-08,60,3.0,False,0.03,1.7999999999999998
2019-12-09,74,3.0,,0.03,2.2199999999999998
2019-12-10,73,3.0,,0.03,2.19
2019-12-11,84,3.0,,0.03,2.52
2019-12-12,75,3.0,,0.03,2.25
2019-12-13,77,3.0,,0.03,2.31
2019-12-14,79,3.0,,0.03,2.37
2019-12-15,72,3.0,False,0.03,2.16
2019-12-16,79,3.0,,0.03,2.37
2019-12-17,81,3.0,,0.03,2.4299999999999997
2019-12-18,86,3.0,,0.03,2.58
2019-12-19,80,3.0,,0.03,2.4
2019-12-20,68,3.0,,0.03,2.04
2019-12-21,85,3.0,,0.03,2.55
2019-12-22,76,3.0,False,0.03,2.28
2019-12-23,89,3.0,,0.03,2.67
2019-12-24,75,3.0,,0.03,2.25
2019-12-25,100,3.0,,0.03,3.0
2019-12-26,70,3.0,,0.03,2.1
2019-12-27,68,3.0,,0.03,2.04
2019-12-28,79,3.0,,0.03,2.37
2019-12-29,74,3.0,False,0.03,2.2199999999999998
2019-12-30,64,3.0,,0.03,1.92
2019-12-31,71,3.0,,0.03,2.13
2020-01-01,64,3.0,,0.03,1.92
2020-01-02,62,3.0,,0.03,1.8599999999999999
2020-01-03,79,3.0,,0.03,2.37
2020-01-04,70,3.0,,0.03,2.1
2020-01-05,76,3.0,False,0.03,2.28
2020-01-06,72,3.0,,0.03,2.16
2020-01-07,98,3.0,,0.03,2.94
2020-01-08,100,3.0,,0.03,3.0
2020-01-09,78,3.0,,0.03,2.34
2020-01-10,72,3.0,,0.03,2.16
2020-01-11,77,3.0,,0.03,2.31
2020-01-12,75,3.0,False,0.03,2.25
2020-01-13,77,3.0,,0.03,2.31
2020-01-14,94,3.0,,0.03,2.82
2020-01-15,91,3.0,,0.03,2.73
2020-01-16,91,3.0,,0.03,2.73
2020-01-17,92,3.0,,0.03,2.76
2020-01-18,92,3.0,,0.03,2.76
2020-01-19,78,3.0,False,0.03,2.34
2020-01-20,77,3.0,,0.03,2.31
2020-01-21,78,3.0,,0.03,2.34
2020-01-22,76,3.0,,0.03,2.28
2020-01-23,69,3.0,,0.03,2.07
2020-01-24,65,3.0,,0.03,1.95
2020-01-25,70,3.0,,0.03,2.1
2020-01-26,62,3.0,False,0.03,1.8599999999999999
2020-01-27,72,3.0,,0.03,2.16
2020-01-28,86,3.0,,0.03,2.58
2020-01-29,99,3.0,,0.03,2.9699999999999998
2020-01-30,88,3.0,,0.03,2.6399999999999997
2020-01-31,94,3.0,,0.03,2.82
2020-02-01,73,3.0,,0.03,2.19
2020-02-02,62,3.0,False,0.03,1.8599999999999999
2020-02-03,68,3.0,,0.03,2.04
2020-02-04,72,3.0,,0.03,2.16
2020-02-05,77,3.0,,0.03,2.31
2020-02-06,78,3.0,,0.03,2.34
2020-02-07,84,3.0,,0.03,2.52
2020-02-08,79,3.0,,0.03,2.37
2020-02-09,84,4.0,False,0.04,3.36
2020-02-10,83,4.0,,0.04,3.3200000000000003
2020-02-11,79,4.0,,0.04,3.16
2020-02-12,88,4.0,,0.04,3.52
2020-02-13,100,4.0,,0.04,4.0
2020-02-14,75,4.0,,0.04,3.0
2020-02-15,68,4.0,,0.04,2.72
2020-02-16,73,3.0,False,0.03,2.19
2020-02-17,80,3.0,,0.03,2.4
2020-02-18,79,3.0,,0.03,2.37
2020-02-19,75,3.0,,0.03,2.25
2020-02-20,78,3.0,,0.03,2.34
2020-02-21,74,3.0,,0.03,2.2199999999999998
2020-02-22,62,3.0,,0.03,1.8599999999999999
2020-02-23,65,3.0,False,0.03,1.95
2020-02-24,78,3.0,,0.03,2.34
2020-02-25,74,3.0,,0.03,2.2199999999999998
2020-02-26,76,3.0,,0.03,2.28
2020-02-27,78,3.0,,0.03,2.34
2020-02-28,77,3.0,,0.03,2.31
2020-02-29,64,3.0,,0.03,1.92
2020-03-01,30,3.0,False,0.03,0.8999999999999999
2020-03-02,33,3.0,,0.03,0.99
2020-03-03,30,3.0,,0.03,0.8999999999999999
2020-03-04,28,3.0,,0.03,0.84
2020-03-05,35,3.0,,0.03,1.05
2020-03-06,35,3.0,,0.03,1.05
2020-03-07,29,3.0,,0.03,0.87
2020-03-08,36,5.0,False,0.05,1.8
2020-03-09,48,5.0,,0.05,2.4000000000000004
2020-03-10,39,5.0,,0.05,1.9500000000000002
2020-03-11,37,5.0,,0.05,1.85
2020-03-12,74,5.0,,0.05,3.7
2020-03-13,100,5.0,,0.05,5.0
2020-03-14,61,5.0,,0.05,3.0500000000000003
2020-03-15,51,5.0,False,0.05,2.5500000000000003
2020-03-16,69,5.0,,0.05,3.45
2020-03-17,50,5.0,,0.05,2.5
2020-03-18,49,5.0,,0.05,2.45
2020-03-19,58,5.0,,0.05,2.9000000000000004
2020-03-20,58,5.0,,0.05,2.9000000000000004
2020-03-21,44,5.0,,0.05,2.2
2020-03-22,47,4.0,False,0.04,1.8800000000000001
2020-03-23,44,4.0,,0.04,1.76
2020-03-24,44,4.0,,0.04,1.76
2020-03-25,42,4.0,,0.04,1.68
2020-03-26,36,4.0,,0.04,1.44
2020-03-27,33,4.0,,0.04,1.32
2020-03-28,37,4.0,,0.04,1.48
2020-03-29,37,3.0,False,0.03,1.1099999999999999
2020-03-30,35,3.0,,0.03,1.05
2020-03-31,33,3.0,,0.03,0.99
2020-04-01,50,3.0,,0.03,1.5
2020-04-02,68,3.0,,0.03,2.04
2020-04-03,69,3.0,,0.03,2.07
2020-04-04,61,3.0,,0.03,1.8299999999999998
2020-04-05,52,3.0,False,0.03,1.56
2020-04-06,58,3.0,,0.03,1.74
2020-04-07,66,3.0,,0.03,1.98
2020-04-08,61,3.0,,0.03,1.8299999999999998
2020-04-09,60,3.0,,0.03,1.7999999999999998
2020-04-10,60,3.0,,0.03,1.7999999999999998
2020-04-11,52,3.0,,0.03,1.56
2020-04-12,48,3.0,False,0.03,1.44
2020-04-13,64,3.0,,0.03,1.92
2020-04-14,54,3.0,,0.03,1.6199999999999999
2020-04-15,57,3.0,,0.03,1.71
2020-04-16,60,3.0,,0.03,1.7999999999999998
2020-04-17,54,3.0,,0.03,1.6199999999999999
2020-04-18,54,3.0,,0.03,1.6199999999999999
2020-04-19,54,3.0,False,0.03,1.6199999999999999
2020-04-20,54,3.0,,0.03,1.6199999999999999
2020-04-21,54,3.0,,0.03,1.6199999999999999
2020-04-22,55,3.0,,0.03,1.65
2020-04-23,60,3.0,,0.03,1.7999999999999998
2020-04-24,57,3.0,,0.03,1.71
2020-04-25,63,3.0,,0.03,1.89
2020-04-26,59,4.0,False,0.04,2.36
2020-04-27,63,4.0,,0.04,2.52
2020-04-28,57,4.0,,0.04,2.2800000000000002
2020-04-29,86,4.0,,0.04,3.44
2020-04-30,100,4.0,,0.04,4.0
2020-05-01,73,4.0,,0.04,2.92
2020-05-02,65,4.0,,0.04,2.6
2020-05-03,71,5.0,False,0.05,3.5500000000000003
2020-05-04,61,5.0,,0.05,3.0500000000000003
2020-05-05,57,5.0,,0.05,2.85
2020-05-06,71,5.0,,0.05,3.5500000000000003
2020-05-07,79,5.0,,0.05,3.95
2020-05-08,86,5.0,,0.05,4.3
2020-05-09,80,5.0,,0.05,4.0
2020-05-10,100,6.0,False,0.06,6.0
2020-05-11,100,6.0,,0.06,6.0
2020-05-12,85,6.0,,0.06,5.1
2020-05-13,77,6.0,,0.06,4.62
2020-05-14,86,6.0,,0.06,5.16
2020-05-15,75,6.0,,0.06,4.5
2020-05-16,71,6.0,,0.06,4.26
2020-05-17,65,4.0,False,0.04,2.6
2020-05-18,62,4.0,,0.04,2.48
2020-05-19,59,4.0,,0.04,2.36
2020-05-20,63,4.0,,0.04,2.52
2020-05-21,73,4.0,,0.04,2.92
2020-05-22,55,4.0,,0.04,2.2
2020-05-23,53,4.0,,0.04,2.12
2020-05-24,51,4.0,False,0.04,2.04
2020-05-25,59,4.0,,0.04,2.36
2020-05-26,56,4.0,,0.04,2.24
2020-05-27,59,4.0,,0.04,2.36
2020-05-28,53,4.0,,0.04,2.12
2020-05-29,61,4.0,,0.04,2.44
2020-05-30,55,4.0,,0.04,2.2
2020-05-31,52,4.0,False,0.04,2.08
2020-06-01,67,4.0,,0.04,2.68
2020-06-02,100,4.0,,0.04,4.0
2020-06-03,86,4.0,,0.04,3.44
2020-06-04,79,4.0,,0.04,3.16
2020-06-05,70,4.0,,0.04,2.8000000000000003
2020-06-06,73,4.0,,0.04,2.92
2020-06-07,70,4.0,False,0.04,2.8000000000000003
2020-06-08,66,4.0,,0.04,2.64
2020-06-09,66,4.0,,0.04,2.64
2020-06-10,70,4.0,,0.04,2.8000000000000003
2020-06-11,73,4.0,,0.04,2.92
2020-06-12,66,4.0,,0.04,2.64
2020-06-13,62,4.0,,0.04,2.48
2020-06-14,53,3.0,False,0.03,1.5899999999999999
2020-06-15,69,3.0,,0.03,2.07
2020-06-16,59,3.0,,0.03,1.77
2020-06-17,62,3.0,,0.03,1.8599999999999999
2020-06-18,62,3.0,,0.03,1.8599999999999999
2020-06-19,56,3.0,,0.03,1.68
2020-06-20,49,3.0,,0.03,1.47
2020-06-21,54,3.0,False,0.03,1.6199999999999999
2020-06-22,66,3.0,,0.03,1.98
2020-06-23,59,3.0,,0.03,1.77
2020-06-24,64,3.0,,0.03,1.92
2020-06-25,59,3.0,,0.03,1.77
2020-06-26,63,3.0,,0.03,1.89
2020-06-27,58,3.0,,0.03,1.74
2020-06-28,58,3.0,False,0.03,1.74
2020-06-29,63,3.0,,0.03,1.89
2020-06-30,61,3.0,,0.03,1.8299999999999998
2020-07-01,51,3.0,,0.03,1.53
2020-07-02,50,3.0,,0.03,1.5
2020-07-03,46,3.0,,0.03,1.38
2020-07-04,51,3.0,,0.03,1.53
2020-07-05,42,3.0,False,0.03,1.26
2020-07-06,47,3.0,,0.03,1.41
2020-07-07,42,3.0,,0.03,1.26
2020-07-08,47,3.0,,0.03,1.41
2020-07-09,47,3.0,,0.03,1.41
2020-07-10,45,3.0,,0.03,1.3499999999999999
2020-07-11,38,3.0,,0.03,1.14
2020-07-12,39,3.0,False,0.03,1.17
2020-07-13,46,3.0,,0.03,1.38
2020-07-14,48,3.0,,0.03,1.44
2020-07-15,56,3.0,,0.03,1.68
2020-07-16,57,3.0,,0.03,1.71
2020-07-17,46,3.0,,0.03,1.38
2020-07-18,43,3.0,,0.03,1.29
2020-07-19,41,3.0,False,0.03,1.23
2020-07-20,44,3.0,,0.03,1.3199999999999998
2020-07-21,46,3.0,,0.03,1.38
2020-07-22,44,3.0,,0.03,1.3199999999999998
2020-07-23,48,3.0,,0.03,1.44
2020-07-24,47,3.0,,0.03,1.41
2020-07-25,49,3.0,,0.03,1.47
2020-07-26,61,5.0,False,0.05,3.0500000000000003
2020-07-27,93,5.0,,0.05,4.65
2020-07-28,100,5.0,,0.05,5.0
2020-07-29,81,5.0,,0.05,4.05
2020-07-30,62,5.0,,0.05,3.1
2020-07-31,66,5.0,,0.05,3.3000000000000003
2020-08-01,89,5.0,,0.05,4.45
2020-08-02,100,5.0,False,0.05,5.0
2020-08-03,72,5.0,,0.05,3.6
2020-08-04,72,5.0,,0.05,3.6
2020-08-05,69,5.0,,0.05,3.45
2020-08-06,80,5.0,,0.05,4.0
2020-08-07,76,5.0,,0.05,3.8000000000000003
2020-08-08,66,5.0,,0.05,3.3000000000000003
2020-08-09,69,4.0,False,0.04,2.7600000000000002
2020-08-10,73,4.0,,0.04,2.92
2020-08-11,76,4.0,,0.04,3.04
2020-08-12,69,4.0,,0.04,2.7600000000000002
2020-08-13,63,4.0,,0.04,2.52
2020-08-14,67,4.0,,0.04,2.68
2020-08-15,72,4.0,,0.04,2.88
2020-08-16,64,4.0,False,0.04,2.56
2020-08-17,82,4.0,,0.04,3.2800000000000002
2020-08-18,75,4.0,,0.04,3.0
2020-08-19,73,4.0,,0.04,2.92
2020-08-20,68,4.0,,0.04,2.72
2020-08-21,68,4.0,,0.04,2.72
2020-08-22,61,4.0,,0.04,2.44
2020-08-23,49,3.0,False,0.03,1.47
2020-08-24,57,3.0,,0.03,1.71
2020-08-25,61,3.0,,0.03,1.8299999999999998
2020-08-26,61,3.0,,0.03,1.8299999999999998
2020-08-27,55,3.0,,0.03,1.65
2020-08-28,62,3.0,,0.03,1.8599999999999999
2020-08-29,56,3.0,,0.03,1.68
2020-08-30,53,4.0,False,0.04,2.12
2020-08-31,60,4.0,,0.04,2.4
2020-09-01,87,4.0,,0.04,3.48
2020-09-02,89,4.0,,0.04,3.56
2020-09-03,100,4.0,,0.04,4.0
2020-09-04,98,4.0,,0.04,3.92
2020-09-05,95,4.0,,0.04,3.8000000000000003
2020-09-06,82,3.0,False,0.03,2.46
2020-09-07,86,3.0,,0.03,2.58
2020-09-08,85,3.0,,0.03,2.55
2020-09-09,78,3.0,,0.03,2.34
2020-09-10,81,3.0,,0.03,2.4299999999999997
2020-09-11,76,3.0,,0.03,2.28
2020-09-12,73,3.0,,0.03,2.19
2020-09-13,66,3.0,False,0.03,1.98
2020-09-14,64,3.0,,0.03,1.92
2020-09-15,76,3.0,,0.03,2.28
2020-09-16,85,3.0,,0.03,2.55
2020-09-17,69,3.0,,0.03,2.07
2020-09-18,75,3.0,,0.03,2.25
2020-09-19,71,3.0,,0.03,2.13
2020-09-20,60,3.0,False,0.03,1.7999999999999998
2020-09-21,68,3.0,,0.03,2.04
2020-09-22,68,3.0,,0.03,2.04
2020-09-23,72,3.0,,0.03,2.16
2020-09-24,59,3.0,,0.03,1.77
2020-09-25,74,3.0,,0.03,2.2199999999999998
2020-09-26,63,3.0,,0.03,1.89
2020-09-27,55,3.0,False,0.03,1.65
2020-09-28,68,3.0,,0.03,2.04
2020-09-29,70,3.0,,0.03,2.1
2020-09-30,67,3.0,,0.03,2.01
2020-10-01,53,3.0,,0.03,1.5899999999999999
2020-10-02,60,3.0,,0.03,1.7999999999999998
2020-10-03,56,3.0,,0.03,1.68
2020-10-04,44,3.0,False,0.03,1.3199999999999998
2020-10-05,50,3.0,,0.03,1.5
2020-10-06,50,3.0,,0.03,1.5
2020-10-07,48,3.0,,0.03,1.44
2020-10-08,53,3.0,,0.03,1.5899999999999999
2020-10-09,62,3.0,,0.03,1.8599999999999999
2020-10-10,71,3.0,,0.03,2.13
2020-10-11,57,3.0,False,0.03,1.71
2020-10-12,64,3.0,,0.03,1.92
2020-10-13,62,3.0,,0.03,1.8599999999999999
2020-10-14,55,3.0,,0.03,1.65
2020-10-15,54,3.0,,0.03,1.6199999999999999
2020-10-16,55,3.0,,0.03,1.65
2020-10-17,54,3.0,,0.03,1.6199999999999999
2020-10-18,49,4.0,False,0.04,1.96
2020-10-19,56,4.0,,0.04,2.24
2020-10-20,62,4.0,,0.04,2.48
2020-10-21,99,4.0,,0.04,3.96
2020-10-22,100,4.0,,0.04,4.0
2020-10-23,91,4.0,,0.04,3.64
2020-10-24,73,4.0,,0.04,2.92
2020-10-25,69,4.0,False,0.04,2.7600000000000002
2020-10-26,78,4.0,,0.04,3.12
2020-10-27,94,4.0,,0.04,3.7600000000000002
2020-10-28,95,4.0,,0.04,3.8000000000000003
2020-10-29,75,4.0,,0.04,3.0
2020-10-30,76,4.0,,0.04,3.04
2020-10-31,92,4.0,,0.04,3.68
2020-11-01,49,5.0,False,0.05,2.45
2020-11-02,46,5.0,,0.05,2.3000000000000003
2020-11-03,48,5.0,,0.05,2.4000000000000004
2020-11-04,44,5.0,,0.05,2.2
2020-11-05,68,5.0,,0.05,3.4000000000000004
2020-11-06,75,5.0,,0.05,3.75
2020-11-07,64,5.0,,0.05,3.2
2020-11-08,61,5.0,False,0.05,3.0500000000000003
2020-11-09,59,5.0,,0.05,2.95
2020-11-10,52,5.0,,0.05,2.6
2020-11-11,51,5.0,,0.05,2.5500000000000003
2020-11-12,57,5.0,,0.05,2.85
2020-11-13,69,5.0,,0.05,3.45
2020-11-14,62,5.0,,0.05,3.1
2020-11-15,48,6.0,False,0.06,2.88
2020-11-16,61,6.0,,0.06,3.6599999999999997
2020-11-17,85,6.0,,0.06,5.1
2020-11-18,98,6.0,,0.06,5.88
2020-11-19,76,6.0,,0.06,4.56
2020-11-20,84,6.0,,0.06,5.04
2020-11-21,79,6.0,,0.06,4.74
2020-11-22,71,6.0,False,0.06,4.26
2020-11-23,66,6.0,,0.06,3.96
2020-11-24,100,6.0,,0.06,6.0
2020-11-25,77,6.0,,0.06,4.62
2020-11-26,94,6.0,,0.06,5.64
2020-11-27,76,6.0,,0.06,4.56
2020-11-28,64,6.0,,0.06,3.84
2020-11-29,60,6.0,False,0.06,3.5999999999999996
2020-11-30,88,6.0,,0.06,5.279999999999999
2020-12-01,51,6.0,,0.06,3.06
2020-12-02,42,6.0,,0.06,2.52
2020-12-03,40,6.0,,0.06,2.4
2020-12-04,38,6.0,,0.06,2.28
2020-12-05,38,6.0,,0.06,2.28
2020-12-06,32,5.0,False,0.05,1.6
2020-12-07,35,5.0,,0.05,1.75
2020-12-08,34,5.0,,0.05,1.7000000000000002
2020-12-09,37,5.0,,0.05,1.85
2020-12-10,33,5.0,,0.05,1.6500000000000001
2020-12-11,33,5.0,,0.05,1.6500000000000001
2020-12-12,44,5.0,,0.05,2.2
2020-12-13,39,7.0,False,0.07,2.7300000000000004
2020-12-14,35,7.0,,0.07,2.45
2020-12-15,33,7.0,,0.07,2.31
2020-12-16,64,7.0,,0.07,4.48
2020-12-17,100,7.0,,0.07,7.000000000000001
2020-12-18,62,7.0,,0.07,4.340000000000001
2020-12-19,56,7.0,,0.07,3.9200000000000004
2020-12-20,52,7.0,False,0.07,3.6400000000000006
2020-12-21,61,7.0,,0.07,4.2700000000000005
2020-12-22,51,7.0,,0.07,3.5700000000000003
2020-12-23,51,7.0,,0.07,3.5700000000000003
2020-12-24,46,7.0,,0.07,3.22
2020-12-25,48,7.0,,0.07,3.3600000000000003
2020-12-26,68,7.0,,0.07,4.760000000000001
2020-12-27,90,10.0,False,0.1,9.0
2020-12-28,70,10.0,,0.1,7.0
2020-12-29,56,10.0,,0.1,5.6000000000000005
2020-12-30,68,10.0,,0.1,6.800000000000001
2020-12-31,75,10.0,,0.1,7.5
2021-01-01,41,10.0,,0.1,4.1000000000000005
2021-01-02,73,10.0,,0.1,7.300000000000001
2021-01-03,84,15.0,False,0.15,12.6
2021-01-04,70,15.0,,0.15,10.5
2021-01-05,55,15.0,,0.15,8.25
2021-01-06,63,15.0,,0.15,9.45
2021-01-07,91,15.0,,0.15,13.65
2021-01-08,90,15.0,,0.15,13.5
2021-01-09,68,15.0,,0.15,10.2
2021-01-10,69,14.0,False,0.14,9.66
2021-01-11,100,14.0,,0.14,14.000000000000002
2021-01-12,72,14.0,,0.14,10.080000000000002
2021-01-13,60,14.0,,0.14,8.4
2021-01-14,64,14.0,,0.14,8.96
2021-01-15,61,14.0,,0.14,8.540000000000001
2021-01-16,53,14.0,,0.14,7.420000000000001
2021-01-17,49,9.0,False,0.09,4.41
2021-01-18,40,9.0,,0.09,3.5999999999999996
2021-01-19,46,9.0,,0.09,4.14
2021-01-20,46,9.0,,0.09,4.14
2021-01-21,54,9.0,,0.09,4.859999999999999
2021-01-22,55,9.0,,0.09,4.95
2021-01-23,42,9.0,,0.09,3.78
2021-01-24,41,9.0,False,0.09,3.69
2021-01-25,42,9.0,,0.09,3.78
2021-01-26,34,9.0,,0.09,3.06
2021-01-27,39,9.0,,0.09,3.51
2021-01-28,41,9.0,,0.09,3.69
2021-01-29,69,9.0,,0.09,6.21
2021-01-30,43,9.0,,0.09,3.8699999999999997
2021-01-31,36,8.0,False,0.08,2.88
2021-02-01,43,8.0,,0.08,3.44
2021-02-02,38,8.0,,0.08,3.04
2021-02-03,41,8.0,,0.08,3.2800000000000002
2021-02-04,42,8.0,,0.08,3.36
2021-02-05,39,8.0,,0.08,3.12
2021-02-06,53,8.0,,0.08,4.24
2021-02-07,40,12.0,False,0.12,4.8
2021-02-08,77,12.0,,0.12,9.24
2021-02-09,91,12.0,,0.12,10.92
2021-02-10,62,12.0,,0.12,7.4399999999999995
2021-02-11,61,12.0,,0.12,7.319999999999999
2021-02-12,58,12.0,,0.12,6.96
2021-02-13,51,12.0,,0.12,6.12
2021-02-14,53,13.0,False,0.13,6.890000000000001
2021-02-15,58,13.0,,0.13,7.54
2021-02-16,63,13.0,,0.13,8.19
2021-02-17,68,13.0,,0.13,8.84
2021-02-18,61,13.0,,0.13,7.930000000000001
2021-02-19,76,13.0,,0.13,9.88
2021-02-20,80,13.0,,0.13,10.4
2021-02-21,69,14.0,False,0.14,9.66
2021-02-22,80,14.0,,0.14,11.200000000000001
2021-02-23,100,14.0,,0.14,14.000000000000002
2021-02-24,74,14.0,,0.14,10.360000000000001
2021-02-25,60,14.0,,0.14,8.4
2021-02-26,64,14.0,,0.14,8.96
2021-02-27,51,14.0,,0.14,7.140000000000001
2021-02-28,57,10.0,False,0.1,5.7
2021-03-01,86,10.0,,0.1,8.6
2021-03-02,76,10.0,,0.1,7.6000000000000005
2021-03-03,75,10.0,,0.1,7.5
2021-03-04,74,10.0,,0.1,7.4
2021-03-05,61,10.0,,0.1,6.1000000000000005
2021-03-06,63,10.0,,0.1,6.300000000000001
2021-03-07,68,10.0,False,0.1,6.800000000000001
2021-03-08,71,10.0,,0.1,7.1000000000000005
2021-03-09,77,10.0,,0.1,7.7
2021-03-10,81,10.0,,0.1,8.1
2021-03-11,72,10.0,,0.1,7.2
2021-03-12,74,10.0,,0.1,7.4
2021-03-13,100,10.0,,0.1,10.0
2021-03-14,86,10.0,False,0.1,8.6
2021-03-15,80,10.0,,0.1,8.0
2021-03-16,77,10.0,,0.1,7.7
2021-03-17,71,10.0,,0.1,7.1000000000000005
2021-03-18,73,10.0,,0.1,7.300000000000001
2021-03-19,63,10.0,,0.1,6.300000000000001
2021-03-20,61,10.0,,0.1,6.1000000000000005
2021-03-21,61,9.0,False,0.09,5.49
2021-03-22,70,9.0,,0.09,6.3
2021-03-23,68,9.0,,0.09,6.12
2021-03-24,71,9.0,,0.09,6.39
2021-03-25,81,9.0,,0.09,7.29
2021-03-26,63,9.0,,0.09,5.67
2021-03-27,64,9.0,,0.09,5.76
2021-03-28,54,9.0,False,0.09,4.859999999999999
2021-03-29,64,9.0,,0.09,5.76
2021-03-30,69,9.0,,0.09,6.21
2021-03-31,68,9.0,,0.09,6.12
2021-04-01,53,9.0,,0.09,4.77
2021-04-02,52,9.0,,0.09,4.68
2021-04-03,50,9.0,,0.09,4.5
2021-04-04,45,9.0,False,0.09,4.05
2021-04-05,52,9.0,,0.09,4.68
2021-04-06,52,9.0,,0.09,4.68
2021-04-07,50,9.0,,0.09,4.5
2021-04-08,51,9.0,,0.09,4.59
2021-04-09,44,9.0,,0.09,3.96
2021-04-10,53,9.0,,0.09,4.77
2021-04-11,46,9.0,False,0.09,4.14
2021-04-12,49,9.0,,0.09,4.41
2021-04-13,64,9.0,,0.09,5.76
2021-04-14,69,9.0,,0.09,6.21
2021-04-15,56,9.0,,0.09,5.04
2021-04-16,60,9.0,,0.09,5.3999999999999995
2021-04-17,54,9.0,,0.09,4.859999999999999
2021-04-18,97,13.0,False,0.13,12.610000000000001
2021-04-19,73,13.0,,0.13,9.49
2021-04-20,76,13.0,,0.13,9.88
2021-04-21,56,13.0,,0.13,7.28
2021-04-22,64,13.0,,0.13,8.32
2021-04-23,100,13.0,,0.13,13.0
2021-04-24,74,13.0,,0.13,9.620000000000001
2021-04-25,65,10.0,False,0.1,6.5
2021-04-26,69,10.0,,0.1,6.9
2021-04-27,57,10.0,,0.1,5.7
2021-04-28,55,10.0,,0.1,5.5
2021-04-29,51,10.0,,0.1,5.1000000000000005
2021-04-30,51,10.0,,0.1,5.1000000000000005
2021-05-01,32,10.0,,0.1,3.2
2021-05-02,27,8.0,False,0.08,2.16
2021-05-03,31,8.0,,0.08,2.48
2021-05-04,32,8.0,,0.08,2.56
2021-05-05,32,8.0,,0.08,2.56
2021-05-06,29,8.0,,0.08,2.32
2021-05-07,30,8.0,,0.08,2.4
2021-05-08,30,8.0,,0.08,2.4
2021-05-09,26,9.0,False,0.09,2.34
2021-05-10,30,9.0,,0.09,2.6999999999999997
2021-05-11,27,9.0,,0.09,2.4299999999999997
2021-05-12,31,9.0,,0.09,2.79
2021-05-13,57,9.0,,0.09,5.13
2021-05-14,41,9.0,,0.09,3.69
2021-05-15,36,9.0,,0.09,3.2399999999999998
2021-05-16,41,16.0,False,0.16,6.5600000000000005
2021-05-17,57,16.0,,0.16,9.120000000000001
2021-05-18,44,16.0,,0.16,7.04
2021-05-19,100,16.0,,0.16,16.0
2021-05-20,70,16.0,,0.16,11.200000000000001
2021-05-21,58,16.0,,0.16,9.28
2021-05-22,53,16.0,,0.16,8.48
2021-05-23,60,12.0,False,0.12,7.199999999999999
2021-05-24,57,12.0,,0.12,6.84
2021-05-25,45,12.0,,0.12,5.3999999999999995
2021-05-26,37,12.0,,0.12,4.4399999999999995
2021-05-27,36,12.0,,0.12,4.32
2021-05-28,39,12.0,,0.12,4.68
2021-05-29,37,12.0,,0.12,4.4399999999999995
2021-05-30,33,9.0,False,0.09,2.9699999999999998
2021-05-31,32,9.0,,0.09,2.88
2021-06-01,70,9.0,,0.09,6.3
2021-06-02,65,9.0,,0.09,5.85
2021-06-03,65,9.0,,0.09,5.85
2021-06-04,70,9.0,,0.09,6.3
2021-06-05,62,9.0,,0.09,5.58
2021-06-06,58,9.0,False,0.09,5.22
2021-06-07,65,9.0,,0.09,5.85
2021-06-08,90,9.0,,0.09,8.1
2021-06-09,75,9.0,,0.09,6.75
2021-06-10,68,9.0,,0.09,6.12
2021-06-11,59,9.0,,0.09,5.31
2021-06-12,54,9.0,,0.09,4.859999999999999
2021-06-13,58,8.0,False,0.08,4.64
2021-06-14,76,8.0,,0.08,6.08
2021-06-15,64,8.0,,0.08,5.12
2021-06-16,57,8.0,,0.08,4.5600000000000005
2021-06-17,53,8.0,,0.08,4.24
2021-06-18,53,8.0,,0.08,4.24
2021-06-19,51,8.0,,0.08,4.08
2021-06-20,57,9.0,False,0.09,5.13
2021-06-21,73,9.0,,0.09,6.569999999999999
2021-06-22,100,9.0,,0.09,9.0
2021-06-23,71,9.0,,0.09,6.39
2021-06-24,63,9.0,,0.09,5.67
2021-06-25,57,9.0,,0.09,5.13
2021-06-26,56,9.0,,0.09,5.04
2021-06-27,53,7.0,False,0.07,3.7100000000000004
2021-06-28,52,7.0,,0.07,3.6400000000000006
2021-06-29,52,7.0,,0.07,3.6400000000000006
2021-06-30,50,7.0,,0.07,3.5000000000000004
2021-07-01,55,7.0,,0.07,3.8500000000000005
2021-07-02,49,7.0,,0.07,3.43
2021-07-03,44,7.0,,0.07,3.08
2021-07-04,52,6.0,False,0.06,3.12
2021-07-05,50,6.0,,0.06,3.0
2021-07-06,49,6.0,,0.06,2.94
2021-07-07,48,6.0,,0.06,2.88
2021-07-08,49,6.0,,0.06,2.94
2021-07-09,47,6.0,,0.06,2.82
2021-07-10,45,6.0,,0.06,2.6999999999999997
2021-07-11,40,6.0,False,0.06,2.4
2021-07-12,45,6.0,,0.06,2.6999999999999997
2021-07-13,46,6.0,,0.06,2.76
2021-07-14,45,6.0,,0.06,2.6999999999999997
2021-07-15,46,6.0,,0.06,2.76
2021-07-16,47,6.0,,0.06,2.82
2021-07-17,42,6.0,,0.06,2.52
2021-07-18,44,6.0,False,0.06,2.6399999999999997
2021-07-19,53,6.0,,0.06,3.1799999999999997
2021-07-20,74,6.0,,0.06,4.4399999999999995
2021-07-21,58,6.0,,0.06,3.48
2021-07-22,51,6.0,,0.06,3.06
2021-07-23,45,6.0,,0.06,2.6999999999999997
2021-07-24,49,6.0,,0.06,2.94
2021-07-25,53,8.0,False,0.08,4.24
2021-07-26,100,8.0,,0.08,8.0
2021-07-27,70,8.0,,0.08,5.6000000000000005
2021-07-28,71,8.0,,0.08,5.68
2021-07-29,56,8.0,,0.08,4.48
2021-07-30,50,8.0,,0.08,4.0
2021-07-31,61,8.0,,0.08,4.88
2021-08-01,78,7.0,False,0.07,5.460000000000001
2021-08-02,80,7.0,,0.07,5.6000000000000005
2021-08-03,73,7.0,,0.07,5.11
2021-08-04,68,7.0,,0.07,4.760000000000001
2021-08-05,73,7.0,,0.07,5.11
2021-08-06,79,7.0,,0.07,5.53
2021-08-07,93,7.0,,0.07,6.510000000000001
2021-08-08,88,8.0,False,0.08,7.04
2021-08-09,100,8.0,,0.08,8.0
2021-08-10,89,8.0,,0.08,7.12
2021-08-11,88,8.0,,0.08,7.04
2021-08-12,90,8.0,,0.08,7.2
2021-08-13,96,8.0,,0.08,7.68
2021-08-14,82,8.0,,0.08,6.5600000000000005
2021-08-15,77,7.0,False,0.07,5.390000000000001
2021-08-16,85,7.0,,0.07,5.95
2021-08-17,73,7.0,,0.07,5.11
2021-08-18,79,7.0,,0.07,5.53
2021-08-19,74,7.0,,0.07,5.180000000000001
2021-08-20,87,7.0,,0.07,6.090000000000001
2021-08-21,90,7.0,,0.07,6.300000000000001
2021-08-22,73,7.0,False,0.07,5.11
2021-08-23,97,7.0,,0.07,6.790000000000001
2021-08-24,77,7.0,,0.07,5.390000000000001
2021-08-25,85,7.0,,0.07,5.95
2021-08-26,71,7.0,,0.07,4.970000000000001
2021-08-27,78,7.0,,0.07,5.460000000000001
2021-08-28,69,7.0,,0.07,4.83
2021-08-29,65,6.0,False,0.06,3.9
2021-08-30,72,6.0,,0.06,4.32
2021-08-31,74,6.0,,0.06,4.4399999999999995
2021-09-01,49,6.0,,0.06,2.94
2021-09-02,58,6.0,,0.06,3.48
2021-09-03,57,6.0,,0.06,3.42
2021-09-04,53,6.0,,0.06,3.1799999999999997
2021-09-05,56,7.0,False,0.07,3.9200000000000004
2021-09-06,63,7.0,,0.07,4.41
2021-09-07,100,7.0,,0.07,7.000000000000001
2021-09-08,86,7.0,,0.07,6.0200000000000005
2021-09-09,64,7.0,,0.07,4.48
2021-09-10,61,7.0,,0.07,4.2700000000000005
2021-09-11,51,7.0,,0.07,3.5700000000000003
2021-09-12,52,6.0,False,0.06,3.12
2021-09-13,57,6.0,,0.06,3.42
2021-09-14,54,6.0,,0.06,3.2399999999999998
2021-09-15,59,6.0,,0.06,3.54
2021-09-16,56,6.0,,0.06,3.36
2021-09-17,49,6.0,,0.06,2.94
2021-09-18,50,6.0,,0.06,3.0
2021-09-19,42,7.0,False,0.07,2.9400000000000004
2021-09-20,75,7.0,,0.07,5.250000000000001
2021-09-21,79,7.0,,0.07,5.53
2021-09-22,66,7.0,,0.07,4.62
2021-09-23,55,7.0,,0.07,3.8500000000000005
2021-09-24,70,7.0,,0.07,4.9
2021-09-25,59,7.0,,0.07,4.130000000000001
2021-09-26,55,6.0,False,0.06,3.3
2021-09-27,53,6.0,,0.06,3.1799999999999997
2021-09-28,50,6.0,,0.06,3.0
2021-09-29,53,6.0,,0.06,3.1799999999999997
2021-09-30,50,6.0,,0.06,3.0
2021-10-01,62,6.0,,0.06,3.7199999999999998
2021-10-02,50,6.0,,0.06,3.0
2021-10-03,49,6.0,False,0.06,2.94
2021-10-04,53,6.0,,0.06,3.1799999999999997
2021-10-05,55,6.0,,0.06,3.3
2021-10-06,66,6.0,,0.06,3.96
2021-10-07,58,6.0,,0.06,3.48
2021-10-08,51,6.0,,0.06,3.06
2021-10-09,46,6.0,,0.06,2.76
2021-10-10,46,7.0,False,0.07,3.22
2021-10-11,67,7.0,,0.07,4.69
2021-10-12,61,7.0,,0.07,4.2700000000000005
2021-10-13,53,7.0,,0.07,3.7100000000000004
2021-10-14,55,7.0,,0.07,3.8500000000000005
2021-10-15,81,7.0,,0.07,5.670000000000001
2021-10-16,72,7.0,,0.07,5.040000000000001
2021-10-17,54,8.0,False,0.08,4.32
2021-10-18,64,8.0,,0.08,5.12
2021-10-19,78,8.0,,0.08,6.24
2021-10-20,100,8.0,,0.08,8.0
2021-10-21,79,8.0,,0.08,6.32
2021-10-22,69,8.0,,0.08,5.5200000000000005
2021-10-23,59,8.0,,0.08,4.72
2021-10-24,49,6.0,False,0.06,2.94
2021-10-25,55,6.0,,0.06,3.3
2021-10-26,49,6.0,,0.06,2.94
2021-10-27,65,6.0,,0.06,3.9
2021-10-28,58,6.0,,0.06,3.48
2021-10-29,49,6.0,,0.06,2.94
2021-10-30,47,6.0,,0.06,2.82
2021-10-31,41,5.0,False,0.05,2.0500000000000003
2021-11-01,70,5.0,,0.05,3.5
2021-11-02,72,5.0,,0.05,3.6
2021-11-03,66,5.0,,0.05,3.3000000000000003
2021-11-04,66,5.0,,0.05,3.3000000000000003
2021-11-05,63,5.0,,0.05,3.1500000000000004
2021-11-06,58,5.0,,0.05,2.9000000000000004
2021-11-07,58,6.0,False,0.06,3.48
2021-11-08,97,6.0,,0.06,5.819999999999999
2021-11-09,100,6.0,,0.06,6.0
2021-11-10,85,6.0,,0.06,5.1
2021-11-11,79,6.0,,0.06,4.74
2021-11-12,75,6.0,,0.06,4.5
2021-11-13,69,6.0,,0.06,4.14
2021-11-14,64,7.0,False,0.07,4.48
2021-11-15,69,7.0,,0.07,4.83
2021-11-16,99,7.0,,0.07,6.930000000000001
2021-11-17,84,7.0,,0.07,5.880000000000001
2021-11-18,85,7.0,,0.07,5.95
2021-11-19,84,7.0,,0.07,5.880000000000001
2021-11-20,68,7.0,,0.07,4.760000000000001
2021-11-21,61,6.0,False,0.06,3.6599999999999997
2021-11-22,78,6.0,,0.06,4.68
2021-11-23,75,6.0,,0.06,4.5
2021-11-24,73,6.0,,0.06,4.38
2021-11-25,74,6.0,,0.06,4.4399999999999995
2021-11-26,87,6.0,,0.06,5.22
2021-11-27,77,6.0,,0.06,4.62
2021-11-28,72,6.0,True,0.06,4.32
2021-11-29,72,6.0,,0.06,4.32
2021-11-30,75,6.0,,0.06,4.5
2021-12-01,100,6.0,,0.06,6.0
2021-12-02,87,6.0,,0.06,5.22
