date,coinbase_unscaled,coinbase_monthly,isPartial,scale,coinbase
2017-08-01,61,,,,
2017-08-02,59,,,,
2017-08-03,47,,,,
2017-08-04,39,,,,
2017-08-05,73,,,,
2017-08-06,48,5.0,False,0.05,2.4000000000000004
2017-08-07,65,5.0,,0.05,3.25
2017-08-08,52,5.0,,0.05,2.6
2017-08-09,64,5.0,,0.05,3.2
2017-08-10,63,5.0,,0.05,3.1500000000000004
2017-08-11,84,5.0,,0.05,4.2
2017-08-12,56,5.0,,0.05,2.8000000000000003
2017-08-13,91,6.0,False,0.06,5.46
2017-08-14,85,6.0,,0.06,5.1
2017-08-15,100,6.0,,0.06,6.0
2017-08-16,70,6.0,,0.06,4.2
2017-08-17,68,6.0,,0.06,4.08
2017-08-18,70,6.0,,0.06,4.2
2017-08-19,58,6.0,,0.06,3.48
2017-08-20,60,5.0,False,0.05,3.0
2017-08-21,75,5.0,,0.05,3.75
2017-08-22,72,5.0,,0.05,3.6
2017-08-23,66,5.0,,0.05,3.3000000000000003
2017-08-24,68,5.0,,0.05,3.4000000000000004
2017-08-25,81,5.0,,0.05,4.05
2017-08-26,43,5.0,,0.05,2.15
2017-08-27,61,7.0,False,0.07,4.2700000000000005
2017-08-28,67,7.0,,0.07,4.69
2017-08-29,91,7.0,,0.07,6.370000000000001
2017-08-30,96,7.0,,0.07,6.720000000000001
2017-08-31,95,7.0,,0.07,6.65
2017-09-01,100,7.0,,0.07,7.000000000000001
2017-09-02,64,7.0,,0.07,4.48
2017-09-03,61,5.0,False,0.05,3.0500000000000003
2017-09-04,61,5.0,,0.05,3.0500000000000003
2017-09-05,62,5.0,,0.05,3.1
2017-09-06,67,5.0,,0.05,3.35
2017-09-07,48,5.0,,0.05,2.4000000000000004
2017-09-08,61,5.0,,0.05,3.0500000000000003
2017-09-09,53,5.0,,0.05,2.6500000000000004
2017-09-10,48,5.0,False,0.05,2.4000000000000004
2017-09-11,56,5.0,,0.05,2.8000000000000003
2017-09-12,38,5.0,,0.05,1.9000000000000001
2017-09-13,49,5.0,,0.05,2.45
2017-09-14,51,5.0,,0.05,2.5500000000000003
2017-09-15,76,5.0,,0.05,3.8000000000000003
2017-09-16,44,5.0,,0.05,2.2
2017-09-17,44,4.0,False,0.04,1.76
2017-09-18,49,4.0,,0.04,1.96
2017-09-19,45,4.0,,0.04,1.8
2017-09-20,36,4.0,,0.04,1.44
2017-09-21,40,4.0,,0.04,1.6
2017-09-22,33,4.0,,0.04,1.32
2017-09-23,35,4.0,,0.04,1.4000000000000001
2017-09-24,34,3.0,False,0.03,1.02
2017-09-25,41,3.0,,0.03,1.23
2017-09-26,34,3.0,,0.03,1.02
2017-09-27,35,3.0,,0.03,1.05
2017-09-28,40,3.0,,0.03,1.2
2017-09-29,36,3.0,,0.03,1.08
2017-09-30,31,3.0,,0.03,0.9299999999999999
2017-10-01,36,3.0,False,0.03,1.08
2017-10-02,49,3.0,,0.03,1.47
2017-10-03,54,3.0,,0.03,1.6199999999999999
2017-10-04,39,3.0,,0.03,1.17
2017-10-05,54,3.0,,0.03,1.6199999999999999
2017-10-06,49,3.0,,0.03,1.47
2017-10-07,44,3.0,,0.03,1.3199999999999998
2017-10-08,42,5.0,False,0.05,2.1
2017-10-09,60,5.0,,0.05,3.0
2017-10-10,51,5.0,,0.05,2.5500000000000003
2017-10-11,51,5.0,,0.05,2.5500000000000003
2017-10-12,75,5.0,,0.05,3.75
2017-10-13,100,5.0,,0.05,5.0
2017-10-14,86,5.0,,0.05,4.3
2017-10-15,77,5.0,False,0.05,3.85
2017-10-16,91,5.0,,0.05,4.55
2017-10-17,66,5.0,,0.05,3.3000000000000003
2017-10-18,80,5.0,,0.05,4.0
2017-10-19,72,5.0,,0.05,3.6
2017-10-20,78,5.0,,0.05,3.9000000000000004
2017-10-21,96,5.0,,0.05,4.800000000000001
2017-10-22,75,5.0,False,0.05,3.75
2017-10-23,81,5.0,,0.05,4.05
2017-10-24,86,5.0,,0.05,4.3
2017-10-25,70,5.0,,0.05,3.5
2017-10-26,74,5.0,,0.05,3.7
2017-10-27,62,5.0,,0.05,3.1
2017-10-28,53,5.0,,0.05,2.6500000000000004
2017-10-29,65,8.0,False,0.08,5.2
2017-10-30,73,8.0,,0.08,5.84
2017-10-31,78,8.0,,0.08,6.24
2017-11-01,16,8.0,,0.08,1.28
2017-11-02,27,8.0,,0.08,2.16
2017-11-03,26,8.0,,0.08,2.08
2017-11-04,19,8.0,,0.08,1.52
2017-11-05,20,9.0,False,0.09,1.7999999999999998
2017-11-06,20,9.0,,0.09,1.7999999999999998
2017-11-07,19,9.0,,0.09,1.71
2017-11-08,23,9.0,,0.09,2.07
2017-11-09,24,9.0,,0.09,2.16
2017-11-10,20,9.0,,0.09,1.7999999999999998
2017-11-11,17,9.0,,0.09,1.53
2017-11-12,21,8.0,False,0.08,1.68
2017-11-13,22,8.0,,0.08,1.76
2017-11-14,18,8.0,,0.08,1.44
2017-11-15,17,8.0,,0.08,1.36
2017-11-16,19,8.0,,0.08,1.52
2017-11-17,28,8.0,,0.08,2.24
2017-11-18,14,8.0,,0.08,1.12
2017-11-19,20,9.0,False,0.09,1.7999999999999998
2017-11-20,22,9.0,,0.09,1.98
2017-11-21,26,9.0,,0.09,2.34
2017-11-22,23,9.0,,0.09,2.07
2017-11-23,20,9.0,,0.09,1.7999999999999998
2017-11-24,23,9.0,,0.09,2.07
2017-11-25,27,9.0,,0.09,2.4299999999999997
2017-11-26,34,22.0,False,0.22,7.48
2017-11-27,40,22.0,,0.22,8.8
2017-11-28,54,22.0,,0.22,11.88
2017-11-29,100,22.0,,0.22,22.0
2017-11-30,63,22.0,,0.22,13.86
2017-12-01,26,22.0,,0.22,5.72
2017-12-02,23,22.0,,0.22,5.06
2017-12-03,23,34.0,False,0.34,7.82
2017-12-04,23,34.0,,0.34,7.82
2017-12-05,29,34.0,,0.34,9.860000000000001
2017-12-06,43,34.0,,0.34,14.620000000000001
2017-12-07,77,34.0,,0.34,26.180000000000003
2017-12-08,64,34.0,,0.34,21.76
2017-12-09,52,34.0,,0.34,17.68
2017-12-10,35,51.0,False,0.51,17.85
2017-12-11,55,51.0,,0.51,28.05
2017-12-12,95,51.0,,0.51,48.45
2017-12-13,78,51.0,,0.51,39.78
2017-12-14,71,51.0,,0.51,36.21
2017-12-15,58,51.0,,0.51,29.580000000000002
2017-12-16,47,51.0,,0.51,23.97
2017-12-17,51,50.0,False,0.5,25.5
2017-12-18,47,50.0,,0.5,23.5
2017-12-19,60,50.0,,0.5,30.0
2017-12-20,100,50.0,,0.5,50.0
2017-12-21,68,50.0,,0.5,34.0
2017-12-22,80,50.0,,0.5,40.0
2017-12-23,49,50.0,,0.5,24.5
2017-12-24,37,31.0,False,0.31,11.47
2017-12-25,32,31.0,,0.31,9.92
2017-12-26,36,31.0,,0.31,11.16
2017-12-27,40,31.0,,0.31,12.4
2017-12-28,38,31.0,,0.31,11.78
2017-12-29,48,31.0,,0.31,14.879999999999999
2017-12-30,51,31.0,,0.31,15.81
2017-12-31,36,42.0,False,0.42,15.12
2018-01-01,38,42.0,,0.42,15.959999999999999
2018-01-02,65,42.0,,0.42,27.3
2018-01-03,83,42.0,,0.42,34.86
2018-01-04,100,42.0,,0.42,42.0
2018-01-05,85,42.0,,0.42,35.699999999999996
2018-01-06,59,42.0,,0.42,24.779999999999998
2018-01-07,56,29.0,False,0.29,16.24
2018-01-08,64,29.0,,0.29,18.56
2018-01-09,53,29.0,,0.29,15.37
2018-01-10,53,29.0,,0.29,15.37
2018-01-11,42,29.0,,0.29,12.18
2018-01-12,35,29.0,,0.29,10.149999999999999
2018-01-13,36,29.0,,0.29,10.44
2018-01-14,26,21.0,False,0.21,5.46
2018-01-15,31,21.0,,0.21,6.51
2018-01-16,40,21.0,,0.21,8.4
2018-01-17,44,21.0,,0.21,9.24
2018-01-18,38,21.0,,0.21,7.9799999999999995
2018-01-19,26,21.0,,0.21,5.46
2018-01-20,26,21.0,,0.21,5.46
2018-01-21,24,12.0,False,0.12,2.88
2018-01-22,24,12.0,,0.12,2.88
2018-01-23,22,12.0,,0.12,2.6399999999999997
2018-01-24,20,12.0,,0.12,2.4
2018-01-25,21,12.0,,0.12,2.52
2018-01-26,19,12.0,,0.12,2.28
2018-01-27,16,12.0,,0.12,1.92
2018-01-28,16,11.0,False,0.11,1.76
2018-01-29,19,11.0,,0.11,2.09
2018-01-30,21,11.0,,0.11,2.31
2018-01-31,16,11.0,,0.11,1.76
2018-02-01,93,11.0,,0.11,10.23
2018-02-02,100,11.0,,0.11,11.0
2018-02-03,75,11.0,,0.11,8.25
2018-02-04,66,11.0,False,0.11,7.26
2018-02-05,86,11.0,,0.11,9.46
2018-02-06,86,11.0,,0.11,9.46
2018-02-07,72,11.0,,0.11,7.92
2018-02-08,66,11.0,,0.11,7.26
2018-02-09,57,11.0,,0.11,6.2700000000000005
2018-02-10,65,11.0,,0.11,7.15
2018-02-11,48,10.0,False,0.1,4.800000000000001
2018-02-12,60,10.0,,0.1,6.0
2018-02-13,44,10.0,,0.1,4.4
2018-02-14,62,10.0,,0.1,6.2
2018-02-15,85,10.0,,0.1,8.5
2018-02-16,72,10.0,,0.1,7.2
2018-02-17,81,10.0,,0.1,8.1
2018-02-18,62,8.0,False,0.08,4.96
2018-02-19,70,8.0,,0.08,5.6000000000000005
2018-02-20,67,8.0,,0.08,5.36
2018-02-21,55,8.0,,0.08,4.4
2018-02-22,50,8.0,,0.08,4.0
2018-02-23,45,8.0,,0.08,3.6
2018-02-24,40,8.0,,0.08,3.2
2018-02-25,37,6.0,False,0.06,2.2199999999999998
2018-02-26,50,6.0,,0.06,3.0
2018-02-27,46,6.0,,0.06,2.76
2018-02-28,46,6.0,,0.06,2.76
2018-03-01,53,6.0,,0.06,3.1799999999999997
2018-03-02,54,6.0,,0.06,3.2399999999999998
2018-03-03,47,6.0,,0.06,2.82
2018-03-04,66,7.0,False,0.07,4.62
2018-03-05,100,7.0,,0.07,7.000000000000001
2018-03-06,78,7.0,,0.07,5.460000000000001
2018-03-07,69,7.0,,0.07,4.83
2018-03-08,54,7.0,,0.07,3.7800000000000002
2018-03-09,49,7.0,,0.07,3.43
2018-03-10,47,7.0,,0.07,3.2900000000000005
2018-03-11,32,5.0,False,0.05,1.6
2018-03-12,40,5.0,,0.05,2.0
2018-03-13,38,5.0,,0.05,1.9000000000000001
2018-03-14,50,5.0,,0.05,2.5
2018-03-15,46,5.0,,0.05,2.3000000000000003
2018-03-16,38,5.0,,0.05,1.9000000000000001
2018-03-17,37,5.0,,0.05,1.85
2018-03-18,37,4.0,False,0.04,1.48
2018-03-19,42,4.0,,0.04,1.68
2018-03-20,38,4.0,,0.04,1.52
2018-03-21,37,4.0,,0.04,1.48
2018-03-22,39,4.0,,0.04,1.56
2018-03-23,29,4.0,,0.04,1.16
2018-03-24,29,4.0,,0.04,1.16
2018-03-25,33,4.0,False,0.04,1.32
2018-03-26,37,4.0,,0.04,1.48
2018-03-27,43,4.0,,0.04,1.72
2018-03-28,33,4.0,,0.04,1.32
2018-03-29,40,4.0,,0.04,1.6
2018-03-30,38,4.0,,0.04,1.52
2018-03-31,32,4.0,,0.04,1.28
2018-04-01,49,4.0,False,0.04,1.96
2018-04-02,67,4.0,,0.04,2.68
2018-04-03,54,4.0,,0.04,2.16
2018-04-04,58,4.0,,0.04,2.32
2018-04-05,96,4.0,,0.04,3.84
2018-04-06,75,4.0,,0.04,3.0
2018-04-07,51,4.0,,0.04,2.04
2018-04-08,49,4.0,False,0.04,1.96
2018-04-09,69,4.0,,0.04,2.7600000000000002
2018-04-10,71,4.0,,0.04,2.84
2018-04-11,52,4.0,,0.04,2.08
2018-04-12,65,4.0,,0.04,2.6
2018-04-13,86,4.0,,0.04,3.44
2018-04-14,55,4.0,,0.04,2.2
2018-04-15,56,4.0,False,0.04,2.24
2018-04-16,75,4.0,,0.04,3.0
2018-04-17,75,4.0,,0.04,3.0
2018-04-18,62,4.0,,0.04,2.48
2018-04-19,80,4.0,,0.04,3.2
2018-04-20,80,4.0,,0.04,3.2
2018-04-21,82,4.0,,0.04,3.2800000000000002
2018-04-22,71,5.0,False,0.05,3.5500000000000003
2018-04-23,77,5.0,,0.05,3.85
2018-04-24,100,5.0,,0.05,5.0
2018-04-25,74,5.0,,0.05,3.7
2018-04-26,70,5.0,,0.05,3.5
2018-04-27,66,5.0,,0.05,3.3000000000000003
2018-04-28,63,5.0,,0.05,3.1500000000000004
2018-04-29,51,4.0,False,0.04,2.04
2018-04-30,72,4.0,,0.04,2.88
2018-05-01,78,4.0,,0.04,3.12
2018-05-02,80,4.0,,0.04,3.2
2018-05-03,75,4.0,,0.04,3.0
2018-05-04,100,4.0,,0.04,4.0
2018-05-05,94,4.0,,0.04,3.7600000000000002
2018-05-06,49,4.0,False,0.04,1.96
2018-05-07,78,4.0,,0.04,3.12
2018-05-08,87,4.0,,0.04,3.48
2018-05-09,52,4.0,,0.04,2.08
2018-05-10,82,4.0,,0.04,3.2800000000000002
2018-05-11,85,4.0,,0.04,3.4
2018-05-12,74,4.0,,0.04,2.96
2018-05-13,43,4.0,False,0.04,1.72
2018-05-14,84,4.0,,0.04,3.36
2018-05-15,88,4.0,,0.04,3.52
2018-05-16,69,4.0,,0.04,2.7600000000000002
2018-05-17,74,4.0,,0.04,2.96
2018-05-18,65,4.0,,0.04,2.6
2018-05-19,66,4.0,,0.04,2.64
2018-05-20,85,4.0,False,0.04,3.4
2018-05-21,58,4.0,,0.04,2.32
2018-05-22,81,4.0,,0.04,3.24
2018-05-23,86,4.0,,0.04,3.44
2018-05-24,89,4.0,,0.04,3.56
2018-05-25,58,4.0,,0.04,2.32
2018-05-26,46,4.0,,0.04,1.84
2018-05-27,43,3.0,False,0.03,1.29
2018-05-28,49,3.0,,0.03,1.47
2018-05-29,82,3.0,,0.03,2.46
2018-05-30,59,3.0,,0.03,1.77
2018-05-31,74,3.0,,0.03,2.2199999999999998
2018-06-01,66,3.0,,0.03,1.98
2018-06-02,58,3.0,,0.03,1.74
2018-06-03,58,3.0,False,0.03,1.74
2018-06-04,59,3.0,,0.03,1.77
2018-06-05,65,3.0,,0.03,1.95
2018-06-06,55,3.0,,0.03,1.65
2018-06-07,68,3.0,,0.03,2.04
2018-06-08,73,3.0,,0.03,2.19
2018-06-09,41,3.0,,0.03,1.23
2018-06-10,47,3.0,False,0.03,1.41
2018-06-11,70,3.0,,0.03,2.1
2018-06-12,100,3.0,,0.03,3.0
2018-06-13,87,3.0,,0.03,2.61
2018-06-14,76,3.0,,0.03,2.28
2018-06-15,69,3.0,,0.03,2.07
2018-06-16,42,3.0,,0.03,1.26
2018-06-17,43,3.0,False,0.03,1.29
2018-06-18,58,3.0,,0.03,1.74
2018-06-19,51,3.0,,0.03,1.53
2018-06-20,65,3.0,,0.03,1.95
2018-06-21,63,3.0,,0.03,1.89
2018-06-22,76,3.0,,0.03,2.28
2018-06-23,39,3.0,,0.03,1.17
2018-06-24,47,3.0,False,0.03,1.41
2018-06-25,58,3.0,,0.03,1.74
2018-06-26,46,3.0,,0.03,1.38
2018-06-27,59,3.0,,0.03,1.77
2018-06-28,84,3.0,,0.03,2.52
2018-06-29,71,3.0,,0.03,2.13
2018-06-30,54,3.0,,0.03,1.6199999999999999
2018-07-01,49,3.0,False,0.03,1.47
2018-07-02,79,3.0,,0.03,2.37
2018-07-03,87,3.0,,0.03,2.61
2018-07-04,84,3.0,,0.03,2.52
2018-07-05,76,3.0,,0.03,2.28
2018-07-06,49,3.0,,0.03,1.47
2018-07-07,30,3.0,,0.03,0.8999999999999999
2018-07-08,45,3.0,False,0.03,1.3499999999999999
2018-07-09,63,3.0,,0.03,1.89
2018-07-10,64,3.0,,0.03,1.92
2018-07-11,48,3.0,,0.03,1.44
2018-07-12,60,3.0,,0.03,1.7999999999999998
2018-07-13,78,3.0,,0.03,2.34
2018-07-14,53,3.0,,0.03,1.5899999999999999
2018-07-15,50,4.0,False,0.04,2.0
2018-07-16,75,4.0,,0.04,3.0
2018-07-17,84,4.0,,0.04,3.36
2018-07-18,100,4.0,,0.04,4.0
2018-07-19,76,4.0,,0.04,3.04
2018-07-20,71,4.0,,0.04,2.84
2018-07-21,63,4.0,,0.04,2.52
2018-07-22,56,4.0,False,0.04,2.24
2018-07-23,68,4.0,,0.04,2.72
2018-07-24,99,4.0,,0.04,3.96
2018-07-25,92,4.0,,0.04,3.68
2018-07-26,77,4.0,,0.04,3.08
2018-07-27,88,4.0,,0.04,3.52
2018-07-28,59,4.0,,0.04,2.36
2018-07-29,58,3.0,False,0.03,1.74
2018-07-30,77,3.0,,0.03,2.31
2018-07-31,75,3.0,,0.03,2.25
2018-08-01,64,3.0,,0.03,1.92
2018-08-02,48,3.0,,0.03,1.44
2018-08-03,56,3.0,,0.03,1.68
2018-08-04,60,3.0,,0.03,1.7999999999999998
2018-08-05,40,4.0,False,0.04,1.6
2018-08-06,66,4.0,,0.04,2.64
2018-08-07,100,4.0,,0.04,4.0
2018-08-08,81,4.0,,0.04,3.24
2018-08-09,72,4.0,,0.04,2.88
2018-08-10,74,4.0,,0.04,2.96
2018-08-11,55,4.0,,0.04,2.2
2018-08-12,39,4.0,False,0.04,1.56
2018-08-13,52,4.0,,0.04,2.08
2018-08-14,63,4.0,,0.04,2.52
2018-08-15,63,4.0,,0.04,2.52
2018-08-16,76,4.0,,0.04,3.04
2018-08-17,66,4.0,,0.04,2.64
2018-08-18,53,4.0,,0.04,2.12
2018-08-19,49,3.0,False,0.03,1.47
2018-08-20,52,3.0,,0.03,1.56
2018-08-21,47,3.0,,0.03,1.41
2018-08-22,62,3.0,,0.03,1.8599999999999999
2018-08-23,51,3.0,,0.03,1.53
2018-08-24,43,3.0,,0.03,1.29
2018-08-25,42,3.0,,0.03,1.26
2018-08-26,34,3.0,False,0.03,1.02
2018-08-27,60,3.0,,0.03,1.7999999999999998
2018-08-28,54,3.0,,0.03,1.6199999999999999
2018-08-29,46,3.0,,0.03,1.38
2018-08-30,41,3.0,,0.03,1.23
2018-08-31,59,3.0,,0.03,1.77
2018-09-01,64,3.0,,0.03,1.92
2018-09-02,62,3.0,False,0.03,1.8599999999999999
2018-09-03,58,3.0,,0.03,1.74
2018-09-04,100,3.0,,0.03,3.0
2018-09-05,77,3.0,,0.03,2.31
2018-09-06,100,3.0,,0.03,3.0
2018-09-07,67,3.0,,0.03,2.01
2018-09-08,66,3.0,,0.03,1.98
2018-09-09,59,3.0,False,0.03,1.77
2018-09-10,65,3.0,,0.03,1.95
2018-09-11,56,3.0,,0.03,1.68
2018-09-12,65,3.0,,0.03,1.95
2018-09-13,71,3.0,,0.03,2.13
2018-09-14,54,3.0,,0.03,1.6199999999999999
2018-09-15,39,3.0,,0.03,1.17
2018-09-16,42,3.0,False,0.03,1.26
2018-09-17,72,3.0,,0.03,2.16
2018-09-18,72,3.0,,0.03,2.16
2018-09-19,51,3.0,,0.03,1.53
2018-09-20,74,3.0,,0.03,2.2199999999999998
2018-09-21,75,3.0,,0.03,2.25
2018-09-22,57,3.0,,0.03,1.71
2018-09-23,62,3.0,False,0.03,1.8599999999999999
2018-09-24,79,3.0,,0.03,2.37
2018-09-25,54,3.0,,0.03,1.6199999999999999
2018-09-26,95,3.0,,0.03,2.85
2018-09-27,70,3.0,,0.03,2.1
2018-09-28,90,3.0,,0.03,2.6999999999999997
2018-09-29,67,3.0,,0.03,2.01
2018-09-30,56,3.0,False,0.03,1.68
2018-10-01,70,3.0,,0.03,2.1
2018-10-02,81,3.0,,0.03,2.4299999999999997
2018-10-03,84,3.0,,0.03,2.52
2018-10-04,80,3.0,,0.03,2.4
2018-10-05,66,3.0,,0.03,1.98
2018-10-06,54,3.0,,0.03,1.6199999999999999
2018-10-07,58,3.0,False,0.03,1.74
2018-10-08,94,3.0,,0.03,2.82
2018-10-09,84,3.0,,0.03,2.52
2018-10-10,71,3.0,,0.03,2.13
2018-10-11,92,3.0,,0.03,2.76
2018-10-12,96,3.0,,0.03,2.88
2018-10-13,85,3.0,,0.03,2.55
2018-10-14,66,3.0,False,0.03,1.98
2018-10-15,93,3.0,,0.03,2.79
2018-10-16,95,3.0,,0.03,2.85
2018-10-17,96,3.0,,0.03,2.88
2018-10-18,82,3.0,,0.03,2.46
2018-10-19,100,3.0,,0.03,3.0
2018-10-20,44,3.0,,0.03,1.3199999999999998
2018-10-21,50,3.0,False,0.03,1.5
2018-10-22,73,3.0,,0.03,2.19
2018-10-23,61,3.0,,0.03,1.8299999999999998
2018-10-24,84,3.0,,0.03,2.52
2018-10-25,88,3.0,,0.03,2.6399999999999997
2018-10-26,74,3.0,,0.03,2.2199999999999998
2018-10-27,72,3.0,,0.03,2.16
2018-10-28,63,3.0,False,0.03,1.89
2018-10-29,61,3.0,,0.03,1.8299999999999998
2018-10-30,68,3.0,,0.03,2.04
2018-10-31,58,3.0,,0.03,1.74
2018-11-01,82,3.0,,0.03,2.46
2018-11-02,49,3.0,,0.03,1.47
2018-11-03,70,3.0,,0.03,2.1
2018-11-04,55,3.0,False,0.03,1.65
2018-11-05,59,3.0,,0.03,1.77
2018-11-06,50,3.0,,0.03,1.5
2018-11-07,64,3.0,,0.03,1.92
2018-11-08,58,3.0,,0.03,1.74
2018-11-09,72,3.0,,0.03,2.16
2018-11-10,48,3.0,,0.03,1.44
2018-11-11,43,3.0,False,0.03,1.29
2018-11-12,50,3.0,,0.03,1.5
2018-11-13,66,3.0,,0.03,1.98
2018-11-14,91,3.0,,0.03,2.73
2018-11-15,80,3.0,,0.03,2.4
2018-11-16,89,3.0,,0.03,2.67
2018-11-17,75,3.0,,0.03,2.25
2018-11-18,47,3.0,False,0.03,1.41
2018-11-19,83,3.0,,0.03,2.4899999999999998
2018-11-20,100,3.0,,0.03,3.0
2018-11-21,58,3.0,,0.03,1.74
2018-11-22,53,3.0,,0.03,1.5899999999999999
2018-11-23,59,3.0,,0.03,1.77
2018-11-24,59,3.0,,0.03,1.77
2018-11-25,68,3.0,False,0.03,2.04
2018-11-26,72,3.0,,0.03,2.16
2018-11-27,62,3.0,,0.03,1.8599999999999999
2018-11-28,66,3.0,,0.03,1.98
2018-11-29,72,3.0,,0.03,2.16
2018-11-30,44,3.0,,0.03,1.3199999999999998
2018-12-01,56,3.0,,0.03,1.68
2018-12-02,44,3.0,False,0.03,1.3199999999999998
2018-12-03,68,3.0,,0.03,2.04
2018-12-04,63,3.0,,0.03,1.89
2018-12-05,51,3.0,,0.03,1.53
2018-12-06,61,3.0,,0.03,1.8299999999999998
2018-12-07,80,3.0,,0.03,2.4
2018-12-08,67,3.0,,0.03,2.01
2018-12-09,66,2.0,False,0.02,1.32
2018-12-10,71,2.0,,0.02,1.42
2018-12-11,55,2.0,,0.02,1.1
2018-12-12,59,2.0,,0.02,1.18
2018-12-13,45,2.0,,0.02,0.9
2018-12-14,66,2.0,,0.02,1.32
2018-12-15,36,2.0,,0.02,0.72
2018-12-16,71,3.0,False,0.03,2.13
2018-12-17,70,3.0,,0.03,2.1
2018-12-18,71,3.0,,0.03,2.13
2018-12-19,77,3.0,,0.03,2.31
2018-12-20,86,3.0,,0.03,2.58
2018-12-21,100,3.0,,0.03,3.0
2018-12-22,42,3.0,,0.03,1.26
2018-12-23,51,2.0,False,0.02,1.02
2018-12-24,98,2.0,,0.02,1.96
2018-12-25,55,2.0,,0.02,1.1
2018-12-26,39,2.0,,0.02,0.78
2018-12-27,61,2.0,,0.02,1.22
2018-12-28,79,2.0,,0.02,1.58
2018-12-29,62,2.0,,0.02,1.24
2018-12-30,43,2.0,False,0.02,0.86
2018-12-31,60,2.0,,0.02,1.2
2019-01-01,70,2.0,,0.02,1.4000000000000001
2019-01-02,91,2.0,,0.02,1.82
2019-01-03,64,2.0,,0.02,1.28
2019-01-04,87,2.0,,0.02,1.74
2019-01-05,76,2.0,,0.02,1.52
2019-01-06,75,2.0,False,0.02,1.5
2019-01-07,94,2.0,,0.02,1.8800000000000001
2019-01-08,100,2.0,,0.02,2.0
2019-01-09,89,2.0,,0.02,1.78
2019-01-10,89,2.0,,0.02,1.78
2019-01-11,77,2.0,,0.02,1.54
2019-01-12,70,2.0,,0.02,1.4000000000000001
2019-01-13,77,2.0,False,0.02,1.54
2019-01-14,54,2.0,,0.02,1.08
2019-01-15,84,2.0,,0.02,1.68
2019-01-16,62,2.0,,0.02,1.24
2019-01-17,67,2.0,,0.02,1.34
2019-01-18,79,2.0,,0.02,1.58
2019-01-19,91,2.0,,0.02,1.82
2019-01-20,58,2.0,False,0.02,1.16
2019-01-21,64,2.0,,0.02,1.28
2019-01-22,56,2.0,,0.02,1.12
2019-01-23,62,2.0,,0.02,1.24
2019-01-24,65,2.0,,0.02,1.3
2019-01-25,62,2.0,,0.02,1.24
2019-01-26,56,2.0,,0.02,1.12
2019-01-27,66,2.0,False,0.02,1.32
2019-01-28,80,2.0,,0.02,1.6
2019-01-29,56,2.0,,0.02,1.12
2019-01-30,61,2.0,,0.02,1.22
2019-01-31,67,2.0,,0.02,1.34
2019-02-01,33,2.0,,0.02,0.66
2019-02-02,41,2.0,,0.02,0.8200000000000001
2019-02-03,46,2.0,False,0.02,0.92
2019-02-04,43,2.0,,0.02,0.86
2019-02-05,60,2.0,,0.02,1.2
2019-02-06,72,2.0,,0.02,1.44
2019-02-07,55,2.0,,0.02,1.1
2019-02-08,42,2.0,,0.02,0.84
2019-02-09,60,2.0,,0.02,1.2
2019-02-10,38,2.0,False,0.02,0.76
2019-02-11,56,2.0,,0.02,1.12
2019-02-12,58,2.0,,0.02,1.16
2019-02-13,83,2.0,,0.02,1.6600000000000001
2019-02-14,65,2.0,,0.02,1.3
2019-02-15,46,2.0,,0.02,0.92
2019-02-16,56,2.0,,0.02,1.12
2019-02-17,47,3.0,False,0.03,1.41
2019-02-18,82,3.0,,0.03,2.46
2019-02-19,58,3.0,,0.03,1.74
2019-02-20,74,3.0,,0.03,2.2199999999999998
2019-02-21,62,3.0,,0.03,1.8599999999999999
2019-02-22,72,3.0,,0.03,2.16
2019-02-23,60,3.0,,0.03,1.7999999999999998
2019-02-24,79,3.0,False,0.03,2.37
2019-02-25,100,3.0,,0.03,3.0
2019-02-26,96,3.0,,0.03,2.88
2019-02-27,81,3.0,,0.03,2.4299999999999997
2019-02-28,67,3.0,,0.03,2.01
2019-03-01,90,3.0,,0.03,2.6999999999999997
2019-03-02,48,3.0,,0.03,1.44
2019-03-03,51,2.0,False,0.02,1.02
2019-03-04,52,2.0,,0.02,1.04
2019-03-05,57,2.0,,0.02,1.1400000000000001
2019-03-06,80,2.0,,0.02,1.6
2019-03-07,54,2.0,,0.02,1.08
2019-03-08,51,2.0,,0.02,1.02
2019-03-09,32,2.0,,0.02,0.64
2019-03-10,49,2.0,False,0.02,0.98
2019-03-11,48,2.0,,0.02,0.96
2019-03-12,45,2.0,,0.02,0.9
2019-03-13,51,2.0,,0.02,1.02
2019-03-14,66,2.0,,0.02,1.32
2019-03-15,48,2.0,,0.02,0.96
2019-03-16,48,2.0,,0.02,0.96
2019-03-17,46,2.0,False,0.02,0.92
2019-03-18,63,2.0,,0.02,1.26
2019-03-19,100,2.0,,0.02,2.0
2019-03-20,52,2.0,,0.02,1.04
2019-03-21,53,2.0,,0.02,1.06
2019-03-22,61,2.0,,0.02,1.22
2019-03-23,58,2.0,,0.02,1.16
2019-03-24,50,3.0,False,0.03,1.5
2019-03-25,50,3.0,,0.03,1.5
2019-03-26,56,3.0,,0.03,1.68
2019-03-27,57,3.0,,0.03,1.71
2019-03-28,61,3.0,,0.03,1.8299999999999998
2019-03-29,67,3.0,,0.03,2.01
2019-03-30,49,3.0,,0.03,1.47
2019-03-31,54,3.0,False,0.03,1.6199999999999999
2019-04-01,42,3.0,,0.03,1.26
2019-04-02,74,3.0,,0.03,2.2199999999999998
2019-04-03,100,3.0,,0.03,3.0
2019-04-04,76,3.0,,0.03,2.28
2019-04-05,58,3.0,,0.03,1.74
2019-04-06,57,3.0,,0.03,1.71
2019-04-07,67,3.0,False,0.03,2.01
2019-04-08,71,3.0,,0.03,2.13
2019-04-09,70,3.0,,0.03,2.1
2019-04-10,53,3.0,,0.03,1.5899999999999999
2019-04-11,76,3.0,,0.03,2.28
2019-04-12,39,3.0,,0.03,1.17
2019-04-13,45,3.0,,0.03,1.3499999999999999
2019-04-14,47,3.0,False,0.03,1.41
2019-04-15,53,3.0,,0.03,1.5899999999999999
2019-04-16,47,3.0,,0.03,1.41
2019-04-17,59,3.0,,0.03,1.77
2019-04-18,39,3.0,,0.03,1.17
2019-04-19,46,3.0,,0.03,1.38
2019-04-20,54,3.0,,0.03,1.6199999999999999
2019-04-21,53,3.0,False,0.03,1.5899999999999999
2019-04-22,51,3.0,,0.03,1.53
2019-04-23,68,3.0,,0.03,2.04
2019-04-24,47,3.0,,0.03,1.41
2019-04-25,53,3.0,,0.03,1.5899999999999999
2019-04-26,45,3.0,,0.03,1.3499999999999999
2019-04-27,48,3.0,,0.03,1.44
2019-04-28,42,3.0,False,0.03,1.26
2019-04-29,45,3.0,,0.03,1.3499999999999999
2019-04-30,51,3.0,,0.03,1.53
2019-05-01,23,3.0,,0.03,0.69
2019-05-02,31,3.0,,0.03,0.9299999999999999
2019-05-03,36,3.0,,0.03,1.08
2019-05-04,33,3.0,,0.03,0.99
2019-05-05,28,3.0,False,0.03,0.84
2019-05-06,37,3.0,,0.03,1.1099999999999999
2019-05-07,40,3.0,,0.03,1.2
2019-05-08,48,3.0,,0.03,1.44
2019-05-09,36,3.0,,0.03,1.08
2019-05-10,37,3.0,,0.03,1.1099999999999999
2019-05-11,76,3.0,,0.03,2.28
2019-05-12,43,5.0,False,0.05,2.15
2019-05-13,75,5.0,,0.05,3.75
2019-05-14,66,5.0,,0.05,3.3000000000000003
2019-05-15,100,5.0,,0.05,5.0
2019-05-16,75,5.0,,0.05,3.75
2019-05-17,61,5.0,,0.05,3.0500000000000003
2019-05-18,42,5.0,,0.05,2.1
2019-05-19,59,4.0,False,0.04,2.36
2019-05-20,63,4.0,,0.04,2.52
2019-05-21,44,4.0,,0.04,1.76
2019-05-22,43,4.0,,0.04,1.72
2019-05-23,44,4.0,,0.04,1.76
2019-05-24,49,4.0,,0.04,1.96
2019-05-25,42,4.0,,0.04,1.68
2019-05-26,47,5.0,False,0.05,2.35
2019-05-27,57,5.0,,0.05,2.85
2019-05-28,35,5.0,,0.05,1.75
2019-05-29,71,5.0,,0.05,3.5500000000000003
2019-05-30,54,5.0,,0.05,2.7
2019-05-31,56,5.0,,0.05,2.8000000000000003
2019-06-01,27,5.0,,0.05,1.35
2019-06-02,34,4.0,False,0.04,1.36
2019-06-03,34,4.0,,0.04,1.36
2019-06-04,28,4.0,,0.04,1.12
2019-06-05,22,4.0,,0.04,0.88
2019-06-06,19,4.0,,0.04,0.76
2019-06-07,22,4.0,,0.04,0.88
2019-06-08,23,4.0,,0.04,0.92
2019-06-09,22,4.0,False,0.04,0.88
2019-06-10,34,4.0,,0.04,1.36
2019-06-11,29,4.0,,0.04,1.16
2019-06-12,33,4.0,,0.04,1.32
2019-06-13,28,4.0,,0.04,1.12
2019-06-14,32,4.0,,0.04,1.28
2019-06-15,31,4.0,,0.04,1.24
2019-06-16,31,6.0,False,0.06,1.8599999999999999
2019-06-17,38,6.0,,0.06,2.28
2019-06-18,35,6.0,,0.06,2.1
2019-06-19,31,6.0,,0.06,1.8599999999999999
2019-06-20,29,6.0,,0.06,1.74
2019-06-21,36,6.0,,0.06,2.16
2019-06-22,59,6.0,,0.06,3.54
2019-06-23,42,8.0,False,0.08,3.36
2019-06-24,36,8.0,,0.08,2.88
2019-06-25,52,8.0,,0.08,4.16
2019-06-26,100,8.0,,0.08,8.0
2019-06-27,79,8.0,,0.08,6.32
2019-06-28,54,8.0,,0.08,4.32
2019-06-29,48,8.0,,0.08,3.84
2019-06-30,36,4.0,False,0.04,1.44
2019-07-01,80,4.0,,0.04,3.2
2019-07-02,100,4.0,,0.04,4.0
2019-07-03,83,4.0,,0.04,3.3200000000000003
2019-07-04,65,4.0,,0.04,2.6
2019-07-05,48,4.0,,0.04,1.92
2019-07-06,72,4.0,,0.04,2.88
2019-07-07,50,4.0,False,0.04,2.0
2019-07-08,77,4.0,,0.04,3.08
2019-07-09,84,4.0,,0.04,3.36
2019-07-10,75,4.0,,0.04,3.0
2019-07-11,75,4.0,,0.04,3.0
2019-07-12,84,4.0,,0.04,3.36
2019-07-13,75,4.0,,0.04,3.0
2019-07-14,59,4.0,False,0.04,2.36
2019-07-15,69,4.0,,0.04,2.7600000000000002
2019-07-16,73,4.0,,0.04,2.92
2019-07-17,71,4.0,,0.04,2.84
2019-07-18,75,4.0,,0.04,3.0
2019-07-19,56,4.0,,0.04,2.24
2019-07-20,64,4.0,,0.04,2.56
2019-07-21,47,3.0,False,0.03,1.41
2019-07-22,51,3.0,,0.03,1.53
2019-07-23,51,3.0,,0.03,1.53
2019-07-24,49,3.0,,0.03,1.47
2019-07-25,50,3.0,,0.03,1.5
2019-07-26,50,3.0,,0.03,1.5
2019-07-27,58,3.0,,0.03,1.74
2019-07-28,52,3.0,False,0.03,1.56
2019-07-29,41,3.0,,0.03,1.23
2019-07-30,47,3.0,,0.03,1.41
2019-07-31,56,3.0,,0.03,1.68
2019-08-01,60,3.0,,0.03,1.7999999999999998
2019-08-02,66,3.0,,0.03,1.98
2019-08-03,61,3.0,,0.03,1.8299999999999998
2019-08-04,64,4.0,False,0.04,2.56
2019-08-05,100,4.0,,0.04,4.0
2019-08-06,82,4.0,,0.04,3.2800000000000002
2019-08-07,67,4.0,,0.04,2.68
2019-08-08,80,4.0,,0.04,3.2
2019-08-09,67,4.0,,0.04,2.68
2019-08-10,69,4.0,,0.04,2.7600000000000002
2019-08-11,75,3.0,False,0.03,2.25
2019-08-12,61,3.0,,0.03,1.8299999999999998
2019-08-13,55,3.0,,0.03,1.65
2019-08-14,73,3.0,,0.03,2.19
2019-08-15,76,3.0,,0.03,2.28
2019-08-16,73,3.0,,0.03,2.19
2019-08-17,55,3.0,,0.03,1.65
2019-08-18,49,3.0,False,0.03,1.47
2019-08-19,56,3.0,,0.03,1.68
2019-08-20,70,3.0,,0.03,2.1
2019-08-21,58,3.0,,0.03,1.74
2019-08-22,44,3.0,,0.03,1.3199999999999998
2019-08-23,63,3.0,,0.03,1.89
2019-08-24,54,3.0,,0.03,1.6199999999999999
2019-08-25,57,3.0,False,0.03,1.71
2019-08-26,42,3.0,,0.03,1.26
2019-08-27,51,3.0,,0.03,1.53
2019-08-28,61,3.0,,0.03,1.8299999999999998
2019-08-29,63,3.0,,0.03,1.89
2019-08-30,47,3.0,,0.03,1.41
2019-08-31,53,3.0,,0.03,1.5899999999999999
2019-09-01,39,3.0,False,0.03,1.17
2019-09-02,55,3.0,,0.03,1.65
2019-09-03,58,3.0,,0.03,1.74
2019-09-04,64,3.0,,0.03,1.92
2019-09-05,51,3.0,,0.03,1.53
2019-09-06,46,3.0,,0.03,1.38
2019-09-07,48,3.0,,0.03,1.44
2019-09-08,55,3.0,False,0.03,1.65
2019-09-09,51,3.0,,0.03,1.53
2019-09-10,50,3.0,,0.03,1.5
2019-09-11,65,3.0,,0.03,1.95
2019-09-12,70,3.0,,0.03,2.1
2019-09-13,40,3.0,,0.03,1.2
2019-09-14,59,3.0,,0.03,1.77
2019-09-15,51,3.0,False,0.03,1.53
2019-09-16,61,3.0,,0.03,1.8299999999999998
2019-09-17,77,3.0,,0.03,2.31
2019-09-18,68,3.0,,0.03,2.04
2019-09-19,76,3.0,,0.03,2.28
2019-09-20,92,3.0,,0.03,2.76
2019-09-21,33,3.0,,0.03,0.99
2019-09-22,47,3.0,False,0.03,1.41
2019-09-23,51,3.0,,0.03,1.53
2019-09-24,100,3.0,,0.03,3.0
2019-09-25,64,3.0,,0.03,1.92
2019-09-26,59,3.0,,0.03,1.77
2019-09-27,64,3.0,,0.03,1.92
2019-09-28,56,3.0,,0.03,1.68
2019-09-29,48,3.0,False,0.03,1.44
2019-09-30,57,3.0,,0.03,1.71
2019-10-01,65,3.0,,0.03,1.95
2019-10-02,81,3.0,,0.03,2.4299999999999997
2019-10-03,87,3.0,,0.03,2.61
2019-10-04,72,3.0,,0.03,2.16
2019-10-05,66,3.0,,0.03,1.98
2019-10-06,69,3.0,False,0.03,2.07
2019-10-07,97,3.0,,0.03,2.9099999999999997
2019-10-08,78,3.0,,0.03,2.34
2019-10-09,96,3.0,,0.03,2.88
2019-10-10,71,3.0,,0.03,2.13
2019-10-11,90,3.0,,0.03,2.6999999999999997
2019-10-12,64,3.0,,0.03,1.92
2019-10-13,75,3.0,False,0.03,2.25
2019-10-14,93,3.0,,0.03,2.79
2019-10-15,74,3.0,,0.03,2.2199999999999998
2019-10-16,80,3.0,,0.03,2.4
2019-10-17,71,3.0,,0.03,2.13
2019-10-18,77,3.0,,0.03,2.31
2019-10-19,51,3.0,,0.03,1.53
2019-10-20,66,3.0,False,0.03,1.98
2019-10-21,59,3.0,,0.03,1.77
2019-10-22,81,3.0,,0.03,2.4299999999999997
2019-10-23,74,3.0,,0.03,2.2199999999999998
2019-10-24,63,3.0,,0.03,1.89
2019-10-25,96,3.0,,0.03,2.88
2019-10-26,88,3.0,,0.03,2.6399999999999997
2019-10-27,100,3.0,False,0.03,3.0
2019-10-28,81,3.0,,0.03,2.4299999999999997
2019-10-29,90,3.0,,0.03,2.6999999999999997
2019-10-30,73,3.0,,0.03,2.19
2019-10-31,91,3.0,,0.03,2.73
2019-11-01,68,3.0,,0.03,2.04
2019-11-02,65,3.0,,0.03,1.95
2019-11-03,54,3.0,False,0.03,1.6199999999999999
2019-11-04,79,3.0,,0.03,2.37
2019-11-05,86,3.0,,0.03,2.58
2019-11-06,71,3.0,,0.03,2.13
2019-11-07,89,3.0,,0.03,2.67
2019-11-08,74,3.0,,0.03,2.2199999999999998
2019-11-09,75,3.0,,0.03,2.25
2019-11-10,67,3.0,False,0.03,2.01
2019-11-11,81,3.0,,0.03,2.4299999999999997
2019-11-12,65,3.0,,0.03,1.95
2019-11-13,73,3.0,,0.03,2.19
2019-11-14,68,3.0,,0.03,2.04
2019-11-15,70,3.0,,0.03,2.1
2019-11-16,56,3.0,,0.03,1.68
2019-11-17,54,3.0,False,0.03,1.6199999999999999
2019-11-18,77,3.0,,0.03,2.31
2019-11-19,83,3.0,,0.03,2.4899999999999998
2019-11-20,60,3.0,,0.03,1.7999999999999998
2019-11-21,79,3.0,,0.03,2.37
2019-11-22,87,3.0,,0.03,2.61
2019-11-23,87,3.0,,0.03,2.61
2019-11-24,76,3.0,False,0.03,2.28
2019-11-25,79,3.0,,0.03,2.37
2019-11-26,100,3.0,,0.03,3.0
2019-11-27,69,3.0,,0.03,2.07
2019-11-28,83,3.0,,0.03,2.4899999999999998
2019-11-29,60,3.0,,0.03,1.7999999999999998
2019-11-30,68,3.0,,0.03,2.04
2019-12-01,67,3.0,False,0.03,2.01
2019-12-02,69,3.0,,0.03,2.07
2019-12-03,57,3.0,,0.03,1.71
2019-12-04,71,3.0,,0.03,2.13
2019-12-05,83,3.0,,0.03,2.4899999999999998
2019-12-06,76,3.0,,0.03,2.28
2019-12-07,58,3.0,,0.03,1.74
2019-12-08,41,3.0,False,0.03,1.23
2019-12-09,68,3.0,,0.03,2.04
2019-12-10,67,3.0,,0.03,2.01
2019-12-11,52,3.0,,0.03,1.56
2019-12-12,48,3.0,,0.03,1.44
2019-12-13,63,3.0,,0.03,1.89
2019-12-14,76,3.0,,0.03,2.28
2019-12-15,51,3.0,False,0.03,1.53
2019-12-16,66,3.0,,0.03,1.98
2019-12-17,77,3.0,,0.03,2.31
2019-12-18,79,3.0,,0.03,2.37
2019-12-19,85,3.0,,0.03,2.55
2019-12-20,100,3.0,,0.03,3.0
2019-12-21,66,3.0,,0.03,1.98
2019-12-22,72,3.0,False,0.03,2.16
2019-12-23,57,3.0,,0.03,1.71
2019-12-24,38,3.0,,0.03,1.14
2019-12-25,69,3.0,,0.03,2.07
2019-12-26,58,3.0,,0.03,1.74
2019-12-27,84,3.0,,0.03,2.52
2019-12-28,71,3.0,,0.03,2.13
2019-12-29,55,2.0,False,0.02,1.1
2019-12-30,71,2.0,,0.02,1.42
2019-12-31,57,2.0,,0.02,1.1400000000000001
2020-01-01,33,2.0,,0.02,0.66
2020-01-02,40,2.0,,0.02,0.8
2020-01-03,63,2.0,,0.02,1.26
2020-01-04,50,2.0,,0.02,1.0
2020-01-05,49,3.0,False,0.03,1.47
2020-01-06,76,3.0,,0.03,2.28
2020-01-07,78,3.0,,0.03,2.34
2020-01-08,83,3.0,,0.03,2.4899999999999998
2020-01-09,57,3.0,,0.03,1.71
2020-01-10,57,3.0,,0.03,1.71
2020-01-11,64,3.0,,0.03,1.92
2020-01-12,52,4.0,False,0.04,2.08
2020-01-13,65,4.0,,0.04,2.6
2020-01-14,100,4.0,,0.04,4.0
2020-01-15,82,4.0,,0.04,3.2800000000000002
2020-01-16,78,4.0,,0.04,3.12
2020-01-17,84,4.0,,0.04,3.36
2020-01-18,63,4.0,,0.04,2.52
2020-01-19,66,3.0,False,0.03,1.98
2020-01-20,68,3.0,,0.03,2.04
2020-01-21,75,3.0,,0.03,2.25
2020-01-22,51,3.0,,0.03,1.53
2020-01-23,44,3.0,,0.03,1.3199999999999998
2020-01-24,59,3.0,,0.03,1.77
2020-01-25,51,3.0,,0.03,1.53
2020-01-26,45,4.0,False,0.04,1.8
2020-01-27,48,4.0,,0.04,1.92
2020-01-28,56,4.0,,0.04,2.24
2020-01-29,70,4.0,,0.04,2.8000000000000003
2020-01-30,69,4.0,,0.04,2.7600000000000002
2020-01-31,72,4.0,,0.04,2.88
2020-02-01,75,4.0,,0.04,3.0
2020-02-02,63,4.0,False,0.04,2.52
2020-02-03,66,4.0,,0.04,2.64
2020-02-04,66,4.0,,0.04,2.64
2020-02-05,59,4.0,,0.04,2.36
2020-02-06,62,4.0,,0.04,2.48
2020-02-07,70,4.0,,0.04,2.8000000000000003
2020-02-08,63,4.0,,0.04,2.52
2020-02-09,79,5.0,False,0.05,3.95
2020-02-10,72,5.0,,0.05,3.6
2020-02-11,98,5.0,,0.05,4.9
2020-02-12,96,5.0,,0.05,4.800000000000001
2020-02-13,100,5.0,,0.05,5.0
2020-02-14,85,5.0,,0.05,4.25
2020-02-15,90,5.0,,0.05,4.5
2020-02-16,80,4.0,False,0.04,3.2
2020-02-17,69,4.0,,0.04,2.7600000000000002
2020-02-18,90,4.0,,0.04,3.6
2020-02-19,89,4.0,,0.04,3.56
2020-02-20,86,4.0,,0.04,3.44
2020-02-21,82,4.0,,0.04,3.2800000000000002
2020-02-22,82,4.0,,0.04,3.2800000000000002
2020-02-23,66,4.0,False,0.04,2.64
2020-02-24,48,4.0,,0.04,1.92
2020-02-25,78,4.0,,0.04,3.12
2020-02-26,49,4.0,,0.04,1.96
2020-02-27,67,4.0,,0.04,2.68
2020-02-28,63,4.0,,0.04,2.52
2020-02-29,46,4.0,,0.04,1.84
2020-03-01,28,3.0,False,0.03,0.84
2020-03-02,33,3.0,,0.03,0.99
2020-03-03,43,3.0,,0.03,1.29
2020-03-04,36,3.0,,0.03,1.08
2020-03-05,40,3.0,,0.03,1.2
2020-03-06,36,3.0,,0.03,1.08
2020-03-07,52,3.0,,0.03,1.56
2020-03-08,42,5.0,False,0.05,2.1
2020-03-09,55,5.0,,0.05,2.75
2020-03-10,45,5.0,,0.05,2.25
2020-03-11,37,5.0,,0.05,1.85
2020-03-12,61,5.0,,0.05,3.0500000000000003
2020-03-13,100,5.0,,0.05,5.0
2020-03-14,51,5.0,,0.05,2.5500000000000003
2020-03-15,49,5.0,False,0.05,2.45
2020-03-16,72,5.0,,0.05,3.6
2020-03-17,61,5.0,,0.05,3.0500000000000003
2020-03-18,49,5.0,,0.05,2.45
2020-03-19,67,5.0,,0.05,3.35
2020-03-20,70,5.0,,0.05,3.5
2020-03-21,53,5.0,,0.05,2.6500000000000004
2020-03-22,51,4.0,False,0.04,2.04
2020-03-23,49,4.0,,0.04,1.96
2020-03-24,55,4.0,,0.04,2.2
2020-03-25,51,4.0,,0.04,2.04
2020-03-26,40,4.0,,0.04,1.6
2020-03-27,43,4.0,,0.04,1.72
2020-03-28,51,4.0,,0.04,2.04
2020-03-29,44,4.0,False,0.04,1.76
2020-03-30,38,4.0,,0.04,1.52
2020-03-31,43,4.0,,0.04,1.72
2020-04-01,46,4.0,,0.04,1.84
2020-04-02,56,4.0,,0.04,2.24
2020-04-03,37,4.0,,0.04,1.48
2020-04-04,42,4.0,,0.04,1.68
2020-04-05,47,4.0,False,0.04,1.8800000000000001
2020-04-06,68,4.0,,0.04,2.72
2020-04-07,57,4.0,,0.04,2.2800000000000002
2020-04-08,55,4.0,,0.04,2.2
2020-04-09,54,4.0,,0.04,2.16
2020-04-10,52,4.0,,0.04,2.08
2020-04-11,42,4.0,,0.04,1.68
2020-04-12,42,4.0,False,0.04,1.68
2020-04-13,44,4.0,,0.04,1.76
2020-04-14,38,4.0,,0.04,1.52
2020-04-15,56,4.0,,0.04,2.24
2020-04-16,49,4.0,,0.04,1.96
2020-04-17,60,4.0,,0.04,2.4
2020-04-18,53,4.0,,0.04,2.12
2020-04-19,54,4.0,False,0.04,2.16
2020-04-20,52,4.0,,0.04,2.08
2020-04-21,48,4.0,,0.04,1.92
2020-04-22,51,4.0,,0.04,2.04
2020-04-23,52,4.0,,0.04,2.08
2020-04-24,59,4.0,,0.04,2.36
2020-04-25,59,4.0,,0.04,2.36
2020-04-26,59,6.0,False,0.06,3.54
2020-04-27,53,6.0,,0.06,3.1799999999999997
2020-04-28,59,6.0,,0.06,3.54
2020-04-29,100,6.0,,0.06,6.0
2020-04-30,89,6.0,,0.06,5.34
2020-05-01,70,6.0,,0.06,4.2
2020-05-02,71,6.0,,0.06,4.26
2020-05-03,77,6.0,False,0.06,4.62
2020-05-04,66,6.0,,0.06,3.96
2020-05-05,66,6.0,,0.06,3.96
2020-05-06,94,6.0,,0.06,5.64
2020-05-07,81,6.0,,0.06,4.859999999999999
2020-05-08,95,6.0,,0.06,5.7
2020-05-09,81,6.0,,0.06,4.859999999999999
2020-05-10,100,5.0,False,0.05,5.0
2020-05-11,75,5.0,,0.05,3.75
2020-05-12,81,5.0,,0.05,4.05
2020-05-13,68,5.0,,0.05,3.4000000000000004
2020-05-14,78,5.0,,0.05,3.9000000000000004
2020-05-15,54,5.0,,0.05,2.7
2020-05-16,58,5.0,,0.05,2.9000000000000004
2020-05-17,71,5.0,False,0.05,3.5500000000000003
2020-05-18,79,5.0,,0.05,3.95
2020-05-19,53,5.0,,0.05,2.6500000000000004
2020-05-20,68,5.0,,0.05,3.4000000000000004
2020-05-21,77,5.0,,0.05,3.85
2020-05-22,58,5.0,,0.05,2.9000000000000004
2020-05-23,54,5.0,,0.05,2.7
2020-05-24,49,4.0,False,0.04,1.96
2020-05-25,52,4.0,,0.04,2.08
2020-05-26,43,4.0,,0.04,1.72
2020-05-27,52,4.0,,0.04,2.08
2020-05-28,57,4.0,,0.04,2.2800000000000002
2020-05-29,51,4.0,,0.04,2.04
2020-05-30,65,4.0,,0.04,2.6
2020-05-31,51,4.0,False,0.04,2.04
2020-06-01,87,4.0,,0.04,3.48
2020-06-02,89,4.0,,0.04,3.56
2020-06-03,87,4.0,,0.04,3.48
2020-06-04,69,4.0,,0.04,2.7600000000000002
2020-06-05,67,4.0,,0.04,2.68
2020-06-06,65,4.0,,0.04,2.6
2020-06-07,81,4.0,False,0.04,3.24
2020-06-08,67,4.0,,0.04,2.68
2020-06-09,71,4.0,,0.04,2.84
2020-06-10,72,4.0,,0.04,2.88
2020-06-11,100,4.0,,0.04,4.0
2020-06-12,63,4.0,,0.04,2.52
2020-06-13,72,4.0,,0.04,2.88
2020-06-14,41,4.0,False,0.04,1.6400000000000001
2020-06-15,62,4.0,,0.04,2.48
2020-06-16,83,4.0,,0.04,3.3200000000000003
2020-06-17,71,4.0,,0.04,2.84
2020-06-18,57,4.0,,0.04,2.2800000000000002
2020-06-19,62,4.0,,0.04,2.48
2020-06-20,60,4.0,,0.04,2.4
2020-06-21,54,4.0,False,0.04,2.16
2020-06-22,61,4.0,,0.04,2.44
2020-06-23,73,4.0,,0.04,2.92
2020-06-24,66,4.0,,0.04,2.64
2020-06-25,71,4.0,,0.04,2.84
2020-06-26,59,4.0,,0.04,2.36
2020-06-27,43,4.0,,0.04,1.72
2020-06-28,66,4.0,False,0.04,2.64
2020-06-29,55,4.0,,0.04,2.2
2020-06-30,62,4.0,,0.04,2.48
2020-07-01,45,4.0,,0.04,1.8
2020-07-02,51,4.0,,0.04,2.04
2020-07-03,39,4.0,,0.04,1.56
2020-07-04,44,4.0,,0.04,1.76
2020-07-05,43,4.0,False,0.04,1.72
2020-07-06,47,4.0,,0.04,1.8800000000000001
2020-07-07,61,4.0,,0.04,2.44
2020-07-08,65,4.0,,0.04,2.6
2020-07-09,88,4.0,,0.04,3.52
2020-07-10,60,4.0,,0.04,2.4
2020-07-11,53,4.0,,0.04,2.12
2020-07-12,56,4.0,False,0.04,2.24
2020-07-13,65,4.0,,0.04,2.6
2020-07-14,55,4.0,,0.04,2.2
2020-07-15,57,4.0,,0.04,2.2800000000000002
2020-07-16,58,4.0,,0.04,2.32
2020-07-17,53,4.0,,0.04,2.12
2020-07-18,53,4.0,,0.04,2.12
2020-07-19,48,4.0,False,0.04,1.92
2020-07-20,53,4.0,,0.04,2.12
2020-07-21,56,4.0,,0.04,2.24
2020-07-22,69,4.0,,0.04,2.7600000000000002
2020-07-23,77,4.0,,0.04,3.08
2020-07-24,57,4.0,,0.04,2.2800000000000002
2020-07-25,63,4.0,,0.04,2.52
2020-07-26,83,6.0,False,0.06,4.9799999999999995
2020-07-27,100,6.0,,0.06,6.0
2020-07-28,84,6.0,,0.06,5.04
2020-07-29,88,6.0,,0.06,5.279999999999999
2020-07-30,81,6.0,,0.06,4.859999999999999
2020-07-31,95,6.0,,0.06,5.7
2020-08-01,86,6.0,,0.06,5.16
2020-08-02,94,6.0,False,0.06,5.64
2020-08-03,95,6.0,,0.06,5.7
2020-08-04,69,6.0,,0.06,4.14
2020-08-05,76,6.0,,0.06,4.56
2020-08-06,79,6.0,,0.06,4.74
2020-08-07,71,6.0,,0.06,4.26
2020-08-08,75,6.0,,0.06,4.5
2020-08-09,77,6.0,False,0.06,4.62
2020-08-10,81,6.0,,0.06,4.859999999999999
2020-08-11,85,6.0,,0.06,5.1
2020-08-12,70,6.0,,0.06,4.2
2020-08-13,96,6.0,,0.06,5.76
2020-08-14,93,6.0,,0.06,5.58
2020-08-15,95,6.0,,0.06,5.7
2020-08-16,74,6.0,False,0.06,4.4399999999999995
2020-08-17,100,6.0,,0.06,6.0
2020-08-18,87,6.0,,0.06,5.22
2020-08-19,68,6.0,,0.06,4.08
2020-08-20,78,6.0,,0.06,4.68
2020-08-21,73,6.0,,0.06,4.38
2020-08-22,79,6.0,,0.06,4.74
2020-08-23,69,4.0,False,0.04,2.7600000000000002
2020-08-24,63,4.0,,0.04,2.52
2020-08-25,63,4.0,,0.04,2.52
2020-08-26,78,4.0,,0.04,3.12
2020-08-27,63,4.0,,0.04,2.52
2020-08-28,61,4.0,,0.04,2.44
2020-08-29,42,4.0,,0.04,1.68
2020-08-30,69,5.0,False,0.05,3.45
2020-08-31,68,5.0,,0.05,3.4000000000000004
2020-09-01,99,5.0,,0.05,4.95
2020-09-02,97,5.0,,0.05,4.8500000000000005
2020-09-03,100,5.0,,0.05,5.0
2020-09-04,87,5.0,,0.05,4.3500000000000005
2020-09-05,74,5.0,,0.05,3.7
2020-09-06,80,4.0,False,0.04,3.2
2020-09-07,79,4.0,,0.04,3.16
2020-09-08,86,4.0,,0.04,3.44
2020-09-09,71,4.0,,0.04,2.84
2020-09-10,74,4.0,,0.04,2.96
2020-09-11,79,4.0,,0.04,3.16
2020-09-12,65,4.0,,0.04,2.6
2020-09-13,73,5.0,False,0.05,3.6500000000000004
2020-09-14,62,5.0,,0.05,3.1
2020-09-15,79,5.0,,0.05,3.95
2020-09-16,94,5.0,,0.05,4.7
2020-09-17,85,5.0,,0.05,4.25
2020-09-18,87,5.0,,0.05,4.3500000000000005
2020-09-19,79,5.0,,0.05,3.95
2020-09-20,61,4.0,False,0.04,2.44
2020-09-21,66,4.0,,0.04,2.64
2020-09-22,70,4.0,,0.04,2.8000000000000003
2020-09-23,59,4.0,,0.04,2.36
2020-09-24,81,4.0,,0.04,3.24
2020-09-25,51,4.0,,0.04,2.04
2020-09-26,68,4.0,,0.04,2.72
2020-09-27,61,4.0,False,0.04,2.44
2020-09-28,61,4.0,,0.04,2.44
2020-09-29,63,4.0,,0.04,2.52
2020-09-30,67,4.0,,0.04,2.68
2020-10-01,62,4.0,,0.04,2.48
2020-10-02,69,4.0,,0.04,2.7600000000000002
2020-10-03,65,4.0,,0.04,2.6
2020-10-04,68,3.0,False,0.03,2.04
2020-10-05,66,3.0,,0.03,1.98
2020-10-06,63,3.0,,0.03,1.89
2020-10-07,60,3.0,,0.03,1.7999999999999998
2020-10-08,59,3.0,,0.03,1.77
2020-10-09,66,3.0,,0.03,1.98
2020-10-10,76,3.0,,0.03,2.28
2020-10-11,67,3.0,False,0.03,2.01
2020-10-12,64,3.0,,0.03,1.92
2020-10-13,43,3.0,,0.03,1.29
2020-10-14,64,3.0,,0.03,1.92
2020-10-15,65,3.0,,0.03,1.95
2020-10-16,72,3.0,,0.03,2.16
2020-10-17,59,3.0,,0.03,1.77
2020-10-18,59,4.0,False,0.04,2.36
2020-10-19,49,4.0,,0.04,1.96
2020-10-20,62,4.0,,0.04,2.48
2020-10-21,81,4.0,,0.04,3.24
2020-10-22,100,4.0,,0.04,4.0
2020-10-23,72,4.0,,0.04,2.88
2020-10-24,89,4.0,,0.04,3.56
2020-10-25,72,4.0,False,0.04,2.88
2020-10-26,67,4.0,,0.04,2.68
2020-10-27,92,4.0,,0.04,3.68
2020-10-28,86,4.0,,0.04,3.44
2020-10-29,92,4.0,,0.04,3.68
2020-10-30,79,4.0,,0.04,3.16
2020-10-31,72,4.0,,0.04,2.88
2020-11-01,28,5.0,False,0.05,1.4000000000000001
2020-11-02,25,5.0,,0.05,1.25
2020-11-03,24,5.0,,0.05,1.2000000000000002
2020-11-04,17,5.0,,0.05,0.8500000000000001
2020-11-05,32,5.0,,0.05,1.6
2020-11-06,34,5.0,,0.05,1.7000000000000002
2020-11-07,29,5.0,,0.05,1.4500000000000002
2020-11-08,24,5.0,False,0.05,1.2000000000000002
2020-11-09,28,5.0,,0.05,1.4000000000000001
2020-11-10,33,5.0,,0.05,1.6500000000000001
2020-11-11,24,5.0,,0.05,1.2000000000000002
2020-11-12,32,5.0,,0.05,1.6
2020-11-13,38,5.0,,0.05,1.9000000000000001
2020-11-14,25,5.0,,0.05,1.25
2020-11-15,23,7.0,False,0.07,1.61
2020-11-16,44,7.0,,0.07,3.08
2020-11-17,47,7.0,,0.07,3.2900000000000005
2020-11-18,44,7.0,,0.07,3.08
2020-11-19,37,7.0,,0.07,2.5900000000000003
2020-11-20,44,7.0,,0.07,3.08
2020-11-21,54,7.0,,0.07,3.7800000000000002
2020-11-22,51,10.0,False,0.1,5.1000000000000005
2020-11-23,59,10.0,,0.1,5.9
2020-11-24,100,10.0,,0.1,10.0
2020-11-25,66,10.0,,0.1,6.6000000000000005
2020-11-26,73,10.0,,0.1,7.300000000000001
2020-11-27,50,10.0,,0.1,5.0
2020-11-28,46,10.0,,0.1,4.6000000000000005
2020-11-29,35,7.0,False,0.07,2.45
2020-11-30,54,7.0,,0.07,3.7800000000000002
2020-12-01,58,7.0,,0.07,4.0600000000000005
2020-12-02,42,7.0,,0.07,2.9400000000000004
2020-12-03,44,7.0,,0.07,3.08
2020-12-04,40,7.0,,0.07,2.8000000000000003
2020-12-05,39,7.0,,0.07,2.7300000000000004
2020-12-06,40,6.0,False,0.06,2.4
2020-12-07,39,6.0,,0.06,2.34
2020-12-08,46,6.0,,0.06,2.76
2020-12-09,42,6.0,,0.06,2.52
2020-12-10,41,6.0,,0.06,2.46
2020-12-11,39,6.0,,0.06,2.34
2020-12-12,38,6.0,,0.06,2.28
2020-12-13,37,10.0,False,0.1,3.7
2020-12-14,40,10.0,,0.1,4.0
2020-12-15,38,10.0,,0.1,3.8000000000000003
2020-12-16,59,10.0,,0.1,5.9
2020-12-17,100,10.0,,0.1,10.0
2020-12-18,91,10.0,,0.1,9.1
2020-12-19,76,10.0,,0.1,7.6000000000000005
2020-12-20,69,11.0,False,0.11,7.59
2020-12-21,73,11.0,,0.11,8.03
2020-12-22,59,11.0,,0.11,6.49
2020-12-23,64,11.0,,0.11,7.04
2020-12-24,60,11.0,,0.11,6.6
2020-12-25,64,11.0,,0.11,7.04
2020-12-26,71,11.0,,0.11,7.81
2020-12-27,76,13.0,False,0.13,9.88
2020-12-28,74,13.0,,0.13,9.620000000000001
2020-12-29,84,13.0,,0.13,10.92
2020-12-30,75,13.0,,0.13,9.75
2020-12-31,81,13.0,,0.13,10.530000000000001
2021-01-01,20,13.0,,0.13,2.6
2021-01-02,34,13.0,,0.13,4.42
2021-01-03,42,25.0,False,0.25,10.5
2021-01-04,38,25.0,,0.25,9.5
2021-01-05,36,25.0,,0.25,9.0
2021-01-06,47,25.0,,0.25,11.75
2021-01-07,71,25.0,,0.25,17.75
2021-01-08,49,25.0,,0.25,12.25
2021-01-09,41,25.0,,0.25,10.25
2021-01-10,40,17.0,False,0.17,6.800000000000001
2021-01-11,41,17.0,,0.17,6.970000000000001
2021-01-12,33,17.0,,0.17,5.61
2021-01-13,27,17.0,,0.17,4.590000000000001
2021-01-14,32,17.0,,0.17,5.44
2021-01-15,27,17.0,,0.17,4.590000000000001
2021-01-16,26,17.0,,0.17,4.42
2021-01-17,27,13.0,False,0.13,3.5100000000000002
2021-01-18,26,13.0,,0.13,3.38
2021-01-19,31,13.0,,0.13,4.03
2021-01-20,23,13.0,,0.13,2.99
2021-01-21,24,13.0,,0.13,3.12
2021-01-22,24,13.0,,0.13,3.12
2021-01-23,23,13.0,,0.13,2.99
2021-01-24,20,20.0,False,0.2,4.0
2021-01-25,27,20.0,,0.2,5.4
2021-01-26,19,20.0,,0.2,3.8000000000000003
2021-01-27,17,20.0,,0.2,3.4000000000000004
2021-01-28,34,20.0,,0.2,6.800000000000001
2021-01-29,100,20.0,,0.2,20.0
2021-01-30,48,20.0,,0.2,9.600000000000001
2021-01-31,51,22.0,False,0.22,11.22
2021-02-01,78,22.0,,0.22,17.16
2021-02-02,61,22.0,,0.22,13.42
2021-02-03,77,22.0,,0.22,16.94
2021-02-04,80,22.0,,0.22,17.6
2021-02-05,77,22.0,,0.22,16.94
2021-02-06,73,22.0,,0.22,16.06
2021-02-07,74,26.0,False,0.26,19.240000000000002
2021-02-08,89,26.0,,0.26,23.14
2021-02-09,100,26.0,,0.26,26.0
2021-02-10,89,26.0,,0.26,23.14
2021-02-11,91,26.0,,0.26,23.66
2021-02-12,85,26.0,,0.26,22.1
2021-02-13,87,26.0,,0.26,22.62
2021-02-14,74,23.0,False,0.23,17.02
2021-02-15,69,23.0,,0.23,15.870000000000001
2021-02-16,75,23.0,,0.23,17.25
2021-02-17,82,23.0,,0.23,18.86
2021-02-18,83,23.0,,0.23,19.09
2021-02-19,91,23.0,,0.23,20.93
2021-02-20,96,23.0,,0.23,22.080000000000002
2021-02-21,85,22.0,False,0.22,18.7
2021-02-22,84,22.0,,0.22,18.48
2021-02-23,83,22.0,,0.22,18.26
2021-02-24,63,22.0,,0.22,13.86
2021-02-25,86,22.0,,0.22,18.92
2021-02-26,73,22.0,,0.22,16.06
2021-02-27,56,22.0,,0.22,12.32
2021-02-28,61,15.0,False,0.15,9.15
2021-03-01,48,15.0,,0.15,7.199999999999999
2021-03-02,46,15.0,,0.15,6.8999999999999995
2021-03-03,46,15.0,,0.15,6.8999999999999995
2021-03-04,45,15.0,,0.15,6.75
2021-03-05,43,15.0,,0.15,6.45
2021-03-06,33,15.0,,0.15,4.95
2021-03-07,44,16.0,False,0.16,7.04
2021-03-08,51,16.0,,0.16,8.16
2021-03-09,54,16.0,,0.16,8.64
2021-03-10,55,16.0,,0.16,8.8
2021-03-11,53,16.0,,0.16,8.48
2021-03-12,52,16.0,,0.16,8.32
2021-03-13,58,16.0,,0.16,9.28
2021-03-14,58,22.0,False,0.22,12.76
2021-03-15,52,22.0,,0.22,11.44
2021-03-16,72,22.0,,0.22,15.84
2021-03-17,83,22.0,,0.22,18.26
2021-03-18,100,22.0,,0.22,22.0
2021-03-19,64,22.0,,0.22,14.08
2021-03-20,56,22.0,,0.22,12.32
2021-03-21,44,14.0,False,0.14,6.16
2021-03-22,48,14.0,,0.14,6.720000000000001
2021-03-23,46,14.0,,0.14,6.44
2021-03-24,51,14.0,,0.14,7.140000000000001
2021-03-25,41,14.0,,0.14,5.74
2021-03-26,44,14.0,,0.14,6.16
2021-03-27,46,14.0,,0.14,6.44
2021-03-28,43,16.0,False,0.16,6.88
2021-03-29,43,16.0,,0.16,6.88
2021-03-30,45,16.0,,0.16,7.2
2021-03-31,43,16.0,,0.16,6.88
2021-04-01,6,16.0,,0.16,0.96
2021-04-02,7,16.0,,0.16,1.12
2021-04-03,7,16.0,,0.16,1.12
2021-04-04,5,23.0,False,0.23,1.1500000000000001
2021-04-05,7,23.0,,0.23,1.61
2021-04-06,9,23.0,,0.23,2.0700000000000003
2021-04-07,8,23.0,,0.23,1.84
2021-04-08,8,23.0,,0.23,1.84
2021-04-09,8,23.0,,0.23,1.84
2021-04-10,9,23.0,,0.23,2.0700000000000003
2021-04-11,9,100.0,False,1.0,9.0
2021-04-12,13,100.0,,1.0,13.0
2021-04-13,28,100.0,,1.0,28.0
2021-04-14,100,100.0,,1.0,100.0
2021-04-15,43,100.0,,1.0,43.0
2021-04-16,30,100.0,,1.0,30.0
2021-04-17,19,100.0,,1.0,19.0
2021-04-18,17,40.0,False,0.4,6.800000000000001
2021-04-19,18,40.0,,0.4,7.2
2021-04-20,15,40.0,,0.4,6.0
2021-04-21,14,40.0,,0.4,5.6000000000000005
2021-04-22,13,40.0,,0.4,5.2
2021-04-23,12,40.0,,0.4,4.800000000000001
2021-04-24,8,40.0,,0.4,3.2
2021-04-25,6,25.0,False,0.25,1.5
2021-04-26,9,25.0,,0.25,2.25
2021-04-27,10,25.0,,0.25,2.5
2021-04-28,10,25.0,,0.25,2.5
2021-04-29,8,25.0,,0.25,2.0
2021-04-30,10,25.0,,0.25,2.5
2021-05-01,48,25.0,,0.25,12.0
2021-05-02,44,37.0,False,0.37,16.28
2021-05-03,64,37.0,,0.37,23.68
2021-05-04,77,37.0,,0.37,28.49
2021-05-05,85,37.0,,0.37,31.45
2021-05-06,93,37.0,,0.37,34.41
2021-05-07,80,37.0,,0.37,29.6
2021-05-08,79,37.0,,0.37,29.23
2021-05-09,80,44.0,False,0.44,35.2
2021-05-10,100,44.0,,0.44,44.0
2021-05-11,93,44.0,,0.44,40.92
2021-05-12,83,44.0,,0.44,36.52
2021-05-13,89,44.0,,0.44,39.160000000000004
2021-05-14,100,44.0,,0.44,44.0
2021-05-15,75,44.0,,0.44,33.0
2021-05-16,64,33.0,False,0.33,21.12
2021-05-17,60,33.0,,0.33,19.8
2021-05-18,61,33.0,,0.33,20.130000000000003
2021-05-19,95,33.0,,0.33,31.35
2021-05-20,70,33.0,,0.33,23.1
2021-05-21,56,33.0,,0.33,18.48
2021-05-22,40,33.0,,0.33,13.200000000000001
2021-05-23,40,23.0,False,0.23,9.200000000000001
2021-05-24,54,23.0,,0.23,12.42
2021-05-25,43,23.0,,0.23,9.89
2021-05-26,48,23.0,,0.23,11.040000000000001
2021-05-27,44,23.0,,0.23,10.120000000000001
2021-05-28,37,23.0,,0.23,8.51
2021-05-29,31,23.0,,0.23,7.13
2021-05-30,29,22.0,False,0.22,6.38
2021-05-31,29,22.0,,0.22,6.38
2021-06-01,65,22.0,,0.22,14.3
2021-06-02,100,22.0,,0.22,22.0
2021-06-03,97,22.0,,0.22,21.34
2021-06-04,64,22.0,,0.22,14.08
2021-06-05,44,22.0,,0.22,9.68
2021-06-06,40,15.0,False,0.15,6.0
2021-06-07,49,15.0,,0.15,7.35
2021-06-08,52,15.0,,0.15,7.8
2021-06-09,49,15.0,,0.15,7.35
2021-06-10,44,15.0,,0.15,6.6
2021-06-11,42,15.0,,0.15,6.3
2021-06-12,33,15.0,,0.15,4.95
2021-06-13,30,17.0,False,0.17,5.1000000000000005
2021-06-14,51,17.0,,0.17,8.67
2021-06-15,58,17.0,,0.17,9.860000000000001
2021-06-16,57,17.0,,0.17,9.690000000000001
2021-06-17,64,17.0,,0.17,10.88
2021-06-18,51,17.0,,0.17,8.67
2021-06-19,36,17.0,,0.17,6.12
2021-06-20,41,13.0,False,0.13,5.33
2021-06-21,44,13.0,,0.13,5.720000000000001
2021-06-22,49,13.0,,0.13,6.37
2021-06-23,41,13.0,,0.13,5.33
2021-06-24,35,13.0,,0.13,4.55
2021-06-25,40,13.0,,0.13,5.2
2021-06-26,31,13.0,,0.13,4.03
2021-06-27,32,13.0,False,0.13,4.16
2021-06-28,43,13.0,,0.13,5.59
2021-06-29,48,13.0,,0.13,6.24
2021-06-30,46,13.0,,0.13,5.98
2021-07-01,87,13.0,,0.13,11.31
2021-07-02,80,13.0,,0.13,10.4
2021-07-03,68,13.0,,0.13,8.84
2021-07-04,60,11.0,False,0.11,6.6
2021-07-05,67,11.0,,0.11,7.37
2021-07-06,100,11.0,,0.11,11.0
2021-07-07,68,11.0,,0.11,7.48
2021-07-08,87,11.0,,0.11,9.57
2021-07-09,78,11.0,,0.11,8.58
2021-07-10,61,11.0,,0.11,6.71
2021-07-11,55,10.0,False,0.1,5.5
2021-07-12,68,10.0,,0.1,6.800000000000001
2021-07-13,73,10.0,,0.1,7.300000000000001
2021-07-14,70,10.0,,0.1,7.0
2021-07-15,67,10.0,,0.1,6.7
2021-07-16,78,10.0,,0.1,7.800000000000001
2021-07-17,54,10.0,,0.1,5.4
2021-07-18,53,9.0,False,0.09,4.77
2021-07-19,66,9.0,,0.09,5.9399999999999995
2021-07-20,81,9.0,,0.09,7.29
2021-07-21,80,9.0,,0.09,7.199999999999999
2021-07-22,80,9.0,,0.09,7.199999999999999
2021-07-23,77,9.0,,0.09,6.93
2021-07-24,53,9.0,,0.09,4.77
2021-07-25,53,11.0,False,0.11,5.83
2021-07-26,89,11.0,,0.11,9.790000000000001
2021-07-27,81,11.0,,0.11,8.91
2021-07-28,82,11.0,,0.11,9.02
2021-07-29,79,11.0,,0.11,8.69
2021-07-30,75,11.0,,0.11,8.25
2021-07-31,62,11.0,,0.11,6.82
2021-08-01,41,11.0,False,0.11,4.51
2021-08-02,54,11.0,,0.11,5.94
2021-08-03,43,11.0,,0.11,4.73
2021-08-04,47,11.0,,0.11,5.17
2021-08-05,55,11.0,,0.11,6.05
2021-08-06,61,11.0,,0.11,6.71
2021-08-07,55,11.0,,0.11,6.05
2021-08-08,49,16.0,False,0.16,7.84
2021-08-09,66,16.0,,0.16,10.56
2021-08-10,79,16.0,,0.16,12.64
2021-08-11,96,16.0,,0.16,15.36
2021-08-12,80,16.0,,0.16,12.8
2021-08-13,70,16.0,,0.16,11.200000000000001
2021-08-14,65,16.0,,0.16,10.4
2021-08-15,72,15.0,False,0.15,10.799999999999999
2021-08-16,76,15.0,,0.15,11.4
2021-08-17,65,15.0,,0.15,9.75
2021-08-18,61,15.0,,0.15,9.15
2021-08-19,68,15.0,,0.15,10.2
2021-08-20,79,15.0,,0.15,11.85
2021-08-21,70,15.0,,0.15,10.5
2021-08-22,53,15.0,False,0.15,7.949999999999999
2021-08-23,83,15.0,,0.15,12.45
2021-08-24,100,15.0,,0.15,15.0
2021-08-25,70,15.0,,0.15,10.5
2021-08-26,65,15.0,,0.15,9.75
2021-08-27,71,15.0,,0.15,10.65
2021-08-28,61,15.0,,0.15,9.15
2021-08-29,61,14.0,False,0.14,8.540000000000001
2021-08-30,70,14.0,,0.14,9.8
2021-08-31,60,14.0,,0.14,8.4
2021-09-01,70,14.0,,0.14,9.8
2021-09-02,68,14.0,,0.14,9.520000000000001
2021-09-03,77,14.0,,0.14,10.780000000000001
2021-09-04,60,14.0,,0.14,8.4
2021-09-05,64,19.0,False,0.19,12.16
2021-09-06,78,19.0,,0.19,14.82
2021-09-07,90,19.0,,0.19,17.1
2021-09-08,97,19.0,,0.19,18.43
2021-09-09,100,19.0,,0.19,19.0
2021-09-10,79,19.0,,0.19,15.01
2021-09-11,60,19.0,,0.19,11.4
2021-09-12,57,14.0,False,0.14,7.98
2021-09-13,66,14.0,,0.14,9.24
2021-09-14,69,14.0,,0.14,9.66
2021-09-15,63,14.0,,0.14,8.82
2021-09-16,79,14.0,,0.14,11.06
2021-09-17,66,14.0,,0.14,9.24
2021-09-18,60,14.0,,0.14,8.4
2021-09-19,45,12.0,False,0.12,5.3999999999999995
2021-09-20,66,12.0,,0.12,7.92
2021-09-21,57,12.0,,0.12,6.84
2021-09-22,51,12.0,,0.12,6.12
2021-09-23,58,12.0,,0.12,6.96
2021-09-24,51,12.0,,0.12,6.12
2021-09-25,48,12.0,,0.12,5.76
2021-09-26,42,11.0,False,0.11,4.62
2021-09-27,56,11.0,,0.11,6.16
2021-09-28,51,11.0,,0.11,5.61
2021-09-29,45,11.0,,0.11,4.95
2021-09-30,45,11.0,,0.11,4.95
2021-10-01,21,11.0,,0.11,2.31
2021-10-02,21,11.0,,0.11,2.31
2021-10-03,21,19.0,False,0.19,3.99
2021-10-04,24,19.0,,0.19,4.5600000000000005
2021-10-05,29,19.0,,0.19,5.51
2021-10-06,40,19.0,,0.19,7.6
2021-10-07,44,19.0,,0.19,8.36
2021-10-08,34,19.0,,0.19,6.46
2021-10-09,26,19.0,,0.19,4.94
2021-10-10,24,18.0,False,0.18,4.32
2021-10-11,32,18.0,,0.18,5.76
2021-10-12,30,18.0,,0.18,5.3999999999999995
2021-10-13,31,18.0,,0.18,5.58
2021-10-14,36,18.0,,0.18,6.4799999999999995
2021-10-15,36,18.0,,0.18,6.4799999999999995
2021-10-16,28,18.0,,0.18,5.04
2021-10-17,27,20.0,False,0.2,5.4
2021-10-18,31,20.0,,0.2,6.2
2021-10-19,34,20.0,,0.2,6.800000000000001
2021-10-20,41,20.0,,0.2,8.200000000000001
2021-10-21,42,20.0,,0.2,8.4
2021-10-22,34,20.0,,0.2,6.800000000000001
2021-10-23,33,20.0,,0.2,6.6000000000000005
2021-10-24,37,36.0,False,0.36,13.32
2021-10-25,47,36.0,,0.36,16.919999999999998
2021-10-26,50,36.0,,0.36,18.0
2021-10-27,100,36.0,,0.36,36.0
2021-10-28,85,36.0,,0.36,30.599999999999998
2021-10-29,69,36.0,,0.36,24.84
2021-10-30,56,36.0,,0.36,20.16
2021-10-31,47,30.0,False,0.3,14.1
2021-11-01,95,30.0,,0.3,28.5
2021-11-02,100,30.0,,0.3,30.0
2021-11-03,93,30.0,,0.3,27.9
2021-11-04,87,30.0,,0.3,26.099999999999998
2021-11-05,85,30.0,,0.3,25.5
2021-11-06,75,30.0,,0.3,22.5
2021-11-07,75,29.0,False,0.29,21.75
2021-11-08,80,29.0,,0.29,23.2
2021-11-09,94,29.0,,0.29,27.259999999999998
2021-11-10,93,29.0,,0.29,26.97
2021-11-11,76,29.0,,0.29,22.04
2021-11-12,70,29.0,,0.29,20.299999999999997
2021-11-13,65,29.0,,0.29,18.849999999999998
2021-11-14,59,23.0,False,0.23,13.57
2021-11-15,71,23.0,,0.23,16.330000000000002
2021-11-16,72,23.0,,0.23,16.560000000000002
2021-11-17,71,23.0,,0.23,16.330000000000002
2021-11-18,66,23.0,,0.23,15.180000000000001
2021-11-19,67,23.0,,0.23,15.41
2021-11-20,69,23.0,,0.23,15.870000000000001
2021-11-21,61,21.0,False,0.21,12.809999999999999
2021-11-22,65,21.0,,0.21,13.65
2021-11-23,68,21.0,,0.21,14.28
2021-11-24,83,21.0,,0.21,17.43
2021-11-25,58,21.0,,0.21,12.18
2021-11-26,57,21.0,,0.21,11.969999999999999
2021-11-27,51,21.0,,0.21,10.709999999999999
2021-11-28,50,20.0,True,0.2,10.0
2021-11-29,60,20.0,,0.2,12.0
2021-11-30,64,20.0,,0.2,12.8
2021-12-01,100,20.0,,0.2,20.0
2021-12-02,85,20.0,,0.2,17.0
