date,miner_unscaled,miner_monthly,isPartial,scale,miner
2017-08-01,80,,,,
2017-08-02,80,,,,
2017-08-03,67,,,,
2017-08-04,65,,,,
2017-08-05,79,,,,
2017-08-06,78,45.0,False,0.45,35.1
2017-08-07,95,45.0,,0.45,42.75
2017-08-08,90,45.0,,0.45,40.5
2017-08-09,88,45.0,,0.45,39.6
2017-08-10,81,45.0,,0.45,36.45
2017-08-11,80,45.0,,0.45,36.0
2017-08-12,68,45.0,,0.45,30.6
2017-08-13,88,50.0,False,0.5,44.0
2017-08-14,100,50.0,,0.5,50.0
2017-08-15,98,50.0,,0.5,49.0
2017-08-16,85,50.0,,0.5,42.5
2017-08-17,87,50.0,,0.5,43.5
2017-08-18,79,50.0,,0.5,39.5
2017-08-19,83,50.0,,0.5,41.5
2017-08-20,87,47.0,False,0.47,40.89
2017-08-21,66,47.0,,0.47,31.02
2017-08-22,99,47.0,,0.47,46.529999999999994
2017-08-23,87,47.0,,0.47,40.89
2017-08-24,99,47.0,,0.47,46.529999999999994
2017-08-25,93,47.0,,0.47,43.71
2017-08-26,88,47.0,,0.47,41.36
2017-08-27,83,51.0,False,0.51,42.33
2017-08-28,81,51.0,,0.51,41.31
2017-08-29,80,51.0,,0.51,40.8
2017-08-30,82,51.0,,0.51,41.82
2017-08-31,76,51.0,,0.51,38.76
2017-09-01,100,51.0,,0.51,51.0
2017-09-02,80,51.0,,0.51,40.8
2017-09-03,93,51.0,False,0.51,47.43
2017-09-04,86,51.0,,0.51,43.86
2017-09-05,75,51.0,,0.51,38.25
2017-09-06,94,51.0,,0.51,47.94
2017-09-07,90,51.0,,0.51,45.9
2017-09-08,88,51.0,,0.51,44.88
2017-09-09,78,51.0,,0.51,39.78
2017-09-10,73,45.0,False,0.45,32.85
2017-09-11,75,45.0,,0.45,33.75
2017-09-12,73,45.0,,0.45,32.85
2017-09-13,71,45.0,,0.45,31.95
2017-09-14,86,45.0,,0.45,38.7
2017-09-15,63,45.0,,0.45,28.35
2017-09-16,70,45.0,,0.45,31.5
2017-09-17,73,46.0,False,0.46,33.58
2017-09-18,83,46.0,,0.46,38.18
2017-09-19,77,46.0,,0.46,35.42
2017-09-20,73,46.0,,0.46,33.58
2017-09-21,73,46.0,,0.46,33.58
2017-09-22,77,46.0,,0.46,35.42
2017-09-23,74,46.0,,0.46,34.04
2017-09-24,68,46.0,False,0.46,31.28
2017-09-25,77,46.0,,0.46,35.42
2017-09-26,84,46.0,,0.46,38.64
2017-09-27,76,46.0,,0.46,34.96
2017-09-28,92,46.0,,0.46,42.32
2017-09-29,75,46.0,,0.46,34.5
2017-09-30,80,46.0,,0.46,36.800000000000004
2017-10-01,72,45.0,False,0.45,32.4
2017-10-02,75,45.0,,0.45,33.75
2017-10-03,91,45.0,,0.45,40.95
2017-10-04,67,45.0,,0.45,30.150000000000002
2017-10-05,80,45.0,,0.45,36.0
2017-10-06,70,45.0,,0.45,31.5
2017-10-07,76,45.0,,0.45,34.2
2017-10-08,78,51.0,False,0.51,39.78
2017-10-09,72,51.0,,0.51,36.72
2017-10-10,81,51.0,,0.51,41.31
2017-10-11,76,51.0,,0.51,38.76
2017-10-12,91,51.0,,0.51,46.410000000000004
2017-10-13,93,51.0,,0.51,47.43
2017-10-14,76,51.0,,0.51,38.76
2017-10-15,85,51.0,False,0.51,43.35
2017-10-16,90,51.0,,0.51,45.9
2017-10-17,83,51.0,,0.51,42.33
2017-10-18,91,51.0,,0.51,46.410000000000004
2017-10-19,88,51.0,,0.51,44.88
2017-10-20,84,51.0,,0.51,42.84
2017-10-21,92,51.0,,0.51,46.92
2017-10-22,83,49.0,False,0.49,40.67
2017-10-23,98,49.0,,0.49,48.019999999999996
2017-10-24,84,49.0,,0.49,41.16
2017-10-25,96,49.0,,0.49,47.04
2017-10-26,84,49.0,,0.49,41.16
2017-10-27,100,49.0,,0.49,49.0
2017-10-28,83,49.0,,0.49,40.67
2017-10-29,97,58.0,False,0.58,56.26
2017-10-30,85,58.0,,0.58,49.3
2017-10-31,89,58.0,,0.58,51.62
2017-11-01,67,58.0,,0.58,38.86
2017-11-02,79,58.0,,0.58,45.82
2017-11-03,77,58.0,,0.58,44.66
2017-11-04,63,58.0,,0.58,36.54
2017-11-05,70,58.0,False,0.58,40.599999999999994
2017-11-06,62,58.0,,0.58,35.96
2017-11-07,79,58.0,,0.58,45.82
2017-11-08,69,58.0,,0.58,40.019999999999996
2017-11-09,72,58.0,,0.58,41.76
2017-11-10,64,58.0,,0.58,37.12
2017-11-11,66,58.0,,0.58,38.279999999999994
2017-11-12,76,62.0,False,0.62,47.12
2017-11-13,83,62.0,,0.62,51.46
2017-11-14,70,62.0,,0.62,43.4
2017-11-15,69,62.0,,0.62,42.78
2017-11-16,64,62.0,,0.62,39.68
2017-11-17,67,62.0,,0.62,41.54
2017-11-18,64,62.0,,0.62,39.68
2017-11-19,70,58.0,False,0.58,40.599999999999994
2017-11-20,71,58.0,,0.58,41.18
2017-11-21,65,58.0,,0.58,37.699999999999996
2017-11-22,70,58.0,,0.58,40.599999999999994
2017-11-23,63,58.0,,0.58,36.54
2017-11-24,53,58.0,,0.58,30.74
2017-11-25,59,58.0,,0.58,34.22
2017-11-26,78,73.0,False,0.73,56.94
2017-11-27,64,73.0,,0.73,46.72
2017-11-28,90,73.0,,0.73,65.7
2017-11-29,93,73.0,,0.73,67.89
2017-11-30,100,73.0,,0.73,73.0
2017-12-01,57,73.0,,0.73,41.61
2017-12-02,65,73.0,,0.73,47.449999999999996
2017-12-03,69,89.0,False,0.89,61.410000000000004
2017-12-04,63,89.0,,0.89,56.07
2017-12-05,66,89.0,,0.89,58.74
2017-12-06,81,89.0,,0.89,72.09
2017-12-07,84,89.0,,0.89,74.76
2017-12-08,87,89.0,,0.89,77.43
2017-12-09,86,89.0,,0.89,76.54
2017-12-10,76,100.0,False,1.0,76.0
2017-12-11,81,100.0,,1.0,81.0
2017-12-12,100,100.0,,1.0,100.0
2017-12-13,86,100.0,,1.0,86.0
2017-12-14,88,100.0,,1.0,88.0
2017-12-15,83,100.0,,1.0,83.0
2017-12-16,83,100.0,,1.0,83.0
2017-12-17,85,95.0,False,0.95,80.75
2017-12-18,79,95.0,,0.95,75.05
2017-12-19,82,95.0,,0.95,77.89999999999999
2017-12-20,77,95.0,,0.95,73.14999999999999
2017-12-21,85,95.0,,0.95,80.75
2017-12-22,78,95.0,,0.95,74.1
2017-12-23,73,95.0,,0.95,69.35
2017-12-24,72,86.0,False,0.86,61.92
2017-12-25,56,86.0,,0.86,48.16
2017-12-26,72,86.0,,0.86,61.92
2017-12-27,74,86.0,,0.86,63.64
2017-12-28,69,86.0,,0.86,59.339999999999996
2017-12-29,72,86.0,,0.86,61.92
2017-12-30,68,86.0,,0.86,58.48
2017-12-31,68,78.0,False,0.78,53.04
2018-01-01,56,78.0,,0.78,43.68
2018-01-02,65,78.0,,0.78,50.7
2018-01-03,63,78.0,,0.78,49.14
2018-01-04,63,78.0,,0.78,49.14
2018-01-05,62,78.0,,0.78,48.36
2018-01-06,71,78.0,,0.78,55.38
2018-01-07,100,88.0,False,0.88,88.0
2018-01-08,68,88.0,,0.88,59.84
2018-01-09,66,88.0,,0.88,58.08
2018-01-10,76,88.0,,0.88,66.88
2018-01-11,78,88.0,,0.88,68.64
2018-01-12,68,88.0,,0.88,59.84
2018-01-13,61,88.0,,0.88,53.68
2018-01-14,77,78.0,False,0.78,60.06
2018-01-15,69,78.0,,0.78,53.82
2018-01-16,63,78.0,,0.78,49.14
2018-01-17,60,78.0,,0.78,46.800000000000004
2018-01-18,59,78.0,,0.78,46.02
2018-01-19,56,78.0,,0.78,43.68
2018-01-20,73,78.0,,0.78,56.940000000000005
2018-01-21,59,68.0,False,0.68,40.120000000000005
2018-01-22,63,68.0,,0.68,42.84
2018-01-23,57,68.0,,0.68,38.760000000000005
2018-01-24,52,68.0,,0.68,35.36
2018-01-25,55,68.0,,0.68,37.400000000000006
2018-01-26,55,68.0,,0.68,37.400000000000006
2018-01-27,53,68.0,,0.68,36.04
2018-01-28,56,69.0,False,0.69,38.64
2018-01-29,65,69.0,,0.69,44.849999999999994
2018-01-30,47,69.0,,0.69,32.43
2018-01-31,59,69.0,,0.69,40.709999999999994
2018-02-01,90,69.0,,0.69,62.099999999999994
2018-02-02,94,69.0,,0.69,64.86
2018-02-03,75,69.0,,0.69,51.74999999999999
2018-02-04,80,60.0,False,0.6,48.0
2018-02-05,88,60.0,,0.6,52.8
2018-02-06,76,60.0,,0.6,45.6
2018-02-07,89,60.0,,0.6,53.4
2018-02-08,64,60.0,,0.6,38.4
2018-02-09,88,60.0,,0.6,52.8
2018-02-10,90,60.0,,0.6,54.0
2018-02-11,100,59.0,False,0.59,59.0
2018-02-12,86,59.0,,0.59,50.739999999999995
2018-02-13,87,59.0,,0.59,51.33
2018-02-14,67,59.0,,0.59,39.53
2018-02-15,97,59.0,,0.59,57.23
2018-02-16,80,59.0,,0.59,47.199999999999996
2018-02-17,90,59.0,,0.59,53.099999999999994
2018-02-18,84,57.0,False,0.57,47.879999999999995
2018-02-19,75,57.0,,0.57,42.74999999999999
2018-02-20,93,57.0,,0.57,53.01
2018-02-21,79,57.0,,0.57,45.029999999999994
2018-02-22,88,57.0,,0.57,50.16
2018-02-23,84,57.0,,0.57,47.879999999999995
2018-02-24,73,57.0,,0.57,41.61
2018-02-25,58,49.0,False,0.49,28.419999999999998
2018-02-26,75,49.0,,0.49,36.75
2018-02-27,68,49.0,,0.49,33.32
2018-02-28,72,49.0,,0.49,35.28
2018-03-01,85,49.0,,0.49,41.65
2018-03-02,81,49.0,,0.49,39.69
2018-03-03,80,49.0,,0.49,39.2
2018-03-04,81,50.0,False,0.5,40.5
2018-03-05,97,50.0,,0.5,48.5
2018-03-06,99,50.0,,0.5,49.5
2018-03-07,100,50.0,,0.5,50.0
2018-03-08,81,50.0,,0.5,40.5
2018-03-09,90,50.0,,0.5,45.0
2018-03-10,71,50.0,,0.5,35.5
2018-03-11,86,50.0,False,0.5,43.0
2018-03-12,84,50.0,,0.5,42.0
2018-03-13,82,50.0,,0.5,41.0
2018-03-14,71,50.0,,0.5,35.5
2018-03-15,77,50.0,,0.5,38.5
2018-03-16,85,50.0,,0.5,42.5
2018-03-17,70,50.0,,0.5,35.0
2018-03-18,81,45.0,False,0.45,36.45
2018-03-19,67,45.0,,0.45,30.150000000000002
2018-03-20,65,45.0,,0.45,29.25
2018-03-21,74,45.0,,0.45,33.300000000000004
2018-03-22,81,45.0,,0.45,36.45
2018-03-23,68,45.0,,0.45,30.6
2018-03-24,89,45.0,,0.45,40.050000000000004
2018-03-25,81,43.0,False,0.43,34.83
2018-03-26,75,43.0,,0.43,32.25
2018-03-27,87,43.0,,0.43,37.41
2018-03-28,65,43.0,,0.43,27.95
2018-03-29,79,43.0,,0.43,33.97
2018-03-30,70,43.0,,0.43,30.099999999999998
2018-03-31,57,43.0,,0.43,24.509999999999998
2018-04-01,88,45.0,False,0.45,39.6
2018-04-02,85,45.0,,0.45,38.25
2018-04-03,100,45.0,,0.45,45.0
2018-04-04,90,45.0,,0.45,40.5
2018-04-05,85,45.0,,0.45,38.25
2018-04-06,78,45.0,,0.45,35.1
2018-04-07,88,45.0,,0.45,39.6
2018-04-08,82,41.0,False,0.41,33.62
2018-04-09,91,41.0,,0.41,37.309999999999995
2018-04-10,82,41.0,,0.41,33.62
2018-04-11,96,41.0,,0.41,39.36
2018-04-12,86,41.0,,0.41,35.26
2018-04-13,85,41.0,,0.41,34.85
2018-04-14,83,41.0,,0.41,34.03
2018-04-15,73,39.0,False,0.39,28.470000000000002
2018-04-16,82,39.0,,0.39,31.98
2018-04-17,79,39.0,,0.39,30.810000000000002
2018-04-18,80,39.0,,0.39,31.200000000000003
2018-04-19,85,39.0,,0.39,33.15
2018-04-20,70,39.0,,0.39,27.3
2018-04-21,80,39.0,,0.39,31.200000000000003
2018-04-22,81,40.0,False,0.4,32.4
2018-04-23,84,40.0,,0.4,33.6
2018-04-24,80,40.0,,0.4,32.0
2018-04-25,79,40.0,,0.4,31.6
2018-04-26,67,40.0,,0.4,26.8
2018-04-27,55,40.0,,0.4,22.0
2018-04-28,73,40.0,,0.4,29.200000000000003
2018-04-29,69,38.0,False,0.38,26.22
2018-04-30,78,38.0,,0.38,29.64
2018-05-01,75,38.0,,0.38,28.5
2018-05-02,78,38.0,,0.38,29.64
2018-05-03,81,38.0,,0.38,30.78
2018-05-04,100,38.0,,0.38,38.0
2018-05-05,84,38.0,,0.38,31.92
2018-05-06,65,39.0,False,0.39,25.35
2018-05-07,87,39.0,,0.39,33.93
2018-05-08,85,39.0,,0.39,33.15
2018-05-09,93,39.0,,0.39,36.27
2018-05-10,63,39.0,,0.39,24.57
2018-05-11,85,39.0,,0.39,33.15
2018-05-12,66,39.0,,0.39,25.740000000000002
2018-05-13,64,39.0,False,0.39,24.96
2018-05-14,98,39.0,,0.39,38.22
2018-05-15,67,39.0,,0.39,26.130000000000003
2018-05-16,77,39.0,,0.39,30.03
2018-05-17,91,39.0,,0.39,35.49
2018-05-18,75,39.0,,0.39,29.25
2018-05-19,84,39.0,,0.39,32.76
2018-05-20,83,37.0,False,0.37,30.71
2018-05-21,85,37.0,,0.37,31.45
2018-05-22,77,37.0,,0.37,28.49
2018-05-23,67,37.0,,0.37,24.79
2018-05-24,81,37.0,,0.37,29.97
2018-05-25,80,37.0,,0.37,29.6
2018-05-26,74,37.0,,0.37,27.38
2018-05-27,82,40.0,False,0.4,32.800000000000004
2018-05-28,65,40.0,,0.4,26.0
2018-05-29,77,40.0,,0.4,30.8
2018-05-30,74,40.0,,0.4,29.6
2018-05-31,75,40.0,,0.4,30.0
2018-06-01,86,40.0,,0.4,34.4
2018-06-02,84,40.0,,0.4,33.6
2018-06-03,78,37.0,False,0.37,28.86
2018-06-04,90,37.0,,0.37,33.3
2018-06-05,79,37.0,,0.37,29.23
2018-06-06,100,37.0,,0.37,37.0
2018-06-07,84,37.0,,0.37,31.08
2018-06-08,79,37.0,,0.37,29.23
2018-06-09,95,37.0,,0.37,35.15
2018-06-10,87,35.0,False,0.35,30.45
2018-06-11,78,35.0,,0.35,27.299999999999997
2018-06-12,82,35.0,,0.35,28.7
2018-06-13,69,35.0,,0.35,24.15
2018-06-14,80,35.0,,0.35,28.0
2018-06-15,82,35.0,,0.35,28.7
2018-06-16,75,35.0,,0.35,26.25
2018-06-17,74,34.0,False,0.34,25.16
2018-06-18,82,34.0,,0.34,27.880000000000003
2018-06-19,70,34.0,,0.34,23.8
2018-06-20,65,34.0,,0.34,22.1
2018-06-21,89,34.0,,0.34,30.26
2018-06-22,63,34.0,,0.34,21.42
2018-06-23,67,34.0,,0.34,22.78
2018-06-24,48,34.0,False,0.34,16.32
2018-06-25,87,34.0,,0.34,29.580000000000002
2018-06-26,63,34.0,,0.34,21.42
2018-06-27,74,34.0,,0.34,25.16
2018-06-28,75,34.0,,0.34,25.500000000000004
2018-06-29,76,34.0,,0.34,25.840000000000003
2018-06-30,82,34.0,,0.34,27.880000000000003
2018-07-01,62,31.0,False,0.31,19.22
2018-07-02,74,31.0,,0.31,22.94
2018-07-03,57,31.0,,0.31,17.669999999999998
2018-07-04,71,31.0,,0.31,22.01
2018-07-05,85,31.0,,0.31,26.35
2018-07-06,87,31.0,,0.31,26.97
2018-07-07,71,31.0,,0.31,22.01
2018-07-08,78,34.0,False,0.34,26.520000000000003
2018-07-09,93,34.0,,0.34,31.62
2018-07-10,81,34.0,,0.34,27.540000000000003
2018-07-11,86,34.0,,0.34,29.240000000000002
2018-07-12,81,34.0,,0.34,27.540000000000003
2018-07-13,77,34.0,,0.34,26.180000000000003
2018-07-14,64,34.0,,0.34,21.76
2018-07-15,79,33.0,False,0.33,26.07
2018-07-16,90,33.0,,0.33,29.700000000000003
2018-07-17,78,33.0,,0.33,25.740000000000002
2018-07-18,86,33.0,,0.33,28.380000000000003
2018-07-19,76,33.0,,0.33,25.080000000000002
2018-07-20,64,33.0,,0.33,21.12
2018-07-21,81,33.0,,0.33,26.73
2018-07-22,100,36.0,False,0.36,36.0
2018-07-23,71,36.0,,0.36,25.56
2018-07-24,94,36.0,,0.36,33.839999999999996
2018-07-25,72,36.0,,0.36,25.919999999999998
2018-07-26,89,36.0,,0.36,32.04
2018-07-27,87,36.0,,0.36,31.32
2018-07-28,58,36.0,,0.36,20.88
2018-07-29,77,32.0,False,0.32,24.64
2018-07-30,83,32.0,,0.32,26.560000000000002
2018-07-31,83,32.0,,0.32,26.560000000000002
2018-08-01,89,32.0,,0.32,28.48
2018-08-02,79,32.0,,0.32,25.28
2018-08-03,77,32.0,,0.32,24.64
2018-08-04,87,32.0,,0.32,27.84
2018-08-05,67,34.0,False,0.34,22.78
2018-08-06,68,34.0,,0.34,23.12
2018-08-07,67,34.0,,0.34,22.78
2018-08-08,88,34.0,,0.34,29.92
2018-08-09,77,34.0,,0.34,26.180000000000003
2018-08-10,87,34.0,,0.34,29.580000000000002
2018-08-11,72,34.0,,0.34,24.48
2018-08-12,65,32.0,False,0.32,20.8
2018-08-13,62,32.0,,0.32,19.84
2018-08-14,69,32.0,,0.32,22.080000000000002
2018-08-15,86,32.0,,0.32,27.52
2018-08-16,70,32.0,,0.32,22.400000000000002
2018-08-17,70,32.0,,0.32,22.400000000000002
2018-08-18,81,32.0,,0.32,25.92
2018-08-19,81,32.0,False,0.32,25.92
2018-08-20,85,32.0,,0.32,27.2
2018-08-21,86,32.0,,0.32,27.52
2018-08-22,80,32.0,,0.32,25.6
2018-08-23,71,32.0,,0.32,22.72
2018-08-24,100,32.0,,0.32,32.0
2018-08-25,71,32.0,,0.32,22.72
2018-08-26,77,30.0,False,0.3,23.099999999999998
2018-08-27,78,30.0,,0.3,23.4
2018-08-28,99,30.0,,0.3,29.7
2018-08-29,54,30.0,,0.3,16.2
2018-08-30,75,30.0,,0.3,22.5
2018-08-31,82,30.0,,0.3,24.599999999999998
2018-09-01,76,30.0,,0.3,22.8
2018-09-02,69,32.0,False,0.32,22.080000000000002
2018-09-03,71,32.0,,0.32,22.72
2018-09-04,87,32.0,,0.32,27.84
2018-09-05,76,32.0,,0.32,24.32
2018-09-06,73,32.0,,0.32,23.36
2018-09-07,84,32.0,,0.32,26.88
2018-09-08,67,32.0,,0.32,21.44
2018-09-09,65,35.0,False,0.35,22.75
2018-09-10,71,35.0,,0.35,24.849999999999998
2018-09-11,74,35.0,,0.35,25.9
2018-09-12,81,35.0,,0.35,28.349999999999998
2018-09-13,78,35.0,,0.35,27.299999999999997
2018-09-14,100,35.0,,0.35,35.0
2018-09-15,81,35.0,,0.35,28.349999999999998
2018-09-16,61,32.0,False,0.32,19.52
2018-09-17,74,32.0,,0.32,23.68
2018-09-18,90,32.0,,0.32,28.8
2018-09-19,76,32.0,,0.32,24.32
2018-09-20,79,32.0,,0.32,25.28
2018-09-21,82,32.0,,0.32,26.240000000000002
2018-09-22,67,32.0,,0.32,21.44
2018-09-23,64,32.0,False,0.32,20.48
2018-09-24,83,32.0,,0.32,26.560000000000002
2018-09-25,70,32.0,,0.32,22.400000000000002
2018-09-26,72,32.0,,0.32,23.04
2018-09-27,63,32.0,,0.32,20.16
2018-09-28,73,32.0,,0.32,23.36
2018-09-29,71,32.0,,0.32,22.72
2018-09-30,83,29.0,False,0.29,24.069999999999997
2018-10-01,67,29.0,,0.29,19.43
2018-10-02,67,29.0,,0.29,19.43
2018-10-03,67,29.0,,0.29,19.43
2018-10-04,81,29.0,,0.29,23.49
2018-10-05,51,29.0,,0.29,14.79
2018-10-06,49,29.0,,0.29,14.209999999999999
2018-10-07,64,34.0,False,0.34,21.76
2018-10-08,51,34.0,,0.34,17.34
2018-10-09,68,34.0,,0.34,23.12
2018-10-10,71,34.0,,0.34,24.14
2018-10-11,72,34.0,,0.34,24.48
2018-10-12,78,34.0,,0.34,26.520000000000003
2018-10-13,78,34.0,,0.34,26.520000000000003
2018-10-14,58,36.0,False,0.36,20.88
2018-10-15,67,36.0,,0.36,24.119999999999997
2018-10-16,75,36.0,,0.36,27.0
2018-10-17,78,36.0,,0.36,28.08
2018-10-18,74,36.0,,0.36,26.64
2018-10-19,91,36.0,,0.36,32.76
2018-10-20,82,36.0,,0.36,29.52
2018-10-21,65,29.0,False,0.29,18.849999999999998
2018-10-22,100,29.0,,0.29,28.999999999999996
2018-10-23,86,29.0,,0.29,24.939999999999998
2018-10-24,84,29.0,,0.29,24.36
2018-10-25,66,29.0,,0.29,19.139999999999997
2018-10-26,63,29.0,,0.29,18.27
2018-10-27,56,29.0,,0.29,16.24
2018-10-28,72,29.0,False,0.29,20.88
2018-10-29,68,29.0,,0.29,19.72
2018-10-30,72,29.0,,0.29,20.88
2018-10-31,79,29.0,,0.29,22.91
2018-11-01,85,29.0,,0.29,24.65
2018-11-02,84,29.0,,0.29,24.36
2018-11-03,79,29.0,,0.29,22.91
2018-11-04,61,31.0,False,0.31,18.91
2018-11-05,65,31.0,,0.31,20.15
2018-11-06,84,31.0,,0.31,26.04
2018-11-07,82,31.0,,0.31,25.419999999999998
2018-11-08,100,31.0,,0.31,31.0
2018-11-09,78,31.0,,0.31,24.18
2018-11-10,69,31.0,,0.31,21.39
2018-11-11,56,29.0,False,0.29,16.24
2018-11-12,69,29.0,,0.29,20.009999999999998
2018-11-13,69,29.0,,0.29,20.009999999999998
2018-11-14,74,29.0,,0.29,21.459999999999997
2018-11-15,79,29.0,,0.29,22.91
2018-11-16,58,29.0,,0.29,16.82
2018-11-17,69,29.0,,0.29,20.009999999999998
2018-11-18,68,29.0,False,0.29,19.72
2018-11-19,59,29.0,,0.29,17.11
2018-11-20,68,29.0,,0.29,19.72
2018-11-21,63,29.0,,0.29,18.27
2018-11-22,53,29.0,,0.29,15.37
2018-11-23,62,29.0,,0.29,17.98
2018-11-24,54,29.0,,0.29,15.659999999999998
2018-11-25,75,32.0,False,0.32,24.0
2018-11-26,73,32.0,,0.32,23.36
2018-11-27,53,32.0,,0.32,16.96
2018-11-28,68,32.0,,0.32,21.76
2018-11-29,75,32.0,,0.32,24.0
2018-11-30,81,32.0,,0.32,25.92
2018-12-01,77,32.0,,0.32,24.64
2018-12-02,62,30.0,False,0.3,18.599999999999998
2018-12-03,71,30.0,,0.3,21.3
2018-12-04,75,30.0,,0.3,22.5
2018-12-05,90,30.0,,0.3,27.0
2018-12-06,81,30.0,,0.3,24.3
2018-12-07,72,30.0,,0.3,21.599999999999998
2018-12-08,71,30.0,,0.3,21.3
2018-12-09,71,31.0,False,0.31,22.01
2018-12-10,84,31.0,,0.31,26.04
2018-12-11,90,31.0,,0.31,27.9
2018-12-12,84,31.0,,0.31,26.04
2018-12-13,77,31.0,,0.31,23.87
2018-12-14,74,31.0,,0.31,22.94
2018-12-15,63,31.0,,0.31,19.53
2018-12-16,78,29.0,False,0.29,22.619999999999997
2018-12-17,73,29.0,,0.29,21.169999999999998
2018-12-18,84,29.0,,0.29,24.36
2018-12-19,77,29.0,,0.29,22.33
2018-12-20,98,29.0,,0.29,28.419999999999998
2018-12-21,77,29.0,,0.29,22.33
2018-12-22,54,29.0,,0.29,15.659999999999998
2018-12-23,66,32.0,False,0.32,21.12
2018-12-24,93,32.0,,0.32,29.76
2018-12-25,75,32.0,,0.32,24.0
2018-12-26,65,32.0,,0.32,20.8
2018-12-27,68,32.0,,0.32,21.76
2018-12-28,85,32.0,,0.32,27.2
2018-12-29,100,32.0,,0.32,32.0
2018-12-30,69,29.0,False,0.29,20.009999999999998
2018-12-31,58,29.0,,0.29,16.82
2019-01-01,100,29.0,,0.29,28.999999999999996
2019-01-02,72,29.0,,0.29,20.88
2019-01-03,56,29.0,,0.29,16.24
2019-01-04,57,29.0,,0.29,16.529999999999998
2019-01-05,58,29.0,,0.29,16.82
2019-01-06,65,32.0,False,0.32,20.8
2019-01-07,71,32.0,,0.32,22.72
2019-01-08,58,32.0,,0.32,18.56
2019-01-09,70,32.0,,0.32,22.400000000000002
2019-01-10,69,32.0,,0.32,22.080000000000002
2019-01-11,78,32.0,,0.32,24.96
2019-01-12,78,32.0,,0.32,24.96
2019-01-13,59,32.0,False,0.32,18.88
2019-01-14,69,32.0,,0.32,22.080000000000002
2019-01-15,71,32.0,,0.32,22.72
2019-01-16,71,32.0,,0.32,22.72
2019-01-17,73,32.0,,0.32,23.36
2019-01-18,73,32.0,,0.32,23.36
2019-01-19,59,32.0,,0.32,18.88
2019-01-20,85,31.0,False,0.31,26.35
2019-01-21,63,31.0,,0.31,19.53
2019-01-22,70,31.0,,0.31,21.7
2019-01-23,68,31.0,,0.31,21.08
2019-01-24,76,31.0,,0.31,23.56
2019-01-25,73,31.0,,0.31,22.63
2019-01-26,56,31.0,,0.31,17.36
2019-01-27,76,32.0,False,0.32,24.32
2019-01-28,61,32.0,,0.32,19.52
2019-01-29,68,32.0,,0.32,21.76
2019-01-30,78,32.0,,0.32,24.96
2019-01-31,77,32.0,,0.32,24.64
2019-02-01,79,32.0,,0.32,25.28
2019-02-02,91,32.0,,0.32,29.12
2019-02-03,88,31.0,False,0.31,27.28
2019-02-04,83,31.0,,0.31,25.73
2019-02-05,87,31.0,,0.31,26.97
2019-02-06,82,31.0,,0.31,25.419999999999998
2019-02-07,86,31.0,,0.31,26.66
2019-02-08,84,31.0,,0.31,26.04
2019-02-09,66,31.0,,0.31,20.46
2019-02-10,60,32.0,False,0.32,19.2
2019-02-11,82,32.0,,0.32,26.240000000000002
2019-02-12,94,32.0,,0.32,30.080000000000002
2019-02-13,85,32.0,,0.32,27.2
2019-02-14,73,32.0,,0.32,23.36
2019-02-15,100,32.0,,0.32,32.0
2019-02-16,81,32.0,,0.32,25.92
2019-02-17,82,28.0,False,0.28,22.96
2019-02-18,92,28.0,,0.28,25.76
2019-02-19,85,28.0,,0.28,23.8
2019-02-20,80,28.0,,0.28,22.400000000000002
2019-02-21,76,28.0,,0.28,21.28
2019-02-22,88,28.0,,0.28,24.64
2019-02-23,86,28.0,,0.28,24.080000000000002
2019-02-24,64,31.0,False,0.31,19.84
2019-02-25,64,31.0,,0.31,19.84
2019-02-26,73,31.0,,0.31,22.63
2019-02-27,100,31.0,,0.31,31.0
2019-02-28,71,31.0,,0.31,22.01
2019-03-01,93,31.0,,0.31,28.83
2019-03-02,82,31.0,,0.31,25.419999999999998
2019-03-03,97,29.0,False,0.29,28.13
2019-03-04,91,29.0,,0.29,26.389999999999997
2019-03-05,74,29.0,,0.29,21.459999999999997
2019-03-06,96,29.0,,0.29,27.839999999999996
2019-03-07,83,29.0,,0.29,24.069999999999997
2019-03-08,99,29.0,,0.29,28.709999999999997
2019-03-09,68,29.0,,0.29,19.72
2019-03-10,90,28.0,False,0.28,25.200000000000003
2019-03-11,77,28.0,,0.28,21.560000000000002
2019-03-12,74,28.0,,0.28,20.720000000000002
2019-03-13,78,28.0,,0.28,21.840000000000003
2019-03-14,86,28.0,,0.28,24.080000000000002
2019-03-15,77,28.0,,0.28,21.560000000000002
2019-03-16,61,28.0,,0.28,17.080000000000002
2019-03-17,62,30.0,False,0.3,18.599999999999998
2019-03-18,70,30.0,,0.3,21.0
2019-03-19,85,30.0,,0.3,25.5
2019-03-20,94,30.0,,0.3,28.2
2019-03-21,79,30.0,,0.3,23.7
2019-03-22,81,30.0,,0.3,24.3
2019-03-23,65,30.0,,0.3,19.5
2019-03-24,78,29.0,False,0.29,22.619999999999997
2019-03-25,86,29.0,,0.29,24.939999999999998
2019-03-26,100,29.0,,0.29,28.999999999999996
2019-03-27,65,29.0,,0.29,18.849999999999998
2019-03-28,97,29.0,,0.29,28.13
2019-03-29,82,29.0,,0.29,23.779999999999998
2019-03-30,62,29.0,,0.29,17.98
2019-03-31,57,27.0,False,0.27,15.39
2019-04-01,94,27.0,,0.27,25.380000000000003
2019-04-02,77,27.0,,0.27,20.790000000000003
2019-04-03,71,27.0,,0.27,19.17
2019-04-04,80,27.0,,0.27,21.6
2019-04-05,63,27.0,,0.27,17.01
2019-04-06,66,27.0,,0.27,17.82
2019-04-07,85,33.0,False,0.33,28.05
2019-04-08,80,33.0,,0.33,26.400000000000002
2019-04-09,100,33.0,,0.33,33.0
2019-04-10,92,33.0,,0.33,30.360000000000003
2019-04-11,88,33.0,,0.33,29.040000000000003
2019-04-12,84,33.0,,0.33,27.720000000000002
2019-04-13,87,33.0,,0.33,28.71
2019-04-14,68,30.0,False,0.3,20.4
2019-04-15,80,30.0,,0.3,24.0
2019-04-16,91,30.0,,0.3,27.3
2019-04-17,89,30.0,,0.3,26.7
2019-04-18,87,30.0,,0.3,26.099999999999998
2019-04-19,84,30.0,,0.3,25.2
2019-04-20,76,30.0,,0.3,22.8
2019-04-21,84,29.0,False,0.29,24.36
2019-04-22,74,29.0,,0.29,21.459999999999997
2019-04-23,78,29.0,,0.29,22.619999999999997
2019-04-24,89,29.0,,0.29,25.81
2019-04-25,69,29.0,,0.29,20.009999999999998
2019-04-26,72,29.0,,0.29,20.88
2019-04-27,87,29.0,,0.29,25.229999999999997
2019-04-28,85,28.0,False,0.28,23.8
2019-04-29,74,28.0,,0.28,20.720000000000002
2019-04-30,86,28.0,,0.28,24.080000000000002
2019-05-01,71,28.0,,0.28,19.880000000000003
2019-05-02,65,28.0,,0.28,18.200000000000003
2019-05-03,65,28.0,,0.28,18.200000000000003
2019-05-04,68,28.0,,0.28,19.040000000000003
2019-05-05,59,29.0,False,0.29,17.11
2019-05-06,66,29.0,,0.29,19.139999999999997
2019-05-07,86,29.0,,0.29,24.939999999999998
2019-05-08,74,29.0,,0.29,21.459999999999997
2019-05-09,100,29.0,,0.29,28.999999999999996
2019-05-10,69,29.0,,0.29,20.009999999999998
2019-05-11,86,29.0,,0.29,24.939999999999998
2019-05-12,64,32.0,False,0.32,20.48
2019-05-13,91,32.0,,0.32,29.12
2019-05-14,90,32.0,,0.32,28.8
2019-05-15,93,32.0,,0.32,29.76
2019-05-16,69,32.0,,0.32,22.080000000000002
2019-05-17,77,32.0,,0.32,24.64
2019-05-18,55,32.0,,0.32,17.6
2019-05-19,75,31.0,False,0.31,23.25
2019-05-20,73,31.0,,0.31,22.63
2019-05-21,98,31.0,,0.31,30.38
2019-05-22,95,31.0,,0.31,29.45
2019-05-23,84,31.0,,0.31,26.04
2019-05-24,93,31.0,,0.31,28.83
2019-05-25,94,31.0,,0.31,29.14
2019-05-26,86,30.0,False,0.3,25.8
2019-05-27,83,30.0,,0.3,24.9
2019-05-28,76,30.0,,0.3,22.8
2019-05-29,82,30.0,,0.3,24.599999999999998
2019-05-30,82,30.0,,0.3,24.599999999999998
2019-05-31,61,30.0,,0.3,18.3
2019-06-01,69,30.0,,0.3,20.7
2019-06-02,64,31.0,False,0.31,19.84
2019-06-03,60,31.0,,0.31,18.6
2019-06-04,75,31.0,,0.31,23.25
2019-06-05,81,31.0,,0.31,25.11
2019-06-06,76,31.0,,0.31,23.56
2019-06-07,59,31.0,,0.31,18.29
2019-06-08,54,31.0,,0.31,16.74
2019-06-09,74,29.0,False,0.29,21.459999999999997
2019-06-10,67,29.0,,0.29,19.43
2019-06-11,76,29.0,,0.29,22.04
2019-06-12,67,29.0,,0.29,19.43
2019-06-13,75,29.0,,0.29,21.75
2019-06-14,55,29.0,,0.29,15.95
2019-06-15,66,29.0,,0.29,19.139999999999997
2019-06-16,47,31.0,False,0.31,14.57
2019-06-17,76,31.0,,0.31,23.56
2019-06-18,80,31.0,,0.31,24.8
2019-06-19,74,31.0,,0.31,22.94
2019-06-20,71,31.0,,0.31,22.01
2019-06-21,68,31.0,,0.31,21.08
2019-06-22,93,31.0,,0.31,28.83
2019-06-23,72,32.0,False,0.32,23.04
2019-06-24,74,32.0,,0.32,23.68
2019-06-25,82,32.0,,0.32,26.240000000000002
2019-06-26,100,32.0,,0.32,32.0
2019-06-27,56,32.0,,0.32,17.92
2019-06-28,67,32.0,,0.32,21.44
2019-06-29,56,32.0,,0.32,17.92
2019-06-30,59,28.0,False,0.28,16.520000000000003
2019-07-01,73,28.0,,0.28,20.44
2019-07-02,65,28.0,,0.28,18.200000000000003
2019-07-03,65,28.0,,0.28,18.200000000000003
2019-07-04,89,28.0,,0.28,24.92
2019-07-05,84,28.0,,0.28,23.520000000000003
2019-07-06,66,28.0,,0.28,18.48
2019-07-07,91,28.0,False,0.28,25.480000000000004
2019-07-08,76,28.0,,0.28,21.28
2019-07-09,82,28.0,,0.28,22.96
2019-07-10,79,28.0,,0.28,22.12
2019-07-11,93,28.0,,0.28,26.040000000000003
2019-07-12,77,28.0,,0.28,21.560000000000002
2019-07-13,80,28.0,,0.28,22.400000000000002
2019-07-14,83,30.0,False,0.3,24.9
2019-07-15,90,30.0,,0.3,27.0
2019-07-16,84,30.0,,0.3,25.2
2019-07-17,87,30.0,,0.3,26.099999999999998
2019-07-18,86,30.0,,0.3,25.8
2019-07-19,73,30.0,,0.3,21.9
2019-07-20,72,30.0,,0.3,21.599999999999998
2019-07-21,68,30.0,False,0.3,20.4
2019-07-22,89,30.0,,0.3,26.7
2019-07-23,74,30.0,,0.3,22.2
2019-07-24,100,30.0,,0.3,30.0
2019-07-25,56,30.0,,0.3,16.8
2019-07-26,72,30.0,,0.3,21.599999999999998
2019-07-27,54,30.0,,0.3,16.2
2019-07-28,78,28.0,False,0.28,21.840000000000003
2019-07-29,71,28.0,,0.28,19.880000000000003
2019-07-30,71,28.0,,0.28,19.880000000000003
2019-07-31,79,28.0,,0.28,22.12
2019-08-01,67,28.0,,0.28,18.76
2019-08-02,65,28.0,,0.28,18.200000000000003
2019-08-03,67,28.0,,0.28,18.76
2019-08-04,91,26.0,False,0.26,23.66
2019-08-05,81,26.0,,0.26,21.060000000000002
2019-08-06,90,26.0,,0.26,23.400000000000002
2019-08-07,81,26.0,,0.26,21.060000000000002
2019-08-08,80,26.0,,0.26,20.8
2019-08-09,76,26.0,,0.26,19.76
2019-08-10,79,26.0,,0.26,20.54
2019-08-11,82,30.0,False,0.3,24.599999999999998
2019-08-12,83,30.0,,0.3,24.9
2019-08-13,86,30.0,,0.3,25.8
2019-08-14,70,30.0,,0.3,21.0
2019-08-15,86,30.0,,0.3,25.8
2019-08-16,80,30.0,,0.3,24.0
2019-08-17,79,30.0,,0.3,23.7
2019-08-18,92,32.0,False,0.32,29.44
2019-08-19,84,32.0,,0.32,26.88
2019-08-20,91,32.0,,0.32,29.12
2019-08-21,99,32.0,,0.32,31.68
2019-08-22,90,32.0,,0.32,28.8
2019-08-23,88,32.0,,0.32,28.16
2019-08-24,77,32.0,,0.32,24.64
2019-08-25,98,30.0,False,0.3,29.4
2019-08-26,92,30.0,,0.3,27.599999999999998
2019-08-27,85,30.0,,0.3,25.5
2019-08-28,90,30.0,,0.3,27.0
2019-08-29,81,30.0,,0.3,24.3
2019-08-30,100,30.0,,0.3,30.0
2019-08-31,87,30.0,,0.3,26.099999999999998
2019-09-01,58,30.0,False,0.3,17.4
2019-09-02,88,30.0,,0.3,26.4
2019-09-03,80,30.0,,0.3,24.0
2019-09-04,70,30.0,,0.3,21.0
2019-09-05,82,30.0,,0.3,24.599999999999998
2019-09-06,86,30.0,,0.3,25.8
2019-09-07,77,30.0,,0.3,23.099999999999998
2019-09-08,73,30.0,False,0.3,21.9
2019-09-09,84,30.0,,0.3,25.2
2019-09-10,89,30.0,,0.3,26.7
2019-09-11,97,30.0,,0.3,29.099999999999998
2019-09-12,79,30.0,,0.3,23.7
2019-09-13,83,30.0,,0.3,24.9
2019-09-14,81,30.0,,0.3,24.3
2019-09-15,72,33.0,False,0.33,23.76
2019-09-16,78,33.0,,0.33,25.740000000000002
2019-09-17,100,33.0,,0.33,33.0
2019-09-18,90,33.0,,0.33,29.700000000000003
2019-09-19,84,33.0,,0.33,27.720000000000002
2019-09-20,89,33.0,,0.33,29.37
2019-09-21,85,33.0,,0.33,28.05
2019-09-22,73,32.0,False,0.32,23.36
2019-09-23,78,32.0,,0.32,24.96
2019-09-24,70,32.0,,0.32,22.400000000000002
2019-09-25,91,32.0,,0.32,29.12
2019-09-26,70,32.0,,0.32,22.400000000000002
2019-09-27,86,32.0,,0.32,27.52
2019-09-28,73,32.0,,0.32,23.36
2019-09-29,64,26.0,False,0.26,16.64
2019-09-30,85,26.0,,0.26,22.1
2019-10-01,95,26.0,,0.26,24.7
2019-10-02,81,26.0,,0.26,21.060000000000002
2019-10-03,84,26.0,,0.26,21.84
2019-10-04,93,26.0,,0.26,24.18
2019-10-05,64,26.0,,0.26,16.64
2019-10-06,82,28.0,False,0.28,22.96
2019-10-07,83,28.0,,0.28,23.240000000000002
2019-10-08,90,28.0,,0.28,25.200000000000003
2019-10-09,71,28.0,,0.28,19.880000000000003
2019-10-10,100,28.0,,0.28,28.000000000000004
2019-10-11,72,28.0,,0.28,20.160000000000004
2019-10-12,61,28.0,,0.28,17.080000000000002
2019-10-13,71,28.0,False,0.28,19.880000000000003
2019-10-14,70,28.0,,0.28,19.6
2019-10-15,78,28.0,,0.28,21.840000000000003
2019-10-16,78,28.0,,0.28,21.840000000000003
2019-10-17,93,28.0,,0.28,26.040000000000003
2019-10-18,81,28.0,,0.28,22.680000000000003
2019-10-19,73,28.0,,0.28,20.44
2019-10-20,73,29.0,False,0.29,21.169999999999998
2019-10-21,82,29.0,,0.29,23.779999999999998
2019-10-22,71,29.0,,0.29,20.59
2019-10-23,74,29.0,,0.29,21.459999999999997
2019-10-24,76,29.0,,0.29,22.04
2019-10-25,83,29.0,,0.29,24.069999999999997
2019-10-26,64,29.0,,0.29,18.56
2019-10-27,70,28.0,False,0.28,19.6
2019-10-28,73,28.0,,0.28,20.44
2019-10-29,78,28.0,,0.28,21.840000000000003
2019-10-30,89,28.0,,0.28,24.92
2019-10-31,78,28.0,,0.28,21.840000000000003
2019-11-01,76,28.0,,0.28,21.28
2019-11-02,83,28.0,,0.28,23.240000000000002
2019-11-03,64,31.0,False,0.31,19.84
2019-11-04,84,31.0,,0.31,26.04
2019-11-05,79,31.0,,0.31,24.49
2019-11-06,77,31.0,,0.31,23.87
2019-11-07,61,31.0,,0.31,18.91
2019-11-08,81,31.0,,0.31,25.11
2019-11-09,90,31.0,,0.31,27.9
2019-11-10,96,30.0,False,0.3,28.799999999999997
2019-11-11,100,30.0,,0.3,30.0
2019-11-12,71,30.0,,0.3,21.3
2019-11-13,81,30.0,,0.3,24.3
2019-11-14,84,30.0,,0.3,25.2
2019-11-15,84,30.0,,0.3,25.2
2019-11-16,87,30.0,,0.3,26.099999999999998
2019-11-17,64,29.0,False,0.29,18.56
2019-11-18,88,29.0,,0.29,25.52
2019-11-19,79,29.0,,0.29,22.91
2019-11-20,74,29.0,,0.29,21.459999999999997
2019-11-21,92,29.0,,0.29,26.68
2019-11-22,84,29.0,,0.29,24.36
2019-11-23,66,29.0,,0.29,19.139999999999997
2019-11-24,67,27.0,False,0.27,18.09
2019-11-25,72,27.0,,0.27,19.44
2019-11-26,93,27.0,,0.27,25.110000000000003
2019-11-27,89,27.0,,0.27,24.03
2019-11-28,80,27.0,,0.27,21.6
2019-11-29,69,27.0,,0.27,18.630000000000003
2019-11-30,67,27.0,,0.27,18.09
2019-12-01,82,29.0,False,0.29,23.779999999999998
2019-12-02,68,29.0,,0.29,19.72
2019-12-03,90,29.0,,0.29,26.099999999999998
2019-12-04,87,29.0,,0.29,25.229999999999997
2019-12-05,79,29.0,,0.29,22.91
2019-12-06,100,29.0,,0.29,28.999999999999996
2019-12-07,68,29.0,,0.29,19.72
2019-12-08,78,29.0,False,0.29,22.619999999999997
2019-12-09,65,29.0,,0.29,18.849999999999998
2019-12-10,82,29.0,,0.29,23.779999999999998
2019-12-11,85,29.0,,0.29,24.65
2019-12-12,80,29.0,,0.29,23.2
2019-12-13,76,29.0,,0.29,22.04
2019-12-14,72,29.0,,0.29,20.88
2019-12-15,71,31.0,False,0.31,22.01
2019-12-16,83,31.0,,0.31,25.73
2019-12-17,91,31.0,,0.31,28.21
2019-12-18,69,31.0,,0.31,21.39
2019-12-19,65,31.0,,0.31,20.15
2019-12-20,93,31.0,,0.31,28.83
2019-12-21,70,31.0,,0.31,21.7
2019-12-22,62,26.0,False,0.26,16.12
2019-12-23,65,26.0,,0.26,16.900000000000002
2019-12-24,57,26.0,,0.26,14.82
2019-12-25,75,26.0,,0.26,19.5
2019-12-26,66,26.0,,0.26,17.16
2019-12-27,55,26.0,,0.26,14.3
2019-12-28,67,26.0,,0.26,17.42
2019-12-29,72,26.0,False,0.26,18.72
2019-12-30,70,26.0,,0.26,18.2
2019-12-31,52,26.0,,0.26,13.52
2020-01-01,73,26.0,,0.26,18.98
2020-01-02,68,26.0,,0.26,17.68
2020-01-03,75,26.0,,0.26,19.5
2020-01-04,89,26.0,,0.26,23.14
2020-01-05,77,28.0,False,0.28,21.560000000000002
2020-01-06,72,28.0,,0.28,20.160000000000004
2020-01-07,78,28.0,,0.28,21.840000000000003
2020-01-08,94,28.0,,0.28,26.320000000000004
2020-01-09,70,28.0,,0.28,19.6
2020-01-10,94,28.0,,0.28,26.320000000000004
2020-01-11,76,28.0,,0.28,21.28
2020-01-12,84,31.0,False,0.31,26.04
2020-01-13,86,31.0,,0.31,26.66
2020-01-14,84,31.0,,0.31,26.04
2020-01-15,100,31.0,,0.31,31.0
2020-01-16,88,31.0,,0.31,27.28
2020-01-17,79,31.0,,0.31,24.49
2020-01-18,83,31.0,,0.31,25.73
2020-01-19,92,29.0,False,0.29,26.68
2020-01-20,65,29.0,,0.29,18.849999999999998
2020-01-21,65,29.0,,0.29,18.849999999999998
2020-01-22,88,29.0,,0.29,25.52
2020-01-23,89,29.0,,0.29,25.81
2020-01-24,86,29.0,,0.29,24.939999999999998
2020-01-25,68,29.0,,0.29,19.72
2020-01-26,75,31.0,False,0.31,23.25
2020-01-27,85,31.0,,0.31,26.35
2020-01-28,99,31.0,,0.31,30.69
2020-01-29,83,31.0,,0.31,25.73
2020-01-30,93,31.0,,0.31,28.83
2020-01-31,93,31.0,,0.31,28.83
2020-02-01,85,31.0,,0.31,26.35
2020-02-02,100,31.0,False,0.31,31.0
2020-02-03,83,31.0,,0.31,25.73
2020-02-04,69,31.0,,0.31,21.39
2020-02-05,83,31.0,,0.31,25.73
2020-02-06,83,31.0,,0.31,25.73
2020-02-07,83,31.0,,0.31,25.73
2020-02-08,71,31.0,,0.31,22.01
2020-02-09,73,29.0,False,0.29,21.169999999999998
2020-02-10,76,29.0,,0.29,22.04
2020-02-11,73,29.0,,0.29,21.169999999999998
2020-02-12,86,29.0,,0.29,24.939999999999998
2020-02-13,81,29.0,,0.29,23.49
2020-02-14,75,29.0,,0.29,21.75
2020-02-15,87,29.0,,0.29,25.229999999999997
2020-02-16,67,29.0,False,0.29,19.43
2020-02-17,77,29.0,,0.29,22.33
2020-02-18,79,29.0,,0.29,22.91
2020-02-19,82,29.0,,0.29,23.779999999999998
2020-02-20,93,29.0,,0.29,26.97
2020-02-21,83,29.0,,0.29,24.069999999999997
2020-02-22,68,29.0,,0.29,19.72
2020-02-23,75,32.0,False,0.32,24.0
2020-02-24,90,32.0,,0.32,28.8
2020-02-25,87,32.0,,0.32,27.84
2020-02-26,94,32.0,,0.32,30.080000000000002
2020-02-27,90,32.0,,0.32,28.8
2020-02-28,98,32.0,,0.32,31.36
2020-02-29,83,32.0,,0.32,26.560000000000002
2020-03-01,66,31.0,False,0.31,20.46
2020-03-02,91,31.0,,0.31,28.21
2020-03-03,88,31.0,,0.31,27.28
2020-03-04,100,31.0,,0.31,31.0
2020-03-05,94,31.0,,0.31,29.14
2020-03-06,71,31.0,,0.31,22.01
2020-03-07,72,31.0,,0.31,22.32
2020-03-08,72,26.0,False,0.26,18.72
2020-03-09,86,26.0,,0.26,22.36
2020-03-10,84,26.0,,0.26,21.84
2020-03-11,89,26.0,,0.26,23.14
2020-03-12,80,26.0,,0.26,20.8
2020-03-13,89,26.0,,0.26,23.14
2020-03-14,80,26.0,,0.26,20.8
2020-03-15,69,28.0,False,0.28,19.32
2020-03-16,87,28.0,,0.28,24.360000000000003
2020-03-17,67,28.0,,0.28,18.76
2020-03-18,89,28.0,,0.28,24.92
2020-03-19,83,28.0,,0.28,23.240000000000002
2020-03-20,71,28.0,,0.28,19.880000000000003
2020-03-21,74,28.0,,0.28,20.720000000000002
2020-03-22,67,26.0,False,0.26,17.42
2020-03-23,68,26.0,,0.26,17.68
2020-03-24,68,26.0,,0.26,17.68
2020-03-25,64,26.0,,0.26,16.64
2020-03-26,82,26.0,,0.26,21.32
2020-03-27,67,26.0,,0.26,17.42
2020-03-28,82,26.0,,0.26,21.32
2020-03-29,98,29.0,False,0.29,28.419999999999998
2020-03-30,86,29.0,,0.29,24.939999999999998
2020-03-31,62,29.0,,0.29,17.98
2020-04-01,86,29.0,,0.29,24.939999999999998
2020-04-02,74,29.0,,0.29,21.459999999999997
2020-04-03,90,29.0,,0.29,26.099999999999998
2020-04-04,89,29.0,,0.29,25.81
2020-04-05,76,29.0,False,0.29,22.04
2020-04-06,86,29.0,,0.29,24.939999999999998
2020-04-07,90,29.0,,0.29,26.099999999999998
2020-04-08,91,29.0,,0.29,26.389999999999997
2020-04-09,80,29.0,,0.29,23.2
2020-04-10,95,29.0,,0.29,27.549999999999997
2020-04-11,65,29.0,,0.29,18.849999999999998
2020-04-12,83,32.0,False,0.32,26.560000000000002
2020-04-13,89,32.0,,0.32,28.48
2020-04-14,97,32.0,,0.32,31.04
2020-04-15,78,32.0,,0.32,24.96
2020-04-16,100,32.0,,0.32,32.0
2020-04-17,85,32.0,,0.32,27.2
2020-04-18,83,32.0,,0.32,26.560000000000002
2020-04-19,89,28.0,False,0.28,24.92
2020-04-20,81,28.0,,0.28,22.680000000000003
2020-04-21,77,28.0,,0.28,21.560000000000002
2020-04-22,82,28.0,,0.28,22.96
2020-04-23,83,28.0,,0.28,23.240000000000002
2020-04-24,89,28.0,,0.28,24.92
2020-04-25,92,28.0,,0.28,25.76
2020-04-26,84,28.0,False,0.28,23.520000000000003
2020-04-27,79,28.0,,0.28,22.12
2020-04-28,79,28.0,,0.28,22.12
2020-04-29,89,28.0,,0.28,24.92
2020-04-30,83,28.0,,0.28,23.240000000000002
2020-05-01,70,28.0,,0.28,19.6
2020-05-02,70,28.0,,0.28,19.6
2020-05-03,85,35.0,False,0.35,29.749999999999996
2020-05-04,76,35.0,,0.35,26.599999999999998
2020-05-05,84,35.0,,0.35,29.4
2020-05-06,81,35.0,,0.35,28.349999999999998
2020-05-07,85,35.0,,0.35,29.749999999999996
2020-05-08,87,35.0,,0.35,30.45
2020-05-09,94,35.0,,0.35,32.9
2020-05-10,86,32.0,False,0.32,27.52
2020-05-11,78,32.0,,0.32,24.96
2020-05-12,83,32.0,,0.32,26.560000000000002
2020-05-13,78,32.0,,0.32,24.96
2020-05-14,80,32.0,,0.32,25.6
2020-05-15,73,32.0,,0.32,23.36
2020-05-16,80,32.0,,0.32,25.6
2020-05-17,69,31.0,False,0.31,21.39
2020-05-18,83,31.0,,0.31,25.73
2020-05-19,79,31.0,,0.31,24.49
2020-05-20,73,31.0,,0.31,22.63
2020-05-21,76,31.0,,0.31,23.56
2020-05-22,64,31.0,,0.31,19.84
2020-05-23,100,31.0,,0.31,31.0
2020-05-24,98,30.0,False,0.3,29.4
2020-05-25,86,30.0,,0.3,25.8
2020-05-26,90,30.0,,0.3,27.0
2020-05-27,82,30.0,,0.3,24.599999999999998
2020-05-28,65,30.0,,0.3,19.5
2020-05-29,72,30.0,,0.3,21.599999999999998
2020-05-30,87,30.0,,0.3,26.099999999999998
2020-05-31,89,27.0,False,0.27,24.03
2020-06-01,80,27.0,,0.27,21.6
2020-06-02,100,27.0,,0.27,27.0
2020-06-03,77,27.0,,0.27,20.790000000000003
2020-06-04,75,27.0,,0.27,20.25
2020-06-05,68,27.0,,0.27,18.36
2020-06-06,73,27.0,,0.27,19.71
2020-06-07,78,30.0,False,0.3,23.4
2020-06-08,84,30.0,,0.3,25.2
2020-06-09,87,30.0,,0.3,26.099999999999998
2020-06-10,91,30.0,,0.3,27.3
2020-06-11,61,30.0,,0.3,18.3
2020-06-12,59,30.0,,0.3,17.7
2020-06-13,78,30.0,,0.3,23.4
2020-06-14,86,28.0,False,0.28,24.080000000000002
2020-06-15,78,28.0,,0.28,21.840000000000003
2020-06-16,81,28.0,,0.28,22.680000000000003
2020-06-17,87,28.0,,0.28,24.360000000000003
2020-06-18,70,28.0,,0.28,19.6
2020-06-19,75,28.0,,0.28,21.000000000000004
2020-06-20,72,28.0,,0.28,20.160000000000004
2020-06-21,44,24.0,False,0.24,10.559999999999999
2020-06-22,72,24.0,,0.24,17.28
2020-06-23,78,24.0,,0.24,18.72
2020-06-24,62,24.0,,0.24,14.879999999999999
2020-06-25,68,24.0,,0.24,16.32
2020-06-26,82,24.0,,0.24,19.68
2020-06-27,70,24.0,,0.24,16.8
2020-06-28,75,28.0,False,0.28,21.000000000000004
2020-06-29,65,28.0,,0.28,18.200000000000003
2020-06-30,84,28.0,,0.28,23.520000000000003
2020-07-01,61,28.0,,0.28,17.080000000000002
2020-07-02,74,28.0,,0.28,20.720000000000002
2020-07-03,86,28.0,,0.28,24.080000000000002
2020-07-04,85,28.0,,0.28,23.8
2020-07-05,82,26.0,False,0.26,21.32
2020-07-06,85,26.0,,0.26,22.1
2020-07-07,80,26.0,,0.26,20.8
2020-07-08,89,26.0,,0.26,23.14
2020-07-09,58,26.0,,0.26,15.08
2020-07-10,84,26.0,,0.26,21.84
2020-07-11,64,26.0,,0.26,16.64
2020-07-12,83,27.0,False,0.27,22.41
2020-07-13,77,27.0,,0.27,20.790000000000003
2020-07-14,67,27.0,,0.27,18.09
2020-07-15,66,27.0,,0.27,17.82
2020-07-16,89,27.0,,0.27,24.03
2020-07-17,77,27.0,,0.27,20.790000000000003
2020-07-18,77,27.0,,0.27,20.790000000000003
2020-07-19,82,28.0,False,0.28,22.96
2020-07-20,81,28.0,,0.28,22.680000000000003
2020-07-21,100,28.0,,0.28,28.000000000000004
2020-07-22,79,28.0,,0.28,22.12
2020-07-23,86,28.0,,0.28,24.080000000000002
2020-07-24,84,28.0,,0.28,23.520000000000003
2020-07-25,93,28.0,,0.28,26.040000000000003
2020-07-26,80,31.0,False,0.31,24.8
2020-07-27,77,31.0,,0.31,23.87
2020-07-28,85,31.0,,0.31,26.35
2020-07-29,80,31.0,,0.31,24.8
2020-07-30,71,31.0,,0.31,22.01
2020-07-31,78,31.0,,0.31,24.18
2020-08-01,91,31.0,,0.31,28.21
2020-08-02,84,30.0,False,0.3,25.2
2020-08-03,75,30.0,,0.3,22.5
2020-08-04,90,30.0,,0.3,27.0
2020-08-05,80,30.0,,0.3,24.0
2020-08-06,99,30.0,,0.3,29.7
2020-08-07,68,30.0,,0.3,20.4
2020-08-08,59,30.0,,0.3,17.7
2020-08-09,85,28.0,False,0.28,23.8
2020-08-10,70,28.0,,0.28,19.6
2020-08-11,72,28.0,,0.28,20.160000000000004
2020-08-12,61,28.0,,0.28,17.080000000000002
2020-08-13,68,28.0,,0.28,19.040000000000003
2020-08-14,70,28.0,,0.28,19.6
2020-08-15,75,28.0,,0.28,21.000000000000004
2020-08-16,100,32.0,False,0.32,32.0
2020-08-17,87,32.0,,0.32,27.84
2020-08-18,67,32.0,,0.32,21.44
2020-08-19,95,32.0,,0.32,30.400000000000002
2020-08-20,100,32.0,,0.32,32.0
2020-08-21,99,32.0,,0.32,31.68
2020-08-22,80,32.0,,0.32,25.6
2020-08-23,81,29.0,False,0.29,23.49
2020-08-24,96,29.0,,0.29,27.839999999999996
2020-08-25,71,29.0,,0.29,20.59
2020-08-26,83,29.0,,0.29,24.069999999999997
2020-08-27,83,29.0,,0.29,24.069999999999997
2020-08-28,71,29.0,,0.29,20.59
2020-08-29,72,29.0,,0.29,20.88
2020-08-30,77,30.0,False,0.3,23.099999999999998
2020-08-31,77,30.0,,0.3,23.099999999999998
2020-09-01,73,30.0,,0.3,21.9
2020-09-02,80,30.0,,0.3,24.0
2020-09-03,67,30.0,,0.3,20.099999999999998
2020-09-04,70,30.0,,0.3,21.0
2020-09-05,63,30.0,,0.3,18.9
2020-09-06,100,30.0,False,0.3,30.0
2020-09-07,79,30.0,,0.3,23.7
2020-09-08,63,30.0,,0.3,18.9
2020-09-09,76,30.0,,0.3,22.8
2020-09-10,94,30.0,,0.3,28.2
2020-09-11,78,30.0,,0.3,23.4
2020-09-12,83,30.0,,0.3,24.9
2020-09-13,80,30.0,False,0.3,24.0
2020-09-14,79,30.0,,0.3,23.7
2020-09-15,86,30.0,,0.3,25.8
2020-09-16,87,30.0,,0.3,26.099999999999998
2020-09-17,70,30.0,,0.3,21.0
2020-09-18,81,30.0,,0.3,24.3
2020-09-19,61,30.0,,0.3,18.3
2020-09-20,77,30.0,False,0.3,23.099999999999998
2020-09-21,77,30.0,,0.3,23.099999999999998
2020-09-22,90,30.0,,0.3,27.0
2020-09-23,94,30.0,,0.3,28.2
2020-09-24,89,30.0,,0.3,26.7
2020-09-25,70,30.0,,0.3,21.0
2020-09-26,74,30.0,,0.3,22.2
2020-09-27,54,26.0,False,0.26,14.040000000000001
2020-09-28,70,26.0,,0.26,18.2
2020-09-29,69,26.0,,0.26,17.94
2020-09-30,77,26.0,,0.26,20.02
2020-10-01,87,26.0,,0.26,22.62
2020-10-02,68,26.0,,0.26,17.68
2020-10-03,89,26.0,,0.26,23.14
2020-10-04,74,27.0,False,0.27,19.98
2020-10-05,81,27.0,,0.27,21.87
2020-10-06,76,27.0,,0.27,20.520000000000003
2020-10-07,92,27.0,,0.27,24.840000000000003
2020-10-08,86,27.0,,0.27,23.220000000000002
2020-10-09,79,27.0,,0.27,21.330000000000002
2020-10-10,63,27.0,,0.27,17.01
2020-10-11,73,26.0,False,0.26,18.98
2020-10-12,100,26.0,,0.26,26.0
2020-10-13,72,26.0,,0.26,18.72
2020-10-14,82,26.0,,0.26,21.32
2020-10-15,73,26.0,,0.26,18.98
2020-10-16,77,26.0,,0.26,20.02
2020-10-17,92,26.0,,0.26,23.92
2020-10-18,75,28.0,False,0.28,21.000000000000004
2020-10-19,95,28.0,,0.28,26.6
2020-10-20,75,28.0,,0.28,21.000000000000004
2020-10-21,66,28.0,,0.28,18.48
2020-10-22,63,28.0,,0.28,17.64
2020-10-23,85,28.0,,0.28,23.8
2020-10-24,81,28.0,,0.28,22.680000000000003
2020-10-25,80,25.0,False,0.25,20.0
2020-10-26,81,25.0,,0.25,20.25
2020-10-27,73,25.0,,0.25,18.25
2020-10-28,81,25.0,,0.25,20.25
2020-10-29,82,25.0,,0.25,20.5
2020-10-30,83,25.0,,0.25,20.75
2020-10-31,73,25.0,,0.25,18.25
2020-11-01,60,23.0,False,0.23,13.8
2020-11-02,71,23.0,,0.23,16.330000000000002
2020-11-03,70,23.0,,0.23,16.1
2020-11-04,65,23.0,,0.23,14.950000000000001
2020-11-05,65,23.0,,0.23,14.950000000000001
2020-11-06,53,23.0,,0.23,12.190000000000001
2020-11-07,85,23.0,,0.23,19.55
2020-11-08,75,27.0,False,0.27,20.25
2020-11-09,67,27.0,,0.27,18.09
2020-11-10,80,27.0,,0.27,21.6
2020-11-11,89,27.0,,0.27,24.03
2020-11-12,87,27.0,,0.27,23.490000000000002
2020-11-13,62,27.0,,0.27,16.740000000000002
2020-11-14,72,27.0,,0.27,19.44
2020-11-15,77,28.0,False,0.28,21.560000000000002
2020-11-16,71,28.0,,0.28,19.880000000000003
2020-11-17,83,28.0,,0.28,23.240000000000002
2020-11-18,95,28.0,,0.28,26.6
2020-11-19,90,28.0,,0.28,25.200000000000003
2020-11-20,76,28.0,,0.28,21.28
2020-11-21,88,28.0,,0.28,24.64
2020-11-22,100,26.0,False,0.26,26.0
2020-11-23,96,26.0,,0.26,24.96
2020-11-24,72,26.0,,0.26,18.72
2020-11-25,91,26.0,,0.26,23.66
2020-11-26,100,26.0,,0.26,26.0
2020-11-27,72,26.0,,0.26,18.72
2020-11-28,83,26.0,,0.26,21.580000000000002
2020-11-29,70,27.0,False,0.27,18.900000000000002
2020-11-30,97,27.0,,0.27,26.19
2020-12-01,61,27.0,,0.27,16.470000000000002
2020-12-02,70,27.0,,0.27,18.900000000000002
2020-12-03,70,27.0,,0.27,18.900000000000002
2020-12-04,67,27.0,,0.27,18.09
2020-12-05,75,27.0,,0.27,20.25
2020-12-06,67,30.0,False,0.3,20.099999999999998
2020-12-07,80,30.0,,0.3,24.0
2020-12-08,64,30.0,,0.3,19.2
2020-12-09,54,30.0,,0.3,16.2
2020-12-10,61,30.0,,0.3,18.3
2020-12-11,75,30.0,,0.3,22.5
2020-12-12,64,30.0,,0.3,19.2
2020-12-13,69,26.0,False,0.26,17.94
2020-12-14,58,26.0,,0.26,15.08
2020-12-15,64,26.0,,0.26,16.64
2020-12-16,71,26.0,,0.26,18.46
2020-12-17,78,26.0,,0.26,20.28
2020-12-18,83,26.0,,0.26,21.580000000000002
2020-12-19,75,26.0,,0.26,19.5
2020-12-20,59,30.0,False,0.3,17.7
2020-12-21,96,30.0,,0.3,28.799999999999997
2020-12-22,74,30.0,,0.3,22.2
2020-12-23,88,30.0,,0.3,26.4
2020-12-24,68,30.0,,0.3,20.4
2020-12-25,82,30.0,,0.3,24.599999999999998
2020-12-26,97,30.0,,0.3,29.099999999999998
2020-12-27,88,34.0,False,0.34,29.92
2020-12-28,66,34.0,,0.34,22.44
2020-12-29,70,34.0,,0.34,23.8
2020-12-30,100,34.0,,0.34,34.0
2020-12-31,80,34.0,,0.34,27.200000000000003
2021-01-01,73,34.0,,0.34,24.82
2021-01-02,80,34.0,,0.34,27.200000000000003
2021-01-03,83,41.0,False,0.41,34.03
2021-01-04,65,41.0,,0.41,26.65
2021-01-05,80,41.0,,0.41,32.8
2021-01-06,74,41.0,,0.41,30.34
2021-01-07,84,41.0,,0.41,34.44
2021-01-08,86,41.0,,0.41,35.26
2021-01-09,84,41.0,,0.41,34.44
2021-01-10,87,44.0,False,0.44,38.28
2021-01-11,74,44.0,,0.44,32.56
2021-01-12,97,44.0,,0.44,42.68
2021-01-13,92,44.0,,0.44,40.48
2021-01-14,82,44.0,,0.44,36.08
2021-01-15,79,44.0,,0.44,34.76
2021-01-16,93,44.0,,0.44,40.92
2021-01-17,72,40.0,False,0.4,28.8
2021-01-18,65,40.0,,0.4,26.0
2021-01-19,83,40.0,,0.4,33.2
2021-01-20,88,40.0,,0.4,35.2
2021-01-21,78,40.0,,0.4,31.200000000000003
2021-01-22,84,40.0,,0.4,33.6
2021-01-23,83,40.0,,0.4,33.2
2021-01-24,75,44.0,False,0.44,33.0
2021-01-25,74,44.0,,0.44,32.56
2021-01-26,73,44.0,,0.44,32.12
2021-01-27,70,44.0,,0.44,30.8
2021-01-28,96,44.0,,0.44,42.24
2021-01-29,98,44.0,,0.44,43.12
2021-01-30,100,44.0,,0.44,44.0
2021-01-31,93,45.0,False,0.45,41.85
2021-02-01,54,45.0,,0.45,24.3
2021-02-02,56,45.0,,0.45,25.2
2021-02-03,67,45.0,,0.45,30.150000000000002
2021-02-04,56,45.0,,0.45,25.2
2021-02-05,60,45.0,,0.45,27.0
2021-02-06,64,45.0,,0.45,28.8
2021-02-07,74,53.0,False,0.53,39.22
2021-02-08,70,53.0,,0.53,37.1
2021-02-09,72,53.0,,0.53,38.160000000000004
2021-02-10,74,53.0,,0.53,39.22
2021-02-11,69,53.0,,0.53,36.57
2021-02-12,78,53.0,,0.53,41.34
2021-02-13,73,53.0,,0.53,38.690000000000005
2021-02-14,85,58.0,False,0.58,49.3
2021-02-15,64,58.0,,0.58,37.12
2021-02-16,67,58.0,,0.58,38.86
2021-02-17,73,58.0,,0.58,42.339999999999996
2021-02-18,69,58.0,,0.58,40.019999999999996
2021-02-19,80,58.0,,0.58,46.4
2021-02-20,100,58.0,,0.58,57.99999999999999
2021-02-21,88,55.0,False,0.55,48.400000000000006
2021-02-22,83,55.0,,0.55,45.650000000000006
2021-02-23,85,55.0,,0.55,46.75000000000001
2021-02-24,64,55.0,,0.55,35.2
2021-02-25,73,55.0,,0.55,40.150000000000006
2021-02-26,62,55.0,,0.55,34.1
2021-02-27,58,55.0,,0.55,31.900000000000002
2021-02-28,65,47.0,False,0.47,30.549999999999997
2021-03-01,81,47.0,,0.47,38.07
2021-03-02,92,47.0,,0.47,43.239999999999995
2021-03-03,70,47.0,,0.47,32.9
2021-03-04,68,47.0,,0.47,31.959999999999997
2021-03-05,78,47.0,,0.47,36.66
2021-03-06,67,47.0,,0.47,31.49
2021-03-07,77,48.0,False,0.48,36.96
2021-03-08,84,48.0,,0.48,40.32
2021-03-09,78,48.0,,0.48,37.44
2021-03-10,78,48.0,,0.48,37.44
2021-03-11,69,48.0,,0.48,33.12
2021-03-12,73,48.0,,0.48,35.04
2021-03-13,96,48.0,,0.48,46.08
2021-03-14,100,48.0,False,0.48,48.0
2021-03-15,75,48.0,,0.48,36.0
2021-03-16,79,48.0,,0.48,37.92
2021-03-17,65,48.0,,0.48,31.2
2021-03-18,81,48.0,,0.48,38.879999999999995
2021-03-19,67,48.0,,0.48,32.16
2021-03-20,70,48.0,,0.48,33.6
2021-03-21,79,44.0,False,0.44,34.76
2021-03-22,75,44.0,,0.44,33.0
2021-03-23,74,44.0,,0.44,32.56
2021-03-24,70,44.0,,0.44,30.8
2021-03-25,70,44.0,,0.44,30.8
2021-03-26,67,44.0,,0.44,29.48
2021-03-27,79,44.0,,0.44,34.76
2021-03-28,76,50.0,False,0.5,38.0
2021-03-29,75,50.0,,0.5,37.5
2021-03-30,77,50.0,,0.5,38.5
2021-03-31,63,50.0,,0.5,31.5
2021-04-01,69,50.0,,0.5,34.5
2021-04-02,64,50.0,,0.5,32.0
2021-04-03,65,50.0,,0.5,32.5
2021-04-04,69,51.0,False,0.51,35.19
2021-04-05,66,51.0,,0.51,33.660000000000004
2021-04-06,72,51.0,,0.51,36.72
2021-04-07,77,51.0,,0.51,39.27
2021-04-08,66,51.0,,0.51,33.660000000000004
2021-04-09,72,51.0,,0.51,36.72
2021-04-10,72,51.0,,0.51,36.72
2021-04-11,74,61.0,False,0.61,45.14
2021-04-12,63,61.0,,0.61,38.43
2021-04-13,81,61.0,,0.61,49.41
2021-04-14,79,61.0,,0.61,48.19
2021-04-15,69,61.0,,0.61,42.089999999999996
2021-04-16,97,61.0,,0.61,59.17
2021-04-17,99,61.0,,0.61,60.39
2021-04-18,86,66.0,False,0.66,56.760000000000005
2021-04-19,82,66.0,,0.66,54.120000000000005
2021-04-20,92,66.0,,0.66,60.720000000000006
2021-04-21,87,66.0,,0.66,57.42
2021-04-22,82,66.0,,0.66,54.120000000000005
2021-04-23,83,66.0,,0.66,54.78
2021-04-24,86,66.0,,0.66,56.760000000000005
2021-04-25,93,65.0,False,0.65,60.45
2021-04-26,93,65.0,,0.65,60.45
2021-04-27,90,65.0,,0.65,58.5
2021-04-28,100,65.0,,0.65,65.0
2021-04-29,79,65.0,,0.65,51.35
2021-04-30,84,65.0,,0.65,54.6
2021-05-01,80,65.0,,0.65,52.0
2021-05-02,70,68.0,False,0.68,47.6
2021-05-03,66,68.0,,0.68,44.88
2021-05-04,77,68.0,,0.68,52.36000000000001
2021-05-05,82,68.0,,0.68,55.760000000000005
2021-05-06,83,68.0,,0.68,56.440000000000005
2021-05-07,72,68.0,,0.68,48.96
2021-05-08,89,68.0,,0.68,60.52
2021-05-09,83,76.0,False,0.76,63.08
2021-05-10,84,76.0,,0.76,63.84
2021-05-11,93,76.0,,0.76,70.68
2021-05-12,100,76.0,,0.76,76.0
2021-05-13,89,76.0,,0.76,67.64
2021-05-14,78,76.0,,0.76,59.28
2021-05-15,89,76.0,,0.76,67.64
2021-05-16,82,61.0,False,0.61,50.019999999999996
2021-05-17,63,61.0,,0.61,38.43
2021-05-18,65,61.0,,0.61,39.65
2021-05-19,62,61.0,,0.61,37.82
2021-05-20,61,61.0,,0.61,37.21
2021-05-21,75,61.0,,0.61,45.75
2021-05-22,67,61.0,,0.61,40.87
2021-05-23,81,55.0,False,0.55,44.550000000000004
2021-05-24,72,55.0,,0.55,39.6
2021-05-25,78,55.0,,0.55,42.900000000000006
2021-05-26,70,55.0,,0.55,38.5
2021-05-27,69,55.0,,0.55,37.95
2021-05-28,57,55.0,,0.55,31.35
2021-05-29,68,55.0,,0.55,37.400000000000006
2021-05-30,62,55.0,False,0.55,34.1
2021-05-31,47,55.0,,0.55,25.85
2021-06-01,83,55.0,,0.55,45.650000000000006
2021-06-02,95,55.0,,0.55,52.25000000000001
2021-06-03,96,55.0,,0.55,52.800000000000004
2021-06-04,100,55.0,,0.55,55.00000000000001
2021-06-05,90,55.0,,0.55,49.50000000000001
2021-06-06,88,51.0,False,0.51,44.88
2021-06-07,83,51.0,,0.51,42.33
2021-06-08,77,51.0,,0.51,39.27
2021-06-09,71,51.0,,0.51,36.21
2021-06-10,71,51.0,,0.51,36.21
2021-06-11,75,51.0,,0.51,38.25
2021-06-12,82,51.0,,0.51,41.82
2021-06-13,68,46.0,False,0.46,31.28
2021-06-14,73,46.0,,0.46,33.58
2021-06-15,83,46.0,,0.46,38.18
2021-06-16,69,46.0,,0.46,31.740000000000002
2021-06-17,81,46.0,,0.46,37.260000000000005
2021-06-18,80,46.0,,0.46,36.800000000000004
2021-06-19,68,46.0,,0.46,31.28
2021-06-20,77,44.0,False,0.44,33.88
2021-06-21,76,44.0,,0.44,33.44
2021-06-22,66,44.0,,0.44,29.04
2021-06-23,68,44.0,,0.44,29.92
2021-06-24,63,44.0,,0.44,27.72
2021-06-25,68,44.0,,0.44,29.92
2021-06-26,72,44.0,,0.44,31.68
2021-06-27,73,44.0,False,0.44,32.12
2021-06-28,71,44.0,,0.44,31.24
2021-06-29,79,44.0,,0.44,34.76
2021-06-30,78,44.0,,0.44,34.32
2021-07-01,84,44.0,,0.44,36.96
2021-07-02,98,44.0,,0.44,43.12
2021-07-03,97,44.0,,0.44,42.68
2021-07-04,86,43.0,False,0.43,36.98
2021-07-05,96,43.0,,0.43,41.28
2021-07-06,72,43.0,,0.43,30.96
2021-07-07,78,43.0,,0.43,33.54
2021-07-08,79,43.0,,0.43,33.97
2021-07-09,79,43.0,,0.43,33.97
2021-07-10,70,43.0,,0.43,30.099999999999998
2021-07-11,75,41.0,False,0.41,30.749999999999996
2021-07-12,82,41.0,,0.41,33.62
2021-07-13,72,41.0,,0.41,29.52
2021-07-14,85,41.0,,0.41,34.85
2021-07-15,91,41.0,,0.41,37.309999999999995
2021-07-16,89,41.0,,0.41,36.489999999999995
2021-07-17,69,41.0,,0.41,28.29
2021-07-18,82,39.0,False,0.39,31.98
2021-07-19,61,39.0,,0.39,23.79
2021-07-20,84,39.0,,0.39,32.76
2021-07-21,82,39.0,,0.39,31.98
2021-07-22,88,39.0,,0.39,34.32
2021-07-23,77,39.0,,0.39,30.03
2021-07-24,83,39.0,,0.39,32.370000000000005
2021-07-25,80,38.0,False,0.38,30.4
2021-07-26,71,38.0,,0.38,26.98
2021-07-27,55,38.0,,0.38,20.9
2021-07-28,81,38.0,,0.38,30.78
2021-07-29,68,38.0,,0.38,25.84
2021-07-30,100,38.0,,0.38,38.0
2021-07-31,77,38.0,,0.38,29.26
2021-08-01,84,47.0,False,0.47,39.48
2021-08-02,90,47.0,,0.47,42.3
2021-08-03,80,47.0,,0.47,37.599999999999994
2021-08-04,68,47.0,,0.47,31.959999999999997
2021-08-05,76,47.0,,0.47,35.72
2021-08-06,72,47.0,,0.47,33.839999999999996
2021-08-07,82,47.0,,0.47,38.54
2021-08-08,81,44.0,False,0.44,35.64
2021-08-09,73,44.0,,0.44,32.12
2021-08-10,92,44.0,,0.44,40.48
2021-08-11,90,44.0,,0.44,39.6
2021-08-12,79,44.0,,0.44,34.76
2021-08-13,79,44.0,,0.44,34.76
2021-08-14,75,44.0,,0.44,33.0
2021-08-15,95,50.0,False,0.5,47.5
2021-08-16,80,50.0,,0.5,40.0
2021-08-17,100,50.0,,0.5,50.0
2021-08-18,85,50.0,,0.5,42.5
2021-08-19,93,50.0,,0.5,46.5
2021-08-20,73,50.0,,0.5,36.5
2021-08-21,92,50.0,,0.5,46.0
2021-08-22,82,50.0,False,0.5,41.0
2021-08-23,99,50.0,,0.5,49.5
2021-08-24,96,50.0,,0.5,48.0
2021-08-25,87,50.0,,0.5,43.5
2021-08-26,76,50.0,,0.5,38.0
2021-08-27,85,50.0,,0.5,42.5
2021-08-28,79,50.0,,0.5,39.5
2021-08-29,87,48.0,False,0.48,41.76
2021-08-30,94,48.0,,0.48,45.12
2021-08-31,85,48.0,,0.48,40.8
2021-09-01,78,48.0,,0.48,37.44
2021-09-02,82,48.0,,0.48,39.36
2021-09-03,93,48.0,,0.48,44.64
2021-09-04,89,48.0,,0.48,42.72
2021-09-05,94,50.0,False,0.5,47.0
2021-09-06,96,50.0,,0.5,48.0
2021-09-07,79,50.0,,0.5,39.5
2021-09-08,82,50.0,,0.5,41.0
2021-09-09,89,50.0,,0.5,44.5
2021-09-10,86,50.0,,0.5,43.0
2021-09-11,100,50.0,,0.5,50.0
2021-09-12,88,50.0,False,0.5,44.0
2021-09-13,82,50.0,,0.5,41.0
2021-09-14,78,50.0,,0.5,39.0
2021-09-15,82,50.0,,0.5,41.0
2021-09-16,90,50.0,,0.5,45.0
2021-09-17,98,50.0,,0.5,49.0
2021-09-18,78,50.0,,0.5,39.0
2021-09-19,88,45.0,False,0.45,39.6
2021-09-20,82,45.0,,0.45,36.9
2021-09-21,80,45.0,,0.45,36.0
2021-09-22,81,45.0,,0.45,36.45
2021-09-23,87,45.0,,0.45,39.15
2021-09-24,93,45.0,,0.45,41.85
2021-09-25,89,45.0,,0.45,40.050000000000004
2021-09-26,85,42.0,False,0.42,35.699999999999996
2021-09-27,100,42.0,,0.42,42.0
2021-09-28,85,42.0,,0.42,35.699999999999996
2021-09-29,77,42.0,,0.42,32.339999999999996
2021-09-30,76,42.0,,0.42,31.919999999999998
2021-10-01,70,42.0,,0.42,29.4
2021-10-02,83,42.0,,0.42,34.86
2021-10-03,83,41.0,False,0.41,34.03
2021-10-04,87,41.0,,0.41,35.669999999999995
2021-10-05,73,41.0,,0.41,29.93
2021-10-06,75,41.0,,0.41,30.749999999999996
2021-10-07,85,41.0,,0.41,34.85
2021-10-08,76,41.0,,0.41,31.159999999999997
2021-10-09,81,41.0,,0.41,33.21
2021-10-10,80,42.0,False,0.42,33.6
2021-10-11,80,42.0,,0.42,33.6
2021-10-12,79,42.0,,0.42,33.18
2021-10-13,96,42.0,,0.42,40.32
2021-10-14,92,42.0,,0.42,38.64
2021-10-15,76,42.0,,0.42,31.919999999999998
2021-10-16,90,42.0,,0.42,37.8
2021-10-17,86,45.0,False,0.45,38.7
2021-10-18,93,45.0,,0.45,41.85
2021-10-19,84,45.0,,0.45,37.800000000000004
2021-10-20,89,45.0,,0.45,40.050000000000004
2021-10-21,88,45.0,,0.45,39.6
2021-10-22,91,45.0,,0.45,40.95
2021-10-23,81,45.0,,0.45,36.45
2021-10-24,91,50.0,False,0.5,45.5
2021-10-25,84,50.0,,0.5,42.0
2021-10-26,96,50.0,,0.5,48.0
2021-10-27,92,50.0,,0.5,46.0
2021-10-28,99,50.0,,0.5,49.5
2021-10-29,92,50.0,,0.5,46.0
2021-10-30,100,50.0,,0.5,50.0
2021-10-31,76,47.0,False,0.47,35.72
2021-11-01,71,47.0,,0.47,33.37
2021-11-02,76,47.0,,0.47,35.72
2021-11-03,76,47.0,,0.47,35.72
2021-11-04,72,47.0,,0.47,33.839999999999996
2021-11-05,69,47.0,,0.47,32.43
2021-11-06,71,47.0,,0.47,33.37
2021-11-07,80,59.0,False,0.59,47.199999999999996
2021-11-08,74,59.0,,0.59,43.66
2021-11-09,83,59.0,,0.59,48.97
2021-11-10,72,59.0,,0.59,42.48
2021-11-11,89,59.0,,0.59,52.51
2021-11-12,83,59.0,,0.59,48.97
2021-11-13,92,59.0,,0.59,54.279999999999994
2021-11-14,88,57.0,False,0.57,50.16
2021-11-15,87,57.0,,0.57,49.589999999999996
2021-11-16,100,57.0,,0.57,56.99999999999999
2021-11-17,80,57.0,,0.57,45.599999999999994
2021-11-18,74,57.0,,0.57,42.18
2021-11-19,69,57.0,,0.57,39.33
2021-11-20,77,57.0,,0.57,43.88999999999999
2021-11-21,72,51.0,False,0.51,36.72
2021-11-22,77,51.0,,0.51,39.27
2021-11-23,79,51.0,,0.51,40.29
2021-11-24,76,51.0,,0.51,38.76
2021-11-25,78,51.0,,0.51,39.78
2021-11-26,78,51.0,,0.51,39.78
2021-11-27,82,51.0,,0.51,41.82
2021-11-28,74,52.0,True,0.52,38.480000000000004
2021-11-29,82,52.0,,0.52,42.64
2021-11-30,79,52.0,,0.52,41.08
2021-12-01,100,52.0,,0.52,52.0
2021-12-02,98,52.0,,0.52,50.96
