date,sell btc_unscaled,sell btc_monthly,isPartial,scale,sell btc
2017-08-01,86,,,,
2017-08-02,41,,,,
2017-08-03,22,,,,
2017-08-04,22,,,,
2017-08-05,76,,,,
2017-08-06,0,19.0,False,0.19,0.0
2017-08-07,0,19.0,,0.19,0.0
2017-08-08,62,19.0,,0.19,11.78
2017-08-09,0,19.0,,0.19,0.0
2017-08-10,88,19.0,,0.19,16.72
2017-08-11,0,19.0,,0.19,0.0
2017-08-12,75,19.0,,0.19,14.25
2017-08-13,100,36.0,False,0.36,36.0
2017-08-14,22,36.0,,0.36,7.92
2017-08-15,22,36.0,,0.36,7.92
2017-08-16,22,36.0,,0.36,7.92
2017-08-17,43,36.0,,0.36,15.479999999999999
2017-08-18,45,36.0,,0.36,16.2
2017-08-19,50,36.0,,0.36,18.0
2017-08-20,24,16.0,False,0.16,3.84
2017-08-21,21,16.0,,0.16,3.36
2017-08-22,21,16.0,,0.16,3.36
2017-08-23,43,16.0,,0.16,6.88
2017-08-24,0,16.0,,0.16,0.0
2017-08-25,0,16.0,,0.16,0.0
2017-08-26,0,16.0,,0.16,0.0
2017-08-27,0,38.0,False,0.38,0.0
2017-08-28,0,38.0,,0.38,0.0
2017-08-29,42,38.0,,0.38,15.96
2017-08-30,86,38.0,,0.38,32.68
2017-08-31,21,38.0,,0.38,7.98
2017-09-01,45,38.0,,0.38,17.1
2017-09-02,100,38.0,,0.38,38.0
2017-09-03,0,16.0,False,0.16,0.0
2017-09-04,88,16.0,,0.16,14.08
2017-09-05,0,16.0,,0.16,0.0
2017-09-06,83,16.0,,0.16,13.280000000000001
2017-09-07,86,16.0,,0.16,13.76
2017-09-08,44,16.0,,0.16,7.04
2017-09-09,0,16.0,,0.16,0.0
2017-09-10,0,19.0,False,0.19,0.0
2017-09-11,42,19.0,,0.19,7.98
2017-09-12,0,19.0,,0.19,0.0
2017-09-13,42,19.0,,0.19,7.98
2017-09-14,84,19.0,,0.19,15.96
2017-09-15,88,19.0,,0.19,16.72
2017-09-16,49,19.0,,0.19,9.31
2017-09-17,48,13.0,False,0.13,6.24
2017-09-18,42,13.0,,0.13,5.46
2017-09-19,41,13.0,,0.13,5.33
2017-09-20,0,13.0,,0.13,0.0
2017-09-21,85,13.0,,0.13,11.05
2017-09-22,44,13.0,,0.13,5.720000000000001
2017-09-23,0,13.0,,0.13,0.0
2017-09-24,0,13.0,False,0.13,0.0
2017-09-25,0,13.0,,0.13,0.0
2017-09-26,42,13.0,,0.13,5.46
2017-09-27,0,13.0,,0.13,0.0
2017-09-28,85,13.0,,0.13,11.05
2017-09-29,44,13.0,,0.13,5.720000000000001
2017-09-30,49,13.0,,0.13,6.37
2017-10-01,0,5.0,False,0.05,0.0
2017-10-02,33,5.0,,0.05,1.6500000000000001
2017-10-03,33,5.0,,0.05,1.6500000000000001
2017-10-04,0,5.0,,0.05,0.0
2017-10-05,33,5.0,,0.05,1.6500000000000001
2017-10-06,0,5.0,,0.05,0.0
2017-10-07,0,5.0,,0.05,0.0
2017-10-08,37,11.0,False,0.11,4.07
2017-10-09,32,11.0,,0.11,3.52
2017-10-10,95,11.0,,0.11,10.45
2017-10-11,64,11.0,,0.11,7.04
2017-10-12,100,11.0,,0.11,11.0
2017-10-13,34,11.0,,0.11,3.74
2017-10-14,0,11.0,,0.11,0.0
2017-10-15,0,19.0,False,0.19,0.0
2017-10-16,64,19.0,,0.19,12.16
2017-10-17,0,19.0,,0.19,0.0
2017-10-18,33,19.0,,0.19,6.2700000000000005
2017-10-19,33,19.0,,0.19,6.2700000000000005
2017-10-20,0,19.0,,0.19,0.0
2017-10-21,37,19.0,,0.19,7.03
2017-10-22,0,8.0,False,0.08,0.0
2017-10-23,32,8.0,,0.08,2.56
2017-10-24,0,8.0,,0.08,0.0
2017-10-25,64,8.0,,0.08,5.12
2017-10-26,32,8.0,,0.08,2.56
2017-10-27,34,8.0,,0.08,2.72
2017-10-28,75,8.0,,0.08,6.0
2017-10-29,0,35.0,False,0.35,0.0
2017-10-30,0,35.0,,0.35,0.0
2017-10-31,0,35.0,,0.35,0.0
2017-11-01,33,35.0,,0.35,11.549999999999999
2017-11-02,100,35.0,,0.35,35.0
2017-11-03,17,35.0,,0.35,5.949999999999999
2017-11-04,0,35.0,,0.35,0.0
2017-11-05,0,28.0,False,0.28,0.0
2017-11-06,0,28.0,,0.28,0.0
2017-11-07,0,28.0,,0.28,0.0
2017-11-08,64,28.0,,0.28,17.92
2017-11-09,32,28.0,,0.28,8.96
2017-11-10,33,28.0,,0.28,9.24
2017-11-11,37,28.0,,0.28,10.360000000000001
2017-11-12,36,20.0,False,0.2,7.2
2017-11-13,0,20.0,,0.2,0.0
2017-11-14,16,20.0,,0.2,3.2
2017-11-15,16,20.0,,0.2,3.2
2017-11-16,0,20.0,,0.2,0.0
2017-11-17,17,20.0,,0.2,3.4000000000000004
2017-11-18,0,20.0,,0.2,0.0
2017-11-19,18,34.0,False,0.34,6.12
2017-11-20,0,34.0,,0.34,0.0
2017-11-21,16,34.0,,0.34,5.44
2017-11-22,80,34.0,,0.34,27.200000000000003
2017-11-23,0,34.0,,0.34,0.0
2017-11-24,0,34.0,,0.34,0.0
2017-11-25,54,34.0,,0.34,18.360000000000003
2017-11-26,36,59.0,False,0.59,21.24
2017-11-27,31,59.0,,0.59,18.29
2017-11-28,31,59.0,,0.59,18.29
2017-11-29,16,59.0,,0.59,9.44
2017-11-30,32,59.0,,0.59,18.88
2017-12-01,52,59.0,,0.59,30.68
2017-12-02,11,59.0,,0.59,6.489999999999999
2017-12-03,22,90.0,False,0.9,19.8
2017-12-04,39,90.0,,0.9,35.1
2017-12-05,10,90.0,,0.9,9.0
2017-12-06,40,90.0,,0.9,36.0
2017-12-07,100,90.0,,0.9,90.0
2017-12-08,84,90.0,,0.9,75.60000000000001
2017-12-09,34,90.0,,0.9,30.6
2017-12-10,33,82.0,False,0.82,27.06
2017-12-11,39,82.0,,0.82,31.979999999999997
2017-12-12,49,82.0,,0.82,40.18
2017-12-13,40,82.0,,0.82,32.8
2017-12-14,41,82.0,,0.82,33.62
2017-12-15,52,82.0,,0.82,42.64
2017-12-16,35,82.0,,0.82,28.7
2017-12-17,46,100.0,False,1.0,46.0
2017-12-18,20,100.0,,1.0,20.0
2017-12-19,41,100.0,,1.0,41.0
2017-12-20,95,100.0,,1.0,95.0
2017-12-21,43,100.0,,1.0,43.0
2017-12-22,67,100.0,,1.0,67.0
2017-12-23,60,100.0,,1.0,60.0
2017-12-24,38,49.0,False,0.49,18.62
2017-12-25,25,49.0,,0.49,12.25
2017-12-26,56,49.0,,0.49,27.439999999999998
2017-12-27,32,49.0,,0.49,15.68
2017-12-28,11,49.0,,0.49,5.39
2017-12-29,44,49.0,,0.49,21.56
2017-12-30,47,49.0,,0.49,23.03
2017-12-31,25,71.0,False,0.71,17.75
2018-01-01,47,71.0,,0.71,33.37
2018-01-02,39,71.0,,0.71,27.689999999999998
2018-01-03,38,71.0,,0.71,26.979999999999997
2018-01-04,25,71.0,,0.71,17.75
2018-01-05,13,71.0,,0.71,9.23
2018-01-06,14,71.0,,0.71,9.94
2018-01-07,86,86.0,False,0.86,73.96
2018-01-08,38,86.0,,0.86,32.68
2018-01-09,49,86.0,,0.86,42.14
2018-01-10,50,86.0,,0.86,43.0
2018-01-11,75,86.0,,0.86,64.5
2018-01-12,39,86.0,,0.86,33.54
2018-01-13,100,86.0,,0.86,86.0
2018-01-14,14,35.0,False,0.35,4.8999999999999995
2018-01-15,25,35.0,,0.35,8.75
2018-01-16,37,35.0,,0.35,12.95
2018-01-17,61,35.0,,0.35,21.349999999999998
2018-01-18,50,35.0,,0.35,17.5
2018-01-19,13,35.0,,0.35,4.55
2018-01-20,14,35.0,,0.35,4.8999999999999995
2018-01-21,28,18.0,False,0.18,5.04
2018-01-22,0,18.0,,0.18,0.0
2018-01-23,0,18.0,,0.18,0.0
2018-01-24,12,18.0,,0.18,2.16
2018-01-25,0,18.0,,0.18,0.0
2018-01-26,0,18.0,,0.18,0.0
2018-01-27,28,18.0,,0.18,5.04
2018-01-28,42,20.0,False,0.2,8.4
2018-01-29,0,20.0,,0.2,0.0
2018-01-30,12,20.0,,0.2,2.4000000000000004
2018-01-31,25,20.0,,0.2,5.0
2018-02-01,19,20.0,,0.2,3.8000000000000003
2018-02-02,0,20.0,,0.2,0.0
2018-02-03,44,20.0,,0.2,8.8
2018-02-04,43,33.0,False,0.33,14.190000000000001
2018-02-05,19,33.0,,0.33,6.2700000000000005
2018-02-06,19,33.0,,0.33,6.2700000000000005
2018-02-07,0,33.0,,0.33,0.0
2018-02-08,0,33.0,,0.33,0.0
2018-02-09,20,33.0,,0.33,6.6000000000000005
2018-02-10,65,33.0,,0.33,21.45
2018-02-11,43,15.0,False,0.15,6.45
2018-02-12,19,15.0,,0.15,2.85
2018-02-13,39,15.0,,0.15,5.85
2018-02-14,19,15.0,,0.15,2.85
2018-02-15,39,15.0,,0.15,5.85
2018-02-16,40,15.0,,0.15,6.0
2018-02-17,22,15.0,,0.15,3.3
2018-02-18,0,2.0,False,0.02,0.0
2018-02-19,19,2.0,,0.02,0.38
2018-02-20,38,2.0,,0.02,0.76
2018-02-21,19,2.0,,0.02,0.38
2018-02-22,19,2.0,,0.02,0.38
2018-02-23,100,2.0,,0.02,2.0
2018-02-24,0,2.0,,0.02,0.0
2018-02-25,21,17.0,False,0.17,3.5700000000000003
2018-02-26,37,17.0,,0.17,6.29
2018-02-27,37,17.0,,0.17,6.29
2018-02-28,0,17.0,,0.17,0.0
2018-03-01,47,17.0,,0.17,7.99
2018-03-02,100,17.0,,0.17,17.0
2018-03-03,55,17.0,,0.17,9.350000000000001
2018-03-04,0,17.0,False,0.17,0.0
2018-03-05,71,17.0,,0.17,12.07
2018-03-06,0,17.0,,0.17,0.0
2018-03-07,24,17.0,,0.17,4.08
2018-03-08,24,17.0,,0.17,4.08
2018-03-09,51,17.0,,0.17,8.67
2018-03-10,0,17.0,,0.17,0.0
2018-03-11,0,12.0,False,0.12,0.0
2018-03-12,24,12.0,,0.12,2.88
2018-03-13,48,12.0,,0.12,5.76
2018-03-14,0,12.0,,0.12,0.0
2018-03-15,0,12.0,,0.12,0.0
2018-03-16,25,12.0,,0.12,3.0
2018-03-17,82,12.0,,0.12,9.84
2018-03-18,27,20.0,False,0.2,5.4
2018-03-19,73,20.0,,0.2,14.600000000000001
2018-03-20,48,20.0,,0.2,9.600000000000001
2018-03-21,0,20.0,,0.2,0.0
2018-03-22,49,20.0,,0.2,9.8
2018-03-23,25,20.0,,0.2,5.0
2018-03-24,0,20.0,,0.2,0.0
2018-03-25,0,0.0,False,0.0,0.0
2018-03-26,0,0.0,,0.0,0.0
2018-03-27,0,0.0,,0.0,0.0
2018-03-28,25,0.0,,0.0,0.0
2018-03-29,0,0.0,,0.0,0.0
2018-03-30,0,0.0,,0.0,0.0
2018-03-31,29,0.0,,0.0,0.0
2018-04-01,0,15.0,False,0.15,0.0
2018-04-02,46,15.0,,0.15,6.8999999999999995
2018-04-03,87,15.0,,0.15,13.049999999999999
2018-04-04,0,15.0,,0.15,0.0
2018-04-05,0,15.0,,0.15,0.0
2018-04-06,92,15.0,,0.15,13.799999999999999
2018-04-07,50,15.0,,0.15,7.5
2018-04-08,0,7.0,False,0.07,0.0
2018-04-09,0,7.0,,0.07,0.0
2018-04-10,0,7.0,,0.07,0.0
2018-04-11,86,7.0,,0.07,6.0200000000000005
2018-04-12,43,7.0,,0.07,3.0100000000000002
2018-04-13,45,7.0,,0.07,3.1500000000000004
2018-04-14,0,7.0,,0.07,0.0
2018-04-15,0,10.0,False,0.1,0.0
2018-04-16,0,10.0,,0.1,0.0
2018-04-17,0,10.0,,0.1,0.0
2018-04-18,44,10.0,,0.1,4.4
2018-04-19,45,10.0,,0.1,4.5
2018-04-20,0,10.0,,0.1,0.0
2018-04-21,51,10.0,,0.1,5.1000000000000005
2018-04-22,100,18.0,False,0.18,18.0
2018-04-23,0,18.0,,0.18,0.0
2018-04-24,43,18.0,,0.18,7.739999999999999
2018-04-25,43,18.0,,0.18,7.739999999999999
2018-04-26,0,18.0,,0.18,0.0
2018-04-27,47,18.0,,0.18,8.459999999999999
2018-04-28,51,18.0,,0.18,9.18
2018-04-29,50,10.0,False,0.1,5.0
2018-04-30,45,10.0,,0.1,4.5
2018-05-01,0,10.0,,0.1,0.0
2018-05-02,33,10.0,,0.1,3.3000000000000003
2018-05-03,33,10.0,,0.1,3.3000000000000003
2018-05-04,35,10.0,,0.1,3.5
2018-05-05,78,10.0,,0.1,7.800000000000001
2018-05-06,0,10.0,False,0.1,0.0
2018-05-07,66,10.0,,0.1,6.6000000000000005
2018-05-08,33,10.0,,0.1,3.3000000000000003
2018-05-09,0,10.0,,0.1,0.0
2018-05-10,0,10.0,,0.1,0.0
2018-05-11,35,10.0,,0.1,3.5
2018-05-12,39,10.0,,0.1,3.9000000000000004
2018-05-13,0,10.0,False,0.1,0.0
2018-05-14,0,10.0,,0.1,0.0
2018-05-15,0,10.0,,0.1,0.0
2018-05-16,100,10.0,,0.1,10.0
2018-05-17,0,10.0,,0.1,0.0
2018-05-18,35,10.0,,0.1,3.5
2018-05-19,0,10.0,,0.1,0.0
2018-05-20,0,15.0,False,0.15,0.0
2018-05-21,0,15.0,,0.15,0.0
2018-05-22,67,15.0,,0.15,10.049999999999999
2018-05-23,0,15.0,,0.15,0.0
2018-05-24,0,15.0,,0.15,0.0
2018-05-25,0,15.0,,0.15,0.0
2018-05-26,0,15.0,,0.15,0.0
2018-05-27,0,13.0,False,0.13,0.0
2018-05-28,34,13.0,,0.13,4.42
2018-05-29,33,13.0,,0.13,4.29
2018-05-30,0,13.0,,0.13,0.0
2018-05-31,0,13.0,,0.13,0.0
2018-06-01,53,13.0,,0.13,6.890000000000001
2018-06-02,0,13.0,,0.13,0.0
2018-06-03,0,10.0,False,0.1,0.0
2018-06-04,0,10.0,,0.1,0.0
2018-06-05,49,10.0,,0.1,4.9
2018-06-06,99,10.0,,0.1,9.9
2018-06-07,100,10.0,,0.1,10.0
2018-06-08,53,10.0,,0.1,5.300000000000001
2018-06-09,0,10.0,,0.1,0.0
2018-06-10,0,5.0,False,0.05,0.0
2018-06-11,48,5.0,,0.05,2.4000000000000004
2018-06-12,0,5.0,,0.05,0.0
2018-06-13,46,5.0,,0.05,2.3000000000000003
2018-06-14,48,5.0,,0.05,2.4000000000000004
2018-06-15,52,5.0,,0.05,2.6
2018-06-16,0,5.0,,0.05,0.0
2018-06-17,0,5.0,False,0.05,0.0
2018-06-18,0,5.0,,0.05,0.0
2018-06-19,48,5.0,,0.05,2.4000000000000004
2018-06-20,49,5.0,,0.05,2.45
2018-06-21,0,5.0,,0.05,0.0
2018-06-22,0,5.0,,0.05,0.0
2018-06-23,56,5.0,,0.05,2.8000000000000003
2018-06-24,56,8.0,False,0.08,4.48
2018-06-25,48,8.0,,0.08,3.84
2018-06-26,0,8.0,,0.08,0.0
2018-06-27,0,8.0,,0.08,0.0
2018-06-28,49,8.0,,0.08,3.92
2018-06-29,0,8.0,,0.08,0.0
2018-06-30,0,8.0,,0.08,0.0
2018-07-01,0,13.0,False,0.13,0.0
2018-07-02,0,13.0,,0.13,0.0
2018-07-03,42,13.0,,0.13,5.46
2018-07-04,0,13.0,,0.13,0.0
2018-07-05,88,13.0,,0.13,11.440000000000001
2018-07-06,0,13.0,,0.13,0.0
2018-07-07,48,13.0,,0.13,6.24
2018-07-08,48,8.0,False,0.08,3.84
2018-07-09,0,8.0,,0.08,0.0
2018-07-10,82,8.0,,0.08,6.5600000000000005
2018-07-11,39,8.0,,0.08,3.12
2018-07-12,44,8.0,,0.08,3.52
2018-07-13,0,8.0,,0.08,0.0
2018-07-14,0,8.0,,0.08,0.0
2018-07-15,0,8.0,False,0.08,0.0
2018-07-16,43,8.0,,0.08,3.44
2018-07-17,86,8.0,,0.08,6.88
2018-07-18,87,8.0,,0.08,6.96
2018-07-19,0,8.0,,0.08,0.0
2018-07-20,0,8.0,,0.08,0.0
2018-07-21,100,8.0,,0.08,8.0
2018-07-22,0,23.0,False,0.23,0.0
2018-07-23,0,23.0,,0.23,0.0
2018-07-24,43,23.0,,0.23,9.89
2018-07-25,87,23.0,,0.23,20.01
2018-07-26,44,23.0,,0.23,10.120000000000001
2018-07-27,44,23.0,,0.23,10.120000000000001
2018-07-28,49,23.0,,0.23,11.270000000000001
2018-07-29,0,10.0,False,0.1,0.0
2018-07-30,0,10.0,,0.1,0.0
2018-07-31,43,10.0,,0.1,4.3
2018-08-01,45,10.0,,0.1,4.5
2018-08-02,43,10.0,,0.1,4.3
2018-08-03,0,10.0,,0.1,0.0
2018-08-04,0,10.0,,0.1,0.0
2018-08-05,51,5.0,False,0.05,2.5500000000000003
2018-08-06,0,5.0,,0.05,0.0
2018-08-07,0,5.0,,0.05,0.0
2018-08-08,43,5.0,,0.05,2.15
2018-08-09,44,5.0,,0.05,2.2
2018-08-10,46,5.0,,0.05,2.3000000000000003
2018-08-11,51,5.0,,0.05,2.5500000000000003
2018-08-12,100,20.0,False,0.2,20.0
2018-08-13,89,20.0,,0.2,17.8
2018-08-14,0,20.0,,0.2,0.0
2018-08-15,91,20.0,,0.2,18.2
2018-08-16,0,20.0,,0.2,0.0
2018-08-17,91,20.0,,0.2,18.2
2018-08-18,0,20.0,,0.2,0.0
2018-08-19,0,10.0,False,0.1,0.0
2018-08-20,0,10.0,,0.1,0.0
2018-08-21,0,10.0,,0.1,0.0
2018-08-22,0,10.0,,0.1,0.0
2018-08-23,0,10.0,,0.1,0.0
2018-08-24,46,10.0,,0.1,4.6000000000000005
2018-08-25,52,10.0,,0.1,5.2
2018-08-26,51,5.0,False,0.05,2.5500000000000003
2018-08-27,0,5.0,,0.05,0.0
2018-08-28,0,5.0,,0.05,0.0
2018-08-29,44,5.0,,0.05,2.2
2018-08-30,44,5.0,,0.05,2.2
2018-08-31,0,5.0,,0.05,0.0
2018-09-01,0,5.0,,0.05,0.0
2018-09-02,0,5.0,False,0.05,0.0
2018-09-03,0,5.0,,0.05,0.0
2018-09-04,0,5.0,,0.05,0.0
2018-09-05,0,5.0,,0.05,0.0
2018-09-06,0,5.0,,0.05,0.0
2018-09-07,0,5.0,,0.05,0.0
2018-09-08,0,5.0,,0.05,0.0
2018-09-09,54,7.0,False,0.07,3.7800000000000002
2018-09-10,0,7.0,,0.07,0.0
2018-09-11,47,7.0,,0.07,3.2900000000000005
2018-09-12,0,7.0,,0.07,0.0
2018-09-13,0,7.0,,0.07,0.0
2018-09-14,0,7.0,,0.07,0.0
2018-09-15,55,7.0,,0.07,3.8500000000000005
2018-09-16,54,17.0,False,0.17,9.180000000000001
2018-09-17,0,17.0,,0.17,0.0
2018-09-18,47,17.0,,0.17,7.99
2018-09-19,0,17.0,,0.17,0.0
2018-09-20,47,17.0,,0.17,7.99
2018-09-21,100,17.0,,0.17,17.0
2018-09-22,55,17.0,,0.17,9.350000000000001
2018-09-23,53,2.0,False,0.02,1.06
2018-09-24,0,2.0,,0.02,0.0
2018-09-25,47,2.0,,0.02,0.9400000000000001
2018-09-26,47,2.0,,0.02,0.9400000000000001
2018-09-27,0,2.0,,0.02,0.0
2018-09-28,0,2.0,,0.02,0.0
2018-09-29,0,2.0,,0.02,0.0
2018-09-30,54,7.0,False,0.07,3.7800000000000002
2018-10-01,0,7.0,,0.07,0.0
2018-10-02,0,7.0,,0.07,0.0
2018-10-03,0,7.0,,0.07,0.0
2018-10-04,0,7.0,,0.07,0.0
2018-10-05,35,7.0,,0.07,2.45
2018-10-06,0,7.0,,0.07,0.0
2018-10-07,0,5.0,False,0.05,0.0
2018-10-08,0,5.0,,0.05,0.0
2018-10-09,0,5.0,,0.05,0.0
2018-10-10,0,5.0,,0.05,0.0
2018-10-11,0,5.0,,0.05,0.0
2018-10-12,0,5.0,,0.05,0.0
2018-10-13,39,5.0,,0.05,1.9500000000000002
2018-10-14,0,7.0,False,0.07,0.0
2018-10-15,34,7.0,,0.07,2.3800000000000003
2018-10-16,100,7.0,,0.07,7.000000000000001
2018-10-17,0,7.0,,0.07,0.0
2018-10-18,34,7.0,,0.07,2.3800000000000003
2018-10-19,0,7.0,,0.07,0.0
2018-10-20,0,7.0,,0.07,0.0
2018-10-21,0,0.0,False,0.0,0.0
2018-10-22,0,0.0,,0.0,0.0
2018-10-23,33,0.0,,0.0,0.0
2018-10-24,0,0.0,,0.0,0.0
2018-10-25,34,0.0,,0.0,0.0
2018-10-26,0,0.0,,0.0,0.0
2018-10-27,0,0.0,,0.0,0.0
2018-10-28,0,10.0,False,0.1,0.0
2018-10-29,0,10.0,,0.1,0.0
2018-10-30,0,10.0,,0.1,0.0
2018-10-31,0,10.0,,0.1,0.0
2018-11-01,64,10.0,,0.1,6.4
2018-11-02,0,10.0,,0.1,0.0
2018-11-03,0,10.0,,0.1,0.0
2018-11-04,33,12.0,False,0.12,3.96
2018-11-05,0,12.0,,0.12,0.0
2018-11-06,60,12.0,,0.12,7.199999999999999
2018-11-07,0,12.0,,0.12,0.0
2018-11-08,60,12.0,,0.12,7.199999999999999
2018-11-09,31,12.0,,0.12,3.7199999999999998
2018-11-10,35,12.0,,0.12,4.2
2018-11-11,33,15.0,False,0.15,4.95
2018-11-12,60,15.0,,0.15,9.0
2018-11-13,30,15.0,,0.15,4.5
2018-11-14,30,15.0,,0.15,4.5
2018-11-15,91,15.0,,0.15,13.65
2018-11-16,0,15.0,,0.15,0.0
2018-11-17,0,15.0,,0.15,0.0
2018-11-18,34,17.0,False,0.17,5.78
2018-11-19,0,17.0,,0.17,0.0
2018-11-20,0,17.0,,0.17,0.0
2018-11-21,30,17.0,,0.17,5.1000000000000005
2018-11-22,63,17.0,,0.17,10.71
2018-11-23,0,17.0,,0.17,0.0
2018-11-24,0,17.0,,0.17,0.0
2018-11-25,100,10.0,False,0.1,10.0
2018-11-26,59,10.0,,0.1,5.9
2018-11-27,0,10.0,,0.1,0.0
2018-11-28,30,10.0,,0.1,3.0
2018-11-29,61,10.0,,0.1,6.1000000000000005
2018-11-30,0,10.0,,0.1,0.0
2018-12-01,100,10.0,,0.1,10.0
2018-12-02,0,7.0,False,0.07,0.0
2018-12-03,43,7.0,,0.07,3.0100000000000002
2018-12-04,0,7.0,,0.07,0.0
2018-12-05,0,7.0,,0.07,0.0
2018-12-06,44,7.0,,0.07,3.08
2018-12-07,0,7.0,,0.07,0.0
2018-12-08,0,7.0,,0.07,0.0
2018-12-09,49,8.0,False,0.08,3.92
2018-12-10,44,8.0,,0.08,3.52
2018-12-11,43,8.0,,0.08,3.44
2018-12-12,45,8.0,,0.08,3.6
2018-12-13,91,8.0,,0.08,7.28
2018-12-14,0,8.0,,0.08,0.0
2018-12-15,0,8.0,,0.08,0.0
2018-12-16,51,8.0,False,0.08,4.08
2018-12-17,0,8.0,,0.08,0.0
2018-12-18,0,8.0,,0.08,0.0
2018-12-19,47,8.0,,0.08,3.7600000000000002
2018-12-20,0,8.0,,0.08,0.0
2018-12-21,49,8.0,,0.08,3.92
2018-12-22,0,8.0,,0.08,0.0
2018-12-23,54,14.0,False,0.14,7.5600000000000005
2018-12-24,53,14.0,,0.14,7.420000000000001
2018-12-25,0,14.0,,0.14,0.0
2018-12-26,0,14.0,,0.14,0.0
2018-12-27,95,14.0,,0.14,13.3
2018-12-28,48,14.0,,0.14,6.720000000000001
2018-12-29,0,14.0,,0.14,0.0
2018-12-30,0,5.0,False,0.05,0.0
2018-12-31,51,5.0,,0.05,2.5500000000000003
2019-01-01,0,5.0,,0.05,0.0
2019-01-02,0,5.0,,0.05,0.0
2019-01-03,46,5.0,,0.05,2.3000000000000003
2019-01-04,0,5.0,,0.05,0.0
2019-01-05,0,5.0,,0.05,0.0
2019-01-06,51,8.0,False,0.08,4.08
2019-01-07,0,8.0,,0.08,0.0
2019-01-08,0,8.0,,0.08,0.0
2019-01-09,0,8.0,,0.08,0.0
2019-01-10,0,8.0,,0.08,0.0
2019-01-11,0,8.0,,0.08,0.0
2019-01-12,0,8.0,,0.08,0.0
2019-01-13,100,2.0,False,0.02,2.0
2019-01-14,0,2.0,,0.02,0.0
2019-01-15,0,2.0,,0.02,0.0
2019-01-16,0,2.0,,0.02,0.0
2019-01-17,0,2.0,,0.02,0.0
2019-01-18,0,2.0,,0.02,0.0
2019-01-19,0,2.0,,0.02,0.0
2019-01-20,48,5.0,False,0.05,2.4000000000000004
2019-01-21,0,5.0,,0.05,0.0
2019-01-22,0,5.0,,0.05,0.0
2019-01-23,43,5.0,,0.05,2.15
2019-01-24,44,5.0,,0.05,2.2
2019-01-25,0,5.0,,0.05,0.0
2019-01-26,0,5.0,,0.05,0.0
2019-01-27,0,2.0,False,0.02,0.0
2019-01-28,0,2.0,,0.02,0.0
2019-01-29,0,2.0,,0.02,0.0
2019-01-30,0,2.0,,0.02,0.0
2019-01-31,0,2.0,,0.02,0.0
2019-02-01,53,2.0,,0.02,1.06
2019-02-02,0,2.0,,0.02,0.0
2019-02-03,57,7.0,False,0.07,3.99
2019-02-04,0,7.0,,0.07,0.0
2019-02-05,51,7.0,,0.07,3.5700000000000003
2019-02-06,0,7.0,,0.07,0.0
2019-02-07,50,7.0,,0.07,3.5000000000000004
2019-02-08,53,7.0,,0.07,3.7100000000000004
2019-02-09,58,7.0,,0.07,4.0600000000000005
2019-02-10,57,5.0,False,0.05,2.85
2019-02-11,50,5.0,,0.05,2.5
2019-02-12,0,5.0,,0.05,0.0
2019-02-13,0,5.0,,0.05,0.0
2019-02-14,51,5.0,,0.05,2.5500000000000003
2019-02-15,0,5.0,,0.05,0.0
2019-02-16,0,5.0,,0.05,0.0
2019-02-17,0,15.0,False,0.15,0.0
2019-02-18,0,15.0,,0.15,0.0
2019-02-19,100,15.0,,0.15,15.0
2019-02-20,50,15.0,,0.15,7.5
2019-02-21,51,15.0,,0.15,7.6499999999999995
2019-02-22,0,15.0,,0.15,0.0
2019-02-23,58,15.0,,0.15,8.7
2019-02-24,57,10.0,False,0.1,5.7
2019-02-25,0,10.0,,0.1,0.0
2019-02-26,51,10.0,,0.1,5.1000000000000005
2019-02-27,0,10.0,,0.1,0.0
2019-02-28,0,10.0,,0.1,0.0
2019-03-01,0,10.0,,0.1,0.0
2019-03-02,0,10.0,,0.1,0.0
2019-03-03,0,3.0,False,0.03,0.0
2019-03-04,0,3.0,,0.03,0.0
2019-03-05,50,3.0,,0.03,1.5
2019-03-06,0,3.0,,0.03,0.0
2019-03-07,50,3.0,,0.03,1.5
2019-03-08,52,3.0,,0.03,1.56
2019-03-09,0,3.0,,0.03,0.0
2019-03-10,0,10.0,False,0.1,0.0
2019-03-11,49,10.0,,0.1,4.9
2019-03-12,0,10.0,,0.1,0.0
2019-03-13,49,10.0,,0.1,4.9
2019-03-14,0,10.0,,0.1,0.0
2019-03-15,0,10.0,,0.1,0.0
2019-03-16,57,10.0,,0.1,5.7
2019-03-17,0,10.0,False,0.1,0.0
2019-03-18,0,10.0,,0.1,0.0
2019-03-19,47,10.0,,0.1,4.7
2019-03-20,0,10.0,,0.1,0.0
2019-03-21,0,10.0,,0.1,0.0
2019-03-22,0,10.0,,0.1,0.0
2019-03-23,57,10.0,,0.1,5.7
2019-03-24,0,3.0,False,0.03,0.0
2019-03-25,100,3.0,,0.03,3.0
2019-03-26,0,3.0,,0.03,0.0
2019-03-27,50,3.0,,0.03,1.5
2019-03-28,51,3.0,,0.03,1.53
2019-03-29,53,3.0,,0.03,1.5899999999999999
2019-03-30,0,3.0,,0.03,0.0
2019-03-31,0,10.0,False,0.1,0.0
2019-04-01,48,10.0,,0.1,4.800000000000001
2019-04-02,0,10.0,,0.1,0.0
2019-04-03,0,10.0,,0.1,0.0
2019-04-04,0,10.0,,0.1,0.0
2019-04-05,0,10.0,,0.1,0.0
2019-04-06,54,10.0,,0.1,5.4
2019-04-07,55,12.0,False,0.12,6.6
2019-04-08,0,12.0,,0.12,0.0
2019-04-09,95,12.0,,0.12,11.4
2019-04-10,0,12.0,,0.12,0.0
2019-04-11,0,12.0,,0.12,0.0
2019-04-12,51,12.0,,0.12,6.12
2019-04-13,0,12.0,,0.12,0.0
2019-04-14,0,5.0,False,0.05,0.0
2019-04-15,0,5.0,,0.05,0.0
2019-04-16,49,5.0,,0.05,2.45
2019-04-17,0,5.0,,0.05,0.0
2019-04-18,51,5.0,,0.05,2.5500000000000003
2019-04-19,0,5.0,,0.05,0.0
2019-04-20,0,5.0,,0.05,0.0
2019-04-21,0,5.0,False,0.05,0.0
2019-04-22,0,5.0,,0.05,0.0
2019-04-23,48,5.0,,0.05,2.4000000000000004
2019-04-24,48,5.0,,0.05,2.4000000000000004
2019-04-25,0,5.0,,0.05,0.0
2019-04-26,100,5.0,,0.05,5.0
2019-04-27,0,5.0,,0.05,0.0
2019-04-28,54,5.0,False,0.05,2.7
2019-04-29,0,5.0,,0.05,0.0
2019-04-30,48,5.0,,0.05,2.4000000000000004
2019-05-01,0,5.0,,0.05,0.0
2019-05-02,29,5.0,,0.05,1.4500000000000002
2019-05-03,0,5.0,,0.05,0.0
2019-05-04,33,5.0,,0.05,1.6500000000000001
2019-05-05,32,15.0,False,0.15,4.8
2019-05-06,87,15.0,,0.15,13.049999999999999
2019-05-07,0,15.0,,0.15,0.0
2019-05-08,29,15.0,,0.15,4.35
2019-05-09,0,15.0,,0.15,0.0
2019-05-10,31,15.0,,0.15,4.6499999999999995
2019-05-11,34,15.0,,0.15,5.1
2019-05-12,100,29.0,False,0.29,28.999999999999996
2019-05-13,88,29.0,,0.29,25.52
2019-05-14,0,29.0,,0.29,0.0
2019-05-15,29,29.0,,0.29,8.41
2019-05-16,29,29.0,,0.29,8.41
2019-05-17,0,29.0,,0.29,0.0
2019-05-18,0,29.0,,0.29,0.0
2019-05-19,33,17.0,False,0.17,5.61
2019-05-20,29,17.0,,0.17,4.930000000000001
2019-05-21,28,17.0,,0.17,4.760000000000001
2019-05-22,28,17.0,,0.17,4.760000000000001
2019-05-23,84,17.0,,0.17,14.280000000000001
2019-05-24,30,17.0,,0.17,5.1000000000000005
2019-05-25,34,17.0,,0.17,5.78
2019-05-26,0,27.0,False,0.27,0.0
2019-05-27,29,27.0,,0.27,7.83
2019-05-28,0,27.0,,0.27,0.0
2019-05-29,28,27.0,,0.27,7.5600000000000005
2019-05-30,58,27.0,,0.27,15.66
2019-05-31,30,27.0,,0.27,8.100000000000001
2019-06-01,0,27.0,,0.27,0.0
2019-06-02,0,12.0,False,0.12,0.0
2019-06-03,20,12.0,,0.12,2.4
2019-06-04,0,12.0,,0.12,0.0
2019-06-05,20,12.0,,0.12,2.4
2019-06-06,0,12.0,,0.12,0.0
2019-06-07,0,12.0,,0.12,0.0
2019-06-08,23,12.0,,0.12,2.76
2019-06-09,23,5.0,False,0.05,1.1500000000000001
2019-06-10,20,5.0,,0.05,1.0
2019-06-11,0,5.0,,0.05,0.0
2019-06-12,0,5.0,,0.05,0.0
2019-06-13,0,5.0,,0.05,0.0
2019-06-14,21,5.0,,0.05,1.05
2019-06-15,23,5.0,,0.05,1.1500000000000001
2019-06-16,0,5.0,False,0.05,0.0
2019-06-17,20,5.0,,0.05,1.0
2019-06-18,0,5.0,,0.05,0.0
2019-06-19,0,5.0,,0.05,0.0
2019-06-20,0,5.0,,0.05,0.0
2019-06-21,0,5.0,,0.05,0.0
2019-06-22,0,5.0,,0.05,0.0
2019-06-23,0,27.0,False,0.27,0.0
2019-06-24,0,27.0,,0.27,0.0
2019-06-25,20,27.0,,0.27,5.4
2019-06-26,100,27.0,,0.27,27.0
2019-06-27,40,27.0,,0.27,10.8
2019-06-28,0,27.0,,0.27,0.0
2019-06-29,23,27.0,,0.27,6.210000000000001
2019-06-30,0,20.0,False,0.2,0.0
2019-07-01,25,20.0,,0.2,5.0
2019-07-02,24,20.0,,0.2,4.800000000000001
2019-07-03,51,20.0,,0.2,10.200000000000001
2019-07-04,0,20.0,,0.2,0.0
2019-07-05,27,20.0,,0.2,5.4
2019-07-06,0,20.0,,0.2,0.0
2019-07-07,56,19.0,False,0.19,10.64
2019-07-08,50,19.0,,0.19,9.5
2019-07-09,25,19.0,,0.19,4.75
2019-07-10,74,19.0,,0.19,14.06
2019-07-11,0,19.0,,0.19,0.0
2019-07-12,0,19.0,,0.19,0.0
2019-07-13,0,19.0,,0.19,0.0
2019-07-14,0,15.0,False,0.15,0.0
2019-07-15,100,15.0,,0.15,15.0
2019-07-16,0,15.0,,0.15,0.0
2019-07-17,25,15.0,,0.15,3.75
2019-07-18,53,15.0,,0.15,7.949999999999999
2019-07-19,0,15.0,,0.15,0.0
2019-07-20,30,15.0,,0.15,4.5
2019-07-21,30,13.0,False,0.13,3.9000000000000004
2019-07-22,0,13.0,,0.13,0.0
2019-07-23,0,13.0,,0.13,0.0
2019-07-24,26,13.0,,0.13,3.38
2019-07-25,0,13.0,,0.13,0.0
2019-07-26,0,13.0,,0.13,0.0
2019-07-27,29,13.0,,0.13,3.77
2019-07-28,0,13.0,False,0.13,0.0
2019-07-29,26,13.0,,0.13,3.38
2019-07-30,0,13.0,,0.13,0.0
2019-07-31,0,13.0,,0.13,0.0
2019-08-01,0,13.0,,0.13,0.0
2019-08-02,51,13.0,,0.13,6.63
2019-08-03,0,13.0,,0.13,0.0
2019-08-04,55,10.0,False,0.1,5.5
2019-08-05,98,10.0,,0.1,9.8
2019-08-06,0,10.0,,0.1,0.0
2019-08-07,0,10.0,,0.1,0.0
2019-08-08,0,10.0,,0.1,0.0
2019-08-09,100,10.0,,0.1,10.0
2019-08-10,0,10.0,,0.1,0.0
2019-08-11,0,7.0,False,0.07,0.0
2019-08-12,0,7.0,,0.07,0.0
2019-08-13,47,7.0,,0.07,3.2900000000000005
2019-08-14,46,7.0,,0.07,3.22
2019-08-15,49,7.0,,0.07,3.43
2019-08-16,49,7.0,,0.07,3.43
2019-08-17,0,7.0,,0.07,0.0
2019-08-18,54,2.0,False,0.02,1.08
2019-08-19,0,2.0,,0.02,0.0
2019-08-20,0,2.0,,0.02,0.0
2019-08-21,0,2.0,,0.02,0.0
2019-08-22,0,2.0,,0.02,0.0
2019-08-23,0,2.0,,0.02,0.0
2019-08-24,0,2.0,,0.02,0.0
2019-08-25,55,7.0,False,0.07,3.8500000000000005
2019-08-26,47,7.0,,0.07,3.2900000000000005
2019-08-27,46,7.0,,0.07,3.22
2019-08-28,0,7.0,,0.07,0.0
2019-08-29,46,7.0,,0.07,3.22
2019-08-30,0,7.0,,0.07,0.0
2019-08-31,0,7.0,,0.07,0.0
2019-09-01,50,16.0,False,0.16,8.0
2019-09-02,46,16.0,,0.16,7.36
2019-09-03,43,16.0,,0.16,6.88
2019-09-04,0,16.0,,0.16,0.0
2019-09-05,88,16.0,,0.16,14.08
2019-09-06,45,16.0,,0.16,7.2
2019-09-07,51,16.0,,0.16,8.16
2019-09-08,100,5.0,False,0.05,5.0
2019-09-09,44,5.0,,0.05,2.2
2019-09-10,0,5.0,,0.05,0.0
2019-09-11,0,5.0,,0.05,0.0
2019-09-12,0,5.0,,0.05,0.0
2019-09-13,46,5.0,,0.05,2.3000000000000003
2019-09-14,50,5.0,,0.05,2.5
2019-09-15,0,7.0,False,0.07,0.0
2019-09-16,0,7.0,,0.07,0.0
2019-09-17,43,7.0,,0.07,3.0100000000000002
2019-09-18,43,7.0,,0.07,3.0100000000000002
2019-09-19,0,7.0,,0.07,0.0
2019-09-20,46,7.0,,0.07,3.22
2019-09-21,0,7.0,,0.07,0.0
2019-09-22,0,16.0,False,0.16,0.0
2019-09-23,42,16.0,,0.16,6.72
2019-09-24,0,16.0,,0.16,0.0
2019-09-25,43,16.0,,0.16,6.88
2019-09-26,87,16.0,,0.16,13.92
2019-09-27,0,16.0,,0.16,0.0
2019-09-28,0,16.0,,0.16,0.0
2019-09-29,0,14.0,False,0.14,0.0
2019-09-30,87,14.0,,0.14,12.180000000000001
2019-10-01,90,14.0,,0.14,12.600000000000001
2019-10-02,45,14.0,,0.14,6.300000000000001
2019-10-03,90,14.0,,0.14,12.600000000000001
2019-10-04,47,14.0,,0.14,6.580000000000001
2019-10-05,0,14.0,,0.14,0.0
2019-10-06,0,9.0,False,0.09,0.0
2019-10-07,0,9.0,,0.09,0.0
2019-10-08,0,9.0,,0.09,0.0
2019-10-09,0,9.0,,0.09,0.0
2019-10-10,45,9.0,,0.09,4.05
2019-10-11,0,9.0,,0.09,0.0
2019-10-12,0,9.0,,0.09,0.0
2019-10-13,51,12.0,False,0.12,6.12
2019-10-14,45,12.0,,0.12,5.3999999999999995
2019-10-15,89,12.0,,0.12,10.68
2019-10-16,0,12.0,,0.12,0.0
2019-10-17,45,12.0,,0.12,5.3999999999999995
2019-10-18,0,12.0,,0.12,0.0
2019-10-19,0,12.0,,0.12,0.0
2019-10-20,0,9.0,False,0.09,0.0
2019-10-21,44,9.0,,0.09,3.96
2019-10-22,86,9.0,,0.09,7.739999999999999
2019-10-23,0,9.0,,0.09,0.0
2019-10-24,0,9.0,,0.09,0.0
2019-10-25,0,9.0,,0.09,0.0
2019-10-26,0,9.0,,0.09,0.0
2019-10-27,100,9.0,False,0.09,9.0
2019-10-28,0,9.0,,0.09,0.0
2019-10-29,0,9.0,,0.09,0.0
2019-10-30,45,9.0,,0.09,4.05
2019-10-31,0,9.0,,0.09,0.0
2019-11-01,0,9.0,,0.09,0.0
2019-11-02,50,9.0,,0.09,4.5
2019-11-03,50,20.0,False,0.2,10.0
2019-11-04,91,20.0,,0.2,18.2
2019-11-05,45,20.0,,0.2,9.0
2019-11-06,0,20.0,,0.2,0.0
2019-11-07,44,20.0,,0.2,8.8
2019-11-08,0,20.0,,0.2,0.0
2019-11-09,0,20.0,,0.2,0.0
2019-11-10,49,7.0,False,0.07,3.43
2019-11-11,0,7.0,,0.07,0.0
2019-11-12,0,7.0,,0.07,0.0
2019-11-13,0,7.0,,0.07,0.0
2019-11-14,0,7.0,,0.07,0.0
2019-11-15,0,7.0,,0.07,0.0
2019-11-16,0,7.0,,0.07,0.0
2019-11-17,0,7.0,False,0.07,0.0
2019-11-18,90,7.0,,0.07,6.300000000000001
2019-11-19,45,7.0,,0.07,3.1500000000000004
2019-11-20,0,7.0,,0.07,0.0
2019-11-21,46,7.0,,0.07,3.22
2019-11-22,0,7.0,,0.07,0.0
2019-11-23,0,7.0,,0.07,0.0
2019-11-24,0,7.0,False,0.07,0.0
2019-11-25,44,7.0,,0.07,3.08
2019-11-26,45,7.0,,0.07,3.1500000000000004
2019-11-27,45,7.0,,0.07,3.1500000000000004
2019-11-28,0,7.0,,0.07,0.0
2019-11-29,0,7.0,,0.07,0.0
2019-11-30,100,7.0,,0.07,7.000000000000001
2019-12-01,0,7.0,False,0.07,0.0
2019-12-02,0,7.0,,0.07,0.0
2019-12-03,43,7.0,,0.07,3.0100000000000002
2019-12-04,0,7.0,,0.07,0.0
2019-12-05,0,7.0,,0.07,0.0
2019-12-06,45,7.0,,0.07,3.1500000000000004
2019-12-07,51,7.0,,0.07,3.5700000000000003
2019-12-08,0,0.0,False,0.0,0.0
2019-12-09,0,0.0,,0.0,0.0
2019-12-10,0,0.0,,0.0,0.0
2019-12-11,0,0.0,,0.0,0.0
2019-12-12,44,0.0,,0.0,0.0
2019-12-13,0,0.0,,0.0,0.0
2019-12-14,49,0.0,,0.0,0.0
2019-12-15,0,14.0,False,0.14,0.0
2019-12-16,0,14.0,,0.14,0.0
2019-12-17,44,14.0,,0.14,6.16
2019-12-18,0,14.0,,0.14,0.0
2019-12-19,0,14.0,,0.14,0.0
2019-12-20,94,14.0,,0.14,13.160000000000002
2019-12-21,100,14.0,,0.14,14.000000000000002
2019-12-22,50,10.0,False,0.1,5.0
2019-12-23,46,10.0,,0.1,4.6000000000000005
2019-12-24,0,10.0,,0.1,0.0
2019-12-25,0,10.0,,0.1,0.0
2019-12-26,0,10.0,,0.1,0.0
2019-12-27,0,10.0,,0.1,0.0
2019-12-28,0,10.0,,0.1,0.0
2019-12-29,0,14.0,False,0.14,0.0
2019-12-30,46,14.0,,0.14,6.44
2019-12-31,50,14.0,,0.14,7.000000000000001
2020-01-01,34,14.0,,0.14,4.760000000000001
2020-01-02,58,14.0,,0.14,8.120000000000001
2020-01-03,56,14.0,,0.14,7.840000000000001
2020-01-04,0,14.0,,0.14,0.0
2020-01-05,62,13.0,False,0.13,8.06
2020-01-06,28,13.0,,0.13,3.64
2020-01-07,27,13.0,,0.13,3.5100000000000002
2020-01-08,0,13.0,,0.13,0.0
2020-01-09,27,13.0,,0.13,3.5100000000000002
2020-01-10,28,13.0,,0.13,3.64
2020-01-11,61,13.0,,0.13,7.930000000000001
2020-01-12,0,9.0,False,0.09,0.0
2020-01-13,100,9.0,,0.09,9.0
2020-01-14,0,9.0,,0.09,0.0
2020-01-15,26,9.0,,0.09,2.34
2020-01-16,55,9.0,,0.09,4.95
2020-01-17,28,9.0,,0.09,2.52
2020-01-18,0,9.0,,0.09,0.0
2020-01-19,0,9.0,False,0.09,0.0
2020-01-20,0,9.0,,0.09,0.0
2020-01-21,27,9.0,,0.09,2.4299999999999997
2020-01-22,0,9.0,,0.09,0.0
2020-01-23,0,9.0,,0.09,0.0
2020-01-24,56,9.0,,0.09,5.04
2020-01-25,0,9.0,,0.09,0.0
2020-01-26,0,11.0,False,0.11,0.0
2020-01-27,26,11.0,,0.11,2.86
2020-01-28,27,11.0,,0.11,2.97
2020-01-29,54,11.0,,0.11,5.94
2020-01-30,0,11.0,,0.11,0.0
2020-01-31,0,11.0,,0.11,0.0
2020-02-01,58,11.0,,0.11,6.38
2020-02-02,0,9.0,False,0.09,0.0
2020-02-03,0,9.0,,0.09,0.0
2020-02-04,51,9.0,,0.09,4.59
2020-02-05,0,9.0,,0.09,0.0
2020-02-06,0,9.0,,0.09,0.0
2020-02-07,0,9.0,,0.09,0.0
2020-02-08,57,9.0,,0.09,5.13
2020-02-09,28,22.0,False,0.22,6.16
2020-02-10,0,22.0,,0.22,0.0
2020-02-11,0,22.0,,0.22,0.0
2020-02-12,100,22.0,,0.22,22.0
2020-02-13,26,22.0,,0.22,5.72
2020-02-14,53,22.0,,0.22,11.66
2020-02-15,0,22.0,,0.22,0.0
2020-02-16,28,11.0,False,0.11,3.08
2020-02-17,0,11.0,,0.11,0.0
2020-02-18,0,11.0,,0.11,0.0
2020-02-19,50,11.0,,0.11,5.5
2020-02-20,25,11.0,,0.11,2.75
2020-02-21,26,11.0,,0.11,2.86
2020-02-22,0,11.0,,0.11,0.0
2020-02-23,28,6.0,False,0.06,1.68
2020-02-24,25,6.0,,0.06,1.5
2020-02-25,0,6.0,,0.06,0.0
2020-02-26,24,6.0,,0.06,1.44
2020-02-27,48,6.0,,0.06,2.88
2020-02-28,0,6.0,,0.06,0.0
2020-02-29,28,6.0,,0.06,1.68
2020-03-01,0,14.0,False,0.14,0.0
2020-03-02,0,14.0,,0.14,0.0
2020-03-03,45,14.0,,0.14,6.300000000000001
2020-03-04,88,14.0,,0.14,12.32
2020-03-05,91,14.0,,0.14,12.740000000000002
2020-03-06,0,14.0,,0.14,0.0
2020-03-07,52,14.0,,0.14,7.280000000000001
2020-03-08,50,8.0,False,0.08,4.0
2020-03-09,45,8.0,,0.08,3.6
2020-03-10,44,8.0,,0.08,3.52
2020-03-11,44,8.0,,0.08,3.52
2020-03-12,44,8.0,,0.08,3.52
2020-03-13,91,8.0,,0.08,7.28
2020-03-14,100,8.0,,0.08,8.0
2020-03-15,50,12.0,False,0.12,6.0
2020-03-16,44,12.0,,0.12,5.279999999999999
2020-03-17,87,12.0,,0.12,10.44
2020-03-18,44,12.0,,0.12,5.279999999999999
2020-03-19,89,12.0,,0.12,10.68
2020-03-20,0,12.0,,0.12,0.0
2020-03-21,98,12.0,,0.12,11.76
2020-03-22,49,14.0,False,0.14,6.86
2020-03-23,0,14.0,,0.14,0.0
2020-03-24,43,14.0,,0.14,6.0200000000000005
2020-03-25,44,14.0,,0.14,6.16
2020-03-26,0,14.0,,0.14,0.0
2020-03-27,43,14.0,,0.14,6.0200000000000005
2020-03-28,48,14.0,,0.14,6.720000000000001
2020-03-29,95,10.0,False,0.1,9.5
2020-03-30,42,10.0,,0.1,4.2
2020-03-31,41,10.0,,0.1,4.1000000000000005
2020-04-01,68,10.0,,0.1,6.800000000000001
2020-04-02,34,10.0,,0.1,3.4000000000000004
2020-04-03,0,10.0,,0.1,0.0
2020-04-04,76,10.0,,0.1,7.6000000000000005
2020-04-05,38,12.0,False,0.12,4.56
2020-04-06,33,12.0,,0.12,3.96
2020-04-07,34,12.0,,0.12,4.08
2020-04-08,35,12.0,,0.12,4.2
2020-04-09,0,12.0,,0.12,0.0
2020-04-10,0,12.0,,0.12,0.0
2020-04-11,0,12.0,,0.12,0.0
2020-04-12,0,16.0,False,0.16,0.0
2020-04-13,0,16.0,,0.16,0.0
2020-04-14,68,16.0,,0.16,10.88
2020-04-15,34,16.0,,0.16,5.44
2020-04-16,0,16.0,,0.16,0.0
2020-04-17,35,16.0,,0.16,5.6000000000000005
2020-04-18,0,16.0,,0.16,0.0
2020-04-19,0,16.0,False,0.16,0.0
2020-04-20,100,16.0,,0.16,16.0
2020-04-21,0,16.0,,0.16,0.0
2020-04-22,34,16.0,,0.16,5.44
2020-04-23,0,16.0,,0.16,0.0
2020-04-24,0,16.0,,0.16,0.0
2020-04-25,0,16.0,,0.16,0.0
2020-04-26,0,12.0,False,0.12,0.0
2020-04-27,0,12.0,,0.12,0.0
2020-04-28,99,12.0,,0.12,11.879999999999999
2020-04-29,33,12.0,,0.12,3.96
2020-04-30,32,12.0,,0.12,3.84
2020-05-01,42,12.0,,0.12,5.04
2020-05-02,22,12.0,,0.12,2.6399999999999997
2020-05-03,91,24.0,False,0.24,21.84
2020-05-04,19,24.0,,0.24,4.56
2020-05-05,55,24.0,,0.24,13.2
2020-05-06,19,24.0,,0.24,4.56
2020-05-07,100,24.0,,0.24,24.0
2020-05-08,0,24.0,,0.24,0.0
2020-05-09,22,24.0,,0.24,5.279999999999999
2020-05-10,45,14.0,False,0.14,6.300000000000001
2020-05-11,20,14.0,,0.14,2.8000000000000003
2020-05-12,39,14.0,,0.14,5.460000000000001
2020-05-13,20,14.0,,0.14,2.8000000000000003
2020-05-14,0,14.0,,0.14,0.0
2020-05-15,20,14.0,,0.14,2.8000000000000003
2020-05-16,23,14.0,,0.14,3.22
2020-05-17,0,8.0,False,0.08,0.0
2020-05-18,78,8.0,,0.08,6.24
2020-05-19,39,8.0,,0.08,3.12
2020-05-20,0,8.0,,0.08,0.0
2020-05-21,0,8.0,,0.08,0.0
2020-05-22,0,8.0,,0.08,0.0
2020-05-23,0,8.0,,0.08,0.0
2020-05-24,23,8.0,False,0.08,1.84
2020-05-25,42,8.0,,0.08,3.36
2020-05-26,0,8.0,,0.08,0.0
2020-05-27,0,8.0,,0.08,0.0
2020-05-28,20,8.0,,0.08,1.6
2020-05-29,0,8.0,,0.08,0.0
2020-05-30,0,8.0,,0.08,0.0
2020-05-31,23,12.0,False,0.12,2.76
2020-06-01,0,12.0,,0.12,0.0
2020-06-02,0,12.0,,0.12,0.0
2020-06-03,28,12.0,,0.12,3.36
2020-06-04,28,12.0,,0.12,3.36
2020-06-05,29,12.0,,0.12,3.48
2020-06-06,100,12.0,,0.12,12.0
2020-06-07,33,14.0,False,0.14,4.62
2020-06-08,28,14.0,,0.14,3.9200000000000004
2020-06-09,28,14.0,,0.14,3.9200000000000004
2020-06-10,29,14.0,,0.14,4.0600000000000005
2020-06-11,0,14.0,,0.14,0.0
2020-06-12,0,14.0,,0.14,0.0
2020-06-13,35,14.0,,0.14,4.9
2020-06-14,34,8.0,False,0.08,2.72
2020-06-15,30,8.0,,0.08,2.4
2020-06-16,59,8.0,,0.08,4.72
2020-06-17,0,8.0,,0.08,0.0
2020-06-18,30,8.0,,0.08,2.4
2020-06-19,0,8.0,,0.08,0.0
2020-06-20,0,8.0,,0.08,0.0
2020-06-21,34,13.0,False,0.13,4.42
2020-06-22,31,13.0,,0.13,4.03
2020-06-23,30,13.0,,0.13,3.9000000000000004
2020-06-24,31,13.0,,0.13,4.03
2020-06-25,92,13.0,,0.13,11.96
2020-06-26,32,13.0,,0.13,4.16
2020-06-27,35,13.0,,0.13,4.55
2020-06-28,0,4.0,False,0.04,0.0
2020-06-29,31,4.0,,0.04,1.24
2020-06-30,31,4.0,,0.04,1.24
2020-07-01,0,4.0,,0.04,0.0
2020-07-02,29,4.0,,0.04,1.16
2020-07-03,0,4.0,,0.04,0.0
2020-07-04,100,4.0,,0.04,4.0
2020-07-05,0,19.0,False,0.19,0.0
2020-07-06,0,19.0,,0.19,0.0
2020-07-07,29,19.0,,0.19,5.51
2020-07-08,30,19.0,,0.19,5.7
2020-07-09,30,19.0,,0.19,5.7
2020-07-10,0,19.0,,0.19,0.0
2020-07-11,34,19.0,,0.19,6.46
2020-07-12,0,20.0,False,0.2,0.0
2020-07-13,60,20.0,,0.2,12.0
2020-07-14,0,20.0,,0.2,0.0
2020-07-15,30,20.0,,0.2,6.0
2020-07-16,91,20.0,,0.2,18.2
2020-07-17,31,20.0,,0.2,6.2
2020-07-18,35,20.0,,0.2,7.0
2020-07-19,0,9.0,False,0.09,0.0
2020-07-20,0,9.0,,0.09,0.0
2020-07-21,30,9.0,,0.09,2.6999999999999997
2020-07-22,60,9.0,,0.09,5.3999999999999995
2020-07-23,30,9.0,,0.09,2.6999999999999997
2020-07-24,0,9.0,,0.09,0.0
2020-07-25,34,9.0,,0.09,3.06
2020-07-26,0,15.0,False,0.15,0.0
2020-07-27,0,15.0,,0.15,0.0
2020-07-28,0,15.0,,0.15,0.0
2020-07-29,61,15.0,,0.15,9.15
2020-07-30,30,15.0,,0.15,4.5
2020-07-31,32,15.0,,0.15,4.8
2020-08-01,69,15.0,,0.15,10.35
2020-08-02,0,15.0,False,0.15,0.0
2020-08-03,60,15.0,,0.15,9.0
2020-08-04,29,15.0,,0.15,4.35
2020-08-05,59,15.0,,0.15,8.85
2020-08-06,0,15.0,,0.15,0.0
2020-08-07,30,15.0,,0.15,4.5
2020-08-08,33,15.0,,0.15,4.95
2020-08-09,34,11.0,False,0.11,3.74
2020-08-10,0,11.0,,0.11,0.0
2020-08-11,58,11.0,,0.11,6.38
2020-08-12,0,11.0,,0.11,0.0
2020-08-13,0,11.0,,0.11,0.0
2020-08-14,30,11.0,,0.11,3.3
2020-08-15,34,11.0,,0.11,3.74
2020-08-16,67,15.0,False,0.15,10.049999999999999
2020-08-17,0,15.0,,0.15,0.0
2020-08-18,29,15.0,,0.15,4.35
2020-08-19,58,15.0,,0.15,8.7
2020-08-20,60,15.0,,0.15,9.0
2020-08-21,61,15.0,,0.15,9.15
2020-08-22,0,15.0,,0.15,0.0
2020-08-23,0,6.0,False,0.06,0.0
2020-08-24,29,6.0,,0.06,1.74
2020-08-25,58,6.0,,0.06,3.48
2020-08-26,59,6.0,,0.06,3.54
2020-08-27,29,6.0,,0.06,1.74
2020-08-28,0,6.0,,0.06,0.0
2020-08-29,100,6.0,,0.06,6.0
2020-08-30,67,15.0,False,0.15,10.049999999999999
2020-08-31,29,15.0,,0.15,4.35
2020-09-01,29,15.0,,0.15,4.35
2020-09-02,29,15.0,,0.15,4.35
2020-09-03,59,15.0,,0.15,8.85
2020-09-04,30,15.0,,0.15,4.5
2020-09-05,34,15.0,,0.15,5.1
2020-09-06,0,12.0,False,0.12,0.0
2020-09-07,30,12.0,,0.12,3.5999999999999996
2020-09-08,0,12.0,,0.12,0.0
2020-09-09,29,12.0,,0.12,3.48
2020-09-10,0,12.0,,0.12,0.0
2020-09-11,0,12.0,,0.12,0.0
2020-09-12,0,12.0,,0.12,0.0
2020-09-13,0,10.0,False,0.1,0.0
2020-09-14,0,10.0,,0.1,0.0
2020-09-15,29,10.0,,0.1,2.9000000000000004
2020-09-16,29,10.0,,0.1,2.9000000000000004
2020-09-17,0,10.0,,0.1,0.0
2020-09-18,0,10.0,,0.1,0.0
2020-09-19,0,10.0,,0.1,0.0
2020-09-20,100,8.0,False,0.08,8.0
2020-09-21,0,8.0,,0.08,0.0
2020-09-22,29,8.0,,0.08,2.32
2020-09-23,57,8.0,,0.08,4.5600000000000005
2020-09-24,29,8.0,,0.08,2.32
2020-09-25,31,8.0,,0.08,2.48
2020-09-26,34,8.0,,0.08,2.72
2020-09-27,68,13.0,False,0.13,8.84
2020-09-28,30,13.0,,0.13,3.9000000000000004
2020-09-29,30,13.0,,0.13,3.9000000000000004
2020-09-30,0,13.0,,0.13,0.0
2020-10-01,46,13.0,,0.13,5.98
2020-10-02,0,13.0,,0.13,0.0
2020-10-03,0,13.0,,0.13,0.0
2020-10-04,0,11.0,False,0.11,0.0
2020-10-05,0,11.0,,0.11,0.0
2020-10-06,46,11.0,,0.11,5.06
2020-10-07,0,11.0,,0.11,0.0
2020-10-08,0,11.0,,0.11,0.0
2020-10-09,50,11.0,,0.11,5.5
2020-10-10,0,11.0,,0.11,0.0
2020-10-11,0,11.0,False,0.11,0.0
2020-10-12,0,11.0,,0.11,0.0
2020-10-13,0,11.0,,0.11,0.0
2020-10-14,0,11.0,,0.11,0.0
2020-10-15,0,11.0,,0.11,0.0
2020-10-16,0,11.0,,0.11,0.0
2020-10-17,55,11.0,,0.11,6.05
2020-10-18,55,16.0,False,0.16,8.8
2020-10-19,49,16.0,,0.16,7.84
2020-10-20,49,16.0,,0.16,7.84
2020-10-21,96,16.0,,0.16,15.36
2020-10-22,100,16.0,,0.16,16.0
2020-10-23,0,16.0,,0.16,0.0
2020-10-24,54,16.0,,0.16,8.64
2020-10-25,54,11.0,False,0.11,5.94
2020-10-26,49,11.0,,0.11,5.39
2020-10-27,97,11.0,,0.11,10.67
2020-10-28,49,11.0,,0.11,5.39
2020-10-29,49,11.0,,0.11,5.39
2020-10-30,51,11.0,,0.11,5.61
2020-10-31,0,11.0,,0.11,0.0
2020-11-01,25,10.0,False,0.1,2.5
2020-11-02,23,10.0,,0.1,2.3000000000000003
2020-11-03,44,10.0,,0.1,4.4
2020-11-04,18,10.0,,0.1,1.8
2020-11-05,0,10.0,,0.1,0.0
2020-11-06,42,10.0,,0.1,4.2
2020-11-07,47,10.0,,0.1,4.7
2020-11-08,0,15.0,False,0.15,0.0
2020-11-09,0,15.0,,0.15,0.0
2020-11-10,0,15.0,,0.15,0.0
2020-11-11,66,15.0,,0.15,9.9
2020-11-12,23,15.0,,0.15,3.4499999999999997
2020-11-13,0,15.0,,0.15,0.0
2020-11-14,77,15.0,,0.15,11.549999999999999
2020-11-15,25,26.0,False,0.26,6.5
2020-11-16,22,26.0,,0.26,5.720000000000001
2020-11-17,44,26.0,,0.26,11.440000000000001
2020-11-18,45,26.0,,0.26,11.700000000000001
2020-11-19,45,26.0,,0.26,11.700000000000001
2020-11-20,0,26.0,,0.26,0.0
2020-11-21,100,26.0,,0.26,26.0
2020-11-22,50,40.0,False,0.4,20.0
2020-11-23,23,40.0,,0.4,9.200000000000001
2020-11-24,0,40.0,,0.4,0.0
2020-11-25,90,40.0,,0.4,36.0
2020-11-26,23,40.0,,0.4,9.200000000000001
2020-11-27,68,40.0,,0.4,27.200000000000003
2020-11-28,25,40.0,,0.4,10.0
2020-11-29,0,24.0,False,0.24,0.0
2020-11-30,66,24.0,,0.24,15.84
2020-12-01,16,24.0,,0.24,3.84
2020-12-02,0,24.0,,0.24,0.0
2020-12-03,100,24.0,,0.24,24.0
2020-12-04,50,24.0,,0.24,12.0
2020-12-05,18,24.0,,0.24,4.32
2020-12-06,18,24.0,False,0.24,4.32
2020-12-07,0,24.0,,0.24,0.0
2020-12-08,16,24.0,,0.24,3.84
2020-12-09,16,24.0,,0.24,3.84
2020-12-10,33,24.0,,0.24,7.92
2020-12-11,17,24.0,,0.24,4.08
2020-12-12,0,24.0,,0.24,0.0
2020-12-13,0,22.0,False,0.22,0.0
2020-12-14,32,22.0,,0.22,7.04
2020-12-15,17,22.0,,0.22,3.74
2020-12-16,34,22.0,,0.22,7.48
2020-12-17,83,22.0,,0.22,18.26
2020-12-18,70,22.0,,0.22,15.4
2020-12-19,0,22.0,,0.22,0.0
2020-12-20,38,43.0,False,0.43,16.34
2020-12-21,69,43.0,,0.43,29.669999999999998
2020-12-22,52,43.0,,0.43,22.36
2020-12-23,18,43.0,,0.43,7.74
2020-12-24,96,43.0,,0.43,41.28
2020-12-25,21,43.0,,0.43,9.03
2020-12-26,57,43.0,,0.43,24.509999999999998
2020-12-27,36,47.0,False,0.47,16.919999999999998
2020-12-28,69,47.0,,0.47,32.43
2020-12-29,18,47.0,,0.47,8.459999999999999
2020-12-30,36,47.0,,0.47,16.919999999999998
2020-12-31,57,47.0,,0.47,26.79
2021-01-01,20,47.0,,0.47,9.399999999999999
2021-01-02,92,47.0,,0.47,43.239999999999995
2021-01-03,18,61.0,False,0.61,10.98
2021-01-04,66,61.0,,0.61,40.26
2021-01-05,83,61.0,,0.61,50.629999999999995
2021-01-06,32,61.0,,0.61,19.52
2021-01-07,81,61.0,,0.61,49.41
2021-01-08,100,61.0,,0.61,61.0
2021-01-09,72,61.0,,0.61,43.92
2021-01-10,36,50.0,False,0.5,18.0
2021-01-11,95,50.0,,0.5,47.5
2021-01-12,0,50.0,,0.5,0.0
2021-01-13,16,50.0,,0.5,8.0
2021-01-14,67,50.0,,0.5,33.5
2021-01-15,85,50.0,,0.5,42.5
2021-01-16,36,50.0,,0.5,18.0
2021-01-17,0,17.0,False,0.17,0.0
2021-01-18,16,17.0,,0.17,2.72
2021-01-19,16,17.0,,0.17,2.72
2021-01-20,16,17.0,,0.17,2.72
2021-01-21,32,17.0,,0.17,5.44
2021-01-22,50,17.0,,0.17,8.5
2021-01-23,36,17.0,,0.17,6.12
2021-01-24,0,37.0,False,0.37,0.0
2021-01-25,16,37.0,,0.37,5.92
2021-01-26,32,37.0,,0.37,11.84
2021-01-27,32,37.0,,0.37,11.84
2021-01-28,0,37.0,,0.37,0.0
2021-01-29,67,37.0,,0.37,24.79
2021-01-30,18,37.0,,0.37,6.66
2021-01-31,73,50.0,False,0.5,36.5
2021-02-01,17,50.0,,0.5,8.5
2021-02-02,17,50.0,,0.5,8.5
2021-02-03,44,50.0,,0.5,22.0
2021-02-04,45,50.0,,0.5,22.5
2021-02-05,27,50.0,,0.5,13.5
2021-02-06,39,50.0,,0.5,19.5
2021-02-07,0,32.0,False,0.32,0.0
2021-02-08,43,32.0,,0.32,13.76
2021-02-09,26,32.0,,0.32,8.32
2021-02-10,17,32.0,,0.32,5.44
2021-02-11,35,32.0,,0.32,11.200000000000001
2021-02-12,19,32.0,,0.32,6.08
2021-02-13,20,32.0,,0.32,6.4
2021-02-14,0,48.0,False,0.48,0.0
2021-02-15,18,48.0,,0.48,8.64
2021-02-16,53,48.0,,0.48,25.439999999999998
2021-02-17,0,48.0,,0.48,0.0
2021-02-18,35,48.0,,0.48,16.8
2021-02-19,56,48.0,,0.48,26.88
2021-02-20,100,48.0,,0.48,48.0
2021-02-21,50,41.0,False,0.41,20.5
2021-02-22,25,41.0,,0.41,10.25
2021-02-23,44,41.0,,0.41,18.04
2021-02-24,9,41.0,,0.41,3.69
2021-02-25,17,41.0,,0.41,6.97
2021-02-26,9,41.0,,0.41,3.69
2021-02-27,30,41.0,,0.41,12.299999999999999
2021-02-28,10,24.0,False,0.24,2.4
2021-03-01,20,24.0,,0.24,4.8
2021-03-02,39,24.0,,0.24,9.36
2021-03-03,78,24.0,,0.24,18.72
2021-03-04,40,24.0,,0.24,9.6
2021-03-05,41,24.0,,0.24,9.84
2021-03-06,22,24.0,,0.24,5.279999999999999
2021-03-07,67,17.0,False,0.17,11.39
2021-03-08,20,17.0,,0.17,3.4000000000000004
2021-03-09,78,17.0,,0.17,13.260000000000002
2021-03-10,39,17.0,,0.17,6.630000000000001
2021-03-11,40,17.0,,0.17,6.800000000000001
2021-03-12,20,17.0,,0.17,3.4000000000000004
2021-03-13,44,17.0,,0.17,7.48
2021-03-14,42,43.0,False,0.43,18.06
2021-03-15,65,43.0,,0.43,27.95
2021-03-16,0,43.0,,0.43,0.0
2021-03-17,58,43.0,,0.43,24.94
2021-03-18,100,43.0,,0.43,43.0
2021-03-19,41,43.0,,0.43,17.63
2021-03-20,66,43.0,,0.43,28.38
2021-03-21,0,41.0,False,0.41,0.0
2021-03-22,20,41.0,,0.41,8.2
2021-03-23,38,41.0,,0.41,15.579999999999998
2021-03-24,0,41.0,,0.41,0.0
2021-03-25,100,41.0,,0.41,41.0
2021-03-26,61,41.0,,0.41,25.009999999999998
2021-03-27,23,41.0,,0.41,9.43
2021-03-28,67,30.0,False,0.3,20.099999999999998
2021-03-29,61,30.0,,0.3,18.3
2021-03-30,41,30.0,,0.3,12.299999999999999
2021-03-31,41,30.0,,0.3,12.299999999999999
2021-04-01,32,30.0,,0.3,9.6
2021-04-02,33,30.0,,0.3,9.9
2021-04-03,0,30.0,,0.3,0.0
2021-04-04,18,26.0,False,0.26,4.68
2021-04-05,31,26.0,,0.26,8.06
2021-04-06,15,26.0,,0.26,3.9000000000000004
2021-04-07,15,26.0,,0.26,3.9000000000000004
2021-04-08,15,26.0,,0.26,3.9000000000000004
2021-04-09,15,26.0,,0.26,3.9000000000000004
2021-04-10,50,26.0,,0.26,13.0
2021-04-11,49,37.0,False,0.37,18.13
2021-04-12,73,37.0,,0.37,27.009999999999998
2021-04-13,30,37.0,,0.37,11.1
2021-04-14,15,37.0,,0.37,5.55
2021-04-15,15,37.0,,0.37,5.55
2021-04-16,31,37.0,,0.37,11.47
2021-04-17,34,37.0,,0.37,12.58
2021-04-18,100,42.0,False,0.42,42.0
2021-04-19,30,42.0,,0.42,12.6
2021-04-20,59,42.0,,0.42,24.779999999999998
2021-04-21,45,42.0,,0.42,18.9
2021-04-22,45,42.0,,0.42,18.9
2021-04-23,62,42.0,,0.42,26.04
2021-04-24,17,42.0,,0.42,7.14
2021-04-25,33,30.0,False,0.3,9.9
2021-04-26,89,30.0,,0.3,26.7
2021-04-27,30,30.0,,0.3,9.0
2021-04-28,0,30.0,,0.3,0.0
2021-04-29,15,30.0,,0.3,4.5
2021-04-30,15,30.0,,0.3,4.5
2021-05-01,14,30.0,,0.3,4.2
2021-05-02,14,39.0,False,0.39,5.46
2021-05-03,25,39.0,,0.39,9.75
2021-05-04,0,39.0,,0.39,0.0
2021-05-05,25,39.0,,0.39,9.75
2021-05-06,50,39.0,,0.39,19.5
2021-05-07,52,39.0,,0.39,20.28
2021-05-08,28,39.0,,0.39,10.92
2021-05-09,100,57.0,False,0.57,56.99999999999999
2021-05-10,38,57.0,,0.57,21.659999999999997
2021-05-11,49,57.0,,0.57,27.929999999999996
2021-05-12,51,57.0,,0.57,29.069999999999997
2021-05-13,52,57.0,,0.57,29.639999999999997
2021-05-14,0,57.0,,0.57,0.0
2021-05-15,57,57.0,,0.57,32.489999999999995
2021-05-16,56,50.0,False,0.5,28.0
2021-05-17,88,50.0,,0.5,44.0
2021-05-18,13,50.0,,0.5,6.5
2021-05-19,74,50.0,,0.5,37.0
2021-05-20,38,50.0,,0.5,19.0
2021-05-21,52,50.0,,0.5,26.0
2021-05-22,14,50.0,,0.5,7.0
2021-05-23,28,29.0,False,0.29,8.12
2021-05-24,38,29.0,,0.29,11.02
2021-05-25,51,29.0,,0.29,14.79
2021-05-26,0,29.0,,0.29,0.0
2021-05-27,0,29.0,,0.29,0.0
2021-05-28,13,29.0,,0.29,3.7699999999999996
2021-05-29,29,29.0,,0.29,8.41
2021-05-30,44,38.0,False,0.38,16.72
2021-05-31,13,38.0,,0.38,4.94
2021-06-01,40,38.0,,0.38,15.2
2021-06-02,20,38.0,,0.38,7.6
2021-06-03,61,38.0,,0.38,23.18
2021-06-04,21,38.0,,0.38,7.98
2021-06-05,0,38.0,,0.38,0.0
2021-06-06,23,15.0,False,0.15,3.4499999999999997
2021-06-07,39,15.0,,0.15,5.85
2021-06-08,78,15.0,,0.15,11.7
2021-06-09,20,15.0,,0.15,3.0
2021-06-10,40,15.0,,0.15,6.0
2021-06-11,20,15.0,,0.15,3.0
2021-06-12,46,15.0,,0.15,6.8999999999999995
2021-06-13,0,13.0,False,0.13,0.0
2021-06-14,40,13.0,,0.13,5.2
2021-06-15,20,13.0,,0.13,2.6
2021-06-16,20,13.0,,0.13,2.6
2021-06-17,40,13.0,,0.13,5.2
2021-06-18,21,13.0,,0.13,2.73
2021-06-19,45,13.0,,0.13,5.8500000000000005
2021-06-20,0,13.0,False,0.13,0.0
2021-06-21,20,13.0,,0.13,2.6
2021-06-22,0,13.0,,0.13,0.0
2021-06-23,0,13.0,,0.13,0.0
2021-06-24,0,13.0,,0.13,0.0
2021-06-25,63,13.0,,0.13,8.19
2021-06-26,23,13.0,,0.13,2.99
2021-06-27,0,16.0,False,0.16,0.0
2021-06-28,100,16.0,,0.16,16.0
2021-06-29,40,16.0,,0.16,6.4
2021-06-30,0,16.0,,0.16,0.0
2021-07-01,0,16.0,,0.16,0.0
2021-07-02,25,16.0,,0.16,4.0
2021-07-03,0,16.0,,0.16,0.0
2021-07-04,0,18.0,False,0.18,0.0
2021-07-05,74,18.0,,0.18,13.32
2021-07-06,48,18.0,,0.18,8.64
2021-07-07,0,18.0,,0.18,0.0
2021-07-08,48,18.0,,0.18,8.64
2021-07-09,51,18.0,,0.18,9.18
2021-07-10,82,18.0,,0.18,14.76
2021-07-11,0,20.0,False,0.2,0.0
2021-07-12,49,20.0,,0.2,9.8
2021-07-13,48,20.0,,0.2,9.600000000000001
2021-07-14,0,20.0,,0.2,0.0
2021-07-15,0,20.0,,0.2,0.0
2021-07-16,0,20.0,,0.2,0.0
2021-07-17,83,20.0,,0.2,16.6
2021-07-18,56,16.0,False,0.16,8.96
2021-07-19,0,16.0,,0.16,0.0
2021-07-20,100,16.0,,0.16,16.0
2021-07-21,25,16.0,,0.16,4.0
2021-07-22,50,16.0,,0.16,8.0
2021-07-23,25,16.0,,0.16,4.0
2021-07-24,0,16.0,,0.16,0.0
2021-07-25,27,16.0,False,0.16,4.32
2021-07-26,0,16.0,,0.16,0.0
2021-07-27,24,16.0,,0.16,3.84
2021-07-28,48,16.0,,0.16,7.68
2021-07-29,49,16.0,,0.16,7.84
2021-07-30,25,16.0,,0.16,4.0
2021-07-31,0,16.0,,0.16,0.0
2021-08-01,0,25.0,False,0.25,0.0
2021-08-02,59,25.0,,0.25,14.75
2021-08-03,29,25.0,,0.25,7.25
2021-08-04,29,25.0,,0.25,7.25
2021-08-05,30,25.0,,0.25,7.5
2021-08-06,60,25.0,,0.25,15.0
2021-08-07,65,25.0,,0.25,16.25
2021-08-08,100,11.0,False,0.11,11.0
2021-08-09,30,11.0,,0.11,3.3
2021-08-10,0,11.0,,0.11,0.0
2021-08-11,59,11.0,,0.11,6.49
2021-08-12,30,11.0,,0.11,3.3
2021-08-13,31,11.0,,0.11,3.41
2021-08-14,33,11.0,,0.11,3.63
2021-08-15,33,11.0,False,0.11,3.63
2021-08-16,59,11.0,,0.11,6.49
2021-08-17,0,11.0,,0.11,0.0
2021-08-18,30,11.0,,0.11,3.3
2021-08-19,59,11.0,,0.11,6.49
2021-08-20,0,11.0,,0.11,0.0
2021-08-21,33,11.0,,0.11,3.63
2021-08-22,0,24.0,False,0.24,0.0
2021-08-23,94,24.0,,0.24,22.56
2021-08-24,44,24.0,,0.24,10.559999999999999
2021-08-25,0,24.0,,0.24,0.0
2021-08-26,0,24.0,,0.24,0.0
2021-08-27,0,24.0,,0.24,0.0
2021-08-28,33,24.0,,0.24,7.92
2021-08-29,32,9.0,False,0.09,2.88
2021-08-30,87,9.0,,0.09,7.83
2021-08-31,0,9.0,,0.09,0.0
2021-09-01,24,9.0,,0.09,2.16
2021-09-02,25,9.0,,0.09,2.25
2021-09-03,0,9.0,,0.09,0.0
2021-09-04,57,9.0,,0.09,5.13
2021-09-05,0,29.0,False,0.29,0.0
2021-09-06,25,29.0,,0.29,7.249999999999999
2021-09-07,25,29.0,,0.29,7.249999999999999
2021-09-08,100,29.0,,0.29,28.999999999999996
2021-09-09,24,29.0,,0.29,6.959999999999999
2021-09-10,0,29.0,,0.29,0.0
2021-09-11,27,29.0,,0.29,7.829999999999999
2021-09-12,27,28.0,False,0.28,7.5600000000000005
2021-09-13,73,28.0,,0.28,20.44
2021-09-14,0,28.0,,0.28,0.0
2021-09-15,24,28.0,,0.28,6.720000000000001
2021-09-16,0,28.0,,0.28,0.0
2021-09-17,0,28.0,,0.28,0.0
2021-09-18,0,28.0,,0.28,0.0
2021-09-19,27,12.0,False,0.12,3.2399999999999998
2021-09-20,0,12.0,,0.12,0.0
2021-09-21,24,12.0,,0.12,2.88
2021-09-22,95,12.0,,0.12,11.4
2021-09-23,24,12.0,,0.12,2.88
2021-09-24,25,12.0,,0.12,3.0
2021-09-25,27,12.0,,0.12,3.2399999999999998
2021-09-26,27,19.0,False,0.19,5.13
2021-09-27,0,19.0,,0.19,0.0
2021-09-28,0,19.0,,0.19,0.0
2021-09-29,0,19.0,,0.19,0.0
2021-09-30,0,19.0,,0.19,0.0
2021-10-01,0,19.0,,0.19,0.0
2021-10-02,57,19.0,,0.19,10.83
2021-10-03,0,21.0,False,0.21,0.0
2021-10-04,48,21.0,,0.21,10.08
2021-10-05,100,21.0,,0.21,21.0
2021-10-06,17,21.0,,0.21,3.57
2021-10-07,33,21.0,,0.21,6.93
2021-10-08,0,21.0,,0.21,0.0
2021-10-09,39,21.0,,0.21,8.19
2021-10-10,39,15.0,False,0.15,5.85
2021-10-11,51,15.0,,0.15,7.6499999999999995
2021-10-12,0,15.0,,0.15,0.0
2021-10-13,35,15.0,,0.15,5.25
2021-10-14,34,15.0,,0.15,5.1
2021-10-15,0,15.0,,0.15,0.0
2021-10-16,39,15.0,,0.15,5.85
2021-10-17,19,23.0,False,0.23,4.37
2021-10-18,0,23.0,,0.23,0.0
2021-10-19,67,23.0,,0.23,15.41
2021-10-20,68,23.0,,0.23,15.64
2021-10-21,17,23.0,,0.23,3.91
2021-10-22,17,23.0,,0.23,3.91
2021-10-23,57,23.0,,0.23,13.110000000000001
2021-10-24,0,16.0,False,0.16,0.0
2021-10-25,0,16.0,,0.16,0.0
2021-10-26,16,16.0,,0.16,2.56
2021-10-27,17,16.0,,0.16,2.72
2021-10-28,0,16.0,,0.16,0.0
2021-10-29,52,16.0,,0.16,8.32
2021-10-30,56,16.0,,0.16,8.96
2021-10-31,19,19.0,False,0.19,3.61
2021-11-01,43,19.0,,0.19,8.17
2021-11-02,61,19.0,,0.19,11.59
2021-11-03,20,19.0,,0.19,3.8
2021-11-04,21,19.0,,0.19,3.99
2021-11-05,21,19.0,,0.19,3.99
2021-11-06,0,19.0,,0.19,0.0
2021-11-07,69,18.0,False,0.18,12.42
2021-11-08,82,18.0,,0.18,14.76
2021-11-09,81,18.0,,0.18,14.58
2021-11-10,41,18.0,,0.18,7.38
2021-11-11,0,18.0,,0.18,0.0
2021-11-12,0,18.0,,0.18,0.0
2021-11-13,46,18.0,,0.18,8.28
2021-11-14,23,13.0,False,0.13,2.99
2021-11-15,0,13.0,,0.13,0.0
2021-11-16,19,13.0,,0.13,2.47
2021-11-17,40,13.0,,0.13,5.2
2021-11-18,20,13.0,,0.13,2.6
2021-11-19,0,13.0,,0.13,0.0
2021-11-20,0,13.0,,0.13,0.0
2021-11-21,22,16.0,False,0.16,3.52
2021-11-22,0,16.0,,0.16,0.0
2021-11-23,20,16.0,,0.16,3.2
2021-11-24,100,16.0,,0.16,16.0
2021-11-25,20,16.0,,0.16,3.2
2021-11-26,0,16.0,,0.16,0.0
2021-11-27,0,16.0,,0.16,0.0
2021-11-28,22,17.0,True,0.17,3.74
2021-11-29,39,17.0,,0.17,6.630000000000001
2021-11-30,39,17.0,,0.17,6.630000000000001
2021-12-01,100,17.0,,0.17,17.0
2021-12-02,0,17.0,,0.17,0.0
