date,bitcoin value_unscaled,bitcoin value_monthly,isPartial,scale,bitcoin value
2017-08-01,79,,,,
2017-08-02,55,,,,
2017-08-03,73,,,,
2017-08-04,41,,,,
2017-08-05,49,,,,
2017-08-06,36,11.0,False,0.11,3.96
2017-08-07,70,11.0,,0.11,7.7
2017-08-08,48,11.0,,0.11,5.28
2017-08-09,48,11.0,,0.11,5.28
2017-08-10,56,11.0,,0.11,6.16
2017-08-11,53,11.0,,0.11,5.83
2017-08-12,74,11.0,,0.11,8.14
2017-08-13,92,15.0,False,0.15,13.799999999999999
2017-08-14,81,15.0,,0.15,12.15
2017-08-15,100,15.0,,0.15,15.0
2017-08-16,53,15.0,,0.15,7.949999999999999
2017-08-17,67,15.0,,0.15,10.049999999999999
2017-08-18,87,15.0,,0.15,13.049999999999999
2017-08-19,66,15.0,,0.15,9.9
2017-08-20,62,12.0,False,0.12,7.4399999999999995
2017-08-21,36,12.0,,0.12,4.32
2017-08-22,77,12.0,,0.12,9.24
2017-08-23,72,12.0,,0.12,8.64
2017-08-24,49,12.0,,0.12,5.88
2017-08-25,65,12.0,,0.12,7.8
2017-08-26,41,12.0,,0.12,4.92
2017-08-27,69,18.0,False,0.18,12.42
2017-08-28,53,18.0,,0.18,9.54
2017-08-29,76,18.0,,0.18,13.68
2017-08-30,97,18.0,,0.18,17.46
2017-08-31,81,18.0,,0.18,14.58
2017-09-01,51,18.0,,0.18,9.18
2017-09-02,62,18.0,,0.18,11.16
2017-09-03,38,16.0,False,0.16,6.08
2017-09-04,58,16.0,,0.16,9.28
2017-09-05,65,16.0,,0.16,10.4
2017-09-06,47,16.0,,0.16,7.5200000000000005
2017-09-07,47,16.0,,0.16,7.5200000000000005
2017-09-08,51,16.0,,0.16,8.16
2017-09-09,27,16.0,,0.16,4.32
2017-09-10,50,19.0,False,0.19,9.5
2017-09-11,41,19.0,,0.19,7.79
2017-09-12,58,19.0,,0.19,11.02
2017-09-13,74,19.0,,0.19,14.06
2017-09-14,87,19.0,,0.19,16.53
2017-09-15,100,19.0,,0.19,19.0
2017-09-16,57,19.0,,0.19,10.83
2017-09-17,54,13.0,False,0.13,7.0200000000000005
2017-09-18,66,13.0,,0.13,8.58
2017-09-19,48,13.0,,0.13,6.24
2017-09-20,41,13.0,,0.13,5.33
2017-09-21,48,13.0,,0.13,6.24
2017-09-22,45,13.0,,0.13,5.8500000000000005
2017-09-23,33,13.0,,0.13,4.29
2017-09-24,32,11.0,False,0.11,3.52
2017-09-25,47,11.0,,0.11,5.17
2017-09-26,44,11.0,,0.11,4.84
2017-09-27,47,11.0,,0.11,5.17
2017-09-28,34,11.0,,0.11,3.74
2017-09-29,42,11.0,,0.11,4.62
2017-09-30,22,11.0,,0.11,2.42
2017-10-01,23,9.0,False,0.09,2.07
2017-10-02,52,9.0,,0.09,4.68
2017-10-03,49,9.0,,0.09,4.41
2017-10-04,47,9.0,,0.09,4.2299999999999995
2017-10-05,36,9.0,,0.09,3.2399999999999998
2017-10-06,30,9.0,,0.09,2.6999999999999997
2017-10-07,33,9.0,,0.09,2.9699999999999998
2017-10-08,42,18.0,False,0.18,7.56
2017-10-09,48,18.0,,0.18,8.64
2017-10-10,53,18.0,,0.18,9.54
2017-10-11,31,18.0,,0.18,5.58
2017-10-12,86,18.0,,0.18,15.479999999999999
2017-10-13,100,18.0,,0.18,18.0
2017-10-14,62,18.0,,0.18,11.16
2017-10-15,51,19.0,False,0.19,9.69
2017-10-16,75,19.0,,0.19,14.25
2017-10-17,48,19.0,,0.19,9.120000000000001
2017-10-18,84,19.0,,0.19,15.96
2017-10-19,76,19.0,,0.19,14.44
2017-10-20,60,19.0,,0.19,11.4
2017-10-21,73,19.0,,0.19,13.870000000000001
2017-10-22,61,16.0,False,0.16,9.76
2017-10-23,54,16.0,,0.16,8.64
2017-10-24,73,16.0,,0.16,11.68
2017-10-25,72,16.0,,0.16,11.52
2017-10-26,65,16.0,,0.16,10.4
2017-10-27,47,16.0,,0.16,7.5200000000000005
2017-10-28,54,16.0,,0.16,8.64
2017-10-29,52,26.0,False,0.26,13.52
2017-10-30,68,26.0,,0.26,17.68
2017-10-31,100,26.0,,0.26,26.0
2017-11-01,28,26.0,,0.26,7.28
2017-11-02,46,26.0,,0.26,11.96
2017-11-03,39,26.0,,0.26,10.14
2017-11-04,27,26.0,,0.26,7.0200000000000005
2017-11-05,28,25.0,False,0.25,7.0
2017-11-06,25,25.0,,0.25,6.25
2017-11-07,23,25.0,,0.25,5.75
2017-11-08,34,25.0,,0.25,8.5
2017-11-09,32,25.0,,0.25,8.0
2017-11-10,29,25.0,,0.25,7.25
2017-11-11,31,25.0,,0.25,7.75
2017-11-12,34,26.0,False,0.26,8.84
2017-11-13,25,26.0,,0.26,6.5
2017-11-14,26,26.0,,0.26,6.76
2017-11-15,20,26.0,,0.26,5.2
2017-11-16,29,26.0,,0.26,7.54
2017-11-17,32,26.0,,0.26,8.32
2017-11-18,19,26.0,,0.26,4.94
2017-11-19,18,23.0,False,0.23,4.140000000000001
2017-11-20,38,23.0,,0.23,8.74
2017-11-21,31,23.0,,0.23,7.13
2017-11-22,24,23.0,,0.23,5.5200000000000005
2017-11-23,22,23.0,,0.23,5.0600000000000005
2017-11-24,20,23.0,,0.23,4.6000000000000005
2017-11-25,18,23.0,,0.23,4.140000000000001
2017-11-26,40,67.0,False,0.67,26.8
2017-11-27,54,67.0,,0.67,36.18
2017-11-28,62,67.0,,0.67,41.54
2017-11-29,100,67.0,,0.67,67.0
2017-11-30,98,67.0,,0.67,65.66000000000001
2017-12-01,35,67.0,,0.67,23.450000000000003
2017-12-02,28,67.0,,0.67,18.76
2017-12-03,23,100.0,False,1.0,23.0
2017-12-04,30,100.0,,1.0,30.0
2017-12-05,30,100.0,,1.0,30.0
2017-12-06,38,100.0,,1.0,38.0
2017-12-07,100,100.0,,1.0,100.0
2017-12-08,95,100.0,,1.0,95.0
2017-12-09,55,100.0,,1.0,55.0
2017-12-10,47,92.0,False,0.92,43.24
2017-12-11,57,92.0,,0.92,52.440000000000005
2017-12-12,53,92.0,,0.92,48.760000000000005
2017-12-13,53,92.0,,0.92,48.760000000000005
2017-12-14,39,92.0,,0.92,35.88
2017-12-15,37,92.0,,0.92,34.04
2017-12-16,36,92.0,,0.92,33.120000000000005
2017-12-17,40,89.0,False,0.89,35.6
2017-12-18,31,89.0,,0.89,27.59
2017-12-19,42,89.0,,0.89,37.38
2017-12-20,42,89.0,,0.89,37.38
2017-12-21,41,89.0,,0.89,36.49
2017-12-22,81,89.0,,0.89,72.09
2017-12-23,68,89.0,,0.89,60.52
2017-12-24,48,63.0,False,0.63,30.240000000000002
2017-12-25,33,63.0,,0.63,20.79
2017-12-26,35,63.0,,0.63,22.05
2017-12-27,33,63.0,,0.63,20.79
2017-12-28,28,63.0,,0.63,17.64
2017-12-29,23,63.0,,0.63,14.49
2017-12-30,20,63.0,,0.63,12.6
2017-12-31,19,45.0,False,0.45,8.55
2018-01-01,48,45.0,,0.45,21.6
2018-01-02,62,45.0,,0.45,27.900000000000002
2018-01-03,59,45.0,,0.45,26.55
2018-01-04,50,45.0,,0.45,22.5
2018-01-05,40,45.0,,0.45,18.0
2018-01-06,40,45.0,,0.45,18.0
2018-01-07,43,43.0,False,0.43,18.49
2018-01-08,53,43.0,,0.43,22.79
2018-01-09,54,43.0,,0.43,23.22
2018-01-10,48,43.0,,0.43,20.64
2018-01-11,60,43.0,,0.43,25.8
2018-01-12,42,43.0,,0.43,18.06
2018-01-13,41,43.0,,0.43,17.63
2018-01-14,34,51.0,False,0.51,17.34
2018-01-15,32,51.0,,0.51,16.32
2018-01-16,68,51.0,,0.51,34.68
2018-01-17,100,51.0,,0.51,51.0
2018-01-18,77,51.0,,0.51,39.27
2018-01-19,56,51.0,,0.51,28.560000000000002
2018-01-20,35,51.0,,0.51,17.85
2018-01-21,33,34.0,False,0.34,11.22
2018-01-22,46,34.0,,0.34,15.64
2018-01-23,38,34.0,,0.34,12.920000000000002
2018-01-24,36,34.0,,0.34,12.24
2018-01-25,36,34.0,,0.34,12.24
2018-01-26,31,34.0,,0.34,10.540000000000001
2018-01-27,31,34.0,,0.34,10.540000000000001
2018-01-28,29,33.0,False,0.33,9.57
2018-01-29,27,33.0,,0.33,8.91
2018-01-30,33,33.0,,0.33,10.89
2018-01-31,37,33.0,,0.33,12.21
2018-02-01,55,33.0,,0.33,18.150000000000002
2018-02-02,73,33.0,,0.33,24.09
2018-02-03,66,33.0,,0.33,21.78
2018-02-04,40,45.0,False,0.45,18.0
2018-02-05,81,45.0,,0.45,36.45
2018-02-06,100,45.0,,0.45,45.0
2018-02-07,66,45.0,,0.45,29.7
2018-02-08,57,45.0,,0.45,25.650000000000002
2018-02-09,59,45.0,,0.45,26.55
2018-02-10,35,45.0,,0.45,15.75
2018-02-11,30,23.0,False,0.23,6.9
2018-02-12,38,23.0,,0.23,8.74
2018-02-13,33,23.0,,0.23,7.590000000000001
2018-02-14,28,23.0,,0.23,6.44
2018-02-15,36,23.0,,0.23,8.280000000000001
2018-02-16,41,23.0,,0.23,9.43
2018-02-17,22,23.0,,0.23,5.0600000000000005
2018-02-18,41,22.0,False,0.22,9.02
2018-02-19,33,22.0,,0.22,7.26
2018-02-20,33,22.0,,0.22,7.26
2018-02-21,31,22.0,,0.22,6.82
2018-02-22,38,22.0,,0.22,8.36
2018-02-23,25,22.0,,0.22,5.5
2018-02-24,21,22.0,,0.22,4.62
2018-02-25,27,14.0,False,0.14,3.7800000000000002
2018-02-26,17,14.0,,0.14,2.3800000000000003
2018-02-27,24,14.0,,0.14,3.3600000000000003
2018-02-28,24,14.0,,0.14,3.3600000000000003
2018-03-01,53,14.0,,0.14,7.420000000000001
2018-03-02,41,14.0,,0.14,5.74
2018-03-03,34,14.0,,0.14,4.760000000000001
2018-03-04,47,16.0,False,0.16,7.5200000000000005
2018-03-05,61,16.0,,0.16,9.76
2018-03-06,55,16.0,,0.16,8.8
2018-03-07,53,16.0,,0.16,8.48
2018-03-08,66,16.0,,0.16,10.56
2018-03-09,53,16.0,,0.16,8.48
2018-03-10,66,16.0,,0.16,10.56
2018-03-11,29,17.0,False,0.17,4.930000000000001
2018-03-12,59,17.0,,0.17,10.030000000000001
2018-03-13,50,17.0,,0.17,8.5
2018-03-14,51,17.0,,0.17,8.67
2018-03-15,70,17.0,,0.17,11.9
2018-03-16,100,17.0,,0.17,17.0
2018-03-17,43,17.0,,0.17,7.3100000000000005
2018-03-18,47,15.0,False,0.15,7.05
2018-03-19,50,15.0,,0.15,7.5
2018-03-20,50,15.0,,0.15,7.5
2018-03-21,63,15.0,,0.15,9.45
2018-03-22,71,15.0,,0.15,10.65
2018-03-23,45,15.0,,0.15,6.75
2018-03-24,37,15.0,,0.15,5.55
2018-03-25,37,13.0,False,0.13,4.8100000000000005
2018-03-26,42,13.0,,0.13,5.46
2018-03-27,43,13.0,,0.13,5.59
2018-03-28,42,13.0,,0.13,5.46
2018-03-29,44,13.0,,0.13,5.720000000000001
2018-03-30,48,13.0,,0.13,6.24
2018-03-31,44,13.0,,0.13,5.720000000000001
2018-04-01,77,14.0,False,0.14,10.780000000000001
2018-04-02,98,14.0,,0.14,13.72
2018-04-03,82,14.0,,0.14,11.48
2018-04-04,94,14.0,,0.14,13.160000000000002
2018-04-05,71,14.0,,0.14,9.940000000000001
2018-04-06,71,14.0,,0.14,9.940000000000001
2018-04-07,100,14.0,,0.14,14.000000000000002
2018-04-08,82,13.0,False,0.13,10.66
2018-04-09,77,13.0,,0.13,10.01
2018-04-10,86,13.0,,0.13,11.18
2018-04-11,59,13.0,,0.13,7.67
2018-04-12,65,13.0,,0.13,8.450000000000001
2018-04-13,80,13.0,,0.13,10.4
2018-04-14,39,13.0,,0.13,5.07
2018-04-15,71,14.0,False,0.14,9.940000000000001
2018-04-16,65,14.0,,0.14,9.100000000000001
2018-04-17,65,14.0,,0.14,9.100000000000001
2018-04-18,92,14.0,,0.14,12.88
2018-04-19,75,14.0,,0.14,10.500000000000002
2018-04-20,70,14.0,,0.14,9.8
2018-04-21,74,14.0,,0.14,10.360000000000001
2018-04-22,58,11.0,False,0.11,6.38
2018-04-23,37,11.0,,0.11,4.07
2018-04-24,61,11.0,,0.11,6.71
2018-04-25,77,11.0,,0.11,8.47
2018-04-26,73,11.0,,0.11,8.03
2018-04-27,54,11.0,,0.11,5.94
2018-04-28,51,11.0,,0.11,5.61
2018-04-29,50,10.0,False,0.1,5.0
2018-04-30,62,10.0,,0.1,6.2
2018-05-01,64,10.0,,0.1,6.4
2018-05-02,79,10.0,,0.1,7.9
2018-05-03,82,10.0,,0.1,8.200000000000001
2018-05-04,48,10.0,,0.1,4.800000000000001
2018-05-05,50,10.0,,0.1,5.0
2018-05-06,81,10.0,False,0.1,8.1
2018-05-07,76,10.0,,0.1,7.6000000000000005
2018-05-08,100,10.0,,0.1,10.0
2018-05-09,58,10.0,,0.1,5.800000000000001
2018-05-10,80,10.0,,0.1,8.0
2018-05-11,95,10.0,,0.1,9.5
2018-05-12,53,10.0,,0.1,5.300000000000001
2018-05-13,53,9.0,False,0.09,4.77
2018-05-14,51,9.0,,0.09,4.59
2018-05-15,45,9.0,,0.09,4.05
2018-05-16,76,9.0,,0.09,6.84
2018-05-17,61,9.0,,0.09,5.49
2018-05-18,58,9.0,,0.09,5.22
2018-05-19,60,9.0,,0.09,5.3999999999999995
2018-05-20,46,9.0,False,0.09,4.14
2018-05-21,65,9.0,,0.09,5.85
2018-05-22,61,9.0,,0.09,5.49
2018-05-23,80,9.0,,0.09,7.199999999999999
2018-05-24,52,9.0,,0.09,4.68
2018-05-25,42,9.0,,0.09,3.78
2018-05-26,57,9.0,,0.09,5.13
2018-05-27,35,8.0,False,0.08,2.8000000000000003
2018-05-28,50,8.0,,0.08,4.0
2018-05-29,48,8.0,,0.08,3.84
2018-05-30,57,8.0,,0.08,4.5600000000000005
2018-05-31,53,8.0,,0.08,4.24
2018-06-01,44,8.0,,0.08,3.52
2018-06-02,63,8.0,,0.08,5.04
2018-06-03,71,7.0,False,0.07,4.970000000000001
2018-06-04,61,7.0,,0.07,4.2700000000000005
2018-06-05,53,7.0,,0.07,3.7100000000000004
2018-06-06,72,7.0,,0.07,5.040000000000001
2018-06-07,100,7.0,,0.07,7.000000000000001
2018-06-08,53,7.0,,0.07,3.7100000000000004
2018-06-09,49,7.0,,0.07,3.43
2018-06-10,76,10.0,False,0.1,7.6000000000000005
2018-06-11,74,10.0,,0.1,7.4
2018-06-12,83,10.0,,0.1,8.3
2018-06-13,56,10.0,,0.1,5.6000000000000005
2018-06-14,86,10.0,,0.1,8.6
2018-06-15,76,10.0,,0.1,7.6000000000000005
2018-06-16,66,10.0,,0.1,6.6000000000000005
2018-06-17,35,6.0,False,0.06,2.1
2018-06-18,45,6.0,,0.06,2.6999999999999997
2018-06-19,78,6.0,,0.06,4.68
2018-06-20,49,6.0,,0.06,2.94
2018-06-21,52,6.0,,0.06,3.12
2018-06-22,55,6.0,,0.06,3.3
2018-06-23,82,6.0,,0.06,4.92
2018-06-24,47,7.0,False,0.07,3.2900000000000005
2018-06-25,41,7.0,,0.07,2.87
2018-06-26,74,7.0,,0.07,5.180000000000001
2018-06-27,70,7.0,,0.07,4.9
2018-06-28,38,7.0,,0.07,2.66
2018-06-29,69,7.0,,0.07,4.83
2018-06-30,83,7.0,,0.07,5.8100000000000005
2018-07-01,67,7.0,False,0.07,4.69
2018-07-02,67,7.0,,0.07,4.69
2018-07-03,64,7.0,,0.07,4.48
2018-07-04,55,7.0,,0.07,3.8500000000000005
2018-07-05,82,7.0,,0.07,5.74
2018-07-06,75,7.0,,0.07,5.250000000000001
2018-07-07,38,7.0,,0.07,2.66
2018-07-08,51,6.0,False,0.06,3.06
2018-07-09,52,6.0,,0.06,3.12
2018-07-10,69,6.0,,0.06,4.14
2018-07-11,45,6.0,,0.06,2.6999999999999997
2018-07-12,59,6.0,,0.06,3.54
2018-07-13,40,6.0,,0.06,2.4
2018-07-14,62,6.0,,0.06,3.7199999999999998
2018-07-15,74,7.0,False,0.07,5.180000000000001
2018-07-16,73,7.0,,0.07,5.11
2018-07-17,61,7.0,,0.07,4.2700000000000005
2018-07-18,81,7.0,,0.07,5.670000000000001
2018-07-19,66,7.0,,0.07,4.62
2018-07-20,52,7.0,,0.07,3.6400000000000006
2018-07-21,35,7.0,,0.07,2.45
2018-07-22,53,7.0,False,0.07,3.7100000000000004
2018-07-23,58,7.0,,0.07,4.0600000000000005
2018-07-24,92,7.0,,0.07,6.44
2018-07-25,100,7.0,,0.07,7.000000000000001
2018-07-26,55,7.0,,0.07,3.8500000000000005
2018-07-27,55,7.0,,0.07,3.8500000000000005
2018-07-28,39,7.0,,0.07,2.7300000000000004
2018-07-29,44,6.0,False,0.06,2.6399999999999997
2018-07-30,75,6.0,,0.06,4.5
2018-07-31,57,6.0,,0.06,3.42
2018-08-01,74,6.0,,0.06,4.4399999999999995
2018-08-02,33,6.0,,0.06,1.98
2018-08-03,41,6.0,,0.06,2.46
2018-08-04,60,6.0,,0.06,3.5999999999999996
2018-08-05,34,6.0,False,0.06,2.04
2018-08-06,51,6.0,,0.06,3.06
2018-08-07,59,6.0,,0.06,3.54
2018-08-08,76,6.0,,0.06,4.56
2018-08-09,77,6.0,,0.06,4.62
2018-08-10,31,6.0,,0.06,1.8599999999999999
2018-08-11,55,6.0,,0.06,3.3
2018-08-12,39,6.0,False,0.06,2.34
2018-08-13,47,6.0,,0.06,2.82
2018-08-14,100,6.0,,0.06,6.0
2018-08-15,98,6.0,,0.06,5.88
2018-08-16,71,6.0,,0.06,4.26
2018-08-17,40,6.0,,0.06,2.4
2018-08-18,82,6.0,,0.06,4.92
2018-08-19,71,5.0,False,0.05,3.5500000000000003
2018-08-20,45,5.0,,0.05,2.25
2018-08-21,44,5.0,,0.05,2.2
2018-08-22,80,5.0,,0.05,4.0
2018-08-23,35,5.0,,0.05,1.75
2018-08-24,41,5.0,,0.05,2.0500000000000003
2018-08-25,40,5.0,,0.05,2.0
2018-08-26,35,6.0,False,0.06,2.1
2018-08-27,39,6.0,,0.06,2.34
2018-08-28,65,6.0,,0.06,3.9
2018-08-29,47,6.0,,0.06,2.82
2018-08-30,43,6.0,,0.06,2.58
2018-08-31,45,6.0,,0.06,2.6999999999999997
2018-09-01,41,6.0,,0.06,2.46
2018-09-02,58,7.0,False,0.07,4.0600000000000005
2018-09-03,37,7.0,,0.07,2.5900000000000003
2018-09-04,75,7.0,,0.07,5.250000000000001
2018-09-05,96,7.0,,0.07,6.720000000000001
2018-09-06,86,7.0,,0.07,6.0200000000000005
2018-09-07,81,7.0,,0.07,5.670000000000001
2018-09-08,100,7.0,,0.07,7.000000000000001
2018-09-09,40,5.0,False,0.05,2.0
2018-09-10,50,5.0,,0.05,2.5
2018-09-11,86,5.0,,0.05,4.3
2018-09-12,95,5.0,,0.05,4.75
2018-09-13,73,5.0,,0.05,3.6500000000000004
2018-09-14,52,5.0,,0.05,2.6
2018-09-15,53,5.0,,0.05,2.6500000000000004
2018-09-16,86,4.0,False,0.04,3.44
2018-09-17,62,4.0,,0.04,2.48
2018-09-18,40,4.0,,0.04,1.6
2018-09-19,36,4.0,,0.04,1.44
2018-09-20,51,4.0,,0.04,2.04
2018-09-21,75,4.0,,0.04,3.0
2018-09-22,35,4.0,,0.04,1.4000000000000001
2018-09-23,23,4.0,False,0.04,0.92
2018-09-24,71,4.0,,0.04,2.84
2018-09-25,46,4.0,,0.04,1.84
2018-09-26,45,4.0,,0.04,1.8
2018-09-27,47,4.0,,0.04,1.8800000000000001
2018-09-28,42,4.0,,0.04,1.68
2018-09-29,35,4.0,,0.04,1.4000000000000001
2018-09-30,35,5.0,False,0.05,1.75
2018-10-01,61,5.0,,0.05,3.0500000000000003
2018-10-02,61,5.0,,0.05,3.0500000000000003
2018-10-03,42,5.0,,0.05,2.1
2018-10-04,74,5.0,,0.05,3.7
2018-10-05,65,5.0,,0.05,3.25
2018-10-06,57,5.0,,0.05,2.85
2018-10-07,34,4.0,False,0.04,1.36
2018-10-08,55,4.0,,0.04,2.2
2018-10-09,59,4.0,,0.04,2.36
2018-10-10,37,4.0,,0.04,1.48
2018-10-11,95,4.0,,0.04,3.8000000000000003
2018-10-12,47,4.0,,0.04,1.8800000000000001
2018-10-13,80,4.0,,0.04,3.2
2018-10-14,58,4.0,False,0.04,2.32
2018-10-15,63,4.0,,0.04,2.52
2018-10-16,56,4.0,,0.04,2.24
2018-10-17,31,4.0,,0.04,1.24
2018-10-18,89,4.0,,0.04,3.56
2018-10-19,73,4.0,,0.04,2.92
2018-10-20,50,4.0,,0.04,2.0
2018-10-21,56,5.0,False,0.05,2.8000000000000003
2018-10-22,81,5.0,,0.05,4.05
2018-10-23,98,5.0,,0.05,4.9
2018-10-24,87,5.0,,0.05,4.3500000000000005
2018-10-25,100,5.0,,0.05,5.0
2018-10-26,85,5.0,,0.05,4.25
2018-10-27,76,5.0,,0.05,3.8000000000000003
2018-10-28,27,3.0,False,0.03,0.8099999999999999
2018-10-29,65,3.0,,0.03,1.95
2018-10-30,37,3.0,,0.03,1.1099999999999999
2018-10-31,70,3.0,,0.03,2.1
2018-11-01,24,3.0,,0.03,0.72
2018-11-02,37,3.0,,0.03,1.1099999999999999
2018-11-03,31,3.0,,0.03,0.9299999999999999
2018-11-04,46,4.0,False,0.04,1.84
2018-11-05,40,4.0,,0.04,1.6
2018-11-06,34,4.0,,0.04,1.36
2018-11-07,29,4.0,,0.04,1.16
2018-11-08,49,4.0,,0.04,1.96
2018-11-09,24,4.0,,0.04,0.96
2018-11-10,40,4.0,,0.04,1.6
2018-11-11,21,4.0,False,0.04,0.84
2018-11-12,53,4.0,,0.04,2.12
2018-11-13,42,4.0,,0.04,1.68
2018-11-14,31,4.0,,0.04,1.24
2018-11-15,31,4.0,,0.04,1.24
2018-11-16,44,4.0,,0.04,1.76
2018-11-17,45,4.0,,0.04,1.8
2018-11-18,39,8.0,False,0.08,3.12
2018-11-19,66,8.0,,0.08,5.28
2018-11-20,100,8.0,,0.08,8.0
2018-11-21,93,8.0,,0.08,7.44
2018-11-22,52,8.0,,0.08,4.16
2018-11-23,44,8.0,,0.08,3.52
2018-11-24,60,8.0,,0.08,4.8
2018-11-25,59,7.0,False,0.07,4.130000000000001
2018-11-26,83,7.0,,0.07,5.8100000000000005
2018-11-27,79,7.0,,0.07,5.53
2018-11-28,68,7.0,,0.07,4.760000000000001
2018-11-29,54,7.0,,0.07,3.7800000000000002
2018-11-30,47,7.0,,0.07,3.2900000000000005
2018-12-01,30,7.0,,0.07,2.1
2018-12-02,32,6.0,False,0.06,1.92
2018-12-03,51,6.0,,0.06,3.06
2018-12-04,44,6.0,,0.06,2.6399999999999997
2018-12-05,54,6.0,,0.06,3.2399999999999998
2018-12-06,42,6.0,,0.06,2.52
2018-12-07,74,6.0,,0.06,4.4399999999999995
2018-12-08,64,6.0,,0.06,3.84
2018-12-09,36,5.0,False,0.05,1.8
2018-12-10,42,5.0,,0.05,2.1
2018-12-11,38,5.0,,0.05,1.9000000000000001
2018-12-12,43,5.0,,0.05,2.15
2018-12-13,17,5.0,,0.05,0.8500000000000001
2018-12-14,36,5.0,,0.05,1.8
2018-12-15,30,5.0,,0.05,1.5
2018-12-16,34,6.0,False,0.06,2.04
2018-12-17,33,6.0,,0.06,1.98
2018-12-18,100,6.0,,0.06,6.0
2018-12-19,48,6.0,,0.06,2.88
2018-12-20,28,6.0,,0.06,1.68
2018-12-21,51,6.0,,0.06,3.06
2018-12-22,16,6.0,,0.06,0.96
2018-12-23,24,6.0,False,0.06,1.44
2018-12-24,66,6.0,,0.06,3.96
2018-12-25,70,6.0,,0.06,4.2
2018-12-26,29,6.0,,0.06,1.74
2018-12-27,53,6.0,,0.06,3.1799999999999997
2018-12-28,39,6.0,,0.06,2.34
2018-12-29,61,6.0,,0.06,3.6599999999999997
2018-12-30,19,5.0,False,0.05,0.9500000000000001
2018-12-31,41,5.0,,0.05,2.0500000000000003
2019-01-01,58,5.0,,0.05,2.9000000000000004
2019-01-02,77,5.0,,0.05,3.85
2019-01-03,75,5.0,,0.05,3.75
2019-01-04,38,5.0,,0.05,1.9000000000000001
2019-01-05,30,5.0,,0.05,1.5
2019-01-06,24,5.0,False,0.05,1.2000000000000002
2019-01-07,74,5.0,,0.05,3.7
2019-01-08,57,5.0,,0.05,2.85
2019-01-09,68,5.0,,0.05,3.4000000000000004
2019-01-10,100,5.0,,0.05,5.0
2019-01-11,43,5.0,,0.05,2.15
2019-01-12,47,5.0,,0.05,2.35
2019-01-13,47,4.0,False,0.04,1.8800000000000001
2019-01-14,72,4.0,,0.04,2.88
2019-01-15,31,4.0,,0.04,1.24
2019-01-16,57,4.0,,0.04,2.2800000000000002
2019-01-17,31,4.0,,0.04,1.24
2019-01-18,32,4.0,,0.04,1.28
2019-01-19,35,4.0,,0.04,1.4000000000000001
2019-01-20,56,3.0,False,0.03,1.68
2019-01-21,21,3.0,,0.03,0.63
2019-01-22,41,3.0,,0.03,1.23
2019-01-23,45,3.0,,0.03,1.3499999999999999
2019-01-24,51,3.0,,0.03,1.53
2019-01-25,37,3.0,,0.03,1.1099999999999999
2019-01-26,70,3.0,,0.03,2.1
2019-01-27,34,4.0,False,0.04,1.36
2019-01-28,46,4.0,,0.04,1.84
2019-01-29,41,4.0,,0.04,1.6400000000000001
2019-01-30,31,4.0,,0.04,1.24
2019-01-31,62,4.0,,0.04,2.48
2019-02-01,19,4.0,,0.04,0.76
2019-02-02,36,4.0,,0.04,1.44
2019-02-03,21,4.0,False,0.04,0.84
2019-02-04,16,4.0,,0.04,0.64
2019-02-05,100,4.0,,0.04,4.0
2019-02-06,34,4.0,,0.04,1.36
2019-02-07,43,4.0,,0.04,1.72
2019-02-08,16,4.0,,0.04,0.64
2019-02-09,14,4.0,,0.04,0.56
2019-02-10,35,3.0,False,0.03,1.05
2019-02-11,24,3.0,,0.03,0.72
2019-02-12,27,3.0,,0.03,0.8099999999999999
2019-02-13,33,3.0,,0.03,0.99
2019-02-14,19,3.0,,0.03,0.57
2019-02-15,26,3.0,,0.03,0.78
2019-02-16,25,3.0,,0.03,0.75
2019-02-17,32,5.0,False,0.05,1.6
2019-02-18,28,5.0,,0.05,1.4000000000000001
2019-02-19,49,5.0,,0.05,2.45
2019-02-20,43,5.0,,0.05,2.15
2019-02-21,31,5.0,,0.05,1.55
2019-02-22,35,5.0,,0.05,1.75
2019-02-23,46,5.0,,0.05,2.3000000000000003
2019-02-24,56,4.0,False,0.04,2.24
2019-02-25,30,4.0,,0.04,1.2
2019-02-26,22,4.0,,0.04,0.88
2019-02-27,24,4.0,,0.04,0.96
2019-02-28,25,4.0,,0.04,1.0
2019-03-01,53,4.0,,0.04,2.12
2019-03-02,58,4.0,,0.04,2.32
2019-03-03,97,4.0,False,0.04,3.88
2019-03-04,78,4.0,,0.04,3.12
2019-03-05,95,4.0,,0.04,3.8000000000000003
2019-03-06,100,4.0,,0.04,4.0
2019-03-07,78,4.0,,0.04,3.12
2019-03-08,54,4.0,,0.04,2.16
2019-03-09,40,4.0,,0.04,1.6
2019-03-10,76,4.0,False,0.04,3.04
2019-03-11,68,4.0,,0.04,2.72
2019-03-12,85,4.0,,0.04,3.4
2019-03-13,25,4.0,,0.04,1.0
2019-03-14,26,4.0,,0.04,1.04
2019-03-15,35,4.0,,0.04,1.4000000000000001
2019-03-16,39,4.0,,0.04,1.56
2019-03-17,78,3.0,False,0.03,2.34
2019-03-18,69,3.0,,0.03,2.07
2019-03-19,49,3.0,,0.03,1.47
2019-03-20,95,3.0,,0.03,2.85
2019-03-21,62,3.0,,0.03,1.8599999999999999
2019-03-22,54,3.0,,0.03,1.6199999999999999
2019-03-23,89,3.0,,0.03,2.67
2019-03-24,80,4.0,False,0.04,3.2
2019-03-25,86,4.0,,0.04,3.44
2019-03-26,68,4.0,,0.04,2.72
2019-03-27,17,4.0,,0.04,0.68
2019-03-28,44,4.0,,0.04,1.76
2019-03-29,64,4.0,,0.04,2.56
2019-03-30,50,4.0,,0.04,2.0
2019-03-31,79,6.0,False,0.06,4.74
2019-04-01,43,6.0,,0.06,2.58
2019-04-02,91,6.0,,0.06,5.46
2019-04-03,53,6.0,,0.06,3.1799999999999997
2019-04-04,96,6.0,,0.06,5.76
2019-04-05,44,6.0,,0.06,2.6399999999999997
2019-04-06,60,6.0,,0.06,3.5999999999999996
2019-04-07,67,5.0,False,0.05,3.35
2019-04-08,63,5.0,,0.05,3.1500000000000004
2019-04-09,100,5.0,,0.05,5.0
2019-04-10,84,5.0,,0.05,4.2
2019-04-11,43,5.0,,0.05,2.15
2019-04-12,68,5.0,,0.05,3.4000000000000004
2019-04-13,32,5.0,,0.05,1.6
2019-04-14,55,4.0,False,0.04,2.2
2019-04-15,37,4.0,,0.04,1.48
2019-04-16,49,4.0,,0.04,1.96
2019-04-17,67,4.0,,0.04,2.68
2019-04-18,46,4.0,,0.04,1.84
2019-04-19,79,4.0,,0.04,3.16
2019-04-20,39,4.0,,0.04,1.56
2019-04-21,65,4.0,False,0.04,2.6
2019-04-22,68,4.0,,0.04,2.72
2019-04-23,64,4.0,,0.04,2.56
2019-04-24,59,4.0,,0.04,2.36
2019-04-25,65,4.0,,0.04,2.6
2019-04-26,39,4.0,,0.04,1.56
2019-04-27,37,4.0,,0.04,1.48
2019-04-28,54,5.0,False,0.05,2.7
2019-04-29,52,5.0,,0.05,2.6
2019-04-30,48,5.0,,0.05,2.4000000000000004
2019-05-01,25,5.0,,0.05,1.25
2019-05-02,50,5.0,,0.05,2.5
2019-05-03,40,5.0,,0.05,2.0
2019-05-04,52,5.0,,0.05,2.6
2019-05-05,47,5.0,False,0.05,2.35
2019-05-06,35,5.0,,0.05,1.75
2019-05-07,49,5.0,,0.05,2.45
2019-05-08,38,5.0,,0.05,1.9000000000000001
2019-05-09,35,5.0,,0.05,1.75
2019-05-10,36,5.0,,0.05,1.8
2019-05-11,82,5.0,,0.05,4.1000000000000005
2019-05-12,26,7.0,False,0.07,1.8200000000000003
2019-05-13,89,7.0,,0.07,6.23
2019-05-14,99,7.0,,0.07,6.930000000000001
2019-05-15,100,7.0,,0.07,7.000000000000001
2019-05-16,77,7.0,,0.07,5.390000000000001
2019-05-17,60,7.0,,0.07,4.2
2019-05-18,49,7.0,,0.07,3.43
2019-05-19,70,5.0,False,0.05,3.5
2019-05-20,76,5.0,,0.05,3.8000000000000003
2019-05-21,68,5.0,,0.05,3.4000000000000004
2019-05-22,26,5.0,,0.05,1.3
2019-05-23,40,5.0,,0.05,2.0
2019-05-24,24,5.0,,0.05,1.2000000000000002
2019-05-25,45,5.0,,0.05,2.25
2019-05-26,48,6.0,False,0.06,2.88
2019-05-27,35,6.0,,0.06,2.1
2019-05-28,45,6.0,,0.06,2.6999999999999997
2019-05-29,82,6.0,,0.06,4.92
2019-05-30,42,6.0,,0.06,2.52
2019-05-31,48,6.0,,0.06,2.88
2019-06-01,27,6.0,,0.06,1.6199999999999999
2019-06-02,26,5.0,False,0.05,1.3
2019-06-03,20,5.0,,0.05,1.0
2019-06-04,28,5.0,,0.05,1.4000000000000001
2019-06-05,25,5.0,,0.05,1.25
2019-06-06,26,5.0,,0.05,1.3
2019-06-07,40,5.0,,0.05,2.0
2019-06-08,18,5.0,,0.05,0.9
2019-06-09,35,4.0,False,0.04,1.4000000000000001
2019-06-10,23,4.0,,0.04,0.92
2019-06-11,18,4.0,,0.04,0.72
2019-06-12,26,4.0,,0.04,1.04
2019-06-13,25,4.0,,0.04,1.0
2019-06-14,29,4.0,,0.04,1.16
2019-06-15,23,4.0,,0.04,0.92
2019-06-16,37,7.0,False,0.07,2.5900000000000003
2019-06-17,38,7.0,,0.07,2.66
2019-06-18,59,7.0,,0.07,4.130000000000001
2019-06-19,43,7.0,,0.07,3.0100000000000002
2019-06-20,36,7.0,,0.07,2.5200000000000005
2019-06-21,30,7.0,,0.07,2.1
2019-06-22,62,7.0,,0.07,4.340000000000001
2019-06-23,59,11.0,False,0.11,6.49
2019-06-24,62,11.0,,0.11,6.82
2019-06-25,64,11.0,,0.11,7.04
2019-06-26,87,11.0,,0.11,9.57
2019-06-27,100,11.0,,0.11,11.0
2019-06-28,68,11.0,,0.11,7.48
2019-06-29,27,11.0,,0.11,2.97
2019-06-30,65,7.0,False,0.07,4.550000000000001
2019-07-01,46,7.0,,0.07,3.22
2019-07-02,85,7.0,,0.07,5.95
2019-07-03,62,7.0,,0.07,4.340000000000001
2019-07-04,52,7.0,,0.07,3.6400000000000006
2019-07-05,44,7.0,,0.07,3.08
2019-07-06,62,7.0,,0.07,4.340000000000001
2019-07-07,60,7.0,False,0.07,4.2
2019-07-08,41,7.0,,0.07,2.87
2019-07-09,86,7.0,,0.07,6.0200000000000005
2019-07-10,69,7.0,,0.07,4.83
2019-07-11,82,7.0,,0.07,5.74
2019-07-12,69,7.0,,0.07,4.83
2019-07-13,67,7.0,,0.07,4.69
2019-07-14,51,6.0,False,0.06,3.06
2019-07-15,53,6.0,,0.06,3.1799999999999997
2019-07-16,87,6.0,,0.06,5.22
2019-07-17,100,6.0,,0.06,6.0
2019-07-18,65,6.0,,0.06,3.9
2019-07-19,49,6.0,,0.06,2.94
2019-07-20,34,6.0,,0.06,2.04
2019-07-21,59,5.0,False,0.05,2.95
2019-07-22,38,5.0,,0.05,1.9000000000000001
2019-07-23,17,5.0,,0.05,0.8500000000000001
2019-07-24,52,5.0,,0.05,2.6
2019-07-25,48,5.0,,0.05,2.4000000000000004
2019-07-26,27,5.0,,0.05,1.35
2019-07-27,34,5.0,,0.05,1.7000000000000002
2019-07-28,34,5.0,False,0.05,1.7000000000000002
2019-07-29,39,5.0,,0.05,1.9500000000000002
2019-07-30,51,5.0,,0.05,2.5500000000000003
2019-07-31,21,5.0,,0.05,1.05
2019-08-01,66,5.0,,0.05,3.3000000000000003
2019-08-02,52,5.0,,0.05,2.6
2019-08-03,62,5.0,,0.05,3.1
2019-08-04,75,5.0,False,0.05,3.75
2019-08-05,100,5.0,,0.05,5.0
2019-08-06,98,5.0,,0.05,4.9
2019-08-07,72,5.0,,0.05,3.6
2019-08-08,66,5.0,,0.05,3.3000000000000003
2019-08-09,90,5.0,,0.05,4.5
2019-08-10,57,5.0,,0.05,2.85
2019-08-11,44,4.0,False,0.04,1.76
2019-08-12,33,4.0,,0.04,1.32
2019-08-13,37,4.0,,0.04,1.48
2019-08-14,46,4.0,,0.04,1.84
2019-08-15,83,4.0,,0.04,3.3200000000000003
2019-08-16,45,4.0,,0.04,1.8
2019-08-17,50,4.0,,0.04,2.0
2019-08-18,55,4.0,False,0.04,2.2
2019-08-19,42,4.0,,0.04,1.68
2019-08-20,53,4.0,,0.04,2.12
2019-08-21,53,4.0,,0.04,2.12
2019-08-22,43,4.0,,0.04,1.72
2019-08-23,57,4.0,,0.04,2.2800000000000002
2019-08-24,24,4.0,,0.04,0.96
2019-08-25,25,4.0,False,0.04,1.0
2019-08-26,53,4.0,,0.04,2.12
2019-08-27,42,4.0,,0.04,1.68
2019-08-28,68,4.0,,0.04,2.72
2019-08-29,36,4.0,,0.04,1.44
2019-08-30,21,4.0,,0.04,0.84
2019-08-31,48,4.0,,0.04,1.92
2019-09-01,73,5.0,False,0.05,3.6500000000000004
2019-09-02,66,5.0,,0.05,3.3000000000000003
2019-09-03,97,5.0,,0.05,4.8500000000000005
2019-09-04,58,5.0,,0.05,2.9000000000000004
2019-09-05,52,5.0,,0.05,2.6
2019-09-06,48,5.0,,0.05,2.4000000000000004
2019-09-07,33,5.0,,0.05,1.6500000000000001
2019-09-08,46,5.0,False,0.05,2.3000000000000003
2019-09-09,57,5.0,,0.05,2.85
2019-09-10,46,5.0,,0.05,2.3000000000000003
2019-09-11,57,5.0,,0.05,2.85
2019-09-12,40,5.0,,0.05,2.0
2019-09-13,48,5.0,,0.05,2.4000000000000004
2019-09-14,98,5.0,,0.05,4.9
2019-09-15,45,3.0,False,0.03,1.3499999999999999
2019-09-16,34,3.0,,0.03,1.02
2019-09-17,68,3.0,,0.03,2.04
2019-09-18,56,3.0,,0.03,1.68
2019-09-19,69,3.0,,0.03,2.07
2019-09-20,18,3.0,,0.03,0.54
2019-09-21,39,3.0,,0.03,1.17
2019-09-22,44,4.0,False,0.04,1.76
2019-09-23,50,4.0,,0.04,2.0
2019-09-24,100,4.0,,0.04,4.0
2019-09-25,56,4.0,,0.04,2.24
2019-09-26,92,4.0,,0.04,3.68
2019-09-27,71,4.0,,0.04,2.84
2019-09-28,33,4.0,,0.04,1.32
2019-09-29,32,4.0,False,0.04,1.28
2019-09-30,57,4.0,,0.04,2.2800000000000002
2019-10-01,64,4.0,,0.04,2.56
2019-10-02,29,4.0,,0.04,1.16
2019-10-03,47,4.0,,0.04,1.8800000000000001
2019-10-04,55,4.0,,0.04,2.2
2019-10-05,94,4.0,,0.04,3.7600000000000002
2019-10-06,66,4.0,False,0.04,2.64
2019-10-07,41,4.0,,0.04,1.6400000000000001
2019-10-08,65,4.0,,0.04,2.6
2019-10-09,71,4.0,,0.04,2.84
2019-10-10,29,4.0,,0.04,1.16
2019-10-11,59,4.0,,0.04,2.36
2019-10-12,33,4.0,,0.04,1.32
2019-10-13,52,4.0,False,0.04,2.08
2019-10-14,41,4.0,,0.04,1.6400000000000001
2019-10-15,80,4.0,,0.04,3.2
2019-10-16,46,4.0,,0.04,1.84
2019-10-17,41,4.0,,0.04,1.6400000000000001
2019-10-18,61,4.0,,0.04,2.44
2019-10-19,33,4.0,,0.04,1.32
2019-10-20,26,4.0,False,0.04,1.04
2019-10-21,23,4.0,,0.04,0.92
2019-10-22,56,4.0,,0.04,2.24
2019-10-23,58,4.0,,0.04,2.32
2019-10-24,63,4.0,,0.04,2.52
2019-10-25,79,4.0,,0.04,3.16
2019-10-26,100,4.0,,0.04,4.0
2019-10-27,71,3.0,False,0.03,2.13
2019-10-28,73,3.0,,0.03,2.19
2019-10-29,47,3.0,,0.03,1.41
2019-10-30,58,3.0,,0.03,1.74
2019-10-31,42,3.0,,0.03,1.26
2019-11-01,39,3.0,,0.03,1.17
2019-11-02,27,3.0,,0.03,0.8099999999999999
2019-11-03,46,4.0,False,0.04,1.84
2019-11-04,66,4.0,,0.04,2.64
2019-11-05,71,4.0,,0.04,2.84
2019-11-06,76,4.0,,0.04,3.04
2019-11-07,47,4.0,,0.04,1.8800000000000001
2019-11-08,31,4.0,,0.04,1.24
2019-11-09,40,4.0,,0.04,1.6
2019-11-10,33,4.0,False,0.04,1.32
2019-11-11,59,4.0,,0.04,2.36
2019-11-12,41,4.0,,0.04,1.6400000000000001
2019-11-13,35,4.0,,0.04,1.4000000000000001
2019-11-14,41,4.0,,0.04,1.6400000000000001
2019-11-15,12,4.0,,0.04,0.48
2019-11-16,27,4.0,,0.04,1.08
2019-11-17,80,4.0,False,0.04,3.2
2019-11-18,54,4.0,,0.04,2.16
2019-11-19,48,4.0,,0.04,1.92
2019-11-20,42,4.0,,0.04,1.68
2019-11-21,85,4.0,,0.04,3.4
2019-11-22,100,4.0,,0.04,4.0
2019-11-23,13,4.0,,0.04,0.52
2019-11-24,59,3.0,False,0.03,1.77
2019-11-25,88,3.0,,0.03,2.6399999999999997
2019-11-26,65,3.0,,0.03,1.95
2019-11-27,65,3.0,,0.03,1.95
2019-11-28,73,3.0,,0.03,2.19
2019-11-29,37,3.0,,0.03,1.1099999999999999
2019-11-30,86,3.0,,0.03,2.58
2019-12-01,51,4.0,False,0.04,2.04
2019-12-02,77,4.0,,0.04,3.08
2019-12-03,62,4.0,,0.04,2.48
2019-12-04,70,4.0,,0.04,2.8000000000000003
2019-12-05,55,4.0,,0.04,2.2
2019-12-06,41,4.0,,0.04,1.6400000000000001
2019-12-07,64,4.0,,0.04,2.56
2019-12-08,36,3.0,False,0.03,1.08
2019-12-09,94,3.0,,0.03,2.82
2019-12-10,48,3.0,,0.03,1.44
2019-12-11,47,3.0,,0.03,1.41
2019-12-12,40,3.0,,0.03,1.2
2019-12-13,41,3.0,,0.03,1.23
2019-12-14,79,3.0,,0.03,2.37
2019-12-15,79,3.0,False,0.03,2.37
2019-12-16,54,3.0,,0.03,1.6199999999999999
2019-12-17,47,3.0,,0.03,1.41
2019-12-18,70,3.0,,0.03,2.1
2019-12-19,57,3.0,,0.03,1.71
2019-12-20,68,3.0,,0.03,2.04
2019-12-21,63,3.0,,0.03,1.89
2019-12-22,27,3.0,False,0.03,0.8099999999999999
2019-12-23,100,3.0,,0.03,3.0
2019-12-24,27,3.0,,0.03,0.8099999999999999
2019-12-25,59,3.0,,0.03,1.77
2019-12-26,86,3.0,,0.03,2.58
2019-12-27,67,3.0,,0.03,2.01
2019-12-28,91,3.0,,0.03,2.73
2019-12-29,71,4.0,False,0.04,2.84
2019-12-30,57,4.0,,0.04,2.2800000000000002
2019-12-31,99,4.0,,0.04,3.96
2020-01-01,23,4.0,,0.04,0.92
2020-01-02,39,4.0,,0.04,1.56
2020-01-03,52,4.0,,0.04,2.08
2020-01-04,25,4.0,,0.04,1.0
2020-01-05,37,4.0,False,0.04,1.48
2020-01-06,84,4.0,,0.04,3.36
2020-01-07,79,4.0,,0.04,3.16
2020-01-08,69,4.0,,0.04,2.7600000000000002
2020-01-09,83,4.0,,0.04,3.3200000000000003
2020-01-10,14,4.0,,0.04,0.56
2020-01-11,41,4.0,,0.04,1.6400000000000001
2020-01-12,36,4.0,False,0.04,1.44
2020-01-13,29,4.0,,0.04,1.16
2020-01-14,64,4.0,,0.04,2.56
2020-01-15,79,4.0,,0.04,3.16
2020-01-16,55,4.0,,0.04,2.2
2020-01-17,80,4.0,,0.04,3.2
2020-01-18,51,4.0,,0.04,2.04
2020-01-19,40,4.0,False,0.04,1.6
2020-01-20,60,4.0,,0.04,2.4
2020-01-21,46,4.0,,0.04,1.84
2020-01-22,69,4.0,,0.04,2.7600000000000002
2020-01-23,32,4.0,,0.04,1.28
2020-01-24,57,4.0,,0.04,2.2800000000000002
2020-01-25,26,4.0,,0.04,1.04
2020-01-26,25,4.0,False,0.04,1.0
2020-01-27,57,4.0,,0.04,2.2800000000000002
2020-01-28,41,4.0,,0.04,1.6400000000000001
2020-01-29,100,4.0,,0.04,4.0
2020-01-30,42,4.0,,0.04,1.68
2020-01-31,33,4.0,,0.04,1.32
2020-02-01,45,4.0,,0.04,1.8
2020-02-02,79,4.0,False,0.04,3.16
2020-02-03,48,4.0,,0.04,1.92
2020-02-04,79,4.0,,0.04,3.16
2020-02-05,66,4.0,,0.04,2.64
2020-02-06,78,4.0,,0.04,3.12
2020-02-07,89,4.0,,0.04,3.56
2020-02-08,66,4.0,,0.04,2.64
2020-02-09,100,5.0,False,0.05,5.0
2020-02-10,58,5.0,,0.05,2.9000000000000004
2020-02-11,70,5.0,,0.05,3.5
2020-02-12,64,5.0,,0.05,3.2
2020-02-13,72,5.0,,0.05,3.6
2020-02-14,61,5.0,,0.05,3.0500000000000003
2020-02-15,96,5.0,,0.05,4.800000000000001
2020-02-16,58,5.0,False,0.05,2.9000000000000004
2020-02-17,91,5.0,,0.05,4.55
2020-02-18,82,5.0,,0.05,4.1000000000000005
2020-02-19,38,5.0,,0.05,1.9000000000000001
2020-02-20,71,5.0,,0.05,3.5500000000000003
2020-02-21,60,5.0,,0.05,3.0
2020-02-22,87,5.0,,0.05,4.3500000000000005
2020-02-23,72,4.0,False,0.04,2.88
2020-02-24,72,4.0,,0.04,2.88
2020-02-25,70,4.0,,0.04,2.8000000000000003
2020-02-26,43,4.0,,0.04,1.72
2020-02-27,93,4.0,,0.04,3.72
2020-02-28,78,4.0,,0.04,3.12
2020-02-29,64,4.0,,0.04,2.56
2020-03-01,31,5.0,False,0.05,1.55
2020-03-02,30,5.0,,0.05,1.5
2020-03-03,33,5.0,,0.05,1.6500000000000001
2020-03-04,27,5.0,,0.05,1.35
2020-03-05,34,5.0,,0.05,1.7000000000000002
2020-03-06,23,5.0,,0.05,1.1500000000000001
2020-03-07,32,5.0,,0.05,1.6
2020-03-08,31,9.0,False,0.09,2.79
2020-03-09,63,9.0,,0.09,5.67
2020-03-10,49,9.0,,0.09,4.41
2020-03-11,27,9.0,,0.09,2.4299999999999997
2020-03-12,91,9.0,,0.09,8.19
2020-03-13,99,9.0,,0.09,8.91
2020-03-14,46,9.0,,0.09,4.14
2020-03-15,52,8.0,False,0.08,4.16
2020-03-16,100,8.0,,0.08,8.0
2020-03-17,48,8.0,,0.08,3.84
2020-03-18,69,8.0,,0.08,5.5200000000000005
2020-03-19,47,8.0,,0.08,3.7600000000000002
2020-03-20,70,8.0,,0.08,5.6000000000000005
2020-03-21,52,8.0,,0.08,4.16
2020-03-22,57,6.0,False,0.06,3.42
2020-03-23,42,6.0,,0.06,2.52
2020-03-24,69,6.0,,0.06,4.14
2020-03-25,35,6.0,,0.06,2.1
2020-03-26,38,6.0,,0.06,2.28
2020-03-27,45,6.0,,0.06,2.6999999999999997
2020-03-28,50,6.0,,0.06,3.0
2020-03-29,35,4.0,False,0.04,1.4000000000000001
2020-03-30,41,4.0,,0.04,1.6400000000000001
2020-03-31,41,4.0,,0.04,1.6400000000000001
2020-04-01,20,4.0,,0.04,0.8
2020-04-02,55,4.0,,0.04,2.2
2020-04-03,67,4.0,,0.04,2.68
2020-04-04,85,4.0,,0.04,3.4
2020-04-05,68,4.0,False,0.04,2.72
2020-04-06,45,4.0,,0.04,1.8
2020-04-07,96,4.0,,0.04,3.84
2020-04-08,56,4.0,,0.04,2.24
2020-04-09,62,4.0,,0.04,2.48
2020-04-10,70,4.0,,0.04,2.8000000000000003
2020-04-11,57,4.0,,0.04,2.2800000000000002
2020-04-12,52,4.0,False,0.04,2.08
2020-04-13,67,4.0,,0.04,2.68
2020-04-14,75,4.0,,0.04,3.0
2020-04-15,85,4.0,,0.04,3.4
2020-04-16,45,4.0,,0.04,1.8
2020-04-17,77,4.0,,0.04,3.08
2020-04-18,51,4.0,,0.04,2.04
2020-04-19,91,5.0,False,0.05,4.55
2020-04-20,69,5.0,,0.05,3.45
2020-04-21,85,5.0,,0.05,4.25
2020-04-22,71,5.0,,0.05,3.5500000000000003
2020-04-23,69,5.0,,0.05,3.45
2020-04-24,82,5.0,,0.05,4.1000000000000005
2020-04-25,68,5.0,,0.05,3.4000000000000004
2020-04-26,28,6.0,False,0.06,1.68
2020-04-27,76,6.0,,0.06,4.56
2020-04-28,69,6.0,,0.06,4.14
2020-04-29,80,6.0,,0.06,4.8
2020-04-30,100,6.0,,0.06,6.0
2020-05-01,81,6.0,,0.06,4.859999999999999
2020-05-02,57,6.0,,0.06,3.42
2020-05-03,68,6.0,False,0.06,4.08
2020-05-04,46,6.0,,0.06,2.76
2020-05-05,59,6.0,,0.06,3.54
2020-05-06,50,6.0,,0.06,3.0
2020-05-07,90,6.0,,0.06,5.3999999999999995
2020-05-08,100,6.0,,0.06,6.0
2020-05-09,87,6.0,,0.06,5.22
2020-05-10,82,7.0,False,0.07,5.74
2020-05-11,99,7.0,,0.07,6.930000000000001
2020-05-12,89,7.0,,0.07,6.23
2020-05-13,43,7.0,,0.07,3.0100000000000002
2020-05-14,89,7.0,,0.07,6.23
2020-05-15,61,7.0,,0.07,4.2700000000000005
2020-05-16,54,7.0,,0.07,3.7800000000000002
2020-05-17,94,5.0,False,0.05,4.7
2020-05-18,67,5.0,,0.05,3.35
2020-05-19,84,5.0,,0.05,4.2
2020-05-20,69,5.0,,0.05,3.45
2020-05-21,49,5.0,,0.05,2.45
2020-05-22,79,5.0,,0.05,3.95
2020-05-23,39,5.0,,0.05,1.9500000000000002
2020-05-24,79,4.0,False,0.04,3.16
2020-05-25,81,4.0,,0.04,3.24
2020-05-26,39,4.0,,0.04,1.56
2020-05-27,87,4.0,,0.04,3.48
2020-05-28,43,4.0,,0.04,1.72
2020-05-29,72,4.0,,0.04,2.88
2020-05-30,54,4.0,,0.04,2.16
2020-05-31,64,4.0,False,0.04,2.56
2020-06-01,59,4.0,,0.04,2.36
2020-06-02,76,4.0,,0.04,3.04
2020-06-03,95,4.0,,0.04,3.8000000000000003
2020-06-04,100,4.0,,0.04,4.0
2020-06-05,92,4.0,,0.04,3.68
2020-06-06,60,4.0,,0.04,2.4
2020-06-07,87,4.0,False,0.04,3.48
2020-06-08,56,4.0,,0.04,2.24
2020-06-09,61,4.0,,0.04,2.44
2020-06-10,99,4.0,,0.04,3.96
2020-06-11,77,4.0,,0.04,3.08
2020-06-12,43,4.0,,0.04,1.72
2020-06-13,76,4.0,,0.04,3.04
2020-06-14,47,3.0,False,0.03,1.41
2020-06-15,71,3.0,,0.03,2.13
2020-06-16,58,3.0,,0.03,1.74
2020-06-17,36,3.0,,0.03,1.08
2020-06-18,48,3.0,,0.03,1.44
2020-06-19,43,3.0,,0.03,1.29
2020-06-20,54,3.0,,0.03,1.6199999999999999
2020-06-21,61,4.0,False,0.04,2.44
2020-06-22,79,4.0,,0.04,3.16
2020-06-23,42,4.0,,0.04,1.68
2020-06-24,61,4.0,,0.04,2.44
2020-06-25,49,4.0,,0.04,1.96
2020-06-26,51,4.0,,0.04,2.04
2020-06-27,62,4.0,,0.04,2.48
2020-06-28,60,3.0,False,0.03,1.7999999999999998
2020-06-29,67,3.0,,0.03,2.01
2020-06-30,61,3.0,,0.03,1.8299999999999998
2020-07-01,38,3.0,,0.03,1.14
2020-07-02,72,3.0,,0.03,2.16
2020-07-03,34,3.0,,0.03,1.02
2020-07-04,22,3.0,,0.03,0.6599999999999999
2020-07-05,39,3.0,False,0.03,1.17
2020-07-06,42,3.0,,0.03,1.26
2020-07-07,70,3.0,,0.03,2.1
2020-07-08,53,3.0,,0.03,1.5899999999999999
2020-07-09,58,3.0,,0.03,1.74
2020-07-10,25,3.0,,0.03,0.75
2020-07-11,39,3.0,,0.03,1.17
2020-07-12,39,4.0,False,0.04,1.56
2020-07-13,34,4.0,,0.04,1.36
2020-07-14,48,4.0,,0.04,1.92
2020-07-15,39,4.0,,0.04,1.56
2020-07-16,89,4.0,,0.04,3.56
2020-07-17,36,4.0,,0.04,1.44
2020-07-18,28,4.0,,0.04,1.12
2020-07-19,45,4.0,False,0.04,1.8
2020-07-20,54,4.0,,0.04,2.16
2020-07-21,40,4.0,,0.04,1.6
2020-07-22,64,4.0,,0.04,2.56
2020-07-23,29,4.0,,0.04,1.16
2020-07-24,66,4.0,,0.04,2.64
2020-07-25,61,4.0,,0.04,2.44
2020-07-26,50,6.0,False,0.06,3.0
2020-07-27,93,6.0,,0.06,5.58
2020-07-28,58,6.0,,0.06,3.48
2020-07-29,100,6.0,,0.06,6.0
2020-07-30,65,6.0,,0.06,3.9
2020-07-31,63,6.0,,0.06,3.78
2020-08-01,83,6.0,,0.06,4.9799999999999995
2020-08-02,72,6.0,False,0.06,4.32
2020-08-03,81,6.0,,0.06,4.859999999999999
2020-08-04,75,6.0,,0.06,4.5
2020-08-05,54,6.0,,0.06,3.2399999999999998
2020-08-06,76,6.0,,0.06,4.56
2020-08-07,52,6.0,,0.06,3.12
2020-08-08,71,6.0,,0.06,4.26
2020-08-09,53,4.0,False,0.04,2.12
2020-08-10,67,4.0,,0.04,2.68
2020-08-11,62,4.0,,0.04,2.48
2020-08-12,41,4.0,,0.04,1.6400000000000001
2020-08-13,100,4.0,,0.04,4.0
2020-08-14,64,4.0,,0.04,2.56
2020-08-15,38,4.0,,0.04,1.52
2020-08-16,33,6.0,False,0.06,1.98
2020-08-17,67,6.0,,0.06,4.02
2020-08-18,78,6.0,,0.06,4.68
2020-08-19,53,6.0,,0.06,3.1799999999999997
2020-08-20,55,6.0,,0.06,3.3
2020-08-21,78,6.0,,0.06,4.68
2020-08-22,52,6.0,,0.06,3.12
2020-08-23,57,4.0,False,0.04,2.2800000000000002
2020-08-24,16,4.0,,0.04,0.64
2020-08-25,33,4.0,,0.04,1.32
2020-08-26,50,4.0,,0.04,2.0
2020-08-27,33,4.0,,0.04,1.32
2020-08-28,34,4.0,,0.04,1.36
2020-08-29,47,4.0,,0.04,1.8800000000000001
2020-08-30,43,4.0,False,0.04,1.72
2020-08-31,52,4.0,,0.04,2.08
2020-09-01,64,4.0,,0.04,2.56
2020-09-02,65,4.0,,0.04,2.6
2020-09-03,100,4.0,,0.04,4.0
2020-09-04,61,4.0,,0.04,2.44
2020-09-05,86,4.0,,0.04,3.44
2020-09-06,57,4.0,False,0.04,2.2800000000000002
2020-09-07,77,4.0,,0.04,3.08
2020-09-08,99,4.0,,0.04,3.96
2020-09-09,94,4.0,,0.04,3.7600000000000002
2020-09-10,65,4.0,,0.04,2.6
2020-09-11,36,4.0,,0.04,1.44
2020-09-12,87,4.0,,0.04,3.48
2020-09-13,34,3.0,False,0.03,1.02
2020-09-14,39,3.0,,0.03,1.17
2020-09-15,69,3.0,,0.03,2.07
2020-09-16,54,3.0,,0.03,1.6199999999999999
2020-09-17,44,3.0,,0.03,1.3199999999999998
2020-09-18,67,3.0,,0.03,2.01
2020-09-19,46,3.0,,0.03,1.38
2020-09-20,51,4.0,False,0.04,2.04
2020-09-21,43,4.0,,0.04,1.72
2020-09-22,39,4.0,,0.04,1.56
2020-09-23,68,4.0,,0.04,2.72
2020-09-24,49,4.0,,0.04,1.96
2020-09-25,37,4.0,,0.04,1.48
2020-09-26,59,4.0,,0.04,2.36
2020-09-27,40,3.0,False,0.03,1.2
2020-09-28,71,3.0,,0.03,2.13
2020-09-29,51,3.0,,0.03,1.53
2020-09-30,35,3.0,,0.03,1.05
2020-10-01,36,3.0,,0.03,1.08
2020-10-02,53,3.0,,0.03,1.5899999999999999
2020-10-03,30,3.0,,0.03,0.8999999999999999
2020-10-04,29,2.0,False,0.02,0.58
2020-10-05,25,2.0,,0.02,0.5
2020-10-06,40,2.0,,0.02,0.8
2020-10-07,41,2.0,,0.02,0.8200000000000001
2020-10-08,10,2.0,,0.02,0.2
2020-10-09,50,2.0,,0.02,1.0
2020-10-10,56,2.0,,0.02,1.12
2020-10-11,49,3.0,False,0.03,1.47
2020-10-12,55,3.0,,0.03,1.65
2020-10-13,43,3.0,,0.03,1.29
2020-10-14,16,3.0,,0.03,0.48
2020-10-15,54,3.0,,0.03,1.6199999999999999
2020-10-16,56,3.0,,0.03,1.68
2020-10-17,43,3.0,,0.03,1.29
2020-10-18,31,5.0,False,0.05,1.55
2020-10-19,76,5.0,,0.05,3.8000000000000003
2020-10-20,70,5.0,,0.05,3.5
2020-10-21,54,5.0,,0.05,2.7
2020-10-22,100,5.0,,0.05,5.0
2020-10-23,68,5.0,,0.05,3.4000000000000004
2020-10-24,66,5.0,,0.05,3.3000000000000003
2020-10-25,91,5.0,False,0.05,4.55
2020-10-26,60,5.0,,0.05,3.0
2020-10-27,97,5.0,,0.05,4.8500000000000005
2020-10-28,81,5.0,,0.05,4.05
2020-10-29,49,5.0,,0.05,2.45
2020-10-30,79,5.0,,0.05,3.95
2020-10-31,49,5.0,,0.05,2.45
2020-11-01,30,6.0,False,0.06,1.7999999999999998
2020-11-02,19,6.0,,0.06,1.14
2020-11-03,33,6.0,,0.06,1.98
2020-11-04,30,6.0,,0.06,1.7999999999999998
2020-11-05,57,6.0,,0.06,3.42
2020-11-06,56,6.0,,0.06,3.36
2020-11-07,30,6.0,,0.06,1.7999999999999998
2020-11-08,37,6.0,False,0.06,2.2199999999999998
2020-11-09,34,6.0,,0.06,2.04
2020-11-10,18,6.0,,0.06,1.08
2020-11-11,33,6.0,,0.06,1.98
2020-11-12,39,6.0,,0.06,2.34
2020-11-13,35,6.0,,0.06,2.1
2020-11-14,18,6.0,,0.06,1.08
2020-11-15,41,9.0,False,0.09,3.69
2020-11-16,23,9.0,,0.09,2.07
2020-11-17,78,9.0,,0.09,7.02
2020-11-18,78,9.0,,0.09,7.02
2020-11-19,66,9.0,,0.09,5.9399999999999995
2020-11-20,96,9.0,,0.09,8.64
2020-11-21,58,9.0,,0.09,5.22
2020-11-22,76,9.0,False,0.09,6.84
2020-11-23,100,9.0,,0.09,9.0
2020-11-24,57,9.0,,0.09,5.13
2020-11-25,55,9.0,,0.09,4.95
2020-11-26,74,9.0,,0.09,6.66
2020-11-27,58,9.0,,0.09,5.22
2020-11-28,57,9.0,,0.09,5.13
2020-11-29,31,8.0,False,0.08,2.48
2020-11-30,51,8.0,,0.08,4.08
2020-12-01,60,8.0,,0.08,4.8
2020-12-02,50,8.0,,0.08,4.0
2020-12-03,33,8.0,,0.08,2.64
2020-12-04,56,8.0,,0.08,4.48
2020-12-05,39,8.0,,0.08,3.12
2020-12-06,43,6.0,False,0.06,2.58
2020-12-07,27,6.0,,0.06,1.6199999999999999
2020-12-08,39,6.0,,0.06,2.34
2020-12-09,39,6.0,,0.06,2.34
2020-12-10,37,6.0,,0.06,2.2199999999999998
2020-12-11,27,6.0,,0.06,1.6199999999999999
2020-12-12,29,6.0,,0.06,1.74
2020-12-13,25,11.0,False,0.11,2.75
2020-12-14,51,11.0,,0.11,5.61
2020-12-15,29,11.0,,0.11,3.19
2020-12-16,48,11.0,,0.11,5.28
2020-12-17,100,11.0,,0.11,11.0
2020-12-18,75,11.0,,0.11,8.25
2020-12-19,55,11.0,,0.11,6.05
2020-12-20,61,11.0,False,0.11,6.71
2020-12-21,67,11.0,,0.11,7.37
2020-12-22,50,11.0,,0.11,5.5
2020-12-23,59,11.0,,0.11,6.49
2020-12-24,48,11.0,,0.11,5.28
2020-12-25,68,11.0,,0.11,7.48
2020-12-26,55,11.0,,0.11,6.05
2020-12-27,93,17.0,False,0.17,15.81
2020-12-28,88,17.0,,0.17,14.96
2020-12-29,74,17.0,,0.17,12.58
2020-12-30,94,17.0,,0.17,15.98
2020-12-31,92,17.0,,0.17,15.64
2021-01-01,47,17.0,,0.17,7.99
2021-01-02,55,17.0,,0.17,9.350000000000001
2021-01-03,76,28.0,False,0.28,21.28
2021-01-04,60,28.0,,0.28,16.8
2021-01-05,49,28.0,,0.28,13.72
2021-01-06,52,28.0,,0.28,14.560000000000002
2021-01-07,91,28.0,,0.28,25.480000000000004
2021-01-08,98,28.0,,0.28,27.44
2021-01-09,57,28.0,,0.28,15.96
2021-01-10,71,29.0,False,0.29,20.59
2021-01-11,100,29.0,,0.29,28.999999999999996
2021-01-12,71,29.0,,0.29,20.59
2021-01-13,62,29.0,,0.29,17.98
2021-01-14,67,29.0,,0.29,19.43
2021-01-15,56,29.0,,0.29,16.24
2021-01-16,39,29.0,,0.29,11.309999999999999
2021-01-17,49,17.0,False,0.17,8.33
2021-01-18,45,17.0,,0.17,7.65
2021-01-19,39,17.0,,0.17,6.630000000000001
2021-01-20,32,17.0,,0.17,5.44
2021-01-21,46,17.0,,0.17,7.82
2021-01-22,35,17.0,,0.17,5.95
2021-01-23,38,17.0,,0.17,6.460000000000001
2021-01-24,26,16.0,False,0.16,4.16
2021-01-25,36,16.0,,0.16,5.76
2021-01-26,26,16.0,,0.16,4.16
2021-01-27,34,16.0,,0.16,5.44
2021-01-28,36,16.0,,0.16,5.76
2021-01-29,64,16.0,,0.16,10.24
2021-01-30,44,16.0,,0.16,7.04
2021-01-31,42,17.0,False,0.17,7.140000000000001
2021-02-01,30,17.0,,0.17,5.1000000000000005
2021-02-02,27,17.0,,0.17,4.590000000000001
2021-02-03,27,17.0,,0.17,4.590000000000001
2021-02-04,42,17.0,,0.17,7.140000000000001
2021-02-05,22,17.0,,0.17,3.74
2021-02-06,39,17.0,,0.17,6.630000000000001
2021-02-07,37,27.0,False,0.27,9.99
2021-02-08,88,27.0,,0.27,23.76
2021-02-09,100,27.0,,0.27,27.0
2021-02-10,60,27.0,,0.27,16.200000000000003
2021-02-11,57,27.0,,0.27,15.39
2021-02-12,45,27.0,,0.27,12.15
2021-02-13,31,27.0,,0.27,8.370000000000001
2021-02-14,37,22.0,False,0.22,8.14
2021-02-15,28,22.0,,0.22,6.16
2021-02-16,54,22.0,,0.22,11.88
2021-02-17,56,22.0,,0.22,12.32
2021-02-18,45,22.0,,0.22,9.9
2021-02-19,55,22.0,,0.22,12.1
2021-02-20,69,22.0,,0.22,15.18
2021-02-21,67,22.0,False,0.22,14.74
2021-02-22,61,22.0,,0.22,13.42
2021-02-23,86,22.0,,0.22,18.92
2021-02-24,61,22.0,,0.22,13.42
2021-02-25,44,22.0,,0.22,9.68
2021-02-26,44,22.0,,0.22,9.68
2021-02-27,51,22.0,,0.22,11.22
2021-02-28,43,13.0,False,0.13,5.59
2021-03-01,76,13.0,,0.13,9.88
2021-03-02,88,13.0,,0.13,11.440000000000001
2021-03-03,67,13.0,,0.13,8.71
2021-03-04,79,13.0,,0.13,10.27
2021-03-05,76,13.0,,0.13,9.88
2021-03-06,64,13.0,,0.13,8.32
2021-03-07,68,15.0,False,0.15,10.2
2021-03-08,60,15.0,,0.15,9.0
2021-03-09,72,15.0,,0.15,10.799999999999999
2021-03-10,89,15.0,,0.15,13.35
2021-03-11,92,15.0,,0.15,13.799999999999999
2021-03-12,87,15.0,,0.15,13.049999999999999
2021-03-13,86,15.0,,0.15,12.9
2021-03-14,98,16.0,False,0.16,15.68
2021-03-15,76,16.0,,0.16,12.16
2021-03-16,66,16.0,,0.16,10.56
2021-03-17,66,16.0,,0.16,10.56
2021-03-18,87,16.0,,0.16,13.92
2021-03-19,100,16.0,,0.16,16.0
2021-03-20,63,16.0,,0.16,10.08
2021-03-21,46,13.0,False,0.13,5.98
2021-03-22,63,13.0,,0.13,8.19
2021-03-23,67,13.0,,0.13,8.71
2021-03-24,80,13.0,,0.13,10.4
2021-03-25,55,13.0,,0.13,7.15
2021-03-26,56,13.0,,0.13,7.28
2021-03-27,91,13.0,,0.13,11.83
2021-03-28,57,13.0,False,0.13,7.41
2021-03-29,66,13.0,,0.13,8.58
2021-03-30,62,13.0,,0.13,8.06
2021-03-31,68,13.0,,0.13,8.84
2021-04-01,37,13.0,,0.13,4.8100000000000005
2021-04-02,62,13.0,,0.13,8.06
2021-04-03,62,13.0,,0.13,8.06
2021-04-04,45,11.0,False,0.11,4.95
2021-04-05,54,11.0,,0.11,5.94
2021-04-06,47,11.0,,0.11,5.17
2021-04-07,61,11.0,,0.11,6.71
2021-04-08,57,11.0,,0.11,6.2700000000000005
2021-04-09,60,11.0,,0.11,6.6
2021-04-10,59,11.0,,0.11,6.49
2021-04-11,45,16.0,False,0.16,7.2
2021-04-12,47,16.0,,0.16,7.5200000000000005
2021-04-13,80,16.0,,0.16,12.8
2021-04-14,99,16.0,,0.16,15.84
2021-04-15,75,16.0,,0.16,12.0
2021-04-16,97,16.0,,0.16,15.52
2021-04-17,87,16.0,,0.16,13.92
2021-04-18,90,17.0,False,0.17,15.3
2021-04-19,76,17.0,,0.17,12.920000000000002
2021-04-20,100,17.0,,0.17,17.0
2021-04-21,82,17.0,,0.17,13.940000000000001
2021-04-22,86,17.0,,0.17,14.620000000000001
2021-04-23,98,17.0,,0.17,16.66
2021-04-24,93,17.0,,0.17,15.81
2021-04-25,51,13.0,False,0.13,6.63
2021-04-26,84,13.0,,0.13,10.92
2021-04-27,84,13.0,,0.13,10.92
2021-04-28,88,13.0,,0.13,11.440000000000001
2021-04-29,89,13.0,,0.13,11.57
2021-04-30,73,13.0,,0.13,9.49
2021-05-01,31,13.0,,0.13,4.03
2021-05-02,17,14.0,False,0.14,2.3800000000000003
2021-05-03,26,14.0,,0.14,3.6400000000000006
2021-05-04,21,14.0,,0.14,2.9400000000000004
2021-05-05,33,14.0,,0.14,4.62
2021-05-06,22,14.0,,0.14,3.08
2021-05-07,29,14.0,,0.14,4.0600000000000005
2021-05-08,28,14.0,,0.14,3.9200000000000004
2021-05-09,34,19.0,False,0.19,6.46
2021-05-10,33,19.0,,0.19,6.2700000000000005
2021-05-11,23,19.0,,0.19,4.37
2021-05-12,30,19.0,,0.19,5.7
2021-05-13,63,19.0,,0.19,11.97
2021-05-14,36,19.0,,0.19,6.84
2021-05-15,26,19.0,,0.19,4.94
2021-05-16,30,28.0,False,0.28,8.4
2021-05-17,41,28.0,,0.28,11.48
2021-05-18,32,28.0,,0.28,8.96
2021-05-19,100,28.0,,0.28,28.000000000000004
2021-05-20,82,28.0,,0.28,22.96
2021-05-21,50,28.0,,0.28,14.000000000000002
2021-05-22,38,28.0,,0.28,10.64
2021-05-23,50,20.0,False,0.2,10.0
2021-05-24,43,20.0,,0.2,8.6
2021-05-25,34,20.0,,0.2,6.800000000000001
2021-05-26,37,20.0,,0.2,7.4
2021-05-27,25,20.0,,0.2,5.0
2021-05-28,32,20.0,,0.2,6.4
2021-05-29,27,20.0,,0.2,5.4
2021-05-30,36,17.0,False,0.17,6.12
2021-05-31,33,17.0,,0.17,5.61
2021-06-01,75,17.0,,0.17,12.750000000000002
2021-06-02,95,17.0,,0.17,16.150000000000002
2021-06-03,88,17.0,,0.17,14.96
2021-06-04,71,17.0,,0.17,12.07
2021-06-05,80,17.0,,0.17,13.600000000000001
2021-06-06,100,14.0,False,0.14,14.000000000000002
2021-06-07,60,14.0,,0.14,8.4
2021-06-08,92,14.0,,0.14,12.88
2021-06-09,60,14.0,,0.14,8.4
2021-06-10,65,14.0,,0.14,9.100000000000001
2021-06-11,64,14.0,,0.14,8.96
2021-06-12,52,14.0,,0.14,7.280000000000001
2021-06-13,44,10.0,False,0.1,4.4
2021-06-14,55,10.0,,0.1,5.5
2021-06-15,58,10.0,,0.1,5.800000000000001
2021-06-16,60,10.0,,0.1,6.0
2021-06-17,52,10.0,,0.1,5.2
2021-06-18,42,10.0,,0.1,4.2
2021-06-19,47,10.0,,0.1,4.7
2021-06-20,41,13.0,False,0.13,5.33
2021-06-21,71,13.0,,0.13,9.23
2021-06-22,67,13.0,,0.13,8.71
2021-06-23,43,13.0,,0.13,5.59
2021-06-24,45,13.0,,0.13,5.8500000000000005
2021-06-25,60,13.0,,0.13,7.800000000000001
2021-06-26,48,13.0,,0.13,6.24
2021-06-27,45,9.0,False,0.09,4.05
2021-06-28,44,9.0,,0.09,3.96
2021-06-29,53,9.0,,0.09,4.77
2021-06-30,41,9.0,,0.09,3.69
2021-07-01,100,9.0,,0.09,9.0
2021-07-02,73,9.0,,0.09,6.569999999999999
2021-07-03,90,9.0,,0.09,8.1
2021-07-04,73,7.0,False,0.07,5.11
2021-07-05,53,7.0,,0.07,3.7100000000000004
2021-07-06,37,7.0,,0.07,2.5900000000000003
2021-07-07,57,7.0,,0.07,3.99
2021-07-08,65,7.0,,0.07,4.550000000000001
2021-07-09,61,7.0,,0.07,4.2700000000000005
2021-07-10,59,7.0,,0.07,4.130000000000001
2021-07-11,47,7.0,False,0.07,3.2900000000000005
2021-07-12,46,7.0,,0.07,3.22
2021-07-13,67,7.0,,0.07,4.69
2021-07-14,55,7.0,,0.07,3.8500000000000005
2021-07-15,72,7.0,,0.07,5.040000000000001
2021-07-16,52,7.0,,0.07,3.6400000000000006
2021-07-17,39,7.0,,0.07,2.7300000000000004
2021-07-18,50,8.0,False,0.08,4.0
2021-07-19,65,8.0,,0.08,5.2
2021-07-20,70,8.0,,0.08,5.6000000000000005
2021-07-21,73,8.0,,0.08,5.84
2021-07-22,58,8.0,,0.08,4.64
2021-07-23,55,8.0,,0.08,4.4
2021-07-24,80,8.0,,0.08,6.4
2021-07-25,45,9.0,False,0.09,4.05
2021-07-26,94,9.0,,0.09,8.459999999999999
2021-07-27,94,9.0,,0.09,8.459999999999999
2021-07-28,55,9.0,,0.09,4.95
2021-07-29,62,9.0,,0.09,5.58
2021-07-30,88,9.0,,0.09,7.92
2021-07-31,56,9.0,,0.09,5.04
2021-08-01,67,8.0,False,0.08,5.36
2021-08-02,71,8.0,,0.08,5.68
2021-08-03,83,8.0,,0.08,6.640000000000001
2021-08-04,85,8.0,,0.08,6.8
2021-08-05,71,8.0,,0.08,5.68
2021-08-06,58,8.0,,0.08,4.64
2021-08-07,98,8.0,,0.08,7.84
2021-08-08,100,9.0,False,0.09,9.0
2021-08-09,67,9.0,,0.09,6.029999999999999
2021-08-10,94,9.0,,0.09,8.459999999999999
2021-08-11,81,9.0,,0.09,7.29
2021-08-12,72,9.0,,0.09,6.4799999999999995
2021-08-13,55,9.0,,0.09,4.95
2021-08-14,67,9.0,,0.09,6.029999999999999
2021-08-15,88,8.0,False,0.08,7.04
2021-08-16,63,8.0,,0.08,5.04
2021-08-17,93,8.0,,0.08,7.44
2021-08-18,50,8.0,,0.08,4.0
2021-08-19,50,8.0,,0.08,4.0
2021-08-20,63,8.0,,0.08,5.04
2021-08-21,63,8.0,,0.08,5.04
2021-08-22,100,8.0,False,0.08,8.0
2021-08-23,86,8.0,,0.08,6.88
2021-08-24,74,8.0,,0.08,5.92
2021-08-25,73,8.0,,0.08,5.84
2021-08-26,63,8.0,,0.08,5.04
2021-08-27,71,8.0,,0.08,5.68
2021-08-28,94,8.0,,0.08,7.5200000000000005
2021-08-29,81,8.0,False,0.08,6.48
2021-08-30,49,8.0,,0.08,3.92
2021-08-31,58,8.0,,0.08,4.64
2021-09-01,57,8.0,,0.08,4.5600000000000005
2021-09-02,29,8.0,,0.08,2.32
2021-09-03,52,8.0,,0.08,4.16
2021-09-04,43,8.0,,0.08,3.44
2021-09-05,56,9.0,False,0.09,5.04
2021-09-06,72,9.0,,0.09,6.4799999999999995
2021-09-07,86,9.0,,0.09,7.739999999999999
2021-09-08,100,9.0,,0.09,9.0
2021-09-09,69,9.0,,0.09,6.21
2021-09-10,42,9.0,,0.09,3.78
2021-09-11,41,9.0,,0.09,3.69
2021-09-12,39,6.0,False,0.06,2.34
2021-09-13,44,6.0,,0.06,2.6399999999999997
2021-09-14,41,6.0,,0.06,2.46
2021-09-15,43,6.0,,0.06,2.58
2021-09-16,32,6.0,,0.06,1.92
2021-09-17,24,6.0,,0.06,1.44
2021-09-18,30,6.0,,0.06,1.7999999999999998
2021-09-19,26,8.0,False,0.08,2.08
2021-09-20,52,8.0,,0.08,4.16
2021-09-21,42,8.0,,0.08,3.36
2021-09-22,46,8.0,,0.08,3.68
2021-09-23,53,8.0,,0.08,4.24
2021-09-24,54,8.0,,0.08,4.32
2021-09-25,56,8.0,,0.08,4.48
2021-09-26,49,7.0,False,0.07,3.43
2021-09-27,54,7.0,,0.07,3.7800000000000002
2021-09-28,61,7.0,,0.07,4.2700000000000005
2021-09-29,25,7.0,,0.07,1.7500000000000002
2021-09-30,39,7.0,,0.07,2.7300000000000004
2021-10-01,40,7.0,,0.07,2.8000000000000003
2021-10-02,44,7.0,,0.07,3.08
2021-10-03,46,7.0,False,0.07,3.22
2021-10-04,43,7.0,,0.07,3.0100000000000002
2021-10-05,40,7.0,,0.07,2.8000000000000003
2021-10-06,50,7.0,,0.07,3.5000000000000004
2021-10-07,40,7.0,,0.07,2.8000000000000003
2021-10-08,46,7.0,,0.07,3.22
2021-10-09,42,7.0,,0.07,2.9400000000000004
2021-10-10,30,7.0,False,0.07,2.1
2021-10-11,50,7.0,,0.07,3.5000000000000004
2021-10-12,43,7.0,,0.07,3.0100000000000002
2021-10-13,41,7.0,,0.07,2.87
2021-10-14,53,7.0,,0.07,3.7100000000000004
2021-10-15,67,7.0,,0.07,4.69
2021-10-16,44,7.0,,0.07,3.08
2021-10-17,46,8.0,False,0.08,3.68
2021-10-18,48,8.0,,0.08,3.84
2021-10-19,62,8.0,,0.08,4.96
2021-10-20,78,8.0,,0.08,6.24
2021-10-21,71,8.0,,0.08,5.68
2021-10-22,66,8.0,,0.08,5.28
2021-10-23,50,8.0,,0.08,4.0
2021-10-24,61,8.0,False,0.08,4.88
2021-10-25,49,8.0,,0.08,3.92
2021-10-26,100,8.0,,0.08,8.0
2021-10-27,64,8.0,,0.08,5.12
2021-10-28,54,8.0,,0.08,4.32
2021-10-29,35,8.0,,0.08,2.8000000000000003
2021-10-30,31,8.0,,0.08,2.48
2021-10-31,38,6.0,False,0.06,2.28
2021-11-01,63,6.0,,0.06,3.78
2021-11-02,46,6.0,,0.06,2.76
2021-11-03,79,6.0,,0.06,4.74
2021-11-04,90,6.0,,0.06,5.3999999999999995
2021-11-05,54,6.0,,0.06,3.2399999999999998
2021-11-06,44,6.0,,0.06,2.6399999999999997
2021-11-07,34,8.0,False,0.08,2.72
2021-11-08,83,8.0,,0.08,6.640000000000001
2021-11-09,88,8.0,,0.08,7.04
2021-11-10,93,8.0,,0.08,7.44
2021-11-11,97,8.0,,0.08,7.76
2021-11-12,56,8.0,,0.08,4.48
2021-11-13,72,8.0,,0.08,5.76
2021-11-14,43,7.0,False,0.07,3.0100000000000002
2021-11-15,69,7.0,,0.07,4.83
2021-11-16,70,7.0,,0.07,4.9
2021-11-17,61,7.0,,0.07,4.2700000000000005
2021-11-18,83,7.0,,0.07,5.8100000000000005
2021-11-19,58,7.0,,0.07,4.0600000000000005
2021-11-20,64,7.0,,0.07,4.48
2021-11-21,51,7.0,False,0.07,3.5700000000000003
2021-11-22,90,7.0,,0.07,6.300000000000001
2021-11-23,35,7.0,,0.07,2.45
2021-11-24,100,7.0,,0.07,7.000000000000001
2021-11-25,45,7.0,,0.07,3.1500000000000004
2021-11-26,94,7.0,,0.07,6.580000000000001
2021-11-27,57,7.0,,0.07,3.99
2021-11-28,33,6.0,True,0.06,1.98
2021-11-29,69,6.0,,0.06,4.14
2021-11-30,60,6.0,,0.06,3.5999999999999996
2021-12-01,100,6.0,,0.06,6.0
2021-12-02,68,6.0,,0.06,4.08
