date,bitcoin stock_unscaled,bitcoin stock_monthly,isPartial,scale,bitcoin stock
2017-08-01,71,,,,
2017-08-02,57,,,,
2017-08-03,34,,,,
2017-08-04,31,,,,
2017-08-05,20,,,,
2017-08-06,12,7.0,False,0.07,0.8400000000000001
2017-08-07,39,7.0,,0.07,2.7300000000000004
2017-08-08,46,7.0,,0.07,3.22
2017-08-09,34,7.0,,0.07,2.3800000000000003
2017-08-10,34,7.0,,0.07,2.3800000000000003
2017-08-11,46,7.0,,0.07,3.22
2017-08-12,34,7.0,,0.07,2.3800000000000003
2017-08-13,46,12.0,False,0.12,5.52
2017-08-14,89,12.0,,0.12,10.68
2017-08-15,100,12.0,,0.12,12.0
2017-08-16,64,12.0,,0.12,7.68
2017-08-17,42,12.0,,0.12,5.04
2017-08-18,59,12.0,,0.12,7.08
2017-08-19,27,12.0,,0.12,3.2399999999999998
2017-08-20,24,8.0,False,0.08,1.92
2017-08-21,26,8.0,,0.08,2.08
2017-08-22,33,8.0,,0.08,2.64
2017-08-23,50,8.0,,0.08,4.0
2017-08-24,32,8.0,,0.08,2.56
2017-08-25,47,8.0,,0.08,3.7600000000000002
2017-08-26,17,8.0,,0.08,1.36
2017-08-27,9,9.0,False,0.09,0.8099999999999999
2017-08-28,51,9.0,,0.09,4.59
2017-08-29,60,9.0,,0.09,5.3999999999999995
2017-08-30,50,9.0,,0.09,4.5
2017-08-31,50,9.0,,0.09,4.5
2017-09-01,59,9.0,,0.09,5.31
2017-09-02,34,9.0,,0.09,3.06
2017-09-03,42,10.0,False,0.1,4.2
2017-09-04,30,10.0,,0.1,3.0
2017-09-05,47,10.0,,0.1,4.7
2017-09-06,45,10.0,,0.1,4.5
2017-09-07,38,10.0,,0.1,3.8000000000000003
2017-09-08,32,10.0,,0.1,3.2
2017-09-09,24,10.0,,0.1,2.4000000000000004
2017-09-10,26,10.0,False,0.1,2.6
2017-09-11,37,10.0,,0.1,3.7
2017-09-12,37,10.0,,0.1,3.7
2017-09-13,66,10.0,,0.1,6.6000000000000005
2017-09-14,100,10.0,,0.1,10.0
2017-09-15,64,10.0,,0.1,6.4
2017-09-16,30,10.0,,0.1,3.0
2017-09-17,4,9.0,False,0.09,0.36
2017-09-18,49,9.0,,0.09,4.41
2017-09-19,39,9.0,,0.09,3.51
2017-09-20,42,9.0,,0.09,3.78
2017-09-21,28,9.0,,0.09,2.52
2017-09-22,45,9.0,,0.09,4.05
2017-09-23,17,9.0,,0.09,1.53
2017-09-24,15,6.0,False,0.06,0.8999999999999999
2017-09-25,36,6.0,,0.06,2.16
2017-09-26,39,6.0,,0.06,2.34
2017-09-27,45,6.0,,0.06,2.6999999999999997
2017-09-28,44,6.0,,0.06,2.6399999999999997
2017-09-29,28,6.0,,0.06,1.68
2017-09-30,13,6.0,,0.06,0.78
2017-10-01,7,6.0,False,0.06,0.42
2017-10-02,45,6.0,,0.06,2.6999999999999997
2017-10-03,46,6.0,,0.06,2.76
2017-10-04,36,6.0,,0.06,2.16
2017-10-05,30,6.0,,0.06,1.7999999999999998
2017-10-06,20,6.0,,0.06,1.2
2017-10-07,25,6.0,,0.06,1.5
2017-10-08,24,9.0,False,0.09,2.16
2017-10-09,28,9.0,,0.09,2.52
2017-10-10,40,9.0,,0.09,3.5999999999999996
2017-10-11,32,9.0,,0.09,2.88
2017-10-12,68,9.0,,0.09,6.12
2017-10-13,100,9.0,,0.09,9.0
2017-10-14,25,9.0,,0.09,2.25
2017-10-15,29,10.0,False,0.1,2.9000000000000004
2017-10-16,55,10.0,,0.1,5.5
2017-10-17,69,10.0,,0.1,6.9
2017-10-18,58,10.0,,0.1,5.800000000000001
2017-10-19,64,10.0,,0.1,6.4
2017-10-20,69,10.0,,0.1,6.9
2017-10-21,39,10.0,,0.1,3.9000000000000004
2017-10-22,40,10.0,False,0.1,4.0
2017-10-23,73,10.0,,0.1,7.300000000000001
2017-10-24,63,10.0,,0.1,6.300000000000001
2017-10-25,58,10.0,,0.1,5.800000000000001
2017-10-26,58,10.0,,0.1,5.800000000000001
2017-10-27,64,10.0,,0.1,6.4
2017-10-28,37,10.0,,0.1,3.7
2017-10-29,48,17.0,False,0.17,8.16
2017-10-30,84,17.0,,0.17,14.280000000000001
2017-10-31,75,17.0,,0.17,12.750000000000002
2017-11-01,25,17.0,,0.17,4.25
2017-11-02,31,17.0,,0.17,5.2700000000000005
2017-11-03,33,17.0,,0.17,5.61
2017-11-04,18,17.0,,0.17,3.06
2017-11-05,13,17.0,False,0.17,2.21
2017-11-06,25,17.0,,0.17,4.25
2017-11-07,22,17.0,,0.17,3.74
2017-11-08,30,17.0,,0.17,5.1000000000000005
2017-11-09,19,17.0,,0.17,3.2300000000000004
2017-11-10,19,17.0,,0.17,3.2300000000000004
2017-11-11,19,17.0,,0.17,3.2300000000000004
2017-11-12,16,17.0,False,0.17,2.72
2017-11-13,29,17.0,,0.17,4.930000000000001
2017-11-14,23,17.0,,0.17,3.91
2017-11-15,21,17.0,,0.17,3.5700000000000003
2017-11-16,22,17.0,,0.17,3.74
2017-11-17,23,17.0,,0.17,3.91
2017-11-18,16,17.0,,0.17,2.72
2017-11-19,14,16.0,False,0.16,2.24
2017-11-20,28,16.0,,0.16,4.48
2017-11-21,25,16.0,,0.16,4.0
2017-11-22,22,16.0,,0.16,3.52
2017-11-23,16,16.0,,0.16,2.56
2017-11-24,20,16.0,,0.16,3.2
2017-11-25,19,16.0,,0.16,3.04
2017-11-26,26,48.0,False,0.48,12.48
2017-11-27,53,48.0,,0.48,25.439999999999998
2017-11-28,49,48.0,,0.48,23.52
2017-11-29,100,48.0,,0.48,48.0
2017-11-30,83,48.0,,0.48,39.839999999999996
2017-12-01,31,48.0,,0.48,14.879999999999999
2017-12-02,17,48.0,,0.48,8.16
2017-12-03,18,59.0,False,0.59,10.62
2017-12-04,37,59.0,,0.59,21.83
2017-12-05,32,59.0,,0.59,18.88
2017-12-06,42,59.0,,0.59,24.779999999999998
2017-12-07,100,59.0,,0.59,59.0
2017-12-08,79,59.0,,0.59,46.61
2017-12-09,46,59.0,,0.59,27.139999999999997
2017-12-10,29,58.0,False,0.58,16.82
2017-12-11,58,58.0,,0.58,33.64
2017-12-12,53,58.0,,0.58,30.74
2017-12-13,51,58.0,,0.58,29.58
2017-12-14,52,58.0,,0.58,30.159999999999997
2017-12-15,33,58.0,,0.58,19.139999999999997
2017-12-16,27,58.0,,0.58,15.659999999999998
2017-12-17,29,56.0,False,0.56,16.240000000000002
2017-12-18,46,56.0,,0.56,25.76
2017-12-19,42,56.0,,0.56,23.520000000000003
2017-12-20,45,56.0,,0.56,25.200000000000003
2017-12-21,44,56.0,,0.56,24.64
2017-12-22,82,56.0,,0.56,45.92
2017-12-23,35,56.0,,0.56,19.6
2017-12-24,21,34.0,False,0.34,7.140000000000001
2017-12-25,18,34.0,,0.34,6.12
2017-12-26,33,34.0,,0.34,11.22
2017-12-27,31,34.0,,0.34,10.540000000000001
2017-12-28,34,34.0,,0.34,11.56
2017-12-29,28,34.0,,0.34,9.520000000000001
2017-12-30,22,34.0,,0.34,7.48
2017-12-31,15,29.0,False,0.29,4.35
2018-01-01,27,29.0,,0.29,7.829999999999999
2018-01-02,49,29.0,,0.29,14.209999999999999
2018-01-03,55,29.0,,0.29,15.95
2018-01-04,56,29.0,,0.29,16.24
2018-01-05,51,29.0,,0.29,14.79
2018-01-06,42,29.0,,0.29,12.18
2018-01-07,26,31.0,False,0.31,8.06
2018-01-08,50,31.0,,0.31,15.5
2018-01-09,55,31.0,,0.31,17.05
2018-01-10,45,31.0,,0.31,13.95
2018-01-11,63,31.0,,0.31,19.53
2018-01-12,46,31.0,,0.31,14.26
2018-01-13,30,31.0,,0.31,9.3
2018-01-14,28,34.0,False,0.34,9.520000000000001
2018-01-15,22,34.0,,0.34,7.48
2018-01-16,71,34.0,,0.34,24.14
2018-01-17,100,34.0,,0.34,34.0
2018-01-18,68,34.0,,0.34,23.12
2018-01-19,44,34.0,,0.34,14.96
2018-01-20,31,34.0,,0.34,10.540000000000001
2018-01-21,21,23.0,False,0.23,4.83
2018-01-22,48,23.0,,0.23,11.040000000000001
2018-01-23,39,23.0,,0.23,8.97
2018-01-24,40,23.0,,0.23,9.200000000000001
2018-01-25,48,23.0,,0.23,11.040000000000001
2018-01-26,39,23.0,,0.23,8.97
2018-01-27,20,23.0,,0.23,4.6000000000000005
2018-01-28,19,25.0,False,0.25,4.75
2018-01-29,28,25.0,,0.25,7.0
2018-01-30,45,25.0,,0.25,11.25
2018-01-31,51,25.0,,0.25,12.75
2018-02-01,37,25.0,,0.25,9.25
2018-02-02,49,25.0,,0.25,12.25
2018-02-03,28,25.0,,0.25,7.0
2018-02-04,21,46.0,False,0.46,9.66
2018-02-05,73,46.0,,0.46,33.58
2018-02-06,100,46.0,,0.46,46.0
2018-02-07,52,46.0,,0.46,23.92
2018-02-08,43,46.0,,0.46,19.78
2018-02-09,40,46.0,,0.46,18.400000000000002
2018-02-10,15,46.0,,0.46,6.9
2018-02-11,13,17.0,False,0.17,2.21
2018-02-12,28,17.0,,0.17,4.760000000000001
2018-02-13,19,17.0,,0.17,3.2300000000000004
2018-02-14,27,17.0,,0.17,4.590000000000001
2018-02-15,25,17.0,,0.17,4.25
2018-02-16,21,17.0,,0.17,3.5700000000000003
2018-02-17,16,17.0,,0.17,2.72
2018-02-18,6,14.0,False,0.14,0.8400000000000001
2018-02-19,15,14.0,,0.14,2.1
2018-02-20,23,14.0,,0.14,3.22
2018-02-21,20,14.0,,0.14,2.8000000000000003
2018-02-22,24,14.0,,0.14,3.3600000000000003
2018-02-23,17,14.0,,0.14,2.3800000000000003
2018-02-24,16,14.0,,0.14,2.24
2018-02-25,8,12.0,False,0.12,0.96
2018-02-26,18,12.0,,0.12,2.16
2018-02-27,17,12.0,,0.12,2.04
2018-02-28,16,12.0,,0.12,1.92
2018-03-01,88,12.0,,0.12,10.559999999999999
2018-03-02,43,12.0,,0.12,5.16
2018-03-03,35,12.0,,0.12,4.2
2018-03-04,34,10.0,False,0.1,3.4000000000000004
2018-03-05,65,10.0,,0.1,6.5
2018-03-06,52,10.0,,0.1,5.2
2018-03-07,63,10.0,,0.1,6.300000000000001
2018-03-08,78,10.0,,0.1,7.800000000000001
2018-03-09,86,10.0,,0.1,8.6
2018-03-10,46,10.0,,0.1,4.6000000000000005
2018-03-11,40,12.0,False,0.12,4.8
2018-03-12,57,12.0,,0.12,6.84
2018-03-13,58,12.0,,0.12,6.96
2018-03-14,77,12.0,,0.12,9.24
2018-03-15,73,12.0,,0.12,8.76
2018-03-16,65,12.0,,0.12,7.8
2018-03-17,39,12.0,,0.12,4.68
2018-03-18,26,14.0,False,0.14,3.6400000000000006
2018-03-19,98,14.0,,0.14,13.72
2018-03-20,96,14.0,,0.14,13.440000000000001
2018-03-21,76,14.0,,0.14,10.64
2018-03-22,65,14.0,,0.14,9.100000000000001
2018-03-23,69,14.0,,0.14,9.66
2018-03-24,45,14.0,,0.14,6.300000000000001
2018-03-25,26,12.0,False,0.12,3.12
2018-03-26,78,12.0,,0.12,9.36
2018-03-27,100,12.0,,0.12,12.0
2018-03-28,73,12.0,,0.12,8.76
2018-03-29,83,12.0,,0.12,9.959999999999999
2018-03-30,80,12.0,,0.12,9.6
2018-03-31,25,12.0,,0.12,3.0
2018-04-01,41,12.0,False,0.12,4.92
2018-04-02,74,12.0,,0.12,8.879999999999999
2018-04-03,100,12.0,,0.12,12.0
2018-04-04,58,12.0,,0.12,6.96
2018-04-05,53,12.0,,0.12,6.359999999999999
2018-04-06,89,12.0,,0.12,10.68
2018-04-07,45,12.0,,0.12,5.3999999999999995
2018-04-08,37,11.0,False,0.11,4.07
2018-04-09,69,11.0,,0.11,7.59
2018-04-10,56,11.0,,0.11,6.16
2018-04-11,73,11.0,,0.11,8.03
2018-04-12,83,11.0,,0.11,9.13
2018-04-13,70,11.0,,0.11,7.7
2018-04-14,25,11.0,,0.11,2.75
2018-04-15,25,8.0,False,0.08,2.0
2018-04-16,54,8.0,,0.08,4.32
2018-04-17,74,8.0,,0.08,5.92
2018-04-18,55,8.0,,0.08,4.4
2018-04-19,63,8.0,,0.08,5.04
2018-04-20,70,8.0,,0.08,5.6000000000000005
2018-04-21,31,8.0,,0.08,2.48
2018-04-22,10,11.0,False,0.11,1.1
2018-04-23,57,11.0,,0.11,6.2700000000000005
2018-04-24,72,11.0,,0.11,7.92
2018-04-25,73,11.0,,0.11,8.03
2018-04-26,57,11.0,,0.11,6.2700000000000005
2018-04-27,91,11.0,,0.11,10.01
2018-04-28,46,11.0,,0.11,5.06
2018-04-29,28,8.0,False,0.08,2.24
2018-04-30,51,8.0,,0.08,4.08
2018-05-01,76,8.0,,0.08,6.08
2018-05-02,75,8.0,,0.08,6.0
2018-05-03,89,8.0,,0.08,7.12
2018-05-04,100,8.0,,0.08,8.0
2018-05-05,54,8.0,,0.08,4.32
2018-05-06,38,9.0,False,0.09,3.42
2018-05-07,79,9.0,,0.09,7.109999999999999
2018-05-08,69,9.0,,0.09,6.21
2018-05-09,79,9.0,,0.09,7.109999999999999
2018-05-10,90,9.0,,0.09,8.1
2018-05-11,89,9.0,,0.09,8.01
2018-05-12,31,9.0,,0.09,2.79
2018-05-13,19,7.0,False,0.07,1.33
2018-05-14,88,7.0,,0.07,6.16
2018-05-15,55,7.0,,0.07,3.8500000000000005
2018-05-16,49,7.0,,0.07,3.43
2018-05-17,66,7.0,,0.07,4.62
2018-05-18,52,7.0,,0.07,3.6400000000000006
2018-05-19,27,7.0,,0.07,1.8900000000000001
2018-05-20,27,6.0,False,0.06,1.6199999999999999
2018-05-21,43,6.0,,0.06,2.58
2018-05-22,72,6.0,,0.06,4.32
2018-05-23,80,6.0,,0.06,4.8
2018-05-24,53,6.0,,0.06,3.1799999999999997
2018-05-25,49,6.0,,0.06,2.94
2018-05-26,38,6.0,,0.06,2.28
2018-05-27,19,5.0,False,0.05,0.9500000000000001
2018-05-28,44,5.0,,0.05,2.2
2018-05-29,52,5.0,,0.05,2.6
2018-05-30,69,5.0,,0.05,3.45
2018-05-31,64,5.0,,0.05,3.2
2018-06-01,63,5.0,,0.05,3.1500000000000004
2018-06-02,26,5.0,,0.05,1.3
2018-06-03,36,6.0,False,0.06,2.16
2018-06-04,50,6.0,,0.06,3.0
2018-06-05,37,6.0,,0.06,2.2199999999999998
2018-06-06,78,6.0,,0.06,4.68
2018-06-07,66,6.0,,0.06,3.96
2018-06-08,57,6.0,,0.06,3.42
2018-06-09,11,6.0,,0.06,0.6599999999999999
2018-06-10,26,7.0,False,0.07,1.8200000000000003
2018-06-11,61,7.0,,0.07,4.2700000000000005
2018-06-12,88,7.0,,0.07,6.16
2018-06-13,76,7.0,,0.07,5.32
2018-06-14,55,7.0,,0.07,3.8500000000000005
2018-06-15,56,7.0,,0.07,3.9200000000000004
2018-06-16,40,7.0,,0.07,2.8000000000000003
2018-06-17,21,7.0,False,0.07,1.4700000000000002
2018-06-18,77,7.0,,0.07,5.390000000000001
2018-06-19,64,7.0,,0.07,4.48
2018-06-20,56,7.0,,0.07,3.9200000000000004
2018-06-21,68,7.0,,0.07,4.760000000000001
2018-06-22,71,7.0,,0.07,4.970000000000001
2018-06-23,32,7.0,,0.07,2.24
2018-06-24,32,6.0,False,0.06,1.92
2018-06-25,67,6.0,,0.06,4.02
2018-06-26,40,6.0,,0.06,2.4
2018-06-27,70,6.0,,0.06,4.2
2018-06-28,100,6.0,,0.06,6.0
2018-06-29,63,6.0,,0.06,3.78
2018-06-30,22,6.0,,0.06,1.3199999999999998
2018-07-01,19,6.0,False,0.06,1.14
2018-07-02,43,6.0,,0.06,2.58
2018-07-03,58,6.0,,0.06,3.48
2018-07-04,28,6.0,,0.06,1.68
2018-07-05,48,6.0,,0.06,2.88
2018-07-06,34,6.0,,0.06,2.04
2018-07-07,14,6.0,,0.06,0.84
2018-07-08,14,6.0,False,0.06,0.84
2018-07-09,46,6.0,,0.06,2.76
2018-07-10,44,6.0,,0.06,2.6399999999999997
2018-07-11,27,6.0,,0.06,1.6199999999999999
2018-07-12,35,6.0,,0.06,2.1
2018-07-13,44,6.0,,0.06,2.6399999999999997
2018-07-14,14,6.0,,0.06,0.84
2018-07-15,6,7.0,False,0.07,0.42000000000000004
2018-07-16,27,7.0,,0.07,1.8900000000000001
2018-07-17,56,7.0,,0.07,3.9200000000000004
2018-07-18,62,7.0,,0.07,4.340000000000001
2018-07-19,50,7.0,,0.07,3.5000000000000004
2018-07-20,44,7.0,,0.07,3.08
2018-07-21,26,7.0,,0.07,1.8200000000000003
2018-07-22,17,9.0,False,0.09,1.53
2018-07-23,50,9.0,,0.09,4.5
2018-07-24,88,9.0,,0.09,7.92
2018-07-25,69,9.0,,0.09,6.21
2018-07-26,100,9.0,,0.09,9.0
2018-07-27,66,9.0,,0.09,5.9399999999999995
2018-07-28,22,9.0,,0.09,1.98
2018-07-29,17,8.0,False,0.08,1.36
2018-07-30,53,8.0,,0.08,4.24
2018-07-31,70,8.0,,0.08,5.6000000000000005
2018-08-01,77,8.0,,0.08,6.16
2018-08-02,56,8.0,,0.08,4.48
2018-08-03,80,8.0,,0.08,6.4
2018-08-04,57,8.0,,0.08,4.5600000000000005
2018-08-05,28,7.0,False,0.07,1.9600000000000002
2018-08-06,51,7.0,,0.07,3.5700000000000003
2018-08-07,44,7.0,,0.07,3.08
2018-08-08,62,7.0,,0.07,4.340000000000001
2018-08-09,61,7.0,,0.07,4.2700000000000005
2018-08-10,72,7.0,,0.07,5.040000000000001
2018-08-11,46,7.0,,0.07,3.22
2018-08-12,10,7.0,False,0.07,0.7000000000000001
2018-08-13,43,7.0,,0.07,3.0100000000000002
2018-08-14,74,7.0,,0.07,5.180000000000001
2018-08-15,63,7.0,,0.07,4.41
2018-08-16,100,7.0,,0.07,7.000000000000001
2018-08-17,60,7.0,,0.07,4.2
2018-08-18,22,7.0,,0.07,1.54
2018-08-19,40,6.0,False,0.06,2.4
2018-08-20,66,6.0,,0.06,3.96
2018-08-21,63,6.0,,0.06,3.78
2018-08-22,69,6.0,,0.06,4.14
2018-08-23,72,6.0,,0.06,4.32
2018-08-24,70,6.0,,0.06,4.2
2018-08-25,21,6.0,,0.06,1.26
2018-08-26,18,6.0,False,0.06,1.08
2018-08-27,58,6.0,,0.06,3.48
2018-08-28,76,6.0,,0.06,4.56
2018-08-29,82,6.0,,0.06,4.92
2018-08-30,40,6.0,,0.06,2.4
2018-08-31,31,6.0,,0.06,1.8599999999999999
2018-09-01,40,6.0,,0.06,2.4
2018-09-02,17,7.0,False,0.07,1.1900000000000002
2018-09-03,21,7.0,,0.07,1.4700000000000002
2018-09-04,61,7.0,,0.07,4.2700000000000005
2018-09-05,65,7.0,,0.07,4.550000000000001
2018-09-06,94,7.0,,0.07,6.580000000000001
2018-09-07,94,7.0,,0.07,6.580000000000001
2018-09-08,41,7.0,,0.07,2.87
2018-09-09,13,8.0,False,0.08,1.04
2018-09-10,67,8.0,,0.08,5.36
2018-09-11,100,8.0,,0.08,8.0
2018-09-12,85,8.0,,0.08,6.8
2018-09-13,45,8.0,,0.08,3.6
2018-09-14,67,8.0,,0.08,5.36
2018-09-15,27,8.0,,0.08,2.16
2018-09-16,33,6.0,False,0.06,1.98
2018-09-17,30,6.0,,0.06,1.7999999999999998
2018-09-18,94,6.0,,0.06,5.64
2018-09-19,53,6.0,,0.06,3.1799999999999997
2018-09-20,41,6.0,,0.06,2.46
2018-09-21,59,6.0,,0.06,3.54
2018-09-22,34,6.0,,0.06,2.04
2018-09-23,10,5.0,False,0.05,0.5
2018-09-24,44,5.0,,0.05,2.2
2018-09-25,53,5.0,,0.05,2.6500000000000004
2018-09-26,41,5.0,,0.05,2.0500000000000003
2018-09-27,45,5.0,,0.05,2.25
2018-09-28,43,5.0,,0.05,2.15
2018-09-29,41,5.0,,0.05,2.0500000000000003
2018-09-30,20,5.0,False,0.05,1.0
2018-10-01,46,5.0,,0.05,2.3000000000000003
2018-10-02,29,5.0,,0.05,1.4500000000000002
2018-10-03,31,5.0,,0.05,1.55
2018-10-04,30,5.0,,0.05,1.5
2018-10-05,40,5.0,,0.05,2.0
2018-10-06,19,5.0,,0.05,0.9500000000000001
2018-10-07,16,7.0,False,0.07,1.12
2018-10-08,34,7.0,,0.07,2.3800000000000003
2018-10-09,20,7.0,,0.07,1.4000000000000001
2018-10-10,45,7.0,,0.07,3.1500000000000004
2018-10-11,100,7.0,,0.07,7.000000000000001
2018-10-12,66,7.0,,0.07,4.62
2018-10-13,32,7.0,,0.07,2.24
2018-10-14,15,6.0,False,0.06,0.8999999999999999
2018-10-15,52,6.0,,0.06,3.12
2018-10-16,34,6.0,,0.06,2.04
2018-10-17,32,6.0,,0.06,1.92
2018-10-18,35,6.0,,0.06,2.1
2018-10-19,23,6.0,,0.06,1.38
2018-10-20,12,6.0,,0.06,0.72
2018-10-21,17,6.0,False,0.06,1.02
2018-10-22,28,6.0,,0.06,1.68
2018-10-23,48,6.0,,0.06,2.88
2018-10-24,36,6.0,,0.06,2.16
2018-10-25,26,6.0,,0.06,1.56
2018-10-26,47,6.0,,0.06,2.82
2018-10-27,9,6.0,,0.06,0.54
2018-10-28,9,6.0,False,0.06,0.54
2018-10-29,36,6.0,,0.06,2.16
2018-10-30,27,6.0,,0.06,1.6199999999999999
2018-10-31,37,6.0,,0.06,2.2199999999999998
2018-11-01,26,6.0,,0.06,1.56
2018-11-02,42,6.0,,0.06,2.52
2018-11-03,15,6.0,,0.06,0.8999999999999999
2018-11-04,10,3.0,False,0.03,0.3
2018-11-05,27,3.0,,0.03,0.8099999999999999
2018-11-06,15,3.0,,0.03,0.44999999999999996
2018-11-07,36,3.0,,0.03,1.08
2018-11-08,28,3.0,,0.03,0.84
2018-11-09,21,3.0,,0.03,0.63
2018-11-10,20,3.0,,0.03,0.6
2018-11-11,10,5.0,False,0.05,0.5
2018-11-12,15,5.0,,0.05,0.75
2018-11-13,20,5.0,,0.05,1.0
2018-11-14,55,5.0,,0.05,2.75
2018-11-15,62,5.0,,0.05,3.1
2018-11-16,53,5.0,,0.05,2.6500000000000004
2018-11-17,13,5.0,,0.05,0.65
2018-11-18,17,9.0,False,0.09,1.53
2018-11-19,58,9.0,,0.09,5.22
2018-11-20,100,9.0,,0.09,9.0
2018-11-21,51,9.0,,0.09,4.59
2018-11-22,39,9.0,,0.09,3.51
2018-11-23,21,9.0,,0.09,1.89
2018-11-24,30,9.0,,0.09,2.6999999999999997
2018-11-25,29,10.0,False,0.1,2.9000000000000004
2018-11-26,63,10.0,,0.1,6.300000000000001
2018-11-27,52,10.0,,0.1,5.2
2018-11-28,94,10.0,,0.1,9.4
2018-11-29,58,10.0,,0.1,5.800000000000001
2018-11-30,70,10.0,,0.1,7.0
2018-12-01,35,10.0,,0.1,3.5
2018-12-02,25,9.0,False,0.09,2.25
2018-12-03,64,9.0,,0.09,5.76
2018-12-04,58,9.0,,0.09,5.22
2018-12-05,69,9.0,,0.09,6.21
2018-12-06,88,9.0,,0.09,7.92
2018-12-07,100,9.0,,0.09,9.0
2018-12-08,33,9.0,,0.09,2.9699999999999998
2018-12-09,25,8.0,False,0.08,2.0
2018-12-10,64,8.0,,0.08,5.12
2018-12-11,53,8.0,,0.08,4.24
2018-12-12,78,8.0,,0.08,6.24
2018-12-13,61,8.0,,0.08,4.88
2018-12-14,71,8.0,,0.08,5.68
2018-12-15,36,8.0,,0.08,2.88
2018-12-16,33,8.0,False,0.08,2.64
2018-12-17,50,8.0,,0.08,4.0
2018-12-18,60,8.0,,0.08,4.8
2018-12-19,63,8.0,,0.08,5.04
2018-12-20,82,8.0,,0.08,6.5600000000000005
2018-12-21,85,8.0,,0.08,6.8
2018-12-22,44,8.0,,0.08,3.52
2018-12-23,31,7.0,False,0.07,2.1700000000000004
2018-12-24,74,7.0,,0.07,5.180000000000001
2018-12-25,36,7.0,,0.07,2.5200000000000005
2018-12-26,75,7.0,,0.07,5.250000000000001
2018-12-27,67,7.0,,0.07,4.69
2018-12-28,65,7.0,,0.07,4.550000000000001
2018-12-29,46,7.0,,0.07,3.22
2018-12-30,27,6.0,False,0.06,1.6199999999999999
2018-12-31,33,6.0,,0.06,1.98
2019-01-01,29,6.0,,0.06,1.74
2019-01-02,100,6.0,,0.06,6.0
2019-01-03,97,6.0,,0.06,5.819999999999999
2019-01-04,90,6.0,,0.06,5.3999999999999995
2019-01-05,62,6.0,,0.06,3.7199999999999998
2019-01-06,31,6.0,False,0.06,1.8599999999999999
2019-01-07,63,6.0,,0.06,3.78
2019-01-08,71,6.0,,0.06,4.26
2019-01-09,63,6.0,,0.06,3.78
2019-01-10,79,6.0,,0.06,4.74
2019-01-11,69,6.0,,0.06,4.14
2019-01-12,66,6.0,,0.06,3.96
2019-01-13,52,5.0,False,0.05,2.6
2019-01-14,54,5.0,,0.05,2.7
2019-01-15,100,5.0,,0.05,5.0
2019-01-16,51,5.0,,0.05,2.5500000000000003
2019-01-17,71,5.0,,0.05,3.5500000000000003
2019-01-18,73,5.0,,0.05,3.6500000000000004
2019-01-19,26,5.0,,0.05,1.3
2019-01-20,38,4.0,False,0.04,1.52
2019-01-21,58,4.0,,0.04,2.32
2019-01-22,84,4.0,,0.04,3.36
2019-01-23,49,4.0,,0.04,1.96
2019-01-24,65,4.0,,0.04,2.6
2019-01-25,32,4.0,,0.04,1.28
2019-01-26,22,4.0,,0.04,0.88
2019-01-27,17,5.0,False,0.05,0.8500000000000001
2019-01-28,27,5.0,,0.05,1.35
2019-01-29,74,5.0,,0.05,3.7
2019-01-30,50,5.0,,0.05,2.5
2019-01-31,31,5.0,,0.05,1.55
2019-02-01,62,5.0,,0.05,3.1
2019-02-02,16,5.0,,0.05,0.8
2019-02-03,26,4.0,False,0.04,1.04
2019-02-04,65,4.0,,0.04,2.6
2019-02-05,65,4.0,,0.04,2.6
2019-02-06,55,4.0,,0.04,2.2
2019-02-07,55,4.0,,0.04,2.2
2019-02-08,81,4.0,,0.04,3.24
2019-02-09,47,4.0,,0.04,1.8800000000000001
2019-02-10,41,5.0,False,0.05,2.0500000000000003
2019-02-11,90,5.0,,0.05,4.5
2019-02-12,50,5.0,,0.05,2.5
2019-02-13,77,5.0,,0.05,3.85
2019-02-14,56,5.0,,0.05,2.8000000000000003
2019-02-15,43,5.0,,0.05,2.15
2019-02-16,47,5.0,,0.05,2.35
2019-02-17,32,4.0,False,0.04,1.28
2019-02-18,61,4.0,,0.04,2.44
2019-02-19,77,4.0,,0.04,3.08
2019-02-20,73,4.0,,0.04,2.92
2019-02-21,78,4.0,,0.04,3.12
2019-02-22,63,4.0,,0.04,2.52
2019-02-23,37,4.0,,0.04,1.48
2019-02-24,47,5.0,False,0.05,2.35
2019-02-25,100,5.0,,0.05,5.0
2019-02-26,79,5.0,,0.05,3.95
2019-02-27,72,5.0,,0.05,3.6
2019-02-28,42,5.0,,0.05,2.1
2019-03-01,75,5.0,,0.05,3.75
2019-03-02,33,5.0,,0.05,1.6500000000000001
2019-03-03,27,5.0,False,0.05,1.35
2019-03-04,54,5.0,,0.05,2.7
2019-03-05,97,5.0,,0.05,4.8500000000000005
2019-03-06,84,5.0,,0.05,4.2
2019-03-07,83,5.0,,0.05,4.15
2019-03-08,60,5.0,,0.05,3.0
2019-03-09,61,5.0,,0.05,3.0500000000000003
2019-03-10,21,4.0,False,0.04,0.84
2019-03-11,100,4.0,,0.04,4.0
2019-03-12,38,4.0,,0.04,1.52
2019-03-13,28,4.0,,0.04,1.12
2019-03-14,53,4.0,,0.04,2.12
2019-03-15,40,4.0,,0.04,1.6
2019-03-16,50,4.0,,0.04,2.0
2019-03-17,22,4.0,False,0.04,0.88
2019-03-18,48,4.0,,0.04,1.92
2019-03-19,41,4.0,,0.04,1.6400000000000001
2019-03-20,58,4.0,,0.04,2.32
2019-03-21,80,4.0,,0.04,3.2
2019-03-22,71,4.0,,0.04,2.84
2019-03-23,50,4.0,,0.04,2.0
2019-03-24,15,3.0,False,0.03,0.44999999999999996
2019-03-25,44,3.0,,0.03,1.3199999999999998
2019-03-26,34,3.0,,0.03,1.02
2019-03-27,34,3.0,,0.03,1.02
2019-03-28,44,3.0,,0.03,1.3199999999999998
2019-03-29,62,3.0,,0.03,1.8599999999999999
2019-03-30,22,3.0,,0.03,0.6599999999999999
2019-03-31,33,8.0,False,0.08,2.64
2019-04-01,37,8.0,,0.08,2.96
2019-04-02,88,8.0,,0.08,7.04
2019-04-03,91,8.0,,0.08,7.28
2019-04-04,74,8.0,,0.08,5.92
2019-04-05,84,8.0,,0.08,6.72
2019-04-06,27,8.0,,0.08,2.16
2019-04-07,19,6.0,False,0.06,1.14
2019-04-08,33,6.0,,0.06,1.98
2019-04-09,50,6.0,,0.06,3.0
2019-04-10,63,6.0,,0.06,3.78
2019-04-11,61,6.0,,0.06,3.6599999999999997
2019-04-12,100,6.0,,0.06,6.0
2019-04-13,20,6.0,,0.06,1.2
2019-04-14,46,5.0,False,0.05,2.3000000000000003
2019-04-15,64,5.0,,0.05,3.2
2019-04-16,45,5.0,,0.05,2.25
2019-04-17,56,5.0,,0.05,2.8000000000000003
2019-04-18,58,5.0,,0.05,2.9000000000000004
2019-04-19,35,5.0,,0.05,1.75
2019-04-20,53,5.0,,0.05,2.6500000000000004
2019-04-21,25,5.0,False,0.05,1.25
2019-04-22,39,5.0,,0.05,1.9500000000000002
2019-04-23,58,5.0,,0.05,2.9000000000000004
2019-04-24,65,5.0,,0.05,3.25
2019-04-25,27,5.0,,0.05,1.35
2019-04-26,49,5.0,,0.05,2.45
2019-04-27,38,5.0,,0.05,1.9000000000000001
2019-04-28,23,6.0,False,0.06,1.38
2019-04-29,72,6.0,,0.06,4.32
2019-04-30,24,6.0,,0.06,1.44
2019-05-01,35,6.0,,0.06,2.1
2019-05-02,41,6.0,,0.06,2.46
2019-05-03,45,6.0,,0.06,2.6999999999999997
2019-05-04,22,6.0,,0.06,1.3199999999999998
2019-05-05,22,7.0,False,0.07,1.54
2019-05-06,43,7.0,,0.07,3.0100000000000002
2019-05-07,41,7.0,,0.07,2.87
2019-05-08,54,7.0,,0.07,3.7800000000000002
2019-05-09,46,7.0,,0.07,3.22
2019-05-10,80,7.0,,0.07,5.6000000000000005
2019-05-11,44,7.0,,0.07,3.08
2019-05-12,40,12.0,False,0.12,4.8
2019-05-13,89,12.0,,0.12,10.68
2019-05-14,95,12.0,,0.12,11.4
2019-05-15,100,12.0,,0.12,12.0
2019-05-16,87,12.0,,0.12,10.44
2019-05-17,91,12.0,,0.12,10.92
2019-05-18,35,12.0,,0.12,4.2
2019-05-19,25,8.0,False,0.08,2.0
2019-05-20,62,8.0,,0.08,4.96
2019-05-21,64,8.0,,0.08,5.12
2019-05-22,53,8.0,,0.08,4.24
2019-05-23,58,8.0,,0.08,4.64
2019-05-24,71,8.0,,0.08,5.68
2019-05-25,30,8.0,,0.08,2.4
2019-05-26,12,9.0,False,0.09,1.08
2019-05-27,35,9.0,,0.09,3.15
2019-05-28,74,9.0,,0.09,6.66
2019-05-29,59,9.0,,0.09,5.31
2019-05-30,60,9.0,,0.09,5.3999999999999995
2019-05-31,49,9.0,,0.09,4.41
2019-06-01,19,9.0,,0.09,1.71
2019-06-02,21,7.0,False,0.07,1.4700000000000002
2019-06-03,26,7.0,,0.07,1.8200000000000003
2019-06-04,36,7.0,,0.07,2.5200000000000005
2019-06-05,31,7.0,,0.07,2.1700000000000004
2019-06-06,32,7.0,,0.07,2.24
2019-06-07,43,7.0,,0.07,3.0100000000000002
2019-06-08,22,7.0,,0.07,1.54
2019-06-09,10,7.0,False,0.07,0.7000000000000001
2019-06-10,42,7.0,,0.07,2.9400000000000004
2019-06-11,40,7.0,,0.07,2.8000000000000003
2019-06-12,18,7.0,,0.07,1.2600000000000002
2019-06-13,30,7.0,,0.07,2.1
2019-06-14,39,7.0,,0.07,2.7300000000000004
2019-06-15,12,7.0,,0.07,0.8400000000000001
2019-06-16,28,10.0,False,0.1,2.8000000000000003
2019-06-17,44,10.0,,0.1,4.4
2019-06-18,50,10.0,,0.1,5.0
2019-06-19,33,10.0,,0.1,3.3000000000000003
2019-06-20,45,10.0,,0.1,4.5
2019-06-21,48,10.0,,0.1,4.800000000000001
2019-06-22,46,10.0,,0.1,4.6000000000000005
2019-06-23,22,14.0,False,0.14,3.08
2019-06-24,62,14.0,,0.14,8.680000000000001
2019-06-25,63,14.0,,0.14,8.82
2019-06-26,86,14.0,,0.14,12.040000000000001
2019-06-27,100,14.0,,0.14,14.000000000000002
2019-06-28,54,14.0,,0.14,7.5600000000000005
2019-06-29,31,14.0,,0.14,4.340000000000001
2019-06-30,12,8.0,False,0.08,0.96
2019-07-01,83,8.0,,0.08,6.640000000000001
2019-07-02,66,8.0,,0.08,5.28
2019-07-03,94,8.0,,0.08,7.5200000000000005
2019-07-04,35,8.0,,0.08,2.8000000000000003
2019-07-05,61,8.0,,0.08,4.88
2019-07-06,39,8.0,,0.08,3.12
2019-07-07,23,10.0,False,0.1,2.3000000000000003
2019-07-08,60,10.0,,0.1,6.0
2019-07-09,79,10.0,,0.1,7.9
2019-07-10,72,10.0,,0.1,7.2
2019-07-11,100,10.0,,0.1,10.0
2019-07-12,91,10.0,,0.1,9.1
2019-07-13,42,10.0,,0.1,4.2
2019-07-14,29,10.0,False,0.1,2.9000000000000004
2019-07-15,59,10.0,,0.1,5.9
2019-07-16,83,10.0,,0.1,8.3
2019-07-17,60,10.0,,0.1,6.0
2019-07-18,73,10.0,,0.1,7.300000000000001
2019-07-19,53,10.0,,0.1,5.300000000000001
2019-07-20,49,10.0,,0.1,4.9
2019-07-21,28,7.0,False,0.07,1.9600000000000002
2019-07-22,63,7.0,,0.07,4.41
2019-07-23,66,7.0,,0.07,4.62
2019-07-24,74,7.0,,0.07,5.180000000000001
2019-07-25,50,7.0,,0.07,3.5000000000000004
2019-07-26,56,7.0,,0.07,3.9200000000000004
2019-07-27,39,7.0,,0.07,2.7300000000000004
2019-07-28,45,7.0,False,0.07,3.1500000000000004
2019-07-29,38,7.0,,0.07,2.66
2019-07-30,46,7.0,,0.07,3.22
2019-07-31,67,7.0,,0.07,4.69
2019-08-01,60,7.0,,0.07,4.2
2019-08-02,52,7.0,,0.07,3.6400000000000006
2019-08-03,46,7.0,,0.07,3.22
2019-08-04,9,9.0,False,0.09,0.8099999999999999
2019-08-05,77,9.0,,0.09,6.93
2019-08-06,100,9.0,,0.09,9.0
2019-08-07,73,9.0,,0.09,6.569999999999999
2019-08-08,62,9.0,,0.09,5.58
2019-08-09,73,9.0,,0.09,6.569999999999999
2019-08-10,28,9.0,,0.09,2.52
2019-08-11,22,8.0,False,0.08,1.76
2019-08-12,76,8.0,,0.08,6.08
2019-08-13,55,8.0,,0.08,4.4
2019-08-14,92,8.0,,0.08,7.36
2019-08-15,82,8.0,,0.08,6.5600000000000005
2019-08-16,72,8.0,,0.08,5.76
2019-08-17,34,8.0,,0.08,2.72
2019-08-18,36,7.0,False,0.07,2.5200000000000005
2019-08-19,58,7.0,,0.07,4.0600000000000005
2019-08-20,42,7.0,,0.07,2.9400000000000004
2019-08-21,55,7.0,,0.07,3.8500000000000005
2019-08-22,42,7.0,,0.07,2.9400000000000004
2019-08-23,67,7.0,,0.07,4.69
2019-08-24,30,7.0,,0.07,2.1
2019-08-25,31,6.0,False,0.06,1.8599999999999999
2019-08-26,50,6.0,,0.06,3.0
2019-08-27,44,6.0,,0.06,2.6399999999999997
2019-08-28,44,6.0,,0.06,2.6399999999999997
2019-08-29,46,6.0,,0.06,2.76
2019-08-30,55,6.0,,0.06,3.3
2019-08-31,21,6.0,,0.06,1.26
2019-09-01,46,4.0,False,0.04,1.84
2019-09-02,21,4.0,,0.04,0.84
2019-09-03,72,4.0,,0.04,2.88
2019-09-04,68,4.0,,0.04,2.72
2019-09-05,72,4.0,,0.04,2.88
2019-09-06,92,4.0,,0.04,3.68
2019-09-07,37,4.0,,0.04,1.48
2019-09-08,18,5.0,False,0.05,0.9
2019-09-09,56,5.0,,0.05,2.8000000000000003
2019-09-10,24,5.0,,0.05,1.2000000000000002
2019-09-11,67,5.0,,0.05,3.35
2019-09-12,88,5.0,,0.05,4.4
2019-09-13,54,5.0,,0.05,2.7
2019-09-14,46,5.0,,0.05,2.3000000000000003
2019-09-15,31,5.0,False,0.05,1.55
2019-09-16,56,5.0,,0.05,2.8000000000000003
2019-09-17,63,5.0,,0.05,3.1500000000000004
2019-09-18,82,5.0,,0.05,4.1000000000000005
2019-09-19,68,5.0,,0.05,3.4000000000000004
2019-09-20,54,5.0,,0.05,2.7
2019-09-21,23,5.0,,0.05,1.1500000000000001
2019-09-22,44,6.0,False,0.06,2.6399999999999997
2019-09-23,58,6.0,,0.06,3.48
2019-09-24,93,6.0,,0.06,5.58
2019-09-25,93,6.0,,0.06,5.58
2019-09-26,100,6.0,,0.06,6.0
2019-09-27,75,6.0,,0.06,4.5
2019-09-28,55,6.0,,0.06,3.3
2019-09-29,50,5.0,False,0.05,2.5
2019-09-30,56,5.0,,0.05,2.8000000000000003
2019-10-01,63,5.0,,0.05,3.1500000000000004
2019-10-02,41,5.0,,0.05,2.0500000000000003
2019-10-03,57,5.0,,0.05,2.85
2019-10-04,43,5.0,,0.05,2.15
2019-10-05,37,5.0,,0.05,1.85
2019-10-06,22,5.0,False,0.05,1.1
2019-10-07,51,5.0,,0.05,2.5500000000000003
2019-10-08,80,5.0,,0.05,4.0
2019-10-09,58,5.0,,0.05,2.9000000000000004
2019-10-10,41,5.0,,0.05,2.0500000000000003
2019-10-11,29,5.0,,0.05,1.4500000000000002
2019-10-12,40,5.0,,0.05,2.0
2019-10-13,39,5.0,False,0.05,1.9500000000000002
2019-10-14,29,5.0,,0.05,1.4500000000000002
2019-10-15,47,5.0,,0.05,2.35
2019-10-16,35,5.0,,0.05,1.75
2019-10-17,51,5.0,,0.05,2.5500000000000003
2019-10-18,47,5.0,,0.05,2.35
2019-10-19,29,5.0,,0.05,1.4500000000000002
2019-10-20,11,6.0,False,0.06,0.6599999999999999
2019-10-21,28,6.0,,0.06,1.68
2019-10-22,64,6.0,,0.06,3.84
2019-10-23,53,6.0,,0.06,3.1799999999999997
2019-10-24,37,6.0,,0.06,2.2199999999999998
2019-10-25,100,6.0,,0.06,6.0
2019-10-26,58,6.0,,0.06,3.48
2019-10-27,18,6.0,False,0.06,1.08
2019-10-28,65,6.0,,0.06,3.9
2019-10-29,80,6.0,,0.06,4.8
2019-10-30,94,6.0,,0.06,5.64
2019-10-31,59,6.0,,0.06,3.54
2019-11-01,60,6.0,,0.06,3.5999999999999996
2019-11-02,17,6.0,,0.06,1.02
2019-11-03,27,5.0,False,0.05,1.35
2019-11-04,53,5.0,,0.05,2.6500000000000004
2019-11-05,52,5.0,,0.05,2.6
2019-11-06,54,5.0,,0.05,2.7
2019-11-07,45,5.0,,0.05,2.25
2019-11-08,75,5.0,,0.05,3.75
2019-11-09,27,5.0,,0.05,1.35
2019-11-10,20,4.0,False,0.04,0.8
2019-11-11,51,4.0,,0.04,2.04
2019-11-12,42,4.0,,0.04,1.68
2019-11-13,33,4.0,,0.04,1.32
2019-11-14,54,4.0,,0.04,2.16
2019-11-15,41,4.0,,0.04,1.6400000000000001
2019-11-16,35,4.0,,0.04,1.4000000000000001
2019-11-17,24,6.0,False,0.06,1.44
2019-11-18,43,6.0,,0.06,2.58
2019-11-19,74,6.0,,0.06,4.4399999999999995
2019-11-20,50,6.0,,0.06,3.0
2019-11-21,66,6.0,,0.06,3.96
2019-11-22,96,6.0,,0.06,5.76
2019-11-23,52,6.0,,0.06,3.12
2019-11-24,20,5.0,False,0.05,1.0
2019-11-25,100,5.0,,0.05,5.0
2019-11-26,43,5.0,,0.05,2.15
2019-11-27,52,5.0,,0.05,2.6
2019-11-28,53,5.0,,0.05,2.6500000000000004
2019-11-29,41,5.0,,0.05,2.0500000000000003
2019-11-30,24,5.0,,0.05,1.2000000000000002
2019-12-01,25,5.0,False,0.05,1.25
2019-12-02,20,5.0,,0.05,1.0
2019-12-03,37,5.0,,0.05,1.85
2019-12-04,43,5.0,,0.05,2.15
2019-12-05,75,5.0,,0.05,3.75
2019-12-06,51,5.0,,0.05,2.5500000000000003
2019-12-07,44,5.0,,0.05,2.2
2019-12-08,10,5.0,False,0.05,0.5
2019-12-09,38,5.0,,0.05,1.9000000000000001
2019-12-10,56,5.0,,0.05,2.8000000000000003
2019-12-11,55,5.0,,0.05,2.75
2019-12-12,62,5.0,,0.05,3.1
2019-12-13,57,5.0,,0.05,2.85
2019-12-14,19,5.0,,0.05,0.9500000000000001
2019-12-15,19,6.0,False,0.06,1.14
2019-12-16,43,6.0,,0.06,2.58
2019-12-17,38,6.0,,0.06,2.28
2019-12-18,66,6.0,,0.06,3.96
2019-12-19,60,6.0,,0.06,3.5999999999999996
2019-12-20,100,6.0,,0.06,6.0
2019-12-21,7,6.0,,0.06,0.42
2019-12-22,20,5.0,False,0.05,1.0
2019-12-23,65,5.0,,0.05,3.25
2019-12-24,53,5.0,,0.05,2.6500000000000004
2019-12-25,43,5.0,,0.05,2.15
2019-12-26,47,5.0,,0.05,2.35
2019-12-27,34,5.0,,0.05,1.7000000000000002
2019-12-28,30,5.0,,0.05,1.5
2019-12-29,26,5.0,False,0.05,1.3
2019-12-30,36,5.0,,0.05,1.8
2019-12-31,43,5.0,,0.05,2.15
2020-01-01,26,5.0,,0.05,1.3
2020-01-02,47,5.0,,0.05,2.35
2020-01-03,46,5.0,,0.05,2.3000000000000003
2020-01-04,23,5.0,,0.05,1.1500000000000001
2020-01-05,27,6.0,False,0.06,1.6199999999999999
2020-01-06,50,6.0,,0.06,3.0
2020-01-07,54,6.0,,0.06,3.2399999999999998
2020-01-08,100,6.0,,0.06,6.0
2020-01-09,49,6.0,,0.06,2.94
2020-01-10,69,6.0,,0.06,4.14
2020-01-11,24,6.0,,0.06,1.44
2020-01-12,26,6.0,False,0.06,1.56
2020-01-13,49,6.0,,0.06,2.94
2020-01-14,59,6.0,,0.06,3.54
2020-01-15,45,6.0,,0.06,2.6999999999999997
2020-01-16,66,6.0,,0.06,3.96
2020-01-17,43,6.0,,0.06,2.58
2020-01-18,39,6.0,,0.06,2.34
2020-01-19,33,6.0,False,0.06,1.98
2020-01-20,45,6.0,,0.06,2.6999999999999997
2020-01-21,46,6.0,,0.06,2.76
2020-01-22,51,6.0,,0.06,3.06
2020-01-23,53,6.0,,0.06,3.1799999999999997
2020-01-24,38,6.0,,0.06,2.28
2020-01-25,16,6.0,,0.06,0.96
2020-01-26,20,8.0,False,0.08,1.6
2020-01-27,27,8.0,,0.08,2.16
2020-01-28,48,8.0,,0.08,3.84
2020-01-29,51,8.0,,0.08,4.08
2020-01-30,61,8.0,,0.08,4.88
2020-01-31,68,8.0,,0.08,5.44
2020-02-01,26,8.0,,0.08,2.08
2020-02-02,12,10.0,False,0.1,1.2000000000000002
2020-02-03,40,10.0,,0.1,4.0
2020-02-04,80,10.0,,0.1,8.0
2020-02-05,93,10.0,,0.1,9.3
2020-02-06,63,10.0,,0.1,6.300000000000001
2020-02-07,47,10.0,,0.1,4.7
2020-02-08,25,10.0,,0.1,2.5
2020-02-09,16,9.0,False,0.09,1.44
2020-02-10,60,9.0,,0.09,5.3999999999999995
2020-02-11,53,9.0,,0.09,4.77
2020-02-12,55,9.0,,0.09,4.95
2020-02-13,40,9.0,,0.09,3.5999999999999996
2020-02-14,47,9.0,,0.09,4.2299999999999995
2020-02-15,24,9.0,,0.09,2.16
2020-02-16,23,7.0,False,0.07,1.61
2020-02-17,21,7.0,,0.07,1.4700000000000002
2020-02-18,56,7.0,,0.07,3.9200000000000004
2020-02-19,44,7.0,,0.07,3.08
2020-02-20,49,7.0,,0.07,3.43
2020-02-21,31,7.0,,0.07,2.1700000000000004
2020-02-22,23,7.0,,0.07,1.61
2020-02-23,16,12.0,False,0.12,1.92
2020-02-24,74,12.0,,0.12,8.879999999999999
2020-02-25,47,12.0,,0.12,5.64
2020-02-26,59,12.0,,0.12,7.08
2020-02-27,73,12.0,,0.12,8.76
2020-02-28,100,12.0,,0.12,12.0
2020-02-29,40,12.0,,0.12,4.8
2020-03-01,20,9.0,False,0.09,1.7999999999999998
2020-03-02,22,9.0,,0.09,1.98
2020-03-03,21,9.0,,0.09,1.89
2020-03-04,19,9.0,,0.09,1.71
2020-03-05,21,9.0,,0.09,1.89
2020-03-06,22,9.0,,0.09,1.98
2020-03-07,10,9.0,,0.09,0.8999999999999999
2020-03-08,12,25.0,False,0.25,3.0
2020-03-09,48,25.0,,0.25,12.0
2020-03-10,33,25.0,,0.25,8.25
2020-03-11,24,25.0,,0.25,6.0
2020-03-12,91,25.0,,0.25,22.75
2020-03-13,100,25.0,,0.25,25.0
2020-03-14,34,25.0,,0.25,8.5
2020-03-15,30,24.0,False,0.24,7.199999999999999
2020-03-16,70,24.0,,0.24,16.8
2020-03-17,48,24.0,,0.24,11.52
2020-03-18,55,24.0,,0.24,13.2
2020-03-19,50,24.0,,0.24,12.0
2020-03-20,58,24.0,,0.24,13.92
2020-03-21,43,24.0,,0.24,10.32
2020-03-22,30,16.0,False,0.16,4.8
2020-03-23,48,16.0,,0.16,7.68
2020-03-24,47,16.0,,0.16,7.5200000000000005
2020-03-25,29,16.0,,0.16,4.64
2020-03-26,36,16.0,,0.16,5.76
2020-03-27,31,16.0,,0.16,4.96
2020-03-28,29,16.0,,0.16,4.64
2020-03-29,19,13.0,False,0.13,2.47
2020-03-30,37,13.0,,0.13,4.8100000000000005
2020-03-31,27,13.0,,0.13,3.5100000000000002
2020-04-01,64,13.0,,0.13,8.32
2020-04-02,66,13.0,,0.13,8.58
2020-04-03,57,13.0,,0.13,7.41
2020-04-04,37,13.0,,0.13,4.8100000000000005
2020-04-05,53,10.0,False,0.1,5.300000000000001
2020-04-06,70,10.0,,0.1,7.0
2020-04-07,65,10.0,,0.1,6.5
2020-04-08,67,10.0,,0.1,6.7
2020-04-09,50,10.0,,0.1,5.0
2020-04-10,54,10.0,,0.1,5.4
2020-04-11,36,10.0,,0.1,3.6
2020-04-12,52,10.0,False,0.1,5.2
2020-04-13,68,10.0,,0.1,6.800000000000001
2020-04-14,61,10.0,,0.1,6.1000000000000005
2020-04-15,45,10.0,,0.1,4.5
2020-04-16,64,10.0,,0.1,6.4
2020-04-17,55,10.0,,0.1,5.5
2020-04-18,39,10.0,,0.1,3.9000000000000004
2020-04-19,37,11.0,False,0.11,4.07
2020-04-20,76,11.0,,0.11,8.36
2020-04-21,62,11.0,,0.11,6.82
2020-04-22,63,11.0,,0.11,6.93
2020-04-23,46,11.0,,0.11,5.06
2020-04-24,67,11.0,,0.11,7.37
2020-04-25,48,11.0,,0.11,5.28
2020-04-26,39,14.0,False,0.14,5.460000000000001
2020-04-27,82,14.0,,0.14,11.48
2020-04-28,54,14.0,,0.14,7.5600000000000005
2020-04-29,87,14.0,,0.14,12.180000000000001
2020-04-30,100,14.0,,0.14,14.000000000000002
2020-05-01,60,14.0,,0.14,8.4
2020-05-02,39,14.0,,0.14,5.460000000000001
2020-05-03,45,16.0,False,0.16,7.2
2020-05-04,57,16.0,,0.16,9.120000000000001
2020-05-05,40,16.0,,0.16,6.4
2020-05-06,57,16.0,,0.16,9.120000000000001
2020-05-07,50,16.0,,0.16,8.0
2020-05-08,82,16.0,,0.16,13.120000000000001
2020-05-09,50,16.0,,0.16,8.0
2020-05-10,59,17.0,False,0.17,10.030000000000001
2020-05-11,100,17.0,,0.17,17.0
2020-05-12,66,17.0,,0.17,11.22
2020-05-13,65,17.0,,0.17,11.05
2020-05-14,61,17.0,,0.17,10.370000000000001
2020-05-15,52,17.0,,0.17,8.84
2020-05-16,38,17.0,,0.17,6.460000000000001
2020-05-17,33,11.0,False,0.11,3.63
2020-05-18,61,11.0,,0.11,6.71
2020-05-19,54,11.0,,0.11,5.94
2020-05-20,42,11.0,,0.11,4.62
2020-05-21,48,11.0,,0.11,5.28
2020-05-22,50,11.0,,0.11,5.5
2020-05-23,27,11.0,,0.11,2.97
2020-05-24,14,9.0,False,0.09,1.26
2020-05-25,17,9.0,,0.09,1.53
2020-05-26,35,9.0,,0.09,3.15
2020-05-27,59,9.0,,0.09,5.31
2020-05-28,53,9.0,,0.09,4.77
2020-05-29,42,9.0,,0.09,3.78
2020-05-30,30,9.0,,0.09,2.6999999999999997
2020-05-31,29,11.0,False,0.11,3.19
2020-06-01,59,11.0,,0.11,6.49
2020-06-02,100,11.0,,0.11,11.0
2020-06-03,89,11.0,,0.11,9.790000000000001
2020-06-04,71,11.0,,0.11,7.81
2020-06-05,73,11.0,,0.11,8.03
2020-06-06,38,11.0,,0.11,4.18
2020-06-07,37,12.0,False,0.12,4.4399999999999995
2020-06-08,48,12.0,,0.12,5.76
2020-06-09,72,12.0,,0.12,8.64
2020-06-10,66,12.0,,0.12,7.92
2020-06-11,81,12.0,,0.12,9.719999999999999
2020-06-12,58,12.0,,0.12,6.96
2020-06-13,40,12.0,,0.12,4.8
2020-06-14,47,8.0,False,0.08,3.7600000000000002
2020-06-15,62,8.0,,0.08,4.96
2020-06-16,57,8.0,,0.08,4.5600000000000005
2020-06-17,52,8.0,,0.08,4.16
2020-06-18,45,8.0,,0.08,3.6
2020-06-19,38,8.0,,0.08,3.04
2020-06-20,35,8.0,,0.08,2.8000000000000003
2020-06-21,24,9.0,False,0.09,2.16
2020-06-22,63,9.0,,0.09,5.67
2020-06-23,52,9.0,,0.09,4.68
2020-06-24,64,9.0,,0.09,5.76
2020-06-25,64,9.0,,0.09,5.76
2020-06-26,57,9.0,,0.09,5.13
2020-06-27,46,9.0,,0.09,4.14
2020-06-28,43,7.0,False,0.07,3.0100000000000002
2020-06-29,51,7.0,,0.07,3.5700000000000003
2020-06-30,42,7.0,,0.07,2.9400000000000004
2020-07-01,43,7.0,,0.07,3.0100000000000002
2020-07-02,31,7.0,,0.07,2.1700000000000004
2020-07-03,41,7.0,,0.07,2.87
2020-07-04,28,7.0,,0.07,1.9600000000000002
2020-07-05,32,10.0,False,0.1,3.2
2020-07-06,66,10.0,,0.1,6.6000000000000005
2020-07-07,58,10.0,,0.1,5.800000000000001
2020-07-08,61,10.0,,0.1,6.1000000000000005
2020-07-09,60,10.0,,0.1,6.0
2020-07-10,38,10.0,,0.1,3.8000000000000003
2020-07-11,26,10.0,,0.1,2.6
2020-07-12,22,8.0,False,0.08,1.76
2020-07-13,35,8.0,,0.08,2.8000000000000003
2020-07-14,49,8.0,,0.08,3.92
2020-07-15,53,8.0,,0.08,4.24
2020-07-16,66,8.0,,0.08,5.28
2020-07-17,31,8.0,,0.08,2.48
2020-07-18,35,8.0,,0.08,2.8000000000000003
2020-07-19,39,9.0,False,0.09,3.51
2020-07-20,50,9.0,,0.09,4.5
2020-07-21,36,9.0,,0.09,3.2399999999999998
2020-07-22,44,9.0,,0.09,3.96
2020-07-23,57,9.0,,0.09,5.13
2020-07-24,44,9.0,,0.09,3.96
2020-07-25,28,9.0,,0.09,2.52
2020-07-26,36,15.0,False,0.15,5.3999999999999995
2020-07-27,99,15.0,,0.15,14.85
2020-07-28,97,15.0,,0.15,14.549999999999999
2020-07-29,100,15.0,,0.15,15.0
2020-07-30,87,15.0,,0.15,13.049999999999999
2020-07-31,68,15.0,,0.15,10.2
2020-08-01,70,15.0,,0.15,10.5
2020-08-02,61,14.0,False,0.14,8.540000000000001
2020-08-03,84,14.0,,0.14,11.760000000000002
2020-08-04,80,14.0,,0.14,11.200000000000001
2020-08-05,81,14.0,,0.14,11.340000000000002
2020-08-06,73,14.0,,0.14,10.22
2020-08-07,76,14.0,,0.14,10.64
2020-08-08,43,14.0,,0.14,6.0200000000000005
2020-08-09,36,13.0,False,0.13,4.68
2020-08-10,83,13.0,,0.13,10.790000000000001
2020-08-11,71,13.0,,0.13,9.23
2020-08-12,52,13.0,,0.13,6.76
2020-08-13,73,13.0,,0.13,9.49
2020-08-14,92,13.0,,0.13,11.96
2020-08-15,62,13.0,,0.13,8.06
2020-08-16,33,13.0,False,0.13,4.29
2020-08-17,100,13.0,,0.13,13.0
2020-08-18,99,13.0,,0.13,12.870000000000001
2020-08-19,71,13.0,,0.13,9.23
2020-08-20,72,13.0,,0.13,9.36
2020-08-21,69,13.0,,0.13,8.97
2020-08-22,52,13.0,,0.13,6.76
2020-08-23,31,9.0,False,0.09,2.79
2020-08-24,65,9.0,,0.09,5.85
2020-08-25,64,9.0,,0.09,5.76
2020-08-26,58,9.0,,0.09,5.22
2020-08-27,56,9.0,,0.09,5.04
2020-08-28,58,9.0,,0.09,5.22
2020-08-29,33,9.0,,0.09,2.9699999999999998
2020-08-30,23,12.0,False,0.12,2.76
2020-08-31,66,12.0,,0.12,7.92
2020-09-01,73,12.0,,0.12,8.76
2020-09-02,96,12.0,,0.12,11.52
2020-09-03,87,12.0,,0.12,10.44
2020-09-04,87,12.0,,0.12,10.44
2020-09-05,76,12.0,,0.12,9.12
2020-09-06,31,9.0,False,0.09,2.79
2020-09-07,57,9.0,,0.09,5.13
2020-09-08,100,9.0,,0.09,9.0
2020-09-09,86,9.0,,0.09,7.739999999999999
2020-09-10,80,9.0,,0.09,7.199999999999999
2020-09-11,69,9.0,,0.09,6.21
2020-09-12,35,9.0,,0.09,3.15
2020-09-13,34,8.0,False,0.08,2.72
2020-09-14,84,8.0,,0.08,6.72
2020-09-15,59,8.0,,0.08,4.72
2020-09-16,88,8.0,,0.08,7.04
2020-09-17,72,8.0,,0.08,5.76
2020-09-18,74,8.0,,0.08,5.92
2020-09-19,45,8.0,,0.08,3.6
2020-09-20,18,8.0,False,0.08,1.44
2020-09-21,71,8.0,,0.08,5.68
2020-09-22,76,8.0,,0.08,6.08
2020-09-23,40,8.0,,0.08,3.2
2020-09-24,69,8.0,,0.08,5.5200000000000005
2020-09-25,54,8.0,,0.08,4.32
2020-09-26,32,8.0,,0.08,2.56
2020-09-27,24,6.0,False,0.06,1.44
2020-09-28,53,6.0,,0.06,3.1799999999999997
2020-09-29,54,6.0,,0.06,3.2399999999999998
2020-09-30,53,6.0,,0.06,3.1799999999999997
2020-10-01,29,6.0,,0.06,1.74
2020-10-02,38,6.0,,0.06,2.28
2020-10-03,28,6.0,,0.06,1.68
2020-10-04,17,9.0,False,0.09,1.53
2020-10-05,24,9.0,,0.09,2.16
2020-10-06,50,9.0,,0.09,4.5
2020-10-07,42,9.0,,0.09,3.78
2020-10-08,57,9.0,,0.09,5.13
2020-10-09,42,9.0,,0.09,3.78
2020-10-10,22,9.0,,0.09,1.98
2020-10-11,26,7.0,False,0.07,1.8200000000000003
2020-10-12,41,7.0,,0.07,2.87
2020-10-13,40,7.0,,0.07,2.8000000000000003
2020-10-14,46,7.0,,0.07,3.22
2020-10-15,50,7.0,,0.07,3.5000000000000004
2020-10-16,35,7.0,,0.07,2.45
2020-10-17,20,7.0,,0.07,1.4000000000000001
2020-10-18,29,12.0,False,0.12,3.48
2020-10-19,46,12.0,,0.12,5.52
2020-10-20,39,12.0,,0.12,4.68
2020-10-21,61,12.0,,0.12,7.319999999999999
2020-10-22,100,12.0,,0.12,12.0
2020-10-23,70,12.0,,0.12,8.4
2020-10-24,43,12.0,,0.12,5.16
2020-10-25,27,11.0,False,0.11,2.97
2020-10-26,62,11.0,,0.11,6.82
2020-10-27,63,11.0,,0.11,6.93
2020-10-28,70,11.0,,0.11,7.7
2020-10-29,67,11.0,,0.11,7.37
2020-10-30,51,11.0,,0.11,5.61
2020-10-31,25,11.0,,0.11,2.75
2020-11-01,21,13.0,False,0.13,2.73
2020-11-02,50,13.0,,0.13,6.5
2020-11-03,38,13.0,,0.13,4.94
2020-11-04,37,13.0,,0.13,4.8100000000000005
2020-11-05,58,13.0,,0.13,7.54
2020-11-06,51,13.0,,0.13,6.63
2020-11-07,26,13.0,,0.13,3.38
2020-11-08,33,14.0,False,0.14,4.62
2020-11-09,61,14.0,,0.14,8.540000000000001
2020-11-10,42,14.0,,0.14,5.880000000000001
2020-11-11,56,14.0,,0.14,7.840000000000001
2020-11-12,39,14.0,,0.14,5.460000000000001
2020-11-13,62,14.0,,0.14,8.680000000000001
2020-11-14,23,14.0,,0.14,3.22
2020-11-15,22,22.0,False,0.22,4.84
2020-11-16,67,22.0,,0.22,14.74
2020-11-17,87,22.0,,0.22,19.14
2020-11-18,96,22.0,,0.22,21.12
2020-11-19,84,22.0,,0.22,18.48
2020-11-20,70,22.0,,0.22,15.4
2020-11-21,51,22.0,,0.22,11.22
2020-11-22,48,25.0,False,0.25,12.0
2020-11-23,69,25.0,,0.25,17.25
2020-11-24,100,25.0,,0.25,25.0
2020-11-25,86,25.0,,0.25,21.5
2020-11-26,83,25.0,,0.25,20.75
2020-11-27,81,25.0,,0.25,20.25
2020-11-28,44,25.0,,0.25,11.0
2020-11-29,40,26.0,False,0.26,10.4
2020-11-30,79,26.0,,0.26,20.54
2020-12-01,50,26.0,,0.26,13.0
2020-12-02,33,26.0,,0.26,8.58
2020-12-03,49,26.0,,0.26,12.74
2020-12-04,42,26.0,,0.26,10.92
2020-12-05,22,26.0,,0.26,5.720000000000001
2020-12-06,19,20.0,False,0.2,3.8000000000000003
2020-12-07,41,20.0,,0.2,8.200000000000001
2020-12-08,41,20.0,,0.2,8.200000000000001
2020-12-09,36,20.0,,0.2,7.2
2020-12-10,28,20.0,,0.2,5.6000000000000005
2020-12-11,26,20.0,,0.2,5.2
2020-12-12,23,20.0,,0.2,4.6000000000000005
2020-12-13,12,33.0,False,0.33,3.96
2020-12-14,28,33.0,,0.33,9.24
2020-12-15,29,33.0,,0.33,9.57
2020-12-16,61,33.0,,0.33,20.130000000000003
2020-12-17,100,33.0,,0.33,33.0
2020-12-18,73,33.0,,0.33,24.09
2020-12-19,37,33.0,,0.33,12.21
2020-12-20,25,29.0,False,0.29,7.249999999999999
2020-12-21,69,29.0,,0.29,20.009999999999998
2020-12-22,48,29.0,,0.29,13.919999999999998
2020-12-23,44,29.0,,0.29,12.76
2020-12-24,47,29.0,,0.29,13.629999999999999
2020-12-25,26,29.0,,0.29,7.539999999999999
2020-12-26,34,29.0,,0.29,9.86
2020-12-27,41,48.0,False,0.48,19.68
2020-12-28,84,48.0,,0.48,40.32
2020-12-29,65,48.0,,0.48,31.2
2020-12-30,80,48.0,,0.48,38.4
2020-12-31,82,48.0,,0.48,39.36
2021-01-01,20,48.0,,0.48,9.6
2021-01-02,27,48.0,,0.48,12.959999999999999
2021-01-03,33,87.0,False,0.87,28.71
2021-01-04,52,87.0,,0.87,45.24
2021-01-05,33,87.0,,0.87,28.71
2021-01-06,46,87.0,,0.87,40.02
2021-01-07,64,87.0,,0.87,55.68
2021-01-08,68,87.0,,0.87,59.16
2021-01-09,38,87.0,,0.87,33.06
2021-01-10,34,92.0,False,0.92,31.28
2021-01-11,83,92.0,,0.92,76.36
2021-01-12,60,92.0,,0.92,55.2
2021-01-13,50,92.0,,0.92,46.0
2021-01-14,52,92.0,,0.92,47.84
2021-01-15,48,92.0,,0.92,44.160000000000004
2021-01-16,23,92.0,,0.92,21.16
2021-01-17,21,53.0,False,0.53,11.13
2021-01-18,21,53.0,,0.53,11.13
2021-01-19,29,53.0,,0.53,15.370000000000001
2021-01-20,31,53.0,,0.53,16.43
2021-01-21,38,53.0,,0.53,20.14
2021-01-22,38,53.0,,0.53,20.14
2021-01-23,21,53.0,,0.53,11.13
2021-01-24,12,86.0,False,0.86,10.32
2021-01-25,30,86.0,,0.86,25.8
2021-01-26,29,86.0,,0.86,24.94
2021-01-27,47,86.0,,0.86,40.42
2021-01-28,57,86.0,,0.86,49.019999999999996
2021-01-29,100,86.0,,0.86,86.0
2021-01-30,42,86.0,,0.86,36.12
2021-01-31,26,67.0,False,0.67,17.42
2021-02-01,47,67.0,,0.67,31.490000000000002
2021-02-02,42,67.0,,0.67,28.14
2021-02-03,38,67.0,,0.67,25.46
2021-02-04,37,67.0,,0.67,24.790000000000003
2021-02-05,38,67.0,,0.67,25.46
2021-02-06,25,67.0,,0.67,16.75
2021-02-07,23,100.0,False,1.0,23.0
2021-02-08,91,100.0,,1.0,91.0
2021-02-09,98,100.0,,1.0,98.0
2021-02-10,66,100.0,,1.0,66.0
2021-02-11,55,100.0,,1.0,55.0
2021-02-12,50,100.0,,1.0,50.0
2021-02-13,29,100.0,,1.0,29.0
2021-02-14,33,80.0,False,0.8,26.400000000000002
2021-02-15,31,80.0,,0.8,24.8
2021-02-16,54,80.0,,0.8,43.2
2021-02-17,53,80.0,,0.8,42.400000000000006
2021-02-18,62,80.0,,0.8,49.6
2021-02-19,60,80.0,,0.8,48.0
2021-02-20,42,80.0,,0.8,33.6
2021-02-21,38,100.0,False,1.0,38.0
2021-02-22,64,100.0,,1.0,64.0
2021-02-23,100,100.0,,1.0,100.0
2021-02-24,69,100.0,,1.0,69.0
2021-02-25,60,100.0,,1.0,60.0
2021-02-26,61,100.0,,1.0,61.0
2021-02-27,30,100.0,,1.0,30.0
2021-02-28,26,64.0,False,0.64,16.64
2021-03-01,100,64.0,,0.64,64.0
2021-03-02,96,64.0,,0.64,61.44
2021-03-03,79,64.0,,0.64,50.56
2021-03-04,84,64.0,,0.64,53.76
2021-03-05,95,64.0,,0.64,60.800000000000004
2021-03-06,39,64.0,,0.64,24.96
2021-03-07,33,61.0,False,0.61,20.13
2021-03-08,74,61.0,,0.61,45.14
2021-03-09,87,61.0,,0.61,53.07
2021-03-10,87,61.0,,0.61,53.07
2021-03-11,87,61.0,,0.61,53.07
2021-03-12,78,61.0,,0.61,47.58
2021-03-13,49,61.0,,0.61,29.89
2021-03-14,47,55.0,False,0.55,25.85
2021-03-15,75,55.0,,0.55,41.25
2021-03-16,79,55.0,,0.55,43.45
2021-03-17,76,55.0,,0.55,41.800000000000004
2021-03-18,73,55.0,,0.55,40.150000000000006
2021-03-19,66,55.0,,0.55,36.300000000000004
2021-03-20,32,55.0,,0.55,17.6
2021-03-21,23,50.0,False,0.5,11.5
2021-03-22,59,50.0,,0.5,29.5
2021-03-23,55,50.0,,0.5,27.5
2021-03-24,73,50.0,,0.5,36.5
2021-03-25,78,50.0,,0.5,39.0
2021-03-26,71,50.0,,0.5,35.5
2021-03-27,26,50.0,,0.5,13.0
2021-03-28,37,42.0,False,0.42,15.54
2021-03-29,59,42.0,,0.42,24.779999999999998
2021-03-30,64,42.0,,0.42,26.88
2021-03-31,51,42.0,,0.42,21.419999999999998
2021-04-01,57,42.0,,0.42,23.939999999999998
2021-04-02,39,42.0,,0.42,16.38
2021-04-03,32,42.0,,0.42,13.44
2021-04-04,25,35.0,False,0.35,8.75
2021-04-05,51,35.0,,0.35,17.849999999999998
2021-04-06,55,35.0,,0.35,19.25
2021-04-07,47,35.0,,0.35,16.45
2021-04-08,42,35.0,,0.35,14.7
2021-04-09,45,35.0,,0.35,15.749999999999998
2021-04-10,28,35.0,,0.35,9.799999999999999
2021-04-11,20,57.0,False,0.57,11.399999999999999
2021-04-12,46,57.0,,0.57,26.22
2021-04-13,80,57.0,,0.57,45.599999999999994
2021-04-14,95,57.0,,0.57,54.15
2021-04-15,75,57.0,,0.57,42.74999999999999
2021-04-16,85,57.0,,0.57,48.449999999999996
2021-04-17,39,57.0,,0.57,22.229999999999997
2021-04-18,52,65.0,False,0.65,33.800000000000004
2021-04-19,89,65.0,,0.65,57.85
2021-04-20,77,65.0,,0.65,50.050000000000004
2021-04-21,70,65.0,,0.65,45.5
2021-04-22,67,65.0,,0.65,43.550000000000004
2021-04-23,100,65.0,,0.65,65.0
2021-04-24,42,65.0,,0.65,27.3
2021-04-25,33,47.0,False,0.47,15.51
2021-04-26,77,47.0,,0.47,36.19
2021-04-27,65,47.0,,0.47,30.549999999999997
2021-04-28,60,47.0,,0.47,28.2
2021-04-29,55,47.0,,0.47,25.849999999999998
2021-04-30,52,47.0,,0.47,24.439999999999998
2021-05-01,19,47.0,,0.47,8.93
2021-05-02,14,41.0,False,0.41,5.739999999999999
2021-05-03,30,41.0,,0.41,12.299999999999999
2021-05-04,33,41.0,,0.41,13.53
2021-05-05,31,41.0,,0.41,12.709999999999999
2021-05-06,30,41.0,,0.41,12.299999999999999
2021-05-07,26,41.0,,0.41,10.66
2021-05-08,20,41.0,,0.41,8.2
2021-05-09,16,51.0,False,0.51,8.16
2021-05-10,28,51.0,,0.51,14.280000000000001
2021-05-11,32,51.0,,0.51,16.32
2021-05-12,41,51.0,,0.51,20.91
2021-05-13,69,51.0,,0.51,35.19
2021-05-14,43,51.0,,0.51,21.93
2021-05-15,20,51.0,,0.51,10.2
2021-05-16,20,82.0,False,0.82,16.4
2021-05-17,54,82.0,,0.82,44.279999999999994
2021-05-18,40,82.0,,0.82,32.8
2021-05-19,100,82.0,,0.82,82.0
2021-05-20,69,82.0,,0.82,56.58
2021-05-21,55,82.0,,0.82,45.099999999999994
2021-05-22,29,82.0,,0.82,23.779999999999998
2021-05-23,29,58.0,False,0.58,16.82
2021-05-24,50,58.0,,0.58,28.999999999999996
2021-05-25,39,58.0,,0.58,22.619999999999997
2021-05-26,40,58.0,,0.58,23.2
2021-05-27,37,58.0,,0.58,21.459999999999997
2021-05-28,39,58.0,,0.58,22.619999999999997
2021-05-29,18,58.0,,0.58,10.44
2021-05-30,15,48.0,False,0.48,7.199999999999999
2021-05-31,20,48.0,,0.48,9.6
2021-06-01,83,48.0,,0.48,39.839999999999996
2021-06-02,100,48.0,,0.48,48.0
2021-06-03,83,48.0,,0.48,39.839999999999996
2021-06-04,92,48.0,,0.48,44.16
2021-06-05,47,48.0,,0.48,22.56
2021-06-06,37,45.0,False,0.45,16.650000000000002
2021-06-07,82,45.0,,0.45,36.9
2021-06-08,99,45.0,,0.45,44.550000000000004
2021-06-09,93,45.0,,0.45,41.85
2021-06-10,81,45.0,,0.45,36.45
2021-06-11,55,45.0,,0.45,24.75
2021-06-12,36,45.0,,0.45,16.2
2021-06-13,30,37.0,False,0.37,11.1
2021-06-14,78,37.0,,0.37,28.86
2021-06-15,64,37.0,,0.37,23.68
2021-06-16,61,37.0,,0.37,22.57
2021-06-17,67,37.0,,0.37,24.79
2021-06-18,64,37.0,,0.37,23.68
2021-06-19,32,37.0,,0.37,11.84
2021-06-20,30,44.0,False,0.44,13.2
2021-06-21,84,44.0,,0.44,36.96
2021-06-22,97,44.0,,0.44,42.68
2021-06-23,86,44.0,,0.44,37.84
2021-06-24,75,44.0,,0.44,33.0
2021-06-25,67,44.0,,0.44,29.48
2021-06-26,28,44.0,,0.44,12.32
2021-06-27,26,30.0,False,0.3,7.8
2021-06-28,66,30.0,,0.3,19.8
2021-06-29,57,30.0,,0.3,17.099999999999998
2021-06-30,51,30.0,,0.3,15.299999999999999
2021-07-01,69,30.0,,0.3,20.7
2021-07-02,67,30.0,,0.3,20.099999999999998
2021-07-03,37,30.0,,0.3,11.1
2021-07-04,29,25.0,False,0.25,7.25
2021-07-05,47,25.0,,0.25,11.75
2021-07-06,59,25.0,,0.25,14.75
2021-07-07,68,25.0,,0.25,17.0
2021-07-08,72,25.0,,0.25,18.0
2021-07-09,62,25.0,,0.25,15.5
2021-07-10,26,25.0,,0.25,6.5
2021-07-11,23,25.0,False,0.25,5.75
2021-07-12,54,25.0,,0.25,13.5
2021-07-13,56,25.0,,0.25,14.0
2021-07-14,54,25.0,,0.25,13.5
2021-07-15,65,25.0,,0.25,16.25
2021-07-16,62,25.0,,0.25,15.5
2021-07-17,38,25.0,,0.25,9.5
2021-07-18,26,30.0,False,0.3,7.8
2021-07-19,74,30.0,,0.3,22.2
2021-07-20,81,30.0,,0.3,24.3
2021-07-21,75,30.0,,0.3,22.5
2021-07-22,82,30.0,,0.3,24.599999999999998
2021-07-23,67,30.0,,0.3,20.099999999999998
2021-07-24,36,30.0,,0.3,10.799999999999999
2021-07-25,25,32.0,False,0.32,8.0
2021-07-26,100,32.0,,0.32,32.0
2021-07-27,85,32.0,,0.32,27.2
2021-07-28,75,32.0,,0.32,24.0
2021-07-29,58,32.0,,0.32,18.56
2021-07-30,55,32.0,,0.32,17.6
2021-07-31,39,32.0,,0.32,12.48
2021-08-01,30,23.0,False,0.23,6.9
2021-08-02,64,23.0,,0.23,14.72
2021-08-03,61,23.0,,0.23,14.030000000000001
2021-08-04,74,23.0,,0.23,17.02
2021-08-05,67,23.0,,0.23,15.41
2021-08-06,67,23.0,,0.23,15.41
2021-08-07,56,23.0,,0.23,12.88
2021-08-08,36,29.0,False,0.29,10.44
2021-08-09,88,29.0,,0.29,25.52
2021-08-10,92,29.0,,0.29,26.68
2021-08-11,83,29.0,,0.29,24.069999999999997
2021-08-12,70,29.0,,0.29,20.299999999999997
2021-08-13,78,29.0,,0.29,22.619999999999997
2021-08-14,38,29.0,,0.29,11.02
2021-08-15,34,26.0,False,0.26,8.84
2021-08-16,80,26.0,,0.26,20.8
2021-08-17,70,26.0,,0.26,18.2
2021-08-18,78,26.0,,0.26,20.28
2021-08-19,68,26.0,,0.26,17.68
2021-08-20,73,26.0,,0.26,18.98
2021-08-21,41,26.0,,0.26,10.66
2021-08-22,29,27.0,False,0.27,7.83
2021-08-23,86,27.0,,0.27,23.220000000000002
2021-08-24,100,27.0,,0.27,27.0
2021-08-25,76,27.0,,0.27,20.520000000000003
2021-08-26,55,27.0,,0.27,14.850000000000001
2021-08-27,64,27.0,,0.27,17.28
2021-08-28,29,27.0,,0.27,7.83
2021-08-29,29,21.0,False,0.21,6.09
2021-08-30,53,21.0,,0.21,11.129999999999999
2021-08-31,67,21.0,,0.21,14.07
2021-09-01,48,21.0,,0.21,10.08
2021-09-02,56,21.0,,0.21,11.76
2021-09-03,60,21.0,,0.21,12.6
2021-09-04,23,21.0,,0.21,4.83
2021-09-05,27,29.0,False,0.29,7.829999999999999
2021-09-06,44,29.0,,0.29,12.76
2021-09-07,100,29.0,,0.29,28.999999999999996
2021-09-08,87,29.0,,0.29,25.229999999999997
2021-09-09,68,29.0,,0.29,19.72
2021-09-10,73,29.0,,0.29,21.169999999999998
2021-09-11,24,29.0,,0.29,6.959999999999999
2021-09-12,22,21.0,False,0.21,4.62
2021-09-13,59,21.0,,0.21,12.389999999999999
2021-09-14,50,21.0,,0.21,10.5
2021-09-15,48,21.0,,0.21,10.08
2021-09-16,49,21.0,,0.21,10.29
2021-09-17,42,21.0,,0.21,8.82
2021-09-18,25,21.0,,0.21,5.25
2021-09-19,23,28.0,False,0.28,6.44
2021-09-20,83,28.0,,0.28,23.240000000000002
2021-09-21,70,28.0,,0.28,19.6
2021-09-22,66,28.0,,0.28,18.48
2021-09-23,54,28.0,,0.28,15.120000000000001
2021-09-24,90,28.0,,0.28,25.200000000000003
2021-09-25,40,28.0,,0.28,11.200000000000001
2021-09-26,30,21.0,False,0.21,6.3
2021-09-27,52,21.0,,0.21,10.92
2021-09-28,55,21.0,,0.21,11.549999999999999
2021-09-29,53,21.0,,0.21,11.129999999999999
2021-09-30,58,21.0,,0.21,12.18
2021-10-01,51,21.0,,0.21,10.709999999999999
2021-10-02,32,21.0,,0.21,6.72
2021-10-03,19,20.0,False,0.2,3.8000000000000003
2021-10-04,65,20.0,,0.2,13.0
2021-10-05,47,20.0,,0.2,9.4
2021-10-06,54,20.0,,0.2,10.8
2021-10-07,58,20.0,,0.2,11.600000000000001
2021-10-08,46,20.0,,0.2,9.200000000000001
2021-10-09,20,20.0,,0.2,4.0
2021-10-10,18,20.0,False,0.2,3.6
2021-10-11,38,20.0,,0.2,7.6000000000000005
2021-10-12,56,20.0,,0.2,11.200000000000001
2021-10-13,43,20.0,,0.2,8.6
2021-10-14,49,20.0,,0.2,9.8
2021-10-15,61,20.0,,0.2,12.200000000000001
2021-10-16,44,20.0,,0.2,8.8
2021-10-17,30,29.0,False,0.29,8.7
2021-10-18,62,29.0,,0.29,17.98
2021-10-19,78,29.0,,0.29,22.619999999999997
2021-10-20,100,29.0,,0.29,28.999999999999996
2021-10-21,84,29.0,,0.29,24.36
2021-10-22,75,29.0,,0.29,21.75
2021-10-23,36,29.0,,0.29,10.44
2021-10-24,25,23.0,False,0.23,5.75
2021-10-25,71,23.0,,0.23,16.330000000000002
2021-10-26,54,23.0,,0.23,12.42
2021-10-27,67,23.0,,0.23,15.41
2021-10-28,60,23.0,,0.23,13.8
2021-10-29,62,23.0,,0.23,14.26
2021-10-30,28,23.0,,0.23,6.44
2021-10-31,29,21.0,False,0.21,6.09
2021-11-01,79,21.0,,0.21,16.59
2021-11-02,84,21.0,,0.21,17.64
2021-11-03,68,21.0,,0.21,14.28
2021-11-04,71,21.0,,0.21,14.91
2021-11-05,76,21.0,,0.21,15.959999999999999
2021-11-06,36,21.0,,0.21,7.56
2021-11-07,37,27.0,False,0.27,9.99
2021-11-08,90,27.0,,0.27,24.3
2021-11-09,98,27.0,,0.27,26.46
2021-11-10,100,27.0,,0.27,27.0
2021-11-11,72,27.0,,0.27,19.44
2021-11-12,69,27.0,,0.27,18.630000000000003
2021-11-13,35,27.0,,0.27,9.450000000000001
2021-11-14,36,27.0,False,0.27,9.72
2021-11-15,77,27.0,,0.27,20.790000000000003
2021-11-16,99,27.0,,0.27,26.73
2021-11-17,83,27.0,,0.27,22.41
2021-11-18,99,27.0,,0.27,26.73
2021-11-19,84,27.0,,0.27,22.68
2021-11-20,35,27.0,,0.27,9.450000000000001
2021-11-21,30,21.0,False,0.21,6.3
2021-11-22,80,21.0,,0.21,16.8
2021-11-23,71,21.0,,0.21,14.91
2021-11-24,69,21.0,,0.21,14.49
2021-11-25,41,21.0,,0.21,8.61
2021-11-26,100,21.0,,0.21,21.0
2021-11-27,38,21.0,,0.21,7.9799999999999995
2021-11-28,43,23.0,True,0.23,9.89
2021-11-29,73,23.0,,0.23,16.79
2021-11-30,73,23.0,,0.23,16.79
2021-12-01,96,23.0,,0.23,22.080000000000002
2021-12-02,100,23.0,,0.23,23.0
