date,bitcoin_unscaled,bitcoin_monthly,isPartial,scale,bitcoin
2017-08-01,88,,,,
2017-08-02,77,,,,
2017-08-03,57,,,,
2017-08-04,53,,,,
2017-08-05,64,,,,
2017-08-06,52,15.0,False,0.15,7.8
2017-08-07,65,15.0,,0.15,9.75
2017-08-08,63,15.0,,0.15,9.45
2017-08-09,60,15.0,,0.15,9.0
2017-08-10,59,15.0,,0.15,8.85
2017-08-11,59,15.0,,0.15,8.85
2017-08-12,75,15.0,,0.15,11.25
2017-08-13,85,20.0,False,0.2,17.0
2017-08-14,100,20.0,,0.2,20.0
2017-08-15,99,20.0,,0.2,19.8
2017-08-16,84,20.0,,0.2,16.8
2017-08-17,82,20.0,,0.2,16.400000000000002
2017-08-18,82,20.0,,0.2,16.400000000000002
2017-08-19,73,20.0,,0.2,14.600000000000001
2017-08-20,64,16.0,False,0.16,10.24
2017-08-21,69,16.0,,0.16,11.040000000000001
2017-08-22,78,16.0,,0.16,12.48
2017-08-23,68,16.0,,0.16,10.88
2017-08-24,68,16.0,,0.16,10.88
2017-08-25,72,16.0,,0.16,11.52
2017-08-26,60,16.0,,0.16,9.6
2017-08-27,56,18.0,False,0.18,10.08
2017-08-28,60,18.0,,0.18,10.799999999999999
2017-08-29,72,18.0,,0.18,12.959999999999999
2017-08-30,73,18.0,,0.18,13.139999999999999
2017-08-31,83,18.0,,0.18,14.94
2017-09-01,70,18.0,,0.18,12.6
2017-09-02,64,18.0,,0.18,11.52
2017-09-03,56,19.0,False,0.19,10.64
2017-09-04,69,19.0,,0.19,13.11
2017-09-05,69,19.0,,0.19,13.11
2017-09-06,61,19.0,,0.19,11.59
2017-09-07,57,19.0,,0.19,10.83
2017-09-08,54,19.0,,0.19,10.26
2017-09-09,50,19.0,,0.19,9.5
2017-09-10,49,22.0,False,0.22,10.78
2017-09-11,56,22.0,,0.22,12.32
2017-09-12,55,22.0,,0.22,12.1
2017-09-13,70,22.0,,0.22,15.4
2017-09-14,85,22.0,,0.22,18.7
2017-09-15,100,22.0,,0.22,22.0
2017-09-16,65,22.0,,0.22,14.3
2017-09-17,55,16.0,False,0.16,8.8
2017-09-18,63,16.0,,0.16,10.08
2017-09-19,59,16.0,,0.16,9.44
2017-09-20,51,16.0,,0.16,8.16
2017-09-21,52,16.0,,0.16,8.32
2017-09-22,47,16.0,,0.16,7.5200000000000005
2017-09-23,39,16.0,,0.16,6.24
2017-09-24,35,13.0,False,0.13,4.55
2017-09-25,45,13.0,,0.13,5.8500000000000005
2017-09-26,40,13.0,,0.13,5.2
2017-09-27,45,13.0,,0.13,5.8500000000000005
2017-09-28,45,13.0,,0.13,5.8500000000000005
2017-09-29,46,13.0,,0.13,5.98
2017-09-30,39,13.0,,0.13,5.07
2017-10-01,42,13.0,False,0.13,5.46
2017-10-02,47,13.0,,0.13,6.11
2017-10-03,44,13.0,,0.13,5.720000000000001
2017-10-04,42,13.0,,0.13,5.46
2017-10-05,46,13.0,,0.13,5.98
2017-10-06,42,13.0,,0.13,5.46
2017-10-07,36,13.0,,0.13,4.68
2017-10-08,41,19.0,False,0.19,7.79
2017-10-09,52,19.0,,0.19,9.88
2017-10-10,53,19.0,,0.19,10.07
2017-10-11,52,19.0,,0.19,9.88
2017-10-12,81,19.0,,0.19,15.39
2017-10-13,100,19.0,,0.19,19.0
2017-10-14,69,19.0,,0.19,13.11
2017-10-15,64,20.0,False,0.2,12.8
2017-10-16,66,20.0,,0.2,13.200000000000001
2017-10-17,65,20.0,,0.2,13.0
2017-10-18,67,20.0,,0.2,13.4
2017-10-19,66,20.0,,0.2,13.200000000000001
2017-10-20,71,20.0,,0.2,14.200000000000001
2017-10-21,82,20.0,,0.2,16.400000000000002
2017-10-22,69,22.0,False,0.22,15.18
2017-10-23,80,22.0,,0.22,17.6
2017-10-24,87,22.0,,0.22,19.14
2017-10-25,77,22.0,,0.22,16.94
2017-10-26,75,22.0,,0.22,16.5
2017-10-27,64,22.0,,0.22,14.08
2017-10-28,53,22.0,,0.22,11.66
2017-10-29,59,29.0,False,0.29,17.11
2017-10-30,71,29.0,,0.29,20.59
2017-10-31,82,29.0,,0.29,23.779999999999998
2017-11-01,31,29.0,,0.29,8.99
2017-11-02,38,29.0,,0.29,11.02
2017-11-03,37,29.0,,0.29,10.729999999999999
2017-11-04,28,29.0,,0.29,8.12
2017-11-05,28,30.0,False,0.3,8.4
2017-11-06,30,30.0,,0.3,9.0
2017-11-07,28,30.0,,0.3,8.4
2017-11-08,30,30.0,,0.3,9.0
2017-11-09,29,30.0,,0.3,8.7
2017-11-10,33,30.0,,0.3,9.9
2017-11-11,31,30.0,,0.3,9.299999999999999
2017-11-12,39,32.0,False,0.32,12.48
2017-11-13,36,32.0,,0.32,11.52
2017-11-14,30,32.0,,0.32,9.6
2017-11-15,29,32.0,,0.32,9.28
2017-11-16,29,32.0,,0.32,9.28
2017-11-17,35,32.0,,0.32,11.200000000000001
2017-11-18,25,32.0,,0.32,8.0
2017-11-19,26,29.0,False,0.29,7.539999999999999
2017-11-20,33,29.0,,0.29,9.569999999999999
2017-11-21,34,29.0,,0.29,9.86
2017-11-22,30,29.0,,0.29,8.7
2017-11-23,27,29.0,,0.29,7.829999999999999
2017-11-24,26,29.0,,0.29,7.539999999999999
2017-11-25,27,29.0,,0.29,7.829999999999999
2017-11-26,40,65.0,False,0.65,26.0
2017-11-27,53,65.0,,0.65,34.45
2017-11-28,64,65.0,,0.65,41.6
2017-11-29,100,65.0,,0.65,65.0
2017-11-30,88,65.0,,0.65,57.2
2017-12-01,39,65.0,,0.65,25.35
2017-12-02,31,65.0,,0.65,20.150000000000002
2017-12-03,31,94.0,False,0.94,29.139999999999997
2017-12-04,36,94.0,,0.94,33.839999999999996
2017-12-05,37,94.0,,0.94,34.78
2017-12-06,50,94.0,,0.94,47.0
2017-12-07,98,94.0,,0.94,92.11999999999999
2017-12-08,89,94.0,,0.94,83.66
2017-12-09,58,94.0,,0.94,54.519999999999996
2017-12-10,57,89.0,False,0.89,50.730000000000004
2017-12-11,69,89.0,,0.89,61.410000000000004
2017-12-12,64,89.0,,0.89,56.96
2017-12-13,56,89.0,,0.89,49.84
2017-12-14,50,89.0,,0.89,44.5
2017-12-15,46,89.0,,0.89,40.94
2017-12-16,45,89.0,,0.89,40.05
2017-12-17,48,100.0,False,1.0,48.0
2017-12-18,51,100.0,,1.0,51.0
2017-12-19,53,100.0,,1.0,53.0
2017-12-20,70,100.0,,1.0,70.0
2017-12-21,53,100.0,,1.0,53.0
2017-12-22,100,100.0,,1.0,100.0
2017-12-23,66,100.0,,1.0,66.0
2017-12-24,49,65.0,False,0.65,31.85
2017-12-25,41,65.0,,0.65,26.650000000000002
2017-12-26,43,65.0,,0.65,27.95
2017-12-27,40,65.0,,0.65,26.0
2017-12-28,41,65.0,,0.65,26.650000000000002
2017-12-29,35,65.0,,0.65,22.75
2017-12-30,35,65.0,,0.65,22.75
2017-12-31,29,50.0,False,0.5,14.5
2018-01-01,50,50.0,,0.5,25.0
2018-01-02,58,50.0,,0.5,29.0
2018-01-03,59,50.0,,0.5,29.5
2018-01-04,57,50.0,,0.5,28.5
2018-01-05,55,50.0,,0.5,27.5
2018-01-06,46,50.0,,0.5,23.0
2018-01-07,46,48.0,False,0.48,22.08
2018-01-08,53,48.0,,0.48,25.439999999999998
2018-01-09,51,48.0,,0.48,24.48
2018-01-10,53,48.0,,0.48,25.439999999999998
2018-01-11,60,48.0,,0.48,28.799999999999997
2018-01-12,50,48.0,,0.48,24.0
2018-01-13,42,48.0,,0.48,20.16
2018-01-14,38,58.0,False,0.58,22.04
2018-01-15,41,58.0,,0.58,23.779999999999998
2018-01-16,76,58.0,,0.58,44.08
2018-01-17,100,58.0,,0.58,57.99999999999999
2018-01-18,74,58.0,,0.58,42.919999999999995
2018-01-19,54,58.0,,0.58,31.319999999999997
2018-01-20,43,58.0,,0.58,24.939999999999998
2018-01-21,40,40.0,False,0.4,16.0
2018-01-22,46,40.0,,0.4,18.400000000000002
2018-01-23,45,40.0,,0.4,18.0
2018-01-24,42,40.0,,0.4,16.8
2018-01-25,40,40.0,,0.4,16.0
2018-01-26,40,40.0,,0.4,16.0
2018-01-27,34,40.0,,0.4,13.600000000000001
2018-01-28,33,42.0,False,0.42,13.86
2018-01-29,35,42.0,,0.42,14.7
2018-01-30,37,42.0,,0.42,15.54
2018-01-31,41,42.0,,0.42,17.22
2018-02-01,59,42.0,,0.42,24.779999999999998
2018-02-02,77,42.0,,0.42,32.339999999999996
2018-02-03,53,42.0,,0.42,22.259999999999998
2018-02-04,45,51.0,False,0.51,22.95
2018-02-05,79,51.0,,0.51,40.29
2018-02-06,100,51.0,,0.51,51.0
2018-02-07,64,51.0,,0.51,32.64
2018-02-08,56,51.0,,0.51,28.560000000000002
2018-02-09,49,51.0,,0.51,24.990000000000002
2018-02-10,40,51.0,,0.51,20.4
2018-02-11,35,30.0,False,0.3,10.5
2018-02-12,40,30.0,,0.3,12.0
2018-02-13,35,30.0,,0.3,10.5
2018-02-14,36,30.0,,0.3,10.799999999999999
2018-02-15,39,30.0,,0.3,11.7
2018-02-16,35,30.0,,0.3,10.5
2018-02-17,31,30.0,,0.3,9.299999999999999
2018-02-18,34,25.0,False,0.25,8.5
2018-02-19,31,25.0,,0.25,7.75
2018-02-20,36,25.0,,0.25,9.0
2018-02-21,34,25.0,,0.25,8.5
2018-02-22,32,25.0,,0.25,8.0
2018-02-23,30,25.0,,0.25,7.5
2018-02-24,25,25.0,,0.25,6.25
2018-02-25,23,20.0,False,0.2,4.6000000000000005
2018-02-26,27,20.0,,0.2,5.4
2018-02-27,28,20.0,,0.2,5.6000000000000005
2018-02-28,26,20.0,,0.2,5.2
2018-03-01,83,20.0,,0.2,16.6
2018-03-02,80,20.0,,0.2,16.0
2018-03-03,80,20.0,,0.2,16.0
2018-03-04,75,20.0,False,0.2,15.0
2018-03-05,84,20.0,,0.2,16.8
2018-03-06,84,20.0,,0.2,16.8
2018-03-07,93,20.0,,0.2,18.6
2018-03-08,91,20.0,,0.2,18.2
2018-03-09,99,20.0,,0.2,19.8
2018-03-10,78,20.0,,0.2,15.600000000000001
2018-03-11,76,20.0,False,0.2,15.200000000000001
2018-03-12,85,20.0,,0.2,17.0
2018-03-13,79,20.0,,0.2,15.8
2018-03-14,89,20.0,,0.2,17.8
2018-03-15,100,20.0,,0.2,20.0
2018-03-16,88,20.0,,0.2,17.6
2018-03-17,75,20.0,,0.2,15.0
2018-03-18,89,19.0,False,0.19,16.91
2018-03-19,91,19.0,,0.19,17.29
2018-03-20,86,19.0,,0.19,16.34
2018-03-21,78,19.0,,0.19,14.82
2018-03-22,80,19.0,,0.19,15.2
2018-03-23,73,19.0,,0.19,13.870000000000001
2018-03-24,64,19.0,,0.19,12.16
2018-03-25,62,18.0,False,0.18,11.16
2018-03-26,80,18.0,,0.18,14.399999999999999
2018-03-27,78,18.0,,0.18,14.04
2018-03-28,70,18.0,,0.18,12.6
2018-03-29,90,18.0,,0.18,16.2
2018-03-30,95,18.0,,0.18,17.099999999999998
2018-03-31,76,18.0,,0.18,13.68
2018-04-01,88,18.0,False,0.18,15.84
2018-04-02,100,18.0,,0.18,18.0
2018-04-03,89,18.0,,0.18,16.02
2018-04-04,82,18.0,,0.18,14.76
2018-04-05,91,18.0,,0.18,16.38
2018-04-06,95,18.0,,0.18,17.099999999999998
2018-04-07,78,18.0,,0.18,14.04
2018-04-08,71,17.0,False,0.17,12.07
2018-04-09,83,17.0,,0.17,14.110000000000001
2018-04-10,83,17.0,,0.17,14.110000000000001
2018-04-11,77,17.0,,0.17,13.090000000000002
2018-04-12,91,17.0,,0.17,15.47
2018-04-13,95,17.0,,0.17,16.150000000000002
2018-04-14,72,17.0,,0.17,12.24
2018-04-15,73,15.0,False,0.15,10.95
2018-04-16,77,15.0,,0.15,11.549999999999999
2018-04-17,77,15.0,,0.15,11.549999999999999
2018-04-18,74,15.0,,0.15,11.1
2018-04-19,72,15.0,,0.15,10.799999999999999
2018-04-20,77,15.0,,0.15,11.549999999999999
2018-04-21,71,15.0,,0.15,10.65
2018-04-22,70,16.0,False,0.16,11.200000000000001
2018-04-23,75,16.0,,0.16,12.0
2018-04-24,87,16.0,,0.16,13.92
2018-04-25,81,16.0,,0.16,12.96
2018-04-26,74,16.0,,0.16,11.84
2018-04-27,73,16.0,,0.16,11.68
2018-04-28,60,16.0,,0.16,9.6
2018-04-29,63,14.0,False,0.14,8.82
2018-04-30,66,14.0,,0.14,9.24
2018-05-01,96,14.0,,0.14,13.440000000000001
2018-05-02,91,14.0,,0.14,12.740000000000002
2018-05-03,93,14.0,,0.14,13.020000000000001
2018-05-04,88,14.0,,0.14,12.32
2018-05-05,95,14.0,,0.14,13.3
2018-05-06,88,13.0,False,0.13,11.440000000000001
2018-05-07,96,13.0,,0.13,12.48
2018-05-08,100,13.0,,0.13,13.0
2018-05-09,90,13.0,,0.13,11.700000000000001
2018-05-10,86,13.0,,0.13,11.18
2018-05-11,99,13.0,,0.13,12.870000000000001
2018-05-12,89,13.0,,0.13,11.57
2018-05-13,80,12.0,False,0.12,9.6
2018-05-14,91,12.0,,0.12,10.92
2018-05-15,84,12.0,,0.12,10.08
2018-05-16,84,12.0,,0.12,10.08
2018-05-17,81,12.0,,0.12,9.719999999999999
2018-05-18,76,12.0,,0.12,9.12
2018-05-19,70,12.0,,0.12,8.4
2018-05-20,70,12.0,False,0.12,8.4
2018-05-21,80,12.0,,0.12,9.6
2018-05-22,83,12.0,,0.12,9.959999999999999
2018-05-23,98,12.0,,0.12,11.76
2018-05-24,91,12.0,,0.12,10.92
2018-05-25,81,12.0,,0.12,9.719999999999999
2018-05-26,71,12.0,,0.12,8.52
2018-05-27,78,11.0,False,0.11,8.58
2018-05-28,83,11.0,,0.11,9.13
2018-05-29,85,11.0,,0.11,9.35
2018-05-30,78,11.0,,0.11,8.58
2018-05-31,79,11.0,,0.11,8.69
2018-06-01,63,11.0,,0.11,6.93
2018-06-02,62,11.0,,0.11,6.82
2018-06-03,64,10.0,False,0.1,6.4
2018-06-04,67,10.0,,0.1,6.7
2018-06-05,71,10.0,,0.1,7.1000000000000005
2018-06-06,63,10.0,,0.1,6.300000000000001
2018-06-07,64,10.0,,0.1,6.4
2018-06-08,58,10.0,,0.1,5.800000000000001
2018-06-09,53,10.0,,0.1,5.300000000000001
2018-06-10,73,13.0,False,0.13,9.49
2018-06-11,100,13.0,,0.13,13.0
2018-06-12,85,13.0,,0.13,11.05
2018-06-13,92,13.0,,0.13,11.96
2018-06-14,85,13.0,,0.13,11.05
2018-06-15,69,13.0,,0.13,8.97
2018-06-16,62,13.0,,0.13,8.06
2018-06-17,60,11.0,False,0.11,6.6
2018-06-18,70,11.0,,0.11,7.7
2018-06-19,68,11.0,,0.11,7.48
2018-06-20,71,11.0,,0.11,7.81
2018-06-21,64,11.0,,0.11,7.04
2018-06-22,76,11.0,,0.11,8.36
2018-06-23,66,11.0,,0.11,7.26
2018-06-24,72,12.0,False,0.12,8.64
2018-06-25,71,12.0,,0.12,8.52
2018-06-26,62,12.0,,0.12,7.4399999999999995
2018-06-27,68,12.0,,0.12,8.16
2018-06-28,66,12.0,,0.12,7.92
2018-06-29,86,12.0,,0.12,10.32
2018-06-30,75,12.0,,0.12,9.0
2018-07-01,66,10.0,False,0.1,6.6000000000000005
2018-07-02,68,10.0,,0.1,6.800000000000001
2018-07-03,73,10.0,,0.1,7.300000000000001
2018-07-04,67,10.0,,0.1,6.7
2018-07-05,70,10.0,,0.1,7.0
2018-07-06,65,10.0,,0.1,6.5
2018-07-07,49,10.0,,0.1,4.9
2018-07-08,60,10.0,False,0.1,6.0
2018-07-09,64,10.0,,0.1,6.4
2018-07-10,65,10.0,,0.1,6.5
2018-07-11,62,10.0,,0.1,6.2
2018-07-12,65,10.0,,0.1,6.5
2018-07-13,62,10.0,,0.1,6.2
2018-07-14,55,10.0,,0.1,5.5
2018-07-15,55,11.0,False,0.11,6.05
2018-07-16,62,11.0,,0.11,6.82
2018-07-17,89,11.0,,0.11,9.790000000000001
2018-07-18,98,11.0,,0.11,10.78
2018-07-19,84,11.0,,0.11,9.24
2018-07-20,74,11.0,,0.11,8.14
2018-07-21,68,11.0,,0.11,7.48
2018-07-22,61,13.0,False,0.13,7.930000000000001
2018-07-23,73,13.0,,0.13,9.49
2018-07-24,100,13.0,,0.13,13.0
2018-07-25,95,13.0,,0.13,12.35
2018-07-26,85,13.0,,0.13,11.05
2018-07-27,79,13.0,,0.13,10.27
2018-07-28,69,13.0,,0.13,8.97
2018-07-29,65,11.0,False,0.11,7.15
2018-07-30,71,11.0,,0.11,7.81
2018-07-31,76,11.0,,0.11,8.36
2018-08-01,81,11.0,,0.11,8.91
2018-08-02,75,11.0,,0.11,8.25
2018-08-03,84,11.0,,0.11,9.24
2018-08-04,67,11.0,,0.11,7.37
2018-08-05,65,11.0,False,0.11,7.15
2018-08-06,75,11.0,,0.11,8.25
2018-08-07,80,11.0,,0.11,8.8
2018-08-08,94,11.0,,0.11,10.34
2018-08-09,86,11.0,,0.11,9.46
2018-08-10,77,11.0,,0.11,8.47
2018-08-11,83,11.0,,0.11,9.13
2018-08-12,75,11.0,False,0.11,8.25
2018-08-13,80,11.0,,0.11,8.8
2018-08-14,100,11.0,,0.11,11.0
2018-08-15,94,11.0,,0.11,10.34
2018-08-16,83,11.0,,0.11,9.13
2018-08-17,73,11.0,,0.11,8.03
2018-08-18,73,11.0,,0.11,8.03
2018-08-19,66,10.0,False,0.1,6.6000000000000005
2018-08-20,74,10.0,,0.1,7.4
2018-08-21,76,10.0,,0.1,7.6000000000000005
2018-08-22,83,10.0,,0.1,8.3
2018-08-23,80,10.0,,0.1,8.0
2018-08-24,74,10.0,,0.1,7.4
2018-08-25,64,10.0,,0.1,6.4
2018-08-26,68,10.0,False,0.1,6.800000000000001
2018-08-27,73,10.0,,0.1,7.300000000000001
2018-08-28,87,10.0,,0.1,8.700000000000001
2018-08-29,80,10.0,,0.1,8.0
2018-08-30,78,10.0,,0.1,7.800000000000001
2018-08-31,74,10.0,,0.1,7.4
2018-09-01,69,10.0,,0.1,6.9
2018-09-02,69,11.0,False,0.11,7.59
2018-09-03,71,11.0,,0.11,7.81
2018-09-04,79,11.0,,0.11,8.69
2018-09-05,92,11.0,,0.11,10.12
2018-09-06,100,11.0,,0.11,11.0
2018-09-07,84,11.0,,0.11,9.24
2018-09-08,75,11.0,,0.11,8.25
2018-09-09,69,11.0,False,0.11,7.59
2018-09-10,73,11.0,,0.11,8.03
2018-09-11,80,11.0,,0.11,8.8
2018-09-12,87,11.0,,0.11,9.57
2018-09-13,84,11.0,,0.11,9.24
2018-09-14,75,11.0,,0.11,8.25
2018-09-15,68,11.0,,0.11,7.48
2018-09-16,63,10.0,False,0.1,6.300000000000001
2018-09-17,70,10.0,,0.1,7.0
2018-09-18,69,10.0,,0.1,6.9
2018-09-19,71,10.0,,0.1,7.1000000000000005
2018-09-20,67,10.0,,0.1,6.7
2018-09-21,81,10.0,,0.1,8.1
2018-09-22,68,10.0,,0.1,6.800000000000001
2018-09-23,61,9.0,False,0.09,5.49
2018-09-24,66,9.0,,0.09,5.9399999999999995
2018-09-25,72,9.0,,0.09,6.4799999999999995
2018-09-26,68,9.0,,0.09,6.12
2018-09-27,67,9.0,,0.09,6.029999999999999
2018-09-28,65,9.0,,0.09,5.85
2018-09-29,54,9.0,,0.09,4.859999999999999
2018-09-30,55,8.0,False,0.08,4.4
2018-10-01,76,8.0,,0.08,6.08
2018-10-02,74,8.0,,0.08,5.92
2018-10-03,76,8.0,,0.08,6.08
2018-10-04,76,8.0,,0.08,6.08
2018-10-05,70,8.0,,0.08,5.6000000000000005
2018-10-06,65,8.0,,0.08,5.2
2018-10-07,58,9.0,False,0.09,5.22
2018-10-08,71,9.0,,0.09,6.39
2018-10-09,77,9.0,,0.09,6.93
2018-10-10,83,9.0,,0.09,7.47
2018-10-11,100,9.0,,0.09,9.0
2018-10-12,84,9.0,,0.09,7.56
2018-10-13,72,9.0,,0.09,6.4799999999999995
2018-10-14,66,8.0,False,0.08,5.28
2018-10-15,88,8.0,,0.08,7.04
2018-10-16,79,8.0,,0.08,6.32
2018-10-17,78,8.0,,0.08,6.24
2018-10-18,78,8.0,,0.08,6.24
2018-10-19,72,8.0,,0.08,5.76
2018-10-20,61,8.0,,0.08,4.88
2018-10-21,62,8.0,False,0.08,4.96
2018-10-22,77,8.0,,0.08,6.16
2018-10-23,76,8.0,,0.08,6.08
2018-10-24,74,8.0,,0.08,5.92
2018-10-25,72,8.0,,0.08,5.76
2018-10-26,71,8.0,,0.08,5.68
2018-10-27,66,8.0,,0.08,5.28
2018-10-28,55,8.0,False,0.08,4.4
2018-10-29,74,8.0,,0.08,5.92
2018-10-30,71,8.0,,0.08,5.68
2018-10-31,71,8.0,,0.08,5.68
2018-11-01,41,8.0,,0.08,3.2800000000000002
2018-11-02,39,8.0,,0.08,3.12
2018-11-03,35,8.0,,0.08,2.8000000000000003
2018-11-04,39,8.0,False,0.08,3.12
2018-11-05,46,8.0,,0.08,3.68
2018-11-06,45,8.0,,0.08,3.6
2018-11-07,42,8.0,,0.08,3.36
2018-11-08,40,8.0,,0.08,3.2
2018-11-09,43,8.0,,0.08,3.44
2018-11-10,34,8.0,,0.08,2.72
2018-11-11,34,10.0,False,0.1,3.4000000000000004
2018-11-12,44,10.0,,0.1,4.4
2018-11-13,42,10.0,,0.1,4.2
2018-11-14,59,10.0,,0.1,5.9
2018-11-15,72,10.0,,0.1,7.2
2018-11-16,59,10.0,,0.1,5.9
2018-11-17,46,10.0,,0.1,4.6000000000000005
2018-11-18,41,14.0,False,0.14,5.74
2018-11-19,66,14.0,,0.14,9.24
2018-11-20,100,14.0,,0.14,14.000000000000002
2018-11-21,80,14.0,,0.14,11.200000000000001
2018-11-22,62,14.0,,0.14,8.680000000000001
2018-11-23,62,14.0,,0.14,8.680000000000001
2018-11-24,54,14.0,,0.14,7.5600000000000005
2018-11-25,83,14.0,False,0.14,11.620000000000001
2018-11-26,86,14.0,,0.14,12.040000000000001
2018-11-27,83,14.0,,0.14,11.620000000000001
2018-11-28,75,14.0,,0.14,10.500000000000002
2018-11-29,63,14.0,,0.14,8.82
2018-11-30,59,14.0,,0.14,8.260000000000002
2018-12-01,67,14.0,,0.14,9.38
2018-12-02,63,12.0,False,0.12,7.56
2018-12-03,80,12.0,,0.12,9.6
2018-12-04,80,12.0,,0.12,9.6
2018-12-05,75,12.0,,0.12,9.0
2018-12-06,87,12.0,,0.12,10.44
2018-12-07,100,12.0,,0.12,12.0
2018-12-08,77,12.0,,0.12,9.24
2018-12-09,69,11.0,False,0.11,7.59
2018-12-10,77,11.0,,0.11,8.47
2018-12-11,77,11.0,,0.11,8.47
2018-12-12,73,11.0,,0.11,8.03
2018-12-13,76,11.0,,0.11,8.36
2018-12-14,82,11.0,,0.11,9.02
2018-12-15,69,11.0,,0.11,7.59
2018-12-16,68,12.0,False,0.12,8.16
2018-12-17,78,12.0,,0.12,9.36
2018-12-18,80,12.0,,0.12,9.6
2018-12-19,87,12.0,,0.12,10.44
2018-12-20,86,12.0,,0.12,10.32
2018-12-21,82,12.0,,0.12,9.84
2018-12-22,68,12.0,,0.12,8.16
2018-12-23,63,10.0,False,0.1,6.300000000000001
2018-12-24,79,10.0,,0.1,7.9
2018-12-25,72,10.0,,0.1,7.2
2018-12-26,67,10.0,,0.1,6.7
2018-12-27,74,10.0,,0.1,7.4
2018-12-28,71,10.0,,0.1,7.1000000000000005
2018-12-29,66,10.0,,0.1,6.6000000000000005
2018-12-30,57,9.0,False,0.09,5.13
2018-12-31,59,9.0,,0.09,5.31
2019-01-01,79,9.0,,0.09,7.109999999999999
2019-01-02,87,9.0,,0.09,7.83
2019-01-03,94,9.0,,0.09,8.459999999999999
2019-01-04,93,9.0,,0.09,8.37
2019-01-05,67,9.0,,0.09,6.029999999999999
2019-01-06,73,9.0,False,0.09,6.569999999999999
2019-01-07,90,9.0,,0.09,8.1
2019-01-08,81,9.0,,0.09,7.29
2019-01-09,87,9.0,,0.09,7.83
2019-01-10,100,9.0,,0.09,9.0
2019-01-11,91,9.0,,0.09,8.19
2019-01-12,76,9.0,,0.09,6.84
2019-01-13,71,8.0,False,0.08,5.68
2019-01-14,84,8.0,,0.08,6.72
2019-01-15,81,8.0,,0.08,6.48
2019-01-16,81,8.0,,0.08,6.48
2019-01-17,76,8.0,,0.08,6.08
2019-01-18,78,8.0,,0.08,6.24
2019-01-19,67,8.0,,0.08,5.36
2019-01-20,63,7.0,False,0.07,4.41
2019-01-21,72,7.0,,0.07,5.040000000000001
2019-01-22,72,7.0,,0.07,5.040000000000001
2019-01-23,70,7.0,,0.07,4.9
2019-01-24,73,7.0,,0.07,5.11
2019-01-25,69,7.0,,0.07,4.83
2019-01-26,68,7.0,,0.07,4.760000000000001
2019-01-27,56,8.0,False,0.08,4.48
2019-01-28,80,8.0,,0.08,6.4
2019-01-29,81,8.0,,0.08,6.48
2019-01-30,79,8.0,,0.08,6.32
2019-01-31,76,8.0,,0.08,6.08
2019-02-01,76,8.0,,0.08,6.08
2019-02-02,68,8.0,,0.08,5.44
2019-02-03,67,9.0,False,0.09,6.029999999999999
2019-02-04,77,9.0,,0.09,6.93
2019-02-05,93,9.0,,0.09,8.37
2019-02-06,91,9.0,,0.09,8.19
2019-02-07,84,9.0,,0.09,7.56
2019-02-08,88,9.0,,0.09,7.92
2019-02-09,81,9.0,,0.09,7.29
2019-02-10,72,8.0,False,0.08,5.76
2019-02-11,78,8.0,,0.08,6.24
2019-02-12,76,8.0,,0.08,6.08
2019-02-13,70,8.0,,0.08,5.6000000000000005
2019-02-14,75,8.0,,0.08,6.0
2019-02-15,74,8.0,,0.08,5.92
2019-02-16,71,8.0,,0.08,5.68
2019-02-17,64,9.0,False,0.09,5.76
2019-02-18,86,9.0,,0.09,7.739999999999999
2019-02-19,100,9.0,,0.09,9.0
2019-02-20,90,9.0,,0.09,8.1
2019-02-21,88,9.0,,0.09,7.92
2019-02-22,80,9.0,,0.09,7.199999999999999
2019-02-23,77,9.0,,0.09,6.93
2019-02-24,97,8.0,False,0.08,7.76
2019-02-25,87,8.0,,0.08,6.96
2019-02-26,79,8.0,,0.08,6.32
2019-02-27,74,8.0,,0.08,5.92
2019-02-28,75,8.0,,0.08,6.0
2019-03-01,90,8.0,,0.08,7.2
2019-03-02,81,8.0,,0.08,6.48
2019-03-03,72,8.0,False,0.08,5.76
2019-03-04,94,8.0,,0.08,7.5200000000000005
2019-03-05,100,8.0,,0.08,8.0
2019-03-06,92,8.0,,0.08,7.36
2019-03-07,92,8.0,,0.08,7.36
2019-03-08,85,8.0,,0.08,6.8
2019-03-09,84,8.0,,0.08,6.72
2019-03-10,80,7.0,False,0.07,5.6000000000000005
2019-03-11,85,7.0,,0.07,5.95
2019-03-12,88,7.0,,0.07,6.16
2019-03-13,81,7.0,,0.07,5.670000000000001
2019-03-14,82,7.0,,0.07,5.74
2019-03-15,77,7.0,,0.07,5.390000000000001
2019-03-16,78,7.0,,0.07,5.460000000000001
2019-03-17,76,8.0,False,0.08,6.08
2019-03-18,89,8.0,,0.08,7.12
2019-03-19,92,8.0,,0.08,7.36
2019-03-20,97,8.0,,0.08,7.76
2019-03-21,95,8.0,,0.08,7.6000000000000005
2019-03-22,91,8.0,,0.08,7.28
2019-03-23,79,8.0,,0.08,6.32
2019-03-24,74,7.0,False,0.07,5.180000000000001
2019-03-25,78,7.0,,0.07,5.460000000000001
2019-03-26,90,7.0,,0.07,6.300000000000001
2019-03-27,95,7.0,,0.07,6.65
2019-03-28,89,7.0,,0.07,6.23
2019-03-29,91,7.0,,0.07,6.370000000000001
2019-03-30,72,7.0,,0.07,5.040000000000001
2019-03-31,80,12.0,False,0.12,9.6
2019-04-01,46,12.0,,0.12,5.52
2019-04-02,93,12.0,,0.12,11.16
2019-04-03,100,12.0,,0.12,12.0
2019-04-04,78,12.0,,0.12,9.36
2019-04-05,64,12.0,,0.12,7.68
2019-04-06,58,12.0,,0.12,6.96
2019-04-07,58,10.0,False,0.1,5.800000000000001
2019-04-08,68,10.0,,0.1,6.800000000000001
2019-04-09,60,10.0,,0.1,6.0
2019-04-10,59,10.0,,0.1,5.9
2019-04-11,69,10.0,,0.1,6.9
2019-04-12,56,10.0,,0.1,5.6000000000000005
2019-04-13,49,10.0,,0.1,4.9
2019-04-14,47,9.0,False,0.09,4.2299999999999995
2019-04-15,53,9.0,,0.09,4.77
2019-04-16,54,9.0,,0.09,4.859999999999999
2019-04-17,58,9.0,,0.09,5.22
2019-04-18,52,9.0,,0.09,4.68
2019-04-19,54,9.0,,0.09,4.859999999999999
2019-04-20,50,9.0,,0.09,4.5
2019-04-21,49,9.0,False,0.09,4.41
2019-04-22,56,9.0,,0.09,5.04
2019-04-23,65,9.0,,0.09,5.85
2019-04-24,61,9.0,,0.09,5.49
2019-04-25,59,9.0,,0.09,5.31
2019-04-26,57,9.0,,0.09,5.13
2019-04-27,49,9.0,,0.09,4.41
2019-04-28,46,9.0,False,0.09,4.14
2019-04-29,47,9.0,,0.09,4.2299999999999995
2019-04-30,51,9.0,,0.09,4.59
2019-05-01,37,9.0,,0.09,3.33
2019-05-02,38,9.0,,0.09,3.42
2019-05-03,53,9.0,,0.09,4.77
2019-05-04,43,9.0,,0.09,3.8699999999999997
2019-05-05,42,12.0,False,0.12,5.04
2019-05-06,42,12.0,,0.12,5.04
2019-05-07,49,12.0,,0.12,5.88
2019-05-08,48,12.0,,0.12,5.76
2019-05-09,51,12.0,,0.12,6.12
2019-05-10,62,12.0,,0.12,7.4399999999999995
2019-05-11,73,12.0,,0.12,8.76
2019-05-12,79,18.0,False,0.18,14.219999999999999
2019-05-13,91,18.0,,0.18,16.38
2019-05-14,100,18.0,,0.18,18.0
2019-05-15,88,18.0,,0.18,15.84
2019-05-16,81,18.0,,0.18,14.58
2019-05-17,78,18.0,,0.18,14.04
2019-05-18,61,18.0,,0.18,10.98
2019-05-19,65,13.0,False,0.13,8.450000000000001
2019-05-20,70,13.0,,0.13,9.1
2019-05-21,66,13.0,,0.13,8.58
2019-05-22,66,13.0,,0.13,8.58
2019-05-23,57,13.0,,0.13,7.41
2019-05-24,58,13.0,,0.13,7.54
2019-05-25,50,13.0,,0.13,6.5
2019-05-26,51,14.0,False,0.14,7.140000000000001
2019-05-27,75,14.0,,0.14,10.500000000000002
2019-05-28,68,14.0,,0.14,9.520000000000001
2019-05-29,67,14.0,,0.14,9.38
2019-05-30,68,14.0,,0.14,9.520000000000001
2019-05-31,70,14.0,,0.14,9.8
2019-06-01,33,14.0,,0.14,4.62
2019-06-02,33,12.0,False,0.12,3.96
2019-06-03,33,12.0,,0.12,3.96
2019-06-04,38,12.0,,0.12,4.56
2019-06-05,35,12.0,,0.12,4.2
2019-06-06,29,12.0,,0.12,3.48
2019-06-07,31,12.0,,0.12,3.7199999999999998
2019-06-08,29,12.0,,0.12,3.48
2019-06-09,25,11.0,False,0.11,2.75
2019-06-10,28,11.0,,0.11,3.08
2019-06-11,28,11.0,,0.11,3.08
2019-06-12,28,11.0,,0.11,3.08
2019-06-13,30,11.0,,0.11,3.3
2019-06-14,30,11.0,,0.11,3.3
2019-06-15,30,11.0,,0.11,3.3
2019-06-16,39,16.0,False,0.16,6.24
2019-06-17,41,16.0,,0.16,6.5600000000000005
2019-06-18,41,16.0,,0.16,6.5600000000000005
2019-06-19,37,16.0,,0.16,5.92
2019-06-20,37,16.0,,0.16,5.92
2019-06-21,45,16.0,,0.16,7.2
2019-06-22,66,16.0,,0.16,10.56
2019-06-23,52,25.0,False,0.25,13.0
2019-06-24,55,25.0,,0.25,13.75
2019-06-25,60,25.0,,0.25,15.0
2019-06-26,100,25.0,,0.25,25.0
2019-06-27,86,25.0,,0.25,21.5
2019-06-28,67,25.0,,0.25,16.75
2019-06-29,49,25.0,,0.25,12.25
2019-06-30,44,17.0,False,0.17,7.48
2019-07-01,100,17.0,,0.17,17.0
2019-07-02,93,17.0,,0.17,15.81
2019-07-03,90,17.0,,0.17,15.3
2019-07-04,80,17.0,,0.17,13.600000000000001
2019-07-05,80,17.0,,0.17,13.600000000000001
2019-07-06,67,17.0,,0.17,11.39
2019-07-07,71,16.0,False,0.16,11.36
2019-07-08,80,16.0,,0.16,12.8
2019-07-09,91,16.0,,0.16,14.56
2019-07-10,94,16.0,,0.16,15.040000000000001
2019-07-11,85,16.0,,0.16,13.6
2019-07-12,88,16.0,,0.16,14.08
2019-07-13,69,16.0,,0.16,11.040000000000001
2019-07-14,76,16.0,False,0.16,12.16
2019-07-15,84,16.0,,0.16,13.44
2019-07-16,85,16.0,,0.16,13.6
2019-07-17,89,16.0,,0.16,14.24
2019-07-18,88,16.0,,0.16,14.08
2019-07-19,68,16.0,,0.16,10.88
2019-07-20,65,16.0,,0.16,10.4
2019-07-21,64,13.0,False,0.13,8.32
2019-07-22,67,13.0,,0.13,8.71
2019-07-23,64,13.0,,0.13,8.32
2019-07-24,66,13.0,,0.13,8.58
2019-07-25,67,13.0,,0.13,8.71
2019-07-26,61,13.0,,0.13,7.930000000000001
2019-07-27,59,13.0,,0.13,7.67
2019-07-28,59,12.0,False,0.12,7.08
2019-07-29,65,12.0,,0.12,7.8
2019-07-30,60,12.0,,0.12,7.199999999999999
2019-07-31,65,12.0,,0.12,7.8
2019-08-01,71,12.0,,0.12,8.52
2019-08-02,76,12.0,,0.12,9.12
2019-08-03,69,12.0,,0.12,8.28
2019-08-04,72,14.0,False,0.14,10.080000000000002
2019-08-05,95,14.0,,0.14,13.3
2019-08-06,100,14.0,,0.14,14.000000000000002
2019-08-07,86,14.0,,0.14,12.040000000000001
2019-08-08,82,14.0,,0.14,11.48
2019-08-09,78,14.0,,0.14,10.920000000000002
2019-08-10,65,14.0,,0.14,9.100000000000001
2019-08-11,64,13.0,False,0.13,8.32
2019-08-12,80,13.0,,0.13,10.4
2019-08-13,75,13.0,,0.13,9.75
2019-08-14,80,13.0,,0.13,10.4
2019-08-15,86,13.0,,0.13,11.18
2019-08-16,79,13.0,,0.13,10.27
2019-08-17,62,13.0,,0.13,8.06
2019-08-18,62,12.0,False,0.12,7.4399999999999995
2019-08-19,73,12.0,,0.12,8.76
2019-08-20,77,12.0,,0.12,9.24
2019-08-21,73,12.0,,0.12,8.76
2019-08-22,74,12.0,,0.12,8.879999999999999
2019-08-23,69,12.0,,0.12,8.28
2019-08-24,60,12.0,,0.12,7.199999999999999
2019-08-25,59,11.0,False,0.11,6.49
2019-08-26,62,11.0,,0.11,6.82
2019-08-27,64,11.0,,0.11,7.04
2019-08-28,65,11.0,,0.11,7.15
2019-08-29,75,11.0,,0.11,8.25
2019-08-30,61,11.0,,0.11,6.71
2019-08-31,59,11.0,,0.11,6.49
2019-09-01,68,11.0,False,0.11,7.48
2019-09-02,83,11.0,,0.11,9.13
2019-09-03,84,11.0,,0.11,9.24
2019-09-04,86,11.0,,0.11,9.46
2019-09-05,77,11.0,,0.11,8.47
2019-09-06,78,11.0,,0.11,8.58
2019-09-07,68,11.0,,0.11,7.48
2019-09-08,61,10.0,False,0.1,6.1000000000000005
2019-09-09,72,10.0,,0.1,7.2
2019-09-10,65,10.0,,0.1,6.5
2019-09-11,66,10.0,,0.1,6.6000000000000005
2019-09-12,70,10.0,,0.1,7.0
2019-09-13,64,10.0,,0.1,6.4
2019-09-14,64,10.0,,0.1,6.4
2019-09-15,59,9.0,False,0.09,5.31
2019-09-16,62,9.0,,0.09,5.58
2019-09-17,60,9.0,,0.09,5.3999999999999995
2019-09-18,59,9.0,,0.09,5.31
2019-09-19,66,9.0,,0.09,5.9399999999999995
2019-09-20,64,9.0,,0.09,5.76
2019-09-21,53,9.0,,0.09,4.77
2019-09-22,51,12.0,False,0.12,6.12
2019-09-23,68,12.0,,0.12,8.16
2019-09-24,87,12.0,,0.12,10.44
2019-09-25,100,12.0,,0.12,12.0
2019-09-26,98,12.0,,0.12,11.76
2019-09-27,92,12.0,,0.12,11.04
2019-09-28,71,12.0,,0.12,8.52
2019-09-29,68,10.0,False,0.1,6.800000000000001
2019-09-30,80,10.0,,0.1,8.0
2019-10-01,69,10.0,,0.1,6.9
2019-10-02,63,10.0,,0.1,6.300000000000001
2019-10-03,59,10.0,,0.1,5.9
2019-10-04,56,10.0,,0.1,5.6000000000000005
2019-10-05,53,10.0,,0.1,5.300000000000001
2019-10-06,53,10.0,False,0.1,5.300000000000001
2019-10-07,69,10.0,,0.1,6.9
2019-10-08,65,10.0,,0.1,6.5
2019-10-09,66,10.0,,0.1,6.6000000000000005
2019-10-10,62,10.0,,0.1,6.2
2019-10-11,53,10.0,,0.1,5.300000000000001
2019-10-12,51,10.0,,0.1,5.1000000000000005
2019-10-13,47,9.0,False,0.09,4.2299999999999995
2019-10-14,55,9.0,,0.09,4.95
2019-10-15,56,9.0,,0.09,5.04
2019-10-16,54,9.0,,0.09,4.859999999999999
2019-10-17,55,9.0,,0.09,4.95
2019-10-18,56,9.0,,0.09,5.04
2019-10-19,51,9.0,,0.09,4.59
2019-10-20,44,11.0,False,0.11,4.84
2019-10-21,55,11.0,,0.11,6.05
2019-10-22,56,11.0,,0.11,6.16
2019-10-23,62,11.0,,0.11,6.82
2019-10-24,65,11.0,,0.11,7.15
2019-10-25,71,11.0,,0.11,7.81
2019-10-26,100,11.0,,0.11,11.0
2019-10-27,70,11.0,False,0.11,7.7
2019-10-28,72,11.0,,0.11,7.92
2019-10-29,72,11.0,,0.11,7.92
2019-10-30,64,11.0,,0.11,7.04
2019-10-31,61,11.0,,0.11,6.71
2019-11-01,75,11.0,,0.11,8.25
2019-11-02,66,11.0,,0.11,7.26
2019-11-03,69,9.0,False,0.09,6.21
2019-11-04,74,9.0,,0.09,6.66
2019-11-05,71,9.0,,0.09,6.39
2019-11-06,70,9.0,,0.09,6.3
2019-11-07,69,9.0,,0.09,6.21
2019-11-08,63,9.0,,0.09,5.67
2019-11-09,65,9.0,,0.09,5.85
2019-11-10,60,9.0,False,0.09,5.3999999999999995
2019-11-11,67,9.0,,0.09,6.029999999999999
2019-11-12,69,9.0,,0.09,6.21
2019-11-13,64,9.0,,0.09,5.76
2019-11-14,63,9.0,,0.09,5.67
2019-11-15,65,9.0,,0.09,5.85
2019-11-16,68,9.0,,0.09,6.12
2019-11-17,60,10.0,False,0.1,6.0
2019-11-18,70,10.0,,0.1,7.0
2019-11-19,73,10.0,,0.1,7.300000000000001
2019-11-20,68,10.0,,0.1,6.800000000000001
2019-11-21,82,10.0,,0.1,8.200000000000001
2019-11-22,91,10.0,,0.1,9.1
2019-11-23,73,10.0,,0.1,7.300000000000001
2019-11-24,64,10.0,False,0.1,6.4
2019-11-25,100,10.0,,0.1,10.0
2019-11-26,80,10.0,,0.1,8.0
2019-11-27,80,10.0,,0.1,8.0
2019-11-28,78,10.0,,0.1,7.800000000000001
2019-11-29,70,10.0,,0.1,7.0
2019-11-30,62,10.0,,0.1,6.2
2019-12-01,81,9.0,False,0.09,7.29
2019-12-02,78,9.0,,0.09,7.02
2019-12-03,89,9.0,,0.09,8.01
2019-12-04,83,9.0,,0.09,7.47
2019-12-05,84,9.0,,0.09,7.56
2019-12-06,79,9.0,,0.09,7.109999999999999
2019-12-07,73,9.0,,0.09,6.569999999999999
2019-12-08,69,9.0,False,0.09,6.21
2019-12-09,81,9.0,,0.09,7.29
2019-12-10,83,9.0,,0.09,7.47
2019-12-11,77,9.0,,0.09,6.93
2019-12-12,77,9.0,,0.09,6.93
2019-12-13,75,9.0,,0.09,6.75
2019-12-14,74,9.0,,0.09,6.66
2019-12-15,80,9.0,False,0.09,7.199999999999999
2019-12-16,84,9.0,,0.09,7.56
2019-12-17,97,9.0,,0.09,8.73
2019-12-18,100,9.0,,0.09,9.0
2019-12-19,94,9.0,,0.09,8.459999999999999
2019-12-20,81,9.0,,0.09,7.29
2019-12-21,75,9.0,,0.09,6.75
2019-12-22,73,8.0,False,0.08,5.84
2019-12-23,83,8.0,,0.08,6.640000000000001
2019-12-24,71,8.0,,0.08,5.68
2019-12-25,72,8.0,,0.08,5.76
2019-12-26,81,8.0,,0.08,6.48
2019-12-27,77,8.0,,0.08,6.16
2019-12-28,78,8.0,,0.08,6.24
2019-12-29,70,9.0,False,0.09,6.3
2019-12-30,77,9.0,,0.09,6.93
2019-12-31,79,9.0,,0.09,7.109999999999999
2020-01-01,57,9.0,,0.09,5.13
2020-01-02,70,9.0,,0.09,6.3
2020-01-03,74,9.0,,0.09,6.66
2020-01-04,71,9.0,,0.09,6.39
2020-01-05,70,11.0,False,0.11,7.7
2020-01-06,75,11.0,,0.11,8.25
2020-01-07,91,11.0,,0.11,10.01
2020-01-08,100,11.0,,0.11,11.0
2020-01-09,78,11.0,,0.11,8.58
2020-01-10,77,11.0,,0.11,8.47
2020-01-11,75,11.0,,0.11,8.25
2020-01-12,68,11.0,False,0.11,7.48
2020-01-13,70,11.0,,0.11,7.7
2020-01-14,95,11.0,,0.11,10.45
2020-01-15,94,11.0,,0.11,10.34
2020-01-16,83,11.0,,0.11,9.13
2020-01-17,81,11.0,,0.11,8.91
2020-01-18,81,11.0,,0.11,8.91
2020-01-19,86,10.0,False,0.1,8.6
2020-01-20,77,10.0,,0.1,7.7
2020-01-21,81,10.0,,0.1,8.1
2020-01-22,76,10.0,,0.1,7.6000000000000005
2020-01-23,72,10.0,,0.1,7.2
2020-01-24,71,10.0,,0.1,7.1000000000000005
2020-01-25,64,10.0,,0.1,6.4
2020-01-26,56,11.0,False,0.11,6.16
2020-01-27,72,11.0,,0.11,7.92
2020-01-28,82,11.0,,0.11,9.02
2020-01-29,94,11.0,,0.11,10.34
2020-01-30,87,11.0,,0.11,9.57
2020-01-31,88,11.0,,0.11,9.68
2020-02-01,71,11.0,,0.11,7.81
2020-02-02,68,11.0,False,0.11,7.48
2020-02-03,71,11.0,,0.11,7.81
2020-02-04,73,11.0,,0.11,8.03
2020-02-05,79,11.0,,0.11,8.69
2020-02-06,83,11.0,,0.11,9.13
2020-02-07,82,11.0,,0.11,9.02
2020-02-08,70,11.0,,0.11,7.7
2020-02-09,89,13.0,False,0.13,11.57
2020-02-10,79,13.0,,0.13,10.27
2020-02-11,90,13.0,,0.13,11.700000000000001
2020-02-12,100,13.0,,0.13,13.0
2020-02-13,88,13.0,,0.13,11.440000000000001
2020-02-14,80,13.0,,0.13,10.4
2020-02-15,77,13.0,,0.13,10.01
2020-02-16,74,11.0,False,0.11,8.14
2020-02-17,78,11.0,,0.11,8.58
2020-02-18,82,11.0,,0.11,9.02
2020-02-19,85,11.0,,0.11,9.35
2020-02-20,82,11.0,,0.11,9.02
2020-02-21,75,11.0,,0.11,8.25
2020-02-22,66,11.0,,0.11,7.26
2020-02-23,68,11.0,False,0.11,7.48
2020-02-24,89,11.0,,0.11,9.790000000000001
2020-02-25,82,11.0,,0.11,9.02
2020-02-26,88,11.0,,0.11,9.68
2020-02-27,81,11.0,,0.11,8.91
2020-02-28,92,11.0,,0.11,10.12
2020-02-29,69,11.0,,0.11,7.59
2020-03-01,30,11.0,False,0.11,3.3
2020-03-02,31,11.0,,0.11,3.41
2020-03-03,32,11.0,,0.11,3.52
2020-03-04,34,11.0,,0.11,3.74
2020-03-05,35,11.0,,0.11,3.85
2020-03-06,36,11.0,,0.11,3.96
2020-03-07,29,11.0,,0.11,3.19
2020-03-08,30,19.0,False,0.19,5.7
2020-03-09,56,19.0,,0.19,10.64
2020-03-10,42,19.0,,0.19,7.98
2020-03-11,39,19.0,,0.19,7.41
2020-03-12,73,19.0,,0.19,13.870000000000001
2020-03-13,100,19.0,,0.19,19.0
2020-03-14,62,19.0,,0.19,11.78
2020-03-15,56,19.0,False,0.19,10.64
2020-03-16,74,19.0,,0.19,14.06
2020-03-17,59,19.0,,0.19,11.21
2020-03-18,58,19.0,,0.19,11.02
2020-03-19,62,19.0,,0.19,11.78
2020-03-20,60,19.0,,0.19,11.4
2020-03-21,51,19.0,,0.19,9.69
2020-03-22,45,15.0,False,0.15,6.75
2020-03-23,49,15.0,,0.15,7.35
2020-03-24,51,15.0,,0.15,7.6499999999999995
2020-03-25,46,15.0,,0.15,6.8999999999999995
2020-03-26,42,15.0,,0.15,6.3
2020-03-27,40,15.0,,0.15,6.0
2020-03-28,42,15.0,,0.15,6.3
2020-03-29,42,13.0,False,0.13,5.46
2020-03-30,39,13.0,,0.13,5.07
2020-03-31,35,13.0,,0.13,4.55
2020-04-01,64,13.0,,0.13,8.32
2020-04-02,66,13.0,,0.13,8.58
2020-04-03,66,13.0,,0.13,8.58
2020-04-04,58,13.0,,0.13,7.54
2020-04-05,56,13.0,False,0.13,7.28
2020-04-06,71,13.0,,0.13,9.23
2020-04-07,70,13.0,,0.13,9.1
2020-04-08,65,13.0,,0.13,8.450000000000001
2020-04-09,65,13.0,,0.13,8.450000000000001
2020-04-10,66,13.0,,0.13,8.58
2020-04-11,61,13.0,,0.13,7.930000000000001
2020-04-12,60,13.0,False,0.13,7.800000000000001
2020-04-13,63,13.0,,0.13,8.19
2020-04-14,65,13.0,,0.13,8.450000000000001
2020-04-15,63,13.0,,0.13,8.19
2020-04-16,66,13.0,,0.13,8.58
2020-04-17,65,13.0,,0.13,8.450000000000001
2020-04-18,58,13.0,,0.13,7.54
2020-04-19,58,13.0,False,0.13,7.54
2020-04-20,62,13.0,,0.13,8.06
2020-04-21,61,13.0,,0.13,7.930000000000001
2020-04-22,59,13.0,,0.13,7.67
2020-04-23,66,13.0,,0.13,8.58
2020-04-24,68,13.0,,0.13,8.84
2020-04-25,65,13.0,,0.13,8.450000000000001
2020-04-26,67,16.0,False,0.16,10.72
2020-04-27,69,16.0,,0.16,11.040000000000001
2020-04-28,66,16.0,,0.16,10.56
2020-04-29,90,16.0,,0.16,14.4
2020-04-30,100,16.0,,0.16,16.0
2020-05-01,58,16.0,,0.16,9.28
2020-05-02,55,16.0,,0.16,8.8
2020-05-03,57,17.0,False,0.17,9.690000000000001
2020-05-04,52,17.0,,0.17,8.84
2020-05-05,54,17.0,,0.17,9.180000000000001
2020-05-06,58,17.0,,0.17,9.860000000000001
2020-05-07,70,17.0,,0.17,11.9
2020-05-08,77,17.0,,0.17,13.090000000000002
2020-05-09,63,17.0,,0.17,10.71
2020-05-10,76,20.0,False,0.2,15.200000000000001
2020-05-11,100,20.0,,0.2,20.0
2020-05-12,76,20.0,,0.2,15.200000000000001
2020-05-13,64,20.0,,0.2,12.8
2020-05-14,68,20.0,,0.2,13.600000000000001
2020-05-15,58,20.0,,0.2,11.600000000000001
2020-05-16,52,20.0,,0.2,10.4
2020-05-17,53,15.0,False,0.15,7.949999999999999
2020-05-18,57,15.0,,0.15,8.549999999999999
2020-05-19,51,15.0,,0.15,7.6499999999999995
2020-05-20,52,15.0,,0.15,7.8
2020-05-21,52,15.0,,0.15,7.8
2020-05-22,49,15.0,,0.15,7.35
2020-05-23,44,15.0,,0.15,6.6
2020-05-24,44,13.0,False,0.13,5.720000000000001
2020-05-25,49,13.0,,0.13,6.37
2020-05-26,47,13.0,,0.13,6.11
2020-05-27,48,13.0,,0.13,6.24
2020-05-28,47,13.0,,0.13,6.11
2020-05-29,46,13.0,,0.13,5.98
2020-05-30,42,13.0,,0.13,5.46
2020-05-31,42,13.0,False,0.13,5.46
2020-06-01,77,13.0,,0.13,10.01
2020-06-02,100,13.0,,0.13,13.0
2020-06-03,84,13.0,,0.13,10.92
2020-06-04,80,13.0,,0.13,10.4
2020-06-05,81,13.0,,0.13,10.530000000000001
2020-06-06,73,13.0,,0.13,9.49
2020-06-07,73,12.0,False,0.12,8.76
2020-06-08,72,12.0,,0.12,8.64
2020-06-09,71,12.0,,0.12,8.52
2020-06-10,79,12.0,,0.12,9.48
2020-06-11,78,12.0,,0.12,9.36
2020-06-12,76,12.0,,0.12,9.12
2020-06-13,71,12.0,,0.12,8.52
2020-06-14,66,11.0,False,0.11,7.26
2020-06-15,78,11.0,,0.11,8.58
2020-06-16,72,11.0,,0.11,7.92
2020-06-17,72,11.0,,0.11,7.92
2020-06-18,71,11.0,,0.11,7.81
2020-06-19,64,11.0,,0.11,7.04
2020-06-20,63,11.0,,0.11,6.93
2020-06-21,61,11.0,False,0.11,6.71
2020-06-22,77,11.0,,0.11,8.47
2020-06-23,67,11.0,,0.11,7.37
2020-06-24,73,11.0,,0.11,8.03
2020-06-25,69,11.0,,0.11,7.59
2020-06-26,70,11.0,,0.11,7.7
2020-06-27,66,11.0,,0.11,7.26
2020-06-28,68,10.0,False,0.1,6.800000000000001
2020-06-29,66,10.0,,0.1,6.6000000000000005
2020-06-30,67,10.0,,0.1,6.7
2020-07-01,51,10.0,,0.1,5.1000000000000005
2020-07-02,55,10.0,,0.1,5.5
2020-07-03,55,10.0,,0.1,5.5
2020-07-04,53,10.0,,0.1,5.300000000000001
2020-07-05,51,10.0,False,0.1,5.1000000000000005
2020-07-06,54,10.0,,0.1,5.4
2020-07-07,53,10.0,,0.1,5.300000000000001
2020-07-08,59,10.0,,0.1,5.9
2020-07-09,55,10.0,,0.1,5.5
2020-07-10,53,10.0,,0.1,5.300000000000001
2020-07-11,45,10.0,,0.1,4.5
2020-07-12,49,11.0,False,0.11,5.39
2020-07-13,52,11.0,,0.11,5.72
2020-07-14,57,11.0,,0.11,6.2700000000000005
2020-07-15,60,11.0,,0.11,6.6
2020-07-16,76,11.0,,0.11,8.36
2020-07-17,56,11.0,,0.11,6.16
2020-07-18,77,11.0,,0.11,8.47
2020-07-19,53,10.0,False,0.1,5.300000000000001
2020-07-20,47,10.0,,0.1,4.7
2020-07-21,58,10.0,,0.1,5.800000000000001
2020-07-22,56,10.0,,0.1,5.6000000000000005
2020-07-23,61,10.0,,0.1,6.1000000000000005
2020-07-24,55,10.0,,0.1,5.5
2020-07-25,58,10.0,,0.1,5.800000000000001
2020-07-26,70,17.0,False,0.17,11.9
2020-07-27,98,17.0,,0.17,16.66
2020-07-28,100,17.0,,0.17,17.0
2020-07-29,88,17.0,,0.17,14.96
2020-07-30,74,17.0,,0.17,12.58
2020-07-31,81,17.0,,0.17,13.770000000000001
2020-08-01,100,17.0,,0.17,17.0
2020-08-02,97,15.0,False,0.15,14.549999999999999
2020-08-03,85,15.0,,0.15,12.75
2020-08-04,79,15.0,,0.15,11.85
2020-08-05,77,15.0,,0.15,11.549999999999999
2020-08-06,83,15.0,,0.15,12.45
2020-08-07,84,15.0,,0.15,12.6
2020-08-08,75,15.0,,0.15,11.25
2020-08-09,66,14.0,False,0.14,9.24
2020-08-10,86,14.0,,0.14,12.040000000000001
2020-08-11,79,14.0,,0.14,11.06
2020-08-12,73,14.0,,0.14,10.22
2020-08-13,74,14.0,,0.14,10.360000000000001
2020-08-14,70,14.0,,0.14,9.8
2020-08-15,69,14.0,,0.14,9.66
2020-08-16,71,13.0,False,0.13,9.23
2020-08-17,82,13.0,,0.13,10.66
2020-08-18,82,13.0,,0.13,10.66
2020-08-19,74,13.0,,0.13,9.620000000000001
2020-08-20,67,13.0,,0.13,8.71
2020-08-21,67,13.0,,0.13,8.71
2020-08-22,67,13.0,,0.13,8.71
2020-08-23,63,11.0,False,0.11,6.93
2020-08-24,60,11.0,,0.11,6.6
2020-08-25,64,11.0,,0.11,7.04
2020-08-26,67,11.0,,0.11,7.37
2020-08-27,63,11.0,,0.11,6.93
2020-08-28,59,11.0,,0.11,6.49
2020-08-29,60,11.0,,0.11,6.6
2020-08-30,56,12.0,False,0.12,6.72
2020-08-31,63,12.0,,0.12,7.56
2020-09-01,88,12.0,,0.12,10.559999999999999
2020-09-02,86,12.0,,0.12,10.32
2020-09-03,92,12.0,,0.12,11.04
2020-09-04,100,12.0,,0.12,12.0
2020-09-05,86,12.0,,0.12,10.32
2020-09-06,81,12.0,False,0.12,9.719999999999999
2020-09-07,83,12.0,,0.12,9.959999999999999
2020-09-08,84,12.0,,0.12,10.08
2020-09-09,82,12.0,,0.12,9.84
2020-09-10,76,12.0,,0.12,9.12
2020-09-11,74,12.0,,0.12,8.879999999999999
2020-09-12,69,12.0,,0.12,8.28
2020-09-13,75,10.0,False,0.1,7.5
2020-09-14,70,10.0,,0.1,7.0
2020-09-15,74,10.0,,0.1,7.4
2020-09-16,82,10.0,,0.1,8.200000000000001
2020-09-17,73,10.0,,0.1,7.300000000000001
2020-09-18,70,10.0,,0.1,7.0
2020-09-19,66,10.0,,0.1,6.6000000000000005
2020-09-20,65,10.0,False,0.1,6.5
2020-09-21,76,10.0,,0.1,7.6000000000000005
2020-09-22,72,10.0,,0.1,7.2
2020-09-23,67,10.0,,0.1,6.7
2020-09-24,70,10.0,,0.1,7.0
2020-09-25,64,10.0,,0.1,6.4
2020-09-26,62,10.0,,0.1,6.2
2020-09-27,61,9.0,False,0.09,5.49
2020-09-28,64,9.0,,0.09,5.76
2020-09-29,63,9.0,,0.09,5.67
2020-09-30,64,9.0,,0.09,5.76
2020-10-01,51,9.0,,0.09,4.59
2020-10-02,53,9.0,,0.09,4.77
2020-10-03,50,9.0,,0.09,4.5
2020-10-04,46,9.0,False,0.09,4.14
2020-10-05,51,9.0,,0.09,4.59
2020-10-06,52,9.0,,0.09,4.68
2020-10-07,49,9.0,,0.09,4.41
2020-10-08,52,9.0,,0.09,4.68
2020-10-09,55,9.0,,0.09,4.95
2020-10-10,58,9.0,,0.09,5.22
2020-10-11,55,10.0,False,0.1,5.5
2020-10-12,62,10.0,,0.1,6.2
2020-10-13,55,10.0,,0.1,5.5
2020-10-14,54,10.0,,0.1,5.4
2020-10-15,55,10.0,,0.1,5.5
2020-10-16,54,10.0,,0.1,5.4
2020-10-17,47,10.0,,0.1,4.7
2020-10-18,52,14.0,False,0.14,7.280000000000001
2020-10-19,58,14.0,,0.14,8.120000000000001
2020-10-20,73,14.0,,0.14,10.22
2020-10-21,98,14.0,,0.14,13.72
2020-10-22,100,14.0,,0.14,14.000000000000002
2020-10-23,83,14.0,,0.14,11.620000000000001
2020-10-24,76,14.0,,0.14,10.64
2020-10-25,74,14.0,False,0.14,10.360000000000001
2020-10-26,80,14.0,,0.14,11.200000000000001
2020-10-27,91,14.0,,0.14,12.740000000000002
2020-10-28,96,14.0,,0.14,13.440000000000001
2020-10-29,79,14.0,,0.14,11.06
2020-10-30,79,14.0,,0.14,11.06
2020-10-31,81,14.0,,0.14,11.340000000000002
2020-11-01,45,15.0,False,0.15,6.75
2020-11-02,47,15.0,,0.15,7.05
2020-11-03,44,15.0,,0.15,6.6
2020-11-04,40,15.0,,0.15,6.0
2020-11-05,61,15.0,,0.15,9.15
2020-11-06,67,15.0,,0.15,10.049999999999999
2020-11-07,55,15.0,,0.15,8.25
2020-11-08,52,17.0,False,0.17,8.84
2020-11-09,59,17.0,,0.17,10.030000000000001
2020-11-10,50,17.0,,0.17,8.5
2020-11-11,49,17.0,,0.17,8.33
2020-11-12,53,17.0,,0.17,9.01
2020-11-13,61,17.0,,0.17,10.370000000000001
2020-11-14,51,17.0,,0.17,8.67
2020-11-15,44,23.0,False,0.23,10.120000000000001
2020-11-16,56,23.0,,0.23,12.88
2020-11-17,77,23.0,,0.23,17.71
2020-11-18,94,23.0,,0.23,21.62
2020-11-19,78,23.0,,0.23,17.94
2020-11-20,80,23.0,,0.23,18.400000000000002
2020-11-21,77,23.0,,0.23,17.71
2020-11-22,74,26.0,False,0.26,19.240000000000002
2020-11-23,72,26.0,,0.26,18.72
2020-11-24,100,26.0,,0.26,26.0
2020-11-25,96,26.0,,0.26,24.96
2020-11-26,100,26.0,,0.26,26.0
2020-11-27,76,26.0,,0.26,19.76
2020-11-28,63,26.0,,0.26,16.38
2020-11-29,60,22.0,False,0.22,13.2
2020-11-30,85,22.0,,0.22,18.7
2020-12-01,54,22.0,,0.22,11.88
2020-12-02,43,22.0,,0.22,9.46
2020-12-03,42,22.0,,0.22,9.24
2020-12-04,39,22.0,,0.22,8.58
2020-12-05,36,22.0,,0.22,7.92
2020-12-06,34,17.0,False,0.17,5.78
2020-12-07,37,17.0,,0.17,6.29
2020-12-08,39,17.0,,0.17,6.630000000000001
2020-12-09,38,17.0,,0.17,6.460000000000001
2020-12-10,33,17.0,,0.17,5.61
2020-12-11,34,17.0,,0.17,5.78
2020-12-12,30,17.0,,0.17,5.1000000000000005
2020-12-13,34,28.0,False,0.28,9.520000000000001
2020-12-14,32,28.0,,0.28,8.96
2020-12-15,35,28.0,,0.28,9.8
2020-12-16,62,28.0,,0.28,17.360000000000003
2020-12-17,100,28.0,,0.28,28.000000000000004
2020-12-18,69,28.0,,0.28,19.32
2020-12-19,59,28.0,,0.28,16.520000000000003
2020-12-20,56,28.0,False,0.28,15.680000000000001
2020-12-21,64,28.0,,0.28,17.92
2020-12-22,55,28.0,,0.28,15.400000000000002
2020-12-23,54,28.0,,0.28,15.120000000000001
2020-12-24,44,28.0,,0.28,12.32
2020-12-25,52,28.0,,0.28,14.560000000000002
2020-12-26,71,28.0,,0.28,19.880000000000003
2020-12-27,93,43.0,False,0.43,39.99
2020-12-28,82,43.0,,0.43,35.26
2020-12-29,72,43.0,,0.43,30.96
2020-12-30,80,43.0,,0.43,34.4
2020-12-31,82,43.0,,0.43,35.26
2021-01-01,41,43.0,,0.43,17.63
2021-01-02,67,43.0,,0.43,28.81
2021-01-03,79,71.0,False,0.71,56.089999999999996
2021-01-04,70,71.0,,0.71,49.699999999999996
2021-01-05,57,71.0,,0.71,40.47
2021-01-06,65,71.0,,0.71,46.15
2021-01-07,91,71.0,,0.71,64.61
2021-01-08,93,71.0,,0.71,66.03
2021-01-09,67,71.0,,0.71,47.57
2021-01-10,68,66.0,False,0.66,44.88
2021-01-11,100,66.0,,0.66,66.0
2021-01-12,77,66.0,,0.66,50.82
2021-01-13,67,66.0,,0.66,44.22
2021-01-14,70,66.0,,0.66,46.2
2021-01-15,60,66.0,,0.66,39.6
2021-01-16,49,66.0,,0.66,32.34
2021-01-17,47,44.0,False,0.44,20.68
2021-01-18,46,44.0,,0.44,20.24
2021-01-19,43,44.0,,0.44,18.92
2021-01-20,44,44.0,,0.44,19.36
2021-01-21,51,44.0,,0.44,22.44
2021-01-22,57,44.0,,0.44,25.080000000000002
2021-01-23,42,44.0,,0.44,18.48
2021-01-24,37,42.0,False,0.42,15.54
2021-01-25,39,42.0,,0.42,16.38
2021-01-26,37,42.0,,0.42,15.54
2021-01-27,39,42.0,,0.42,16.38
2021-01-28,42,42.0,,0.42,17.64
2021-01-29,67,42.0,,0.42,28.14
2021-01-30,46,42.0,,0.42,19.32
2021-01-31,39,38.0,False,0.38,14.82
2021-02-01,42,38.0,,0.38,15.96
2021-02-02,39,38.0,,0.38,14.82
2021-02-03,41,38.0,,0.38,15.58
2021-02-04,42,38.0,,0.38,15.96
2021-02-05,40,38.0,,0.38,15.2
2021-02-06,46,38.0,,0.38,17.48
2021-02-07,42,61.0,False,0.61,25.62
2021-02-08,88,61.0,,0.61,53.68
2021-02-09,100,61.0,,0.61,61.0
2021-02-10,68,61.0,,0.61,41.48
2021-02-11,65,61.0,,0.61,39.65
2021-02-12,62,61.0,,0.61,37.82
2021-02-13,52,61.0,,0.61,31.72
2021-02-14,54,61.0,False,0.61,32.94
2021-02-15,60,61.0,,0.61,36.6
2021-02-16,65,61.0,,0.61,39.65
2021-02-17,73,61.0,,0.61,44.53
2021-02-18,67,61.0,,0.61,40.87
2021-02-19,75,61.0,,0.61,45.75
2021-02-20,81,61.0,,0.61,49.41
2021-02-21,70,65.0,False,0.65,45.5
2021-02-22,81,65.0,,0.65,52.65
2021-02-23,97,65.0,,0.65,63.050000000000004
2021-02-24,75,65.0,,0.65,48.75
2021-02-25,63,65.0,,0.65,40.95
2021-02-26,64,65.0,,0.65,41.6
2021-02-27,51,65.0,,0.65,33.15
2021-02-28,56,45.0,False,0.45,25.2
2021-03-01,95,45.0,,0.45,42.75
2021-03-02,86,45.0,,0.45,38.7
2021-03-03,82,45.0,,0.45,36.9
2021-03-04,80,45.0,,0.45,36.0
2021-03-05,76,45.0,,0.45,34.2
2021-03-06,61,45.0,,0.45,27.45
2021-03-07,69,44.0,False,0.44,30.36
2021-03-08,74,44.0,,0.44,32.56
2021-03-09,83,44.0,,0.44,36.52
2021-03-10,85,44.0,,0.44,37.4
2021-03-11,81,44.0,,0.44,35.64
2021-03-12,80,44.0,,0.44,35.2
2021-03-13,100,44.0,,0.44,44.0
2021-03-14,99,42.0,False,0.42,41.58
2021-03-15,88,42.0,,0.42,36.96
2021-03-16,83,42.0,,0.42,34.86
2021-03-17,80,42.0,,0.42,33.6
2021-03-18,80,42.0,,0.42,33.6
2021-03-19,72,42.0,,0.42,30.24
2021-03-20,65,42.0,,0.42,27.3
2021-03-21,63,39.0,False,0.39,24.57
2021-03-22,70,39.0,,0.39,27.3
2021-03-23,71,39.0,,0.39,27.69
2021-03-24,80,39.0,,0.39,31.200000000000003
2021-03-25,85,39.0,,0.39,33.15
2021-03-26,69,39.0,,0.39,26.91
2021-03-27,64,39.0,,0.39,24.96
2021-03-28,65,38.0,False,0.38,24.7
2021-03-29,68,38.0,,0.38,25.84
2021-03-30,74,38.0,,0.38,28.12
2021-03-31,71,38.0,,0.38,26.98
2021-04-01,60,38.0,,0.38,22.8
2021-04-02,57,38.0,,0.38,21.66
2021-04-03,49,38.0,,0.38,18.62
2021-04-04,48,35.0,False,0.35,16.799999999999997
2021-04-05,51,35.0,,0.35,17.849999999999998
2021-04-06,50,35.0,,0.35,17.5
2021-04-07,50,35.0,,0.35,17.5
2021-04-08,48,35.0,,0.35,16.799999999999997
2021-04-09,43,35.0,,0.35,15.049999999999999
2021-04-10,52,35.0,,0.35,18.2
2021-04-11,48,44.0,False,0.44,21.12
2021-04-12,50,44.0,,0.44,22.0
2021-04-13,68,44.0,,0.44,29.92
2021-04-14,78,44.0,,0.44,34.32
2021-04-15,64,44.0,,0.44,28.16
2021-04-16,71,44.0,,0.44,31.24
2021-04-17,59,44.0,,0.44,25.96
2021-04-18,94,55.0,False,0.55,51.7
2021-04-19,81,55.0,,0.55,44.550000000000004
2021-04-20,70,55.0,,0.55,38.5
2021-04-21,60,55.0,,0.55,33.0
2021-04-22,64,55.0,,0.55,35.2
2021-04-23,100,55.0,,0.55,55.00000000000001
2021-04-24,73,55.0,,0.55,40.150000000000006
2021-04-25,65,42.0,False,0.42,27.3
2021-04-26,70,42.0,,0.42,29.4
2021-04-27,65,42.0,,0.42,27.3
2021-04-28,60,42.0,,0.42,25.2
2021-04-29,53,42.0,,0.42,22.259999999999998
2021-04-30,54,42.0,,0.42,22.68
2021-05-01,30,42.0,,0.42,12.6
2021-05-02,26,37.0,False,0.37,9.62
2021-05-03,31,37.0,,0.37,11.47
2021-05-04,32,37.0,,0.37,11.84
2021-05-05,31,37.0,,0.37,11.47
2021-05-06,30,37.0,,0.37,11.1
2021-05-07,27,37.0,,0.37,9.99
2021-05-08,29,37.0,,0.37,10.73
2021-05-09,30,48.0,False,0.48,14.399999999999999
2021-05-10,31,48.0,,0.48,14.879999999999999
2021-05-11,28,48.0,,0.48,13.44
2021-05-12,31,48.0,,0.48,14.879999999999999
2021-05-13,73,48.0,,0.48,35.04
2021-05-14,45,48.0,,0.48,21.599999999999998
2021-05-15,36,48.0,,0.48,17.28
2021-05-16,39,80.0,False,0.8,31.200000000000003
2021-05-17,55,80.0,,0.8,44.0
2021-05-18,42,80.0,,0.8,33.6
2021-05-19,100,80.0,,0.8,80.0
2021-05-20,78,80.0,,0.8,62.400000000000006
2021-05-21,63,80.0,,0.8,50.400000000000006
2021-05-22,53,80.0,,0.8,42.400000000000006
2021-05-23,65,59.0,False,0.59,38.35
2021-05-24,60,59.0,,0.59,35.4
2021-05-25,48,59.0,,0.59,28.32
2021-05-26,42,59.0,,0.59,24.779999999999998
2021-05-27,38,59.0,,0.59,22.419999999999998
2021-05-28,39,59.0,,0.59,23.009999999999998
2021-05-29,39,59.0,,0.59,23.009999999999998
2021-05-30,36,43.0,False,0.43,15.48
2021-05-31,34,43.0,,0.43,14.62
2021-06-01,75,43.0,,0.43,32.25
2021-06-02,73,43.0,,0.43,31.39
2021-06-03,74,43.0,,0.43,31.82
2021-06-04,77,43.0,,0.43,33.11
2021-06-05,66,43.0,,0.43,28.38
2021-06-06,72,44.0,False,0.44,31.68
2021-06-07,69,44.0,,0.44,30.36
2021-06-08,90,44.0,,0.44,39.6
2021-06-09,87,44.0,,0.44,38.28
2021-06-10,77,44.0,,0.44,33.88
2021-06-11,64,44.0,,0.44,28.16
2021-06-12,56,44.0,,0.44,24.64
2021-06-13,59,33.0,False,0.33,19.470000000000002
2021-06-14,77,33.0,,0.33,25.41
2021-06-15,61,33.0,,0.33,20.130000000000003
2021-06-16,57,33.0,,0.33,18.810000000000002
2021-06-17,54,33.0,,0.33,17.82
2021-06-18,54,33.0,,0.33,17.82
2021-06-19,48,33.0,,0.33,15.84
2021-06-20,53,42.0,False,0.42,22.259999999999998
2021-06-21,76,42.0,,0.42,31.919999999999998
2021-06-22,100,42.0,,0.42,42.0
2021-06-23,75,42.0,,0.42,31.5
2021-06-24,63,42.0,,0.42,26.459999999999997
2021-06-25,64,42.0,,0.42,26.88
2021-06-26,56,42.0,,0.42,23.52
2021-06-27,56,30.0,False,0.3,16.8
2021-06-28,59,30.0,,0.3,17.7
2021-06-29,55,30.0,,0.3,16.5
2021-06-30,51,30.0,,0.3,15.299999999999999
2021-07-01,63,30.0,,0.3,18.9
2021-07-02,62,30.0,,0.3,18.599999999999998
2021-07-03,60,30.0,,0.3,18.0
2021-07-04,59,25.0,False,0.25,14.75
2021-07-05,59,25.0,,0.25,14.75
2021-07-06,60,25.0,,0.25,15.0
2021-07-07,57,25.0,,0.25,14.25
2021-07-08,61,25.0,,0.25,15.25
2021-07-09,58,25.0,,0.25,14.5
2021-07-10,50,25.0,,0.25,12.5
2021-07-11,47,24.0,False,0.24,11.28
2021-07-12,56,24.0,,0.24,13.44
2021-07-13,55,24.0,,0.24,13.2
2021-07-14,58,24.0,,0.24,13.92
2021-07-15,57,24.0,,0.24,13.68
2021-07-16,57,24.0,,0.24,13.68
2021-07-17,53,24.0,,0.24,12.719999999999999
2021-07-18,52,27.0,False,0.27,14.040000000000001
2021-07-19,62,27.0,,0.27,16.740000000000002
2021-07-20,75,27.0,,0.27,20.25
2021-07-21,73,27.0,,0.27,19.71
2021-07-22,66,27.0,,0.27,17.82
2021-07-23,57,27.0,,0.27,15.39
2021-07-24,57,27.0,,0.27,15.39
2021-07-25,58,32.0,False,0.32,18.56
2021-07-26,100,32.0,,0.32,32.0
2021-07-27,75,32.0,,0.32,24.0
2021-07-28,74,32.0,,0.32,23.68
2021-07-29,67,32.0,,0.32,21.44
2021-07-30,61,32.0,,0.32,19.52
2021-07-31,67,32.0,,0.32,21.44
2021-08-01,75,27.0,False,0.27,20.25
2021-08-02,78,27.0,,0.27,21.060000000000002
2021-08-03,72,27.0,,0.27,19.44
2021-08-04,71,27.0,,0.27,19.17
2021-08-05,75,27.0,,0.27,20.25
2021-08-06,80,27.0,,0.27,21.6
2021-08-07,88,27.0,,0.27,23.76
2021-08-08,88,30.0,False,0.3,26.4
2021-08-09,94,30.0,,0.3,28.2
2021-08-10,93,30.0,,0.3,27.9
2021-08-11,96,30.0,,0.3,28.799999999999997
2021-08-12,88,30.0,,0.3,26.4
2021-08-13,83,30.0,,0.3,24.9
2021-08-14,80,30.0,,0.3,24.0
2021-08-15,79,27.0,False,0.27,21.330000000000002
2021-08-16,87,27.0,,0.27,23.490000000000002
2021-08-17,78,27.0,,0.27,21.060000000000002
2021-08-18,77,27.0,,0.27,20.790000000000003
2021-08-19,76,27.0,,0.27,20.520000000000003
2021-08-20,82,27.0,,0.27,22.14
2021-08-21,82,27.0,,0.27,22.14
2021-08-22,77,27.0,False,0.27,20.790000000000003
2021-08-23,100,27.0,,0.27,27.0
2021-08-24,89,27.0,,0.27,24.03
2021-08-25,80,27.0,,0.27,21.6
2021-08-26,79,27.0,,0.27,21.330000000000002
2021-08-27,74,27.0,,0.27,19.98
2021-08-28,67,27.0,,0.27,18.09
2021-08-29,67,23.0,False,0.23,15.41
2021-08-30,69,23.0,,0.23,15.870000000000001
2021-08-31,73,23.0,,0.23,16.79
2021-09-01,53,23.0,,0.23,12.190000000000001
2021-09-02,57,23.0,,0.23,13.110000000000001
2021-09-03,56,23.0,,0.23,12.88
2021-09-04,52,23.0,,0.23,11.96
2021-09-05,53,31.0,False,0.31,16.43
2021-09-06,61,31.0,,0.31,18.91
2021-09-07,100,31.0,,0.31,31.0
2021-09-08,95,31.0,,0.31,29.45
2021-09-09,70,31.0,,0.31,21.7
2021-09-10,63,31.0,,0.31,19.53
2021-09-11,53,31.0,,0.31,16.43
2021-09-12,53,24.0,False,0.24,12.719999999999999
2021-09-13,57,24.0,,0.24,13.68
2021-09-14,55,24.0,,0.24,13.2
2021-09-15,53,24.0,,0.24,12.719999999999999
2021-09-16,55,24.0,,0.24,13.2
2021-09-17,51,24.0,,0.24,12.24
2021-09-18,46,24.0,,0.24,11.04
2021-09-19,45,29.0,False,0.29,13.049999999999999
2021-09-20,67,29.0,,0.29,19.43
2021-09-21,72,29.0,,0.29,20.88
2021-09-22,61,29.0,,0.29,17.689999999999998
2021-09-23,58,29.0,,0.29,16.82
2021-09-24,79,29.0,,0.29,22.91
2021-09-25,59,29.0,,0.29,17.11
2021-09-26,55,24.0,False,0.24,13.2
2021-09-27,55,24.0,,0.24,13.2
2021-09-28,54,24.0,,0.24,12.959999999999999
2021-09-29,50,24.0,,0.24,12.0
2021-09-30,52,24.0,,0.24,12.48
2021-10-01,58,24.0,,0.24,13.92
2021-10-02,50,24.0,,0.24,12.0
2021-10-03,45,27.0,False,0.27,12.15
2021-10-04,53,27.0,,0.27,14.31
2021-10-05,54,27.0,,0.27,14.580000000000002
2021-10-06,69,27.0,,0.27,18.630000000000003
2021-10-07,61,27.0,,0.27,16.470000000000002
2021-10-08,54,27.0,,0.27,14.580000000000002
2021-10-09,49,27.0,,0.27,13.23
2021-10-10,46,29.0,False,0.29,13.34
2021-10-11,61,29.0,,0.29,17.689999999999998
2021-10-12,55,29.0,,0.29,15.95
2021-10-13,54,29.0,,0.29,15.659999999999998
2021-10-14,55,29.0,,0.29,15.95
2021-10-15,76,29.0,,0.29,22.04
2021-10-16,68,29.0,,0.29,19.72
2021-10-17,57,36.0,False,0.36,20.52
2021-10-18,66,36.0,,0.36,23.759999999999998
2021-10-19,76,36.0,,0.36,27.36
2021-10-20,100,36.0,,0.36,36.0
2021-10-21,88,36.0,,0.36,31.68
2021-10-22,77,36.0,,0.36,27.72
2021-10-23,58,36.0,,0.36,20.88
2021-10-24,53,29.0,False,0.29,15.37
2021-10-25,62,29.0,,0.29,17.98
2021-10-26,65,29.0,,0.29,18.849999999999998
2021-10-27,70,29.0,,0.29,20.299999999999997
2021-10-28,65,29.0,,0.29,18.849999999999998
2021-10-29,56,29.0,,0.29,16.24
2021-10-30,51,29.0,,0.29,14.79
2021-10-31,50,24.0,False,0.24,12.0
2021-11-01,73,24.0,,0.24,17.52
2021-11-02,76,24.0,,0.24,18.24
2021-11-03,74,24.0,,0.24,17.759999999999998
2021-11-04,69,24.0,,0.24,16.56
2021-11-05,69,24.0,,0.24,16.56
2021-11-06,60,24.0,,0.24,14.399999999999999
2021-11-07,61,29.0,False,0.29,17.689999999999998
2021-11-08,89,29.0,,0.29,25.81
2021-11-09,100,29.0,,0.29,28.999999999999996
2021-11-10,92,29.0,,0.29,26.68
2021-11-11,81,29.0,,0.29,23.49
2021-11-12,78,29.0,,0.29,22.619999999999997
2021-11-13,71,29.0,,0.29,20.59
2021-11-14,70,29.0,False,0.29,20.299999999999997
2021-11-15,78,29.0,,0.29,22.619999999999997
2021-11-16,96,29.0,,0.29,27.839999999999996
2021-11-17,88,29.0,,0.29,25.52
2021-11-18,90,29.0,,0.29,26.099999999999998
2021-11-19,86,29.0,,0.29,24.939999999999998
2021-11-20,70,29.0,,0.29,20.299999999999997
2021-11-21,68,28.0,False,0.28,19.040000000000003
2021-11-22,73,28.0,,0.28,20.44
2021-11-23,82,28.0,,0.28,22.96
2021-11-24,83,28.0,,0.28,23.240000000000002
2021-11-25,73,28.0,,0.28,20.44
2021-11-26,90,28.0,,0.28,25.200000000000003
2021-11-27,74,28.0,,0.28,20.720000000000002
2021-11-28,71,25.0,True,0.25,17.75
2021-11-29,77,25.0,,0.25,19.25
2021-11-30,75,25.0,,0.25,18.75
2021-12-01,100,25.0,,0.25,25.0
2021-12-02,93,25.0,,0.25,23.25
