date,bitcoin usd_unscaled,bitcoin usd_monthly,isPartial,scale,bitcoin usd
2017-08-01,64,,,,
2017-08-02,61,,,,
2017-08-03,46,,,,
2017-08-04,35,,,,
2017-08-05,60,,,,
2017-08-06,55,12.0,False,0.12,6.6
2017-08-07,67,12.0,,0.12,8.04
2017-08-08,66,12.0,,0.12,7.92
2017-08-09,56,12.0,,0.12,6.72
2017-08-10,50,12.0,,0.12,6.0
2017-08-11,51,12.0,,0.12,6.12
2017-08-12,78,12.0,,0.12,9.36
2017-08-13,89,18.0,False,0.18,16.02
2017-08-14,97,18.0,,0.18,17.46
2017-08-15,87,18.0,,0.18,15.66
2017-08-16,68,18.0,,0.18,12.24
2017-08-17,100,18.0,,0.18,18.0
2017-08-18,84,18.0,,0.18,15.12
2017-08-19,71,18.0,,0.18,12.78
2017-08-20,55,13.0,False,0.13,7.15
2017-08-21,43,13.0,,0.13,5.59
2017-08-22,70,13.0,,0.13,9.1
2017-08-23,63,13.0,,0.13,8.19
2017-08-24,67,13.0,,0.13,8.71
2017-08-25,64,13.0,,0.13,8.32
2017-08-26,63,13.0,,0.13,8.19
2017-08-27,38,14.0,False,0.14,5.32
2017-08-28,47,14.0,,0.14,6.580000000000001
2017-08-29,72,14.0,,0.14,10.080000000000002
2017-08-30,65,14.0,,0.14,9.100000000000001
2017-08-31,68,14.0,,0.14,9.520000000000001
2017-09-01,64,14.0,,0.14,8.96
2017-09-02,61,14.0,,0.14,8.540000000000001
2017-09-03,55,14.0,False,0.14,7.700000000000001
2017-09-04,65,14.0,,0.14,9.100000000000001
2017-09-05,80,14.0,,0.14,11.200000000000001
2017-09-06,50,14.0,,0.14,7.000000000000001
2017-09-07,51,14.0,,0.14,7.140000000000001
2017-09-08,57,14.0,,0.14,7.98
2017-09-09,51,14.0,,0.14,7.140000000000001
2017-09-10,57,17.0,False,0.17,9.690000000000001
2017-09-11,55,17.0,,0.17,9.350000000000001
2017-09-12,44,17.0,,0.17,7.48
2017-09-13,69,17.0,,0.17,11.73
2017-09-14,82,17.0,,0.17,13.940000000000001
2017-09-15,100,17.0,,0.17,17.0
2017-09-16,90,17.0,,0.17,15.3
2017-09-17,74,14.0,False,0.14,10.360000000000001
2017-09-18,60,14.0,,0.14,8.4
2017-09-19,63,14.0,,0.14,8.82
2017-09-20,52,14.0,,0.14,7.280000000000001
2017-09-21,65,14.0,,0.14,9.100000000000001
2017-09-22,59,14.0,,0.14,8.260000000000002
2017-09-23,50,14.0,,0.14,7.000000000000001
2017-09-24,44,11.0,False,0.11,4.84
2017-09-25,41,11.0,,0.11,4.51
2017-09-26,39,11.0,,0.11,4.29
2017-09-27,46,11.0,,0.11,5.06
2017-09-28,52,11.0,,0.11,5.72
2017-09-29,47,11.0,,0.11,5.17
2017-09-30,48,11.0,,0.11,5.28
2017-10-01,37,10.0,False,0.1,3.7
2017-10-02,49,10.0,,0.1,4.9
2017-10-03,49,10.0,,0.1,4.9
2017-10-04,36,10.0,,0.1,3.6
2017-10-05,40,10.0,,0.1,4.0
2017-10-06,43,10.0,,0.1,4.3
2017-10-07,43,10.0,,0.1,4.3
2017-10-08,31,16.0,False,0.16,4.96
2017-10-09,45,16.0,,0.16,7.2
2017-10-10,49,16.0,,0.16,7.84
2017-10-11,49,16.0,,0.16,7.84
2017-10-12,100,16.0,,0.16,16.0
2017-10-13,97,16.0,,0.16,15.52
2017-10-14,74,16.0,,0.16,11.84
2017-10-15,65,16.0,False,0.16,10.4
2017-10-16,68,16.0,,0.16,10.88
2017-10-17,59,16.0,,0.16,9.44
2017-10-18,42,16.0,,0.16,6.72
2017-10-19,64,16.0,,0.16,10.24
2017-10-20,74,16.0,,0.16,11.84
2017-10-21,77,16.0,,0.16,12.32
2017-10-22,59,16.0,False,0.16,9.44
2017-10-23,56,16.0,,0.16,8.96
2017-10-24,77,16.0,,0.16,12.32
2017-10-25,64,16.0,,0.16,10.24
2017-10-26,60,16.0,,0.16,9.6
2017-10-27,66,16.0,,0.16,10.56
2017-10-28,49,16.0,,0.16,7.84
2017-10-29,60,26.0,False,0.26,15.600000000000001
2017-10-30,75,26.0,,0.26,19.5
2017-10-31,90,26.0,,0.26,23.400000000000002
2017-11-01,29,26.0,,0.26,7.54
2017-11-02,40,26.0,,0.26,10.4
2017-11-03,34,26.0,,0.26,8.84
2017-11-04,23,26.0,,0.26,5.98
2017-11-05,26,25.0,False,0.25,6.5
2017-11-06,25,25.0,,0.25,6.25
2017-11-07,22,25.0,,0.25,5.5
2017-11-08,25,25.0,,0.25,6.25
2017-11-09,24,25.0,,0.25,6.0
2017-11-10,30,25.0,,0.25,7.5
2017-11-11,24,25.0,,0.25,6.0
2017-11-12,33,28.0,False,0.28,9.24
2017-11-13,29,28.0,,0.28,8.120000000000001
2017-11-14,20,28.0,,0.28,5.6000000000000005
2017-11-15,28,28.0,,0.28,7.840000000000001
2017-11-16,27,28.0,,0.28,7.5600000000000005
2017-11-17,36,28.0,,0.28,10.080000000000002
2017-11-18,25,28.0,,0.28,7.000000000000001
2017-11-19,20,23.0,False,0.23,4.6000000000000005
2017-11-20,29,23.0,,0.23,6.67
2017-11-21,31,23.0,,0.23,7.13
2017-11-22,25,23.0,,0.23,5.75
2017-11-23,22,23.0,,0.23,5.0600000000000005
2017-11-24,22,23.0,,0.23,5.0600000000000005
2017-11-25,23,23.0,,0.23,5.29
2017-11-26,38,69.0,False,0.69,26.22
2017-11-27,50,69.0,,0.69,34.5
2017-11-28,70,69.0,,0.69,48.3
2017-11-29,100,69.0,,0.69,69.0
2017-11-30,92,69.0,,0.69,63.48
2017-12-01,40,69.0,,0.69,27.599999999999998
2017-12-02,33,69.0,,0.69,22.77
2017-12-03,30,97.0,False,0.97,29.099999999999998
2017-12-04,34,97.0,,0.97,32.98
2017-12-05,35,97.0,,0.97,33.949999999999996
2017-12-06,47,97.0,,0.97,45.589999999999996
2017-12-07,99,97.0,,0.97,96.03
2017-12-08,98,97.0,,0.97,95.06
2017-12-09,58,97.0,,0.97,56.26
2017-12-10,49,84.0,False,0.84,41.16
2017-12-11,63,84.0,,0.84,52.919999999999995
2017-12-12,62,84.0,,0.84,52.08
2017-12-13,46,84.0,,0.84,38.64
2017-12-14,44,84.0,,0.84,36.96
2017-12-15,39,84.0,,0.84,32.76
2017-12-16,40,84.0,,0.84,33.6
2017-12-17,48,100.0,False,1.0,48.0
2017-12-18,45,100.0,,1.0,45.0
2017-12-19,46,100.0,,1.0,46.0
2017-12-20,59,100.0,,1.0,59.0
2017-12-21,50,100.0,,1.0,50.0
2017-12-22,100,100.0,,1.0,100.0
2017-12-23,72,100.0,,1.0,72.0
2017-12-24,50,65.0,False,0.65,32.5
2017-12-25,39,65.0,,0.65,25.35
2017-12-26,40,65.0,,0.65,26.0
2017-12-27,37,65.0,,0.65,24.05
2017-12-28,37,65.0,,0.65,24.05
2017-12-29,34,65.0,,0.65,22.1
2017-12-30,32,65.0,,0.65,20.8
2017-12-31,25,49.0,False,0.49,12.25
2018-01-01,51,49.0,,0.49,24.99
2018-01-02,62,49.0,,0.49,30.38
2018-01-03,55,49.0,,0.49,26.95
2018-01-04,48,49.0,,0.49,23.52
2018-01-05,44,49.0,,0.49,21.56
2018-01-06,44,49.0,,0.49,21.56
2018-01-07,42,42.0,False,0.42,17.64
2018-01-08,48,42.0,,0.42,20.16
2018-01-09,46,42.0,,0.42,19.32
2018-01-10,40,42.0,,0.42,16.8
2018-01-11,58,42.0,,0.42,24.36
2018-01-12,44,42.0,,0.42,18.48
2018-01-13,34,42.0,,0.42,14.28
2018-01-14,28,57.0,False,0.57,15.959999999999999
2018-01-15,36,57.0,,0.57,20.52
2018-01-16,64,57.0,,0.57,36.48
2018-01-17,100,57.0,,0.57,56.99999999999999
2018-01-18,66,57.0,,0.57,37.62
2018-01-19,45,57.0,,0.57,25.65
2018-01-20,38,57.0,,0.57,21.659999999999997
2018-01-21,33,37.0,False,0.37,12.209999999999999
2018-01-22,42,37.0,,0.37,15.54
2018-01-23,44,37.0,,0.37,16.28
2018-01-24,36,37.0,,0.37,13.32
2018-01-25,35,37.0,,0.37,12.95
2018-01-26,37,37.0,,0.37,13.69
2018-01-27,32,37.0,,0.37,11.84
2018-01-28,27,44.0,False,0.44,11.88
2018-01-29,26,44.0,,0.44,11.44
2018-01-30,28,44.0,,0.44,12.32
2018-01-31,37,44.0,,0.44,16.28
2018-02-01,47,44.0,,0.44,20.68
2018-02-02,63,44.0,,0.44,27.72
2018-02-03,47,44.0,,0.44,20.68
2018-02-04,34,59.0,False,0.59,20.06
2018-02-05,74,59.0,,0.59,43.66
2018-02-06,100,59.0,,0.59,59.0
2018-02-07,55,59.0,,0.59,32.449999999999996
2018-02-08,46,59.0,,0.59,27.139999999999997
2018-02-09,42,59.0,,0.59,24.779999999999998
2018-02-10,30,59.0,,0.59,17.7
2018-02-11,25,28.0,False,0.28,7.000000000000001
2018-02-12,28,28.0,,0.28,7.840000000000001
2018-02-13,30,28.0,,0.28,8.4
2018-02-14,25,28.0,,0.28,7.000000000000001
2018-02-15,29,28.0,,0.28,8.120000000000001
2018-02-16,27,28.0,,0.28,7.5600000000000005
2018-02-17,23,28.0,,0.28,6.44
2018-02-18,24,24.0,False,0.24,5.76
2018-02-19,22,24.0,,0.24,5.279999999999999
2018-02-20,26,24.0,,0.24,6.24
2018-02-21,22,24.0,,0.24,5.279999999999999
2018-02-22,23,24.0,,0.24,5.52
2018-02-23,19,24.0,,0.24,4.56
2018-02-24,18,24.0,,0.24,4.32
2018-02-25,16,17.0,False,0.17,2.72
2018-02-26,17,17.0,,0.17,2.89
2018-02-27,19,17.0,,0.17,3.2300000000000004
2018-02-28,15,17.0,,0.17,2.5500000000000003
2018-03-01,67,17.0,,0.17,11.39
2018-03-02,86,17.0,,0.17,14.620000000000001
2018-03-03,100,17.0,,0.17,17.0
2018-03-04,69,17.0,False,0.17,11.73
2018-03-05,71,17.0,,0.17,12.07
2018-03-06,88,17.0,,0.17,14.96
2018-03-07,82,17.0,,0.17,13.940000000000001
2018-03-08,80,17.0,,0.17,13.600000000000001
2018-03-09,75,17.0,,0.17,12.750000000000002
2018-03-10,91,17.0,,0.17,15.47
2018-03-11,84,18.0,False,0.18,15.12
2018-03-12,73,18.0,,0.18,13.139999999999999
2018-03-13,68,18.0,,0.18,12.24
2018-03-14,93,18.0,,0.18,16.74
2018-03-15,94,18.0,,0.18,16.919999999999998
2018-03-16,87,18.0,,0.18,15.66
2018-03-17,82,18.0,,0.18,14.76
2018-03-18,96,15.0,False,0.15,14.399999999999999
2018-03-19,69,15.0,,0.15,10.35
2018-03-20,93,15.0,,0.15,13.95
2018-03-21,71,15.0,,0.15,10.65
2018-03-22,75,15.0,,0.15,11.25
2018-03-23,53,15.0,,0.15,7.949999999999999
2018-03-24,66,15.0,,0.15,9.9
2018-03-25,48,14.0,False,0.14,6.720000000000001
2018-03-26,73,14.0,,0.14,10.22
2018-03-27,48,14.0,,0.14,6.720000000000001
2018-03-28,65,14.0,,0.14,9.100000000000001
2018-03-29,72,14.0,,0.14,10.080000000000002
2018-03-30,90,14.0,,0.14,12.600000000000001
2018-03-31,76,14.0,,0.14,10.64
2018-04-01,91,15.0,False,0.15,13.65
2018-04-02,97,15.0,,0.15,14.549999999999999
2018-04-03,100,15.0,,0.15,15.0
2018-04-04,78,15.0,,0.15,11.7
2018-04-05,96,15.0,,0.15,14.399999999999999
2018-04-06,94,15.0,,0.15,14.1
2018-04-07,69,15.0,,0.15,10.35
2018-04-08,71,13.0,False,0.13,9.23
2018-04-09,76,13.0,,0.13,9.88
2018-04-10,84,13.0,,0.13,10.92
2018-04-11,78,13.0,,0.13,10.14
2018-04-12,89,13.0,,0.13,11.57
2018-04-13,74,13.0,,0.13,9.620000000000001
2018-04-14,55,13.0,,0.13,7.15
2018-04-15,67,11.0,False,0.11,7.37
2018-04-16,61,11.0,,0.11,6.71
2018-04-17,56,11.0,,0.11,6.16
2018-04-18,77,11.0,,0.11,8.47
2018-04-19,82,11.0,,0.11,9.02
2018-04-20,73,11.0,,0.11,8.03
2018-04-21,76,11.0,,0.11,8.36
2018-04-22,59,13.0,False,0.13,7.67
2018-04-23,64,13.0,,0.13,8.32
2018-04-24,90,13.0,,0.13,11.700000000000001
2018-04-25,68,13.0,,0.13,8.84
2018-04-26,68,13.0,,0.13,8.84
2018-04-27,72,13.0,,0.13,9.36
2018-04-28,46,13.0,,0.13,5.98
2018-04-29,72,10.0,False,0.1,7.2
2018-04-30,69,10.0,,0.1,6.9
2018-05-01,77,10.0,,0.1,7.7
2018-05-02,86,10.0,,0.1,8.6
2018-05-03,67,10.0,,0.1,6.7
2018-05-04,83,10.0,,0.1,8.3
2018-05-05,82,10.0,,0.1,8.200000000000001
2018-05-06,100,9.0,False,0.09,9.0
2018-05-07,64,9.0,,0.09,5.76
2018-05-08,64,9.0,,0.09,5.76
2018-05-09,59,9.0,,0.09,5.31
2018-05-10,50,9.0,,0.09,4.5
2018-05-11,64,9.0,,0.09,5.76
2018-05-12,48,9.0,,0.09,4.32
2018-05-13,56,9.0,False,0.09,5.04
2018-05-14,70,9.0,,0.09,6.3
2018-05-15,65,9.0,,0.09,5.85
2018-05-16,80,9.0,,0.09,7.199999999999999
2018-05-17,47,9.0,,0.09,4.2299999999999995
2018-05-18,72,9.0,,0.09,6.4799999999999995
2018-05-19,66,9.0,,0.09,5.9399999999999995
2018-05-20,46,8.0,False,0.08,3.68
2018-05-21,64,8.0,,0.08,5.12
2018-05-22,45,8.0,,0.08,3.6
2018-05-23,65,8.0,,0.08,5.2
2018-05-24,73,8.0,,0.08,5.84
2018-05-25,61,8.0,,0.08,4.88
2018-05-26,51,8.0,,0.08,4.08
2018-05-27,59,8.0,False,0.08,4.72
2018-05-28,79,8.0,,0.08,6.32
2018-05-29,73,8.0,,0.08,5.84
2018-05-30,58,8.0,,0.08,4.64
2018-05-31,61,8.0,,0.08,4.88
2018-06-01,62,8.0,,0.08,4.96
2018-06-02,54,8.0,,0.08,4.32
2018-06-03,65,7.0,False,0.07,4.550000000000001
2018-06-04,45,7.0,,0.07,3.1500000000000004
2018-06-05,35,7.0,,0.07,2.45
2018-06-06,69,7.0,,0.07,4.83
2018-06-07,55,7.0,,0.07,3.8500000000000005
2018-06-08,56,7.0,,0.07,3.9200000000000004
2018-06-09,52,7.0,,0.07,3.6400000000000006
2018-06-10,44,9.0,False,0.09,3.96
2018-06-11,74,9.0,,0.09,6.66
2018-06-12,92,9.0,,0.09,8.28
2018-06-13,100,9.0,,0.09,9.0
2018-06-14,89,9.0,,0.09,8.01
2018-06-15,89,9.0,,0.09,8.01
2018-06-16,63,9.0,,0.09,5.67
2018-06-17,54,8.0,False,0.08,4.32
2018-06-18,51,8.0,,0.08,4.08
2018-06-19,71,8.0,,0.08,5.68
2018-06-20,68,8.0,,0.08,5.44
2018-06-21,60,8.0,,0.08,4.8
2018-06-22,82,8.0,,0.08,6.5600000000000005
2018-06-23,79,8.0,,0.08,6.32
2018-06-24,89,9.0,False,0.09,8.01
2018-06-25,90,9.0,,0.09,8.1
2018-06-26,77,9.0,,0.09,6.93
2018-06-27,59,9.0,,0.09,5.31
2018-06-28,63,9.0,,0.09,5.67
2018-06-29,91,9.0,,0.09,8.19
2018-06-30,76,9.0,,0.09,6.84
2018-07-01,83,7.0,False,0.07,5.8100000000000005
2018-07-02,69,7.0,,0.07,4.83
2018-07-03,46,7.0,,0.07,3.22
2018-07-04,55,7.0,,0.07,3.8500000000000005
2018-07-05,63,7.0,,0.07,4.41
2018-07-06,45,7.0,,0.07,3.1500000000000004
2018-07-07,60,7.0,,0.07,4.2
2018-07-08,58,7.0,False,0.07,4.0600000000000005
2018-07-09,54,7.0,,0.07,3.7800000000000002
2018-07-10,72,7.0,,0.07,5.040000000000001
2018-07-11,44,7.0,,0.07,3.08
2018-07-12,52,7.0,,0.07,3.6400000000000006
2018-07-13,48,7.0,,0.07,3.3600000000000003
2018-07-14,53,7.0,,0.07,3.7100000000000004
2018-07-15,50,8.0,False,0.08,4.0
2018-07-16,49,8.0,,0.08,3.92
2018-07-17,69,8.0,,0.08,5.5200000000000005
2018-07-18,76,8.0,,0.08,6.08
2018-07-19,71,8.0,,0.08,5.68
2018-07-20,46,8.0,,0.08,3.68
2018-07-21,40,8.0,,0.08,3.2
2018-07-22,56,9.0,False,0.09,5.04
2018-07-23,48,9.0,,0.09,4.32
2018-07-24,91,9.0,,0.09,8.19
2018-07-25,100,9.0,,0.09,9.0
2018-07-26,93,9.0,,0.09,8.37
2018-07-27,84,9.0,,0.09,7.56
2018-07-28,52,9.0,,0.09,4.68
2018-07-29,62,8.0,False,0.08,4.96
2018-07-30,53,8.0,,0.08,4.24
2018-07-31,64,8.0,,0.08,5.12
2018-08-01,70,8.0,,0.08,5.6000000000000005
2018-08-02,81,8.0,,0.08,6.48
2018-08-03,73,8.0,,0.08,5.84
2018-08-04,66,8.0,,0.08,5.28
2018-08-05,67,8.0,False,0.08,5.36
2018-08-06,65,8.0,,0.08,5.2
2018-08-07,53,8.0,,0.08,4.24
2018-08-08,75,8.0,,0.08,6.0
2018-08-09,84,8.0,,0.08,6.72
2018-08-10,75,8.0,,0.08,6.0
2018-08-11,90,8.0,,0.08,7.2
2018-08-12,56,9.0,False,0.09,5.04
2018-08-13,82,9.0,,0.09,7.38
2018-08-14,81,9.0,,0.09,7.29
2018-08-15,100,9.0,,0.09,9.0
2018-08-16,75,9.0,,0.09,6.75
2018-08-17,81,9.0,,0.09,7.29
2018-08-18,91,9.0,,0.09,8.19
2018-08-19,65,7.0,False,0.07,4.550000000000001
2018-08-20,60,7.0,,0.07,4.2
2018-08-21,64,7.0,,0.07,4.48
2018-08-22,66,7.0,,0.07,4.62
2018-08-23,49,7.0,,0.07,3.43
2018-08-24,76,7.0,,0.07,5.32
2018-08-25,51,7.0,,0.07,3.5700000000000003
2018-08-26,53,7.0,False,0.07,3.7100000000000004
2018-08-27,81,7.0,,0.07,5.670000000000001
2018-08-28,73,7.0,,0.07,5.11
2018-08-29,82,7.0,,0.07,5.74
2018-08-30,73,7.0,,0.07,5.11
2018-08-31,57,7.0,,0.07,3.99
2018-09-01,65,7.0,,0.07,4.550000000000001
2018-09-02,80,8.0,False,0.08,6.4
2018-09-03,85,8.0,,0.08,6.8
2018-09-04,62,8.0,,0.08,4.96
2018-09-05,98,8.0,,0.08,7.84
2018-09-06,100,8.0,,0.08,8.0
2018-09-07,76,8.0,,0.08,6.08
2018-09-08,52,8.0,,0.08,4.16
2018-09-09,79,8.0,False,0.08,6.32
2018-09-10,77,8.0,,0.08,6.16
2018-09-11,73,8.0,,0.08,5.84
2018-09-12,75,8.0,,0.08,6.0
2018-09-13,100,8.0,,0.08,8.0
2018-09-14,67,8.0,,0.08,5.36
2018-09-15,59,8.0,,0.08,4.72
2018-09-16,53,7.0,False,0.07,3.7100000000000004
2018-09-17,75,7.0,,0.07,5.250000000000001
2018-09-18,81,7.0,,0.07,5.670000000000001
2018-09-19,53,7.0,,0.07,3.7100000000000004
2018-09-20,49,7.0,,0.07,3.43
2018-09-21,84,7.0,,0.07,5.880000000000001
2018-09-22,59,7.0,,0.07,4.130000000000001
2018-09-23,50,5.0,False,0.05,2.5
2018-09-24,67,5.0,,0.05,3.35
2018-09-25,51,5.0,,0.05,2.5500000000000003
2018-09-26,85,5.0,,0.05,4.25
2018-09-27,60,5.0,,0.05,3.0
2018-09-28,49,5.0,,0.05,2.45
2018-09-29,33,5.0,,0.05,1.6500000000000001
2018-09-30,74,5.0,False,0.05,3.7
2018-10-01,59,5.0,,0.05,2.95
2018-10-02,46,5.0,,0.05,2.3000000000000003
2018-10-03,56,5.0,,0.05,2.8000000000000003
2018-10-04,64,5.0,,0.05,3.2
2018-10-05,64,5.0,,0.05,3.2
2018-10-06,56,5.0,,0.05,2.8000000000000003
2018-10-07,39,6.0,False,0.06,2.34
2018-10-08,69,6.0,,0.06,4.14
2018-10-09,47,6.0,,0.06,2.82
2018-10-10,66,6.0,,0.06,3.96
2018-10-11,100,6.0,,0.06,6.0
2018-10-12,66,6.0,,0.06,3.96
2018-10-13,47,6.0,,0.06,2.82
2018-10-14,42,4.0,False,0.04,1.68
2018-10-15,60,4.0,,0.04,2.4
2018-10-16,36,4.0,,0.04,1.44
2018-10-17,77,4.0,,0.04,3.08
2018-10-18,52,4.0,,0.04,2.08
2018-10-19,48,4.0,,0.04,1.92
2018-10-20,32,4.0,,0.04,1.28
2018-10-21,48,4.0,False,0.04,1.92
2018-10-22,49,4.0,,0.04,1.96
2018-10-23,55,4.0,,0.04,2.2
2018-10-24,59,4.0,,0.04,2.36
2018-10-25,47,4.0,,0.04,1.8800000000000001
2018-10-26,69,4.0,,0.04,2.7600000000000002
2018-10-27,50,4.0,,0.04,2.0
2018-10-28,33,4.0,False,0.04,1.32
2018-10-29,68,4.0,,0.04,2.72
2018-10-30,42,4.0,,0.04,1.68
2018-10-31,39,4.0,,0.04,1.56
2018-11-01,31,4.0,,0.04,1.24
2018-11-02,19,4.0,,0.04,0.76
2018-11-03,22,4.0,,0.04,0.88
2018-11-04,38,5.0,False,0.05,1.9000000000000001
2018-11-05,28,5.0,,0.05,1.4000000000000001
2018-11-06,34,5.0,,0.05,1.7000000000000002
2018-11-07,35,5.0,,0.05,1.75
2018-11-08,33,5.0,,0.05,1.6500000000000001
2018-11-09,42,5.0,,0.05,2.1
2018-11-10,29,5.0,,0.05,1.4500000000000002
2018-11-11,25,6.0,False,0.06,1.5
2018-11-12,19,6.0,,0.06,1.14
2018-11-13,29,6.0,,0.06,1.74
2018-11-14,56,6.0,,0.06,3.36
2018-11-15,74,6.0,,0.06,4.4399999999999995
2018-11-16,48,6.0,,0.06,2.88
2018-11-17,44,6.0,,0.06,2.6399999999999997
2018-11-18,42,11.0,False,0.11,4.62
2018-11-19,80,11.0,,0.11,8.8
2018-11-20,100,11.0,,0.11,11.0
2018-11-21,78,11.0,,0.11,8.58
2018-11-22,61,11.0,,0.11,6.71
2018-11-23,87,11.0,,0.11,9.57
2018-11-24,70,11.0,,0.11,7.7
2018-11-25,85,12.0,False,0.12,10.2
2018-11-26,88,12.0,,0.12,10.559999999999999
2018-11-27,93,12.0,,0.12,11.16
2018-11-28,89,12.0,,0.12,10.68
2018-11-29,79,12.0,,0.12,9.48
2018-11-30,51,12.0,,0.12,6.12
2018-12-01,54,12.0,,0.12,6.4799999999999995
2018-12-02,56,10.0,False,0.1,5.6000000000000005
2018-12-03,73,10.0,,0.1,7.300000000000001
2018-12-04,79,10.0,,0.1,7.9
2018-12-05,68,10.0,,0.1,6.800000000000001
2018-12-06,88,10.0,,0.1,8.8
2018-12-07,100,10.0,,0.1,10.0
2018-12-08,96,10.0,,0.1,9.600000000000001
2018-12-09,67,9.0,False,0.09,6.029999999999999
2018-12-10,94,9.0,,0.09,8.459999999999999
2018-12-11,89,9.0,,0.09,8.01
2018-12-12,60,9.0,,0.09,5.3999999999999995
2018-12-13,81,9.0,,0.09,7.29
2018-12-14,74,9.0,,0.09,6.66
2018-12-15,63,9.0,,0.09,5.67
2018-12-16,62,10.0,False,0.1,6.2
2018-12-17,79,10.0,,0.1,7.9
2018-12-18,69,10.0,,0.1,6.9
2018-12-19,65,10.0,,0.1,6.5
2018-12-20,83,10.0,,0.1,8.3
2018-12-21,82,10.0,,0.1,8.200000000000001
2018-12-22,74,10.0,,0.1,7.4
2018-12-23,52,9.0,False,0.09,4.68
2018-12-24,80,9.0,,0.09,7.199999999999999
2018-12-25,82,9.0,,0.09,7.38
2018-12-26,61,9.0,,0.09,5.49
2018-12-27,61,9.0,,0.09,5.49
2018-12-28,64,9.0,,0.09,5.76
2018-12-29,35,9.0,,0.09,3.15
2018-12-30,53,7.0,False,0.07,3.7100000000000004
2018-12-31,57,7.0,,0.07,3.99
2019-01-01,86,7.0,,0.07,6.0200000000000005
2019-01-02,74,7.0,,0.07,5.180000000000001
2019-01-03,100,7.0,,0.07,7.000000000000001
2019-01-04,95,7.0,,0.07,6.65
2019-01-05,75,7.0,,0.07,5.250000000000001
2019-01-06,100,7.0,False,0.07,7.000000000000001
2019-01-07,76,7.0,,0.07,5.32
2019-01-08,91,7.0,,0.07,6.370000000000001
2019-01-09,91,7.0,,0.07,6.370000000000001
2019-01-10,96,7.0,,0.07,6.720000000000001
2019-01-11,92,7.0,,0.07,6.44
2019-01-12,90,7.0,,0.07,6.300000000000001
2019-01-13,68,7.0,False,0.07,4.760000000000001
2019-01-14,74,7.0,,0.07,5.180000000000001
2019-01-15,69,7.0,,0.07,4.83
2019-01-16,84,7.0,,0.07,5.880000000000001
2019-01-17,97,7.0,,0.07,6.790000000000001
2019-01-18,61,7.0,,0.07,4.2700000000000005
2019-01-19,79,7.0,,0.07,5.53
2019-01-20,58,5.0,False,0.05,2.9000000000000004
2019-01-21,54,5.0,,0.05,2.7
2019-01-22,51,5.0,,0.05,2.5500000000000003
2019-01-23,68,5.0,,0.05,3.4000000000000004
2019-01-24,73,5.0,,0.05,3.6500000000000004
2019-01-25,66,5.0,,0.05,3.3000000000000003
2019-01-26,64,5.0,,0.05,3.2
2019-01-27,47,5.0,False,0.05,2.35
2019-01-28,71,5.0,,0.05,3.5500000000000003
2019-01-29,87,5.0,,0.05,4.3500000000000005
2019-01-30,31,5.0,,0.05,1.55
2019-01-31,68,5.0,,0.05,3.4000000000000004
2019-02-01,60,5.0,,0.05,3.0
2019-02-02,47,5.0,,0.05,2.35
2019-02-03,44,6.0,False,0.06,2.6399999999999997
2019-02-04,50,6.0,,0.06,3.0
2019-02-05,58,6.0,,0.06,3.48
2019-02-06,55,6.0,,0.06,3.3
2019-02-07,54,6.0,,0.06,3.2399999999999998
2019-02-08,60,6.0,,0.06,3.5999999999999996
2019-02-09,59,6.0,,0.06,3.54
2019-02-10,50,5.0,False,0.05,2.5
2019-02-11,58,5.0,,0.05,2.9000000000000004
2019-02-12,45,5.0,,0.05,2.25
2019-02-13,49,5.0,,0.05,2.45
2019-02-14,37,5.0,,0.05,1.85
2019-02-15,37,5.0,,0.05,1.85
2019-02-16,44,5.0,,0.05,2.2
2019-02-17,32,6.0,False,0.06,1.92
2019-02-18,43,6.0,,0.06,2.58
2019-02-19,86,6.0,,0.06,5.16
2019-02-20,100,6.0,,0.06,6.0
2019-02-21,89,6.0,,0.06,5.34
2019-02-22,54,6.0,,0.06,3.2399999999999998
2019-02-23,59,6.0,,0.06,3.54
2019-02-24,61,5.0,False,0.05,3.0500000000000003
2019-02-25,57,5.0,,0.05,2.85
2019-02-26,65,5.0,,0.05,3.25
2019-02-27,58,5.0,,0.05,2.9000000000000004
2019-02-28,60,5.0,,0.05,3.0
2019-03-01,46,5.0,,0.05,2.3000000000000003
2019-03-02,56,5.0,,0.05,2.8000000000000003
2019-03-03,56,4.0,False,0.04,2.24
2019-03-04,38,4.0,,0.04,1.52
2019-03-05,45,4.0,,0.04,1.8
2019-03-06,63,4.0,,0.04,2.52
2019-03-07,65,4.0,,0.04,2.6
2019-03-08,44,4.0,,0.04,1.76
2019-03-09,100,4.0,,0.04,4.0
2019-03-10,55,5.0,False,0.05,2.75
2019-03-11,49,5.0,,0.05,2.45
2019-03-12,56,5.0,,0.05,2.8000000000000003
2019-03-13,41,5.0,,0.05,2.0500000000000003
2019-03-14,57,5.0,,0.05,2.85
2019-03-15,59,5.0,,0.05,2.95
2019-03-16,68,5.0,,0.05,3.4000000000000004
2019-03-17,37,6.0,False,0.06,2.2199999999999998
2019-03-18,64,6.0,,0.06,3.84
2019-03-19,75,6.0,,0.06,4.5
2019-03-20,62,6.0,,0.06,3.7199999999999998
2019-03-21,77,6.0,,0.06,4.62
2019-03-22,67,6.0,,0.06,4.02
2019-03-23,63,6.0,,0.06,3.78
2019-03-24,44,5.0,False,0.05,2.2
2019-03-25,67,5.0,,0.05,3.35
2019-03-26,77,5.0,,0.05,3.85
2019-03-27,68,5.0,,0.05,3.4000000000000004
2019-03-28,53,5.0,,0.05,2.6500000000000004
2019-03-29,63,5.0,,0.05,3.1500000000000004
2019-03-30,75,5.0,,0.05,3.75
2019-03-31,82,9.0,False,0.09,7.38
2019-04-01,27,9.0,,0.09,2.4299999999999997
2019-04-02,86,9.0,,0.09,7.739999999999999
2019-04-03,100,9.0,,0.09,9.0
2019-04-04,79,9.0,,0.09,7.109999999999999
2019-04-05,40,9.0,,0.09,3.5999999999999996
2019-04-06,59,9.0,,0.09,5.31
2019-04-07,53,8.0,False,0.08,4.24
2019-04-08,62,8.0,,0.08,4.96
2019-04-09,46,8.0,,0.08,3.68
2019-04-10,56,8.0,,0.08,4.48
2019-04-11,63,8.0,,0.08,5.04
2019-04-12,51,8.0,,0.08,4.08
2019-04-13,44,8.0,,0.08,3.52
2019-04-14,32,7.0,False,0.07,2.24
2019-04-15,54,7.0,,0.07,3.7800000000000002
2019-04-16,50,7.0,,0.07,3.5000000000000004
2019-04-17,50,7.0,,0.07,3.5000000000000004
2019-04-18,50,7.0,,0.07,3.5000000000000004
2019-04-19,58,7.0,,0.07,4.0600000000000005
2019-04-20,58,7.0,,0.07,4.0600000000000005
2019-04-21,39,7.0,False,0.07,2.7300000000000004
2019-04-22,54,7.0,,0.07,3.7800000000000002
2019-04-23,52,7.0,,0.07,3.6400000000000006
2019-04-24,51,7.0,,0.07,3.5700000000000003
2019-04-25,76,7.0,,0.07,5.32
2019-04-26,58,7.0,,0.07,4.0600000000000005
2019-04-27,32,7.0,,0.07,2.24
2019-04-28,39,7.0,False,0.07,2.7300000000000004
2019-04-29,43,7.0,,0.07,3.0100000000000002
2019-04-30,46,7.0,,0.07,3.22
2019-05-01,27,7.0,,0.07,1.8900000000000001
2019-05-02,24,7.0,,0.07,1.6800000000000002
2019-05-03,30,7.0,,0.07,2.1
2019-05-04,48,7.0,,0.07,3.3600000000000003
2019-05-05,47,9.0,False,0.09,4.2299999999999995
2019-05-06,43,9.0,,0.09,3.8699999999999997
2019-05-07,43,9.0,,0.09,3.8699999999999997
2019-05-08,27,9.0,,0.09,2.4299999999999997
2019-05-09,50,9.0,,0.09,4.5
2019-05-10,53,9.0,,0.09,4.77
2019-05-11,75,9.0,,0.09,6.75
2019-05-12,74,17.0,False,0.17,12.58
2019-05-13,98,17.0,,0.17,16.66
2019-05-14,96,17.0,,0.17,16.32
2019-05-15,100,17.0,,0.17,17.0
2019-05-16,87,17.0,,0.17,14.790000000000001
2019-05-17,92,17.0,,0.17,15.64
2019-05-18,72,17.0,,0.17,12.24
2019-05-19,55,13.0,False,0.13,7.15
2019-05-20,57,13.0,,0.13,7.41
2019-05-21,55,13.0,,0.13,7.15
2019-05-22,44,13.0,,0.13,5.720000000000001
2019-05-23,57,13.0,,0.13,7.41
2019-05-24,50,13.0,,0.13,6.5
2019-05-25,48,13.0,,0.13,6.24
2019-05-26,38,12.0,False,0.12,4.56
2019-05-27,76,12.0,,0.12,9.12
2019-05-28,60,12.0,,0.12,7.199999999999999
2019-05-29,50,12.0,,0.12,6.0
2019-05-30,52,12.0,,0.12,6.24
2019-05-31,65,12.0,,0.12,7.8
2019-06-01,31,12.0,,0.12,3.7199999999999998
2019-06-02,28,10.0,False,0.1,2.8000000000000003
2019-06-03,26,10.0,,0.1,2.6
2019-06-04,31,10.0,,0.1,3.1
2019-06-05,28,10.0,,0.1,2.8000000000000003
2019-06-06,23,10.0,,0.1,2.3000000000000003
2019-06-07,33,10.0,,0.1,3.3000000000000003
2019-06-08,26,10.0,,0.1,2.6
2019-06-09,26,9.0,False,0.09,2.34
2019-06-10,23,9.0,,0.09,2.07
2019-06-11,23,9.0,,0.09,2.07
2019-06-12,25,9.0,,0.09,2.25
2019-06-13,17,9.0,,0.09,1.53
2019-06-14,31,9.0,,0.09,2.79
2019-06-15,25,9.0,,0.09,2.25
2019-06-16,33,16.0,False,0.16,5.28
2019-06-17,43,16.0,,0.16,6.88
2019-06-18,45,16.0,,0.16,7.2
2019-06-19,33,16.0,,0.16,5.28
2019-06-20,32,16.0,,0.16,5.12
2019-06-21,43,16.0,,0.16,6.88
2019-06-22,65,16.0,,0.16,10.4
2019-06-23,55,26.0,False,0.26,14.3
2019-06-24,50,26.0,,0.26,13.0
2019-06-25,64,26.0,,0.26,16.64
2019-06-26,94,26.0,,0.26,24.44
2019-06-27,100,26.0,,0.26,26.0
2019-06-28,81,26.0,,0.26,21.060000000000002
2019-06-29,60,26.0,,0.26,15.600000000000001
2019-06-30,55,17.0,False,0.17,9.350000000000001
2019-07-01,100,17.0,,0.17,17.0
2019-07-02,84,17.0,,0.17,14.280000000000001
2019-07-03,91,17.0,,0.17,15.47
2019-07-04,94,17.0,,0.17,15.98
2019-07-05,73,17.0,,0.17,12.41
2019-07-06,67,17.0,,0.17,11.39
2019-07-07,49,16.0,False,0.16,7.84
2019-07-08,81,16.0,,0.16,12.96
2019-07-09,85,16.0,,0.16,13.6
2019-07-10,96,16.0,,0.16,15.36
2019-07-11,67,16.0,,0.16,10.72
2019-07-12,77,16.0,,0.16,12.32
2019-07-13,61,16.0,,0.16,9.76
2019-07-14,70,15.0,False,0.15,10.5
2019-07-15,96,15.0,,0.15,14.399999999999999
2019-07-16,74,15.0,,0.15,11.1
2019-07-17,84,15.0,,0.15,12.6
2019-07-18,66,15.0,,0.15,9.9
2019-07-19,76,15.0,,0.15,11.4
2019-07-20,57,15.0,,0.15,8.549999999999999
2019-07-21,75,13.0,False,0.13,9.75
2019-07-22,56,13.0,,0.13,7.28
2019-07-23,67,13.0,,0.13,8.71
2019-07-24,66,13.0,,0.13,8.58
2019-07-25,64,13.0,,0.13,8.32
2019-07-26,50,13.0,,0.13,6.5
2019-07-27,78,13.0,,0.13,10.14
2019-07-28,37,11.0,False,0.11,4.07
2019-07-29,59,11.0,,0.11,6.49
2019-07-30,56,11.0,,0.11,6.16
2019-07-31,58,11.0,,0.11,6.38
2019-08-01,81,11.0,,0.11,8.91
2019-08-02,76,11.0,,0.11,8.36
2019-08-03,86,11.0,,0.11,9.46
2019-08-04,60,13.0,False,0.13,7.800000000000001
2019-08-05,100,13.0,,0.13,13.0
2019-08-06,92,13.0,,0.13,11.96
2019-08-07,75,13.0,,0.13,9.75
2019-08-08,71,13.0,,0.13,9.23
2019-08-09,69,13.0,,0.13,8.97
2019-08-10,66,13.0,,0.13,8.58
2019-08-11,49,13.0,False,0.13,6.37
2019-08-12,76,13.0,,0.13,9.88
2019-08-13,69,13.0,,0.13,8.97
2019-08-14,75,13.0,,0.13,9.75
2019-08-15,79,13.0,,0.13,10.27
2019-08-16,82,13.0,,0.13,10.66
2019-08-17,83,13.0,,0.13,10.790000000000001
2019-08-18,67,10.0,False,0.1,6.7
2019-08-19,70,10.0,,0.1,7.0
2019-08-20,68,10.0,,0.1,6.800000000000001
2019-08-21,57,10.0,,0.1,5.7
2019-08-22,57,10.0,,0.1,5.7
2019-08-23,73,10.0,,0.1,7.300000000000001
2019-08-24,58,10.0,,0.1,5.800000000000001
2019-08-25,68,9.0,False,0.09,6.12
2019-08-26,59,9.0,,0.09,5.31
2019-08-27,66,9.0,,0.09,5.9399999999999995
2019-08-28,48,9.0,,0.09,4.32
2019-08-29,69,9.0,,0.09,6.21
2019-08-30,44,9.0,,0.09,3.96
2019-08-31,44,9.0,,0.09,3.96
2019-09-01,48,10.0,False,0.1,4.800000000000001
2019-09-02,74,10.0,,0.1,7.4
2019-09-03,91,10.0,,0.1,9.1
2019-09-04,64,10.0,,0.1,6.4
2019-09-05,64,10.0,,0.1,6.4
2019-09-06,75,10.0,,0.1,7.5
2019-09-07,61,10.0,,0.1,6.1000000000000005
2019-09-08,58,8.0,False,0.08,4.64
2019-09-09,60,8.0,,0.08,4.8
2019-09-10,53,8.0,,0.08,4.24
2019-09-11,46,8.0,,0.08,3.68
2019-09-12,46,8.0,,0.08,3.68
2019-09-13,52,8.0,,0.08,4.16
2019-09-14,60,8.0,,0.08,4.8
2019-09-15,30,6.0,False,0.06,1.7999999999999998
2019-09-16,35,6.0,,0.06,2.1
2019-09-17,36,6.0,,0.06,2.16
2019-09-18,27,6.0,,0.06,1.6199999999999999
2019-09-19,61,6.0,,0.06,3.6599999999999997
2019-09-20,43,6.0,,0.06,2.58
2019-09-21,45,6.0,,0.06,2.6999999999999997
2019-09-22,54,11.0,False,0.11,5.94
2019-09-23,50,11.0,,0.11,5.5
2019-09-24,78,11.0,,0.11,8.58
2019-09-25,85,11.0,,0.11,9.35
2019-09-26,100,11.0,,0.11,11.0
2019-09-27,86,11.0,,0.11,9.46
2019-09-28,61,11.0,,0.11,6.71
2019-09-29,52,8.0,False,0.08,4.16
2019-09-30,72,8.0,,0.08,5.76
2019-10-01,66,8.0,,0.08,5.28
2019-10-02,51,8.0,,0.08,4.08
2019-10-03,61,8.0,,0.08,4.88
2019-10-04,43,8.0,,0.08,3.44
2019-10-05,40,8.0,,0.08,3.2
2019-10-06,55,9.0,False,0.09,4.95
2019-10-07,62,9.0,,0.09,5.58
2019-10-08,53,9.0,,0.09,4.77
2019-10-09,48,9.0,,0.09,4.32
2019-10-10,63,9.0,,0.09,5.67
2019-10-11,55,9.0,,0.09,4.95
2019-10-12,47,9.0,,0.09,4.2299999999999995
2019-10-13,36,8.0,False,0.08,2.88
2019-10-14,59,8.0,,0.08,4.72
2019-10-15,53,8.0,,0.08,4.24
2019-10-16,38,8.0,,0.08,3.04
2019-10-17,44,8.0,,0.08,3.52
2019-10-18,57,8.0,,0.08,4.5600000000000005
2019-10-19,54,8.0,,0.08,4.32
2019-10-20,37,8.0,False,0.08,2.96
2019-10-21,49,8.0,,0.08,3.92
2019-10-22,51,8.0,,0.08,4.08
2019-10-23,49,8.0,,0.08,3.92
2019-10-24,58,8.0,,0.08,4.64
2019-10-25,67,8.0,,0.08,5.36
2019-10-26,100,8.0,,0.08,8.0
2019-10-27,90,10.0,False,0.1,9.0
2019-10-28,78,10.0,,0.1,7.800000000000001
2019-10-29,70,10.0,,0.1,7.0
2019-10-30,53,10.0,,0.1,5.300000000000001
2019-10-31,63,10.0,,0.1,6.300000000000001
2019-11-01,67,10.0,,0.1,6.7
2019-11-02,73,10.0,,0.1,7.300000000000001
2019-11-03,60,8.0,False,0.08,4.8
2019-11-04,76,8.0,,0.08,6.08
2019-11-05,62,8.0,,0.08,4.96
2019-11-06,91,8.0,,0.08,7.28
2019-11-07,57,8.0,,0.08,4.5600000000000005
2019-11-08,72,8.0,,0.08,5.76
2019-11-09,59,8.0,,0.08,4.72
2019-11-10,63,7.0,False,0.07,4.41
2019-11-11,71,7.0,,0.07,4.970000000000001
2019-11-12,75,7.0,,0.07,5.250000000000001
2019-11-13,62,7.0,,0.07,4.340000000000001
2019-11-14,53,7.0,,0.07,3.7100000000000004
2019-11-15,69,7.0,,0.07,4.83
2019-11-16,46,7.0,,0.07,3.22
2019-11-17,53,8.0,False,0.08,4.24
2019-11-18,62,8.0,,0.08,4.96
2019-11-19,77,8.0,,0.08,6.16
2019-11-20,70,8.0,,0.08,5.6000000000000005
2019-11-21,90,8.0,,0.08,7.2
2019-11-22,96,8.0,,0.08,7.68
2019-11-23,70,8.0,,0.08,5.6000000000000005
2019-11-24,72,10.0,False,0.1,7.2
2019-11-25,74,10.0,,0.1,7.4
2019-11-26,100,10.0,,0.1,10.0
2019-11-27,93,10.0,,0.1,9.3
2019-11-28,68,10.0,,0.1,6.800000000000001
2019-11-29,69,10.0,,0.1,6.9
2019-11-30,82,10.0,,0.1,8.200000000000001
2019-12-01,82,7.0,False,0.07,5.74
2019-12-02,71,7.0,,0.07,4.970000000000001
2019-12-03,69,7.0,,0.07,4.83
2019-12-04,74,7.0,,0.07,5.180000000000001
2019-12-05,69,7.0,,0.07,4.83
2019-12-06,63,7.0,,0.07,4.41
2019-12-07,58,7.0,,0.07,4.0600000000000005
2019-12-08,66,7.0,False,0.07,4.62
2019-12-09,61,7.0,,0.07,4.2700000000000005
2019-12-10,57,7.0,,0.07,3.99
2019-12-11,71,7.0,,0.07,4.970000000000001
2019-12-12,83,7.0,,0.07,5.8100000000000005
2019-12-13,70,7.0,,0.07,4.9
2019-12-14,64,7.0,,0.07,4.48
2019-12-15,54,7.0,False,0.07,3.7800000000000002
2019-12-16,60,7.0,,0.07,4.2
2019-12-17,81,7.0,,0.07,5.670000000000001
2019-12-18,100,7.0,,0.07,7.000000000000001
2019-12-19,94,7.0,,0.07,6.580000000000001
2019-12-20,69,7.0,,0.07,4.83
2019-12-21,71,7.0,,0.07,4.970000000000001
2019-12-22,64,7.0,False,0.07,4.48
2019-12-23,77,7.0,,0.07,5.390000000000001
2019-12-24,70,7.0,,0.07,4.9
2019-12-25,69,7.0,,0.07,4.83
2019-12-26,57,7.0,,0.07,3.99
2019-12-27,65,7.0,,0.07,4.550000000000001
2019-12-28,60,7.0,,0.07,4.2
2019-12-29,67,8.0,False,0.08,5.36
2019-12-30,62,8.0,,0.08,4.96
2019-12-31,53,8.0,,0.08,4.24
2020-01-01,58,8.0,,0.08,4.64
2020-01-02,46,8.0,,0.08,3.68
2020-01-03,85,8.0,,0.08,6.8
2020-01-04,54,8.0,,0.08,4.32
2020-01-05,55,10.0,False,0.1,5.5
2020-01-06,79,10.0,,0.1,7.9
2020-01-07,82,10.0,,0.1,8.200000000000001
2020-01-08,100,10.0,,0.1,10.0
2020-01-09,90,10.0,,0.1,9.0
2020-01-10,77,10.0,,0.1,7.7
2020-01-11,52,10.0,,0.1,5.2
2020-01-12,58,9.0,False,0.09,5.22
2020-01-13,64,9.0,,0.09,5.76
2020-01-14,65,9.0,,0.09,5.85
2020-01-15,68,9.0,,0.09,6.12
2020-01-16,87,9.0,,0.09,7.83
2020-01-17,67,9.0,,0.09,6.029999999999999
2020-01-18,63,9.0,,0.09,5.67
2020-01-19,84,8.0,False,0.08,6.72
2020-01-20,60,8.0,,0.08,4.8
2020-01-21,60,8.0,,0.08,4.8
2020-01-22,55,8.0,,0.08,4.4
2020-01-23,64,8.0,,0.08,5.12
2020-01-24,54,8.0,,0.08,4.32
2020-01-25,70,8.0,,0.08,5.6000000000000005
2020-01-26,47,9.0,False,0.09,4.2299999999999995
2020-01-27,43,9.0,,0.09,3.8699999999999997
2020-01-28,80,9.0,,0.09,7.199999999999999
2020-01-29,78,9.0,,0.09,7.02
2020-01-30,76,9.0,,0.09,6.84
2020-01-31,75,9.0,,0.09,6.75
2020-02-01,54,9.0,,0.09,4.859999999999999
2020-02-02,65,9.0,False,0.09,5.85
2020-02-03,69,9.0,,0.09,6.21
2020-02-04,86,9.0,,0.09,7.739999999999999
2020-02-05,74,9.0,,0.09,6.66
2020-02-06,81,9.0,,0.09,7.29
2020-02-07,60,9.0,,0.09,5.3999999999999995
2020-02-08,79,9.0,,0.09,7.109999999999999
2020-02-09,98,11.0,False,0.11,10.78
2020-02-10,94,11.0,,0.11,10.34
2020-02-11,100,11.0,,0.11,11.0
2020-02-12,91,11.0,,0.11,10.01
2020-02-13,81,11.0,,0.11,8.91
2020-02-14,75,11.0,,0.11,8.25
2020-02-15,87,11.0,,0.11,9.57
2020-02-16,81,9.0,False,0.09,7.29
2020-02-17,87,9.0,,0.09,7.83
2020-02-18,75,9.0,,0.09,6.75
2020-02-19,98,9.0,,0.09,8.82
2020-02-20,88,9.0,,0.09,7.92
2020-02-21,79,9.0,,0.09,7.109999999999999
2020-02-22,49,9.0,,0.09,4.41
2020-02-23,72,10.0,False,0.1,7.2
2020-02-24,97,10.0,,0.1,9.700000000000001
2020-02-25,90,10.0,,0.1,9.0
2020-02-26,90,10.0,,0.1,9.0
2020-02-27,90,10.0,,0.1,9.0
2020-02-28,88,10.0,,0.1,8.8
2020-02-29,78,10.0,,0.1,7.800000000000001
2020-03-01,29,8.0,False,0.08,2.32
2020-03-02,23,8.0,,0.08,1.84
2020-03-03,28,8.0,,0.08,2.24
2020-03-04,35,8.0,,0.08,2.8000000000000003
2020-03-05,34,8.0,,0.08,2.72
2020-03-06,22,8.0,,0.08,1.76
2020-03-07,26,8.0,,0.08,2.08
2020-03-08,28,16.0,False,0.16,4.48
2020-03-09,44,16.0,,0.16,7.04
2020-03-10,39,16.0,,0.16,6.24
2020-03-11,34,16.0,,0.16,5.44
2020-03-12,84,16.0,,0.16,13.44
2020-03-13,100,16.0,,0.16,16.0
2020-03-14,60,16.0,,0.16,9.6
2020-03-15,56,17.0,False,0.17,9.520000000000001
2020-03-16,69,17.0,,0.17,11.73
2020-03-17,63,17.0,,0.17,10.71
2020-03-18,56,17.0,,0.17,9.520000000000001
2020-03-19,66,17.0,,0.17,11.22
2020-03-20,50,17.0,,0.17,8.5
2020-03-21,44,17.0,,0.17,7.48
2020-03-22,49,14.0,False,0.14,6.86
2020-03-23,64,14.0,,0.14,8.96
2020-03-24,60,14.0,,0.14,8.4
2020-03-25,43,14.0,,0.14,6.0200000000000005
2020-03-26,39,14.0,,0.14,5.460000000000001
2020-03-27,37,14.0,,0.14,5.180000000000001
2020-03-28,41,14.0,,0.14,5.74
2020-03-29,32,11.0,False,0.11,3.52
2020-03-30,43,11.0,,0.11,4.73
2020-03-31,31,11.0,,0.11,3.41
2020-04-01,59,11.0,,0.11,6.49
2020-04-02,57,11.0,,0.11,6.2700000000000005
2020-04-03,62,11.0,,0.11,6.82
2020-04-04,50,11.0,,0.11,5.5
2020-04-05,48,11.0,False,0.11,5.28
2020-04-06,70,11.0,,0.11,7.7
2020-04-07,74,11.0,,0.11,8.14
2020-04-08,60,11.0,,0.11,6.6
2020-04-09,57,11.0,,0.11,6.2700000000000005
2020-04-10,54,11.0,,0.11,5.94
2020-04-11,54,11.0,,0.11,5.94
2020-04-12,48,10.0,False,0.1,4.800000000000001
2020-04-13,56,10.0,,0.1,5.6000000000000005
2020-04-14,57,10.0,,0.1,5.7
2020-04-15,57,10.0,,0.1,5.7
2020-04-16,55,10.0,,0.1,5.5
2020-04-17,52,10.0,,0.1,5.2
2020-04-18,40,10.0,,0.1,4.0
2020-04-19,57,10.0,False,0.1,5.7
2020-04-20,59,10.0,,0.1,5.9
2020-04-21,44,10.0,,0.1,4.4
2020-04-22,51,10.0,,0.1,5.1000000000000005
2020-04-23,62,10.0,,0.1,6.2
2020-04-24,54,10.0,,0.1,5.4
2020-04-25,53,10.0,,0.1,5.300000000000001
2020-04-26,67,12.0,False,0.12,8.04
2020-04-27,65,12.0,,0.12,7.8
2020-04-28,54,12.0,,0.12,6.4799999999999995
2020-04-29,90,12.0,,0.12,10.799999999999999
2020-04-30,100,12.0,,0.12,12.0
2020-05-01,57,12.0,,0.12,6.84
2020-05-02,73,12.0,,0.12,8.76
2020-05-03,78,15.0,False,0.15,11.7
2020-05-04,54,15.0,,0.15,8.1
2020-05-05,49,15.0,,0.15,7.35
2020-05-06,74,15.0,,0.15,11.1
2020-05-07,91,15.0,,0.15,13.65
2020-05-08,94,15.0,,0.15,14.1
2020-05-09,79,15.0,,0.15,11.85
2020-05-10,100,16.0,False,0.16,16.0
2020-05-11,91,16.0,,0.16,14.56
2020-05-12,75,16.0,,0.16,12.0
2020-05-13,73,16.0,,0.16,11.68
2020-05-14,95,16.0,,0.16,15.200000000000001
2020-05-15,77,16.0,,0.16,12.32
2020-05-16,65,16.0,,0.16,10.4
2020-05-17,66,12.0,False,0.12,7.92
2020-05-18,74,12.0,,0.12,8.879999999999999
2020-05-19,63,12.0,,0.12,7.56
2020-05-20,56,12.0,,0.12,6.72
2020-05-21,80,12.0,,0.12,9.6
2020-05-22,59,12.0,,0.12,7.08
2020-05-23,47,12.0,,0.12,5.64
2020-05-24,47,11.0,False,0.11,5.17
2020-05-25,60,11.0,,0.11,6.6
2020-05-26,51,11.0,,0.11,5.61
2020-05-27,51,11.0,,0.11,5.61
2020-05-28,50,11.0,,0.11,5.5
2020-05-29,60,11.0,,0.11,6.6
2020-05-30,51,11.0,,0.11,5.61
2020-05-31,51,11.0,False,0.11,5.61
2020-06-01,77,11.0,,0.11,8.47
2020-06-02,100,11.0,,0.11,11.0
2020-06-03,70,11.0,,0.11,7.7
2020-06-04,89,11.0,,0.11,9.790000000000001
2020-06-05,97,11.0,,0.11,10.67
2020-06-06,72,11.0,,0.11,7.92
2020-06-07,65,10.0,False,0.1,6.5
2020-06-08,65,10.0,,0.1,6.5
2020-06-09,66,10.0,,0.1,6.6000000000000005
2020-06-10,66,10.0,,0.1,6.6000000000000005
2020-06-11,73,10.0,,0.1,7.300000000000001
2020-06-12,99,10.0,,0.1,9.9
2020-06-13,48,10.0,,0.1,4.800000000000001
2020-06-14,64,9.0,False,0.09,5.76
2020-06-15,78,9.0,,0.09,7.02
2020-06-16,82,9.0,,0.09,7.38
2020-06-17,73,9.0,,0.09,6.569999999999999
2020-06-18,81,9.0,,0.09,7.29
2020-06-19,52,9.0,,0.09,4.68
2020-06-20,63,9.0,,0.09,5.67
2020-06-21,72,9.0,False,0.09,6.4799999999999995
2020-06-22,72,9.0,,0.09,6.4799999999999995
2020-06-23,60,9.0,,0.09,5.3999999999999995
2020-06-24,70,9.0,,0.09,6.3
2020-06-25,63,9.0,,0.09,5.67
2020-06-26,56,9.0,,0.09,5.04
2020-06-27,61,9.0,,0.09,5.49
2020-06-28,74,9.0,False,0.09,6.66
2020-06-29,87,9.0,,0.09,7.83
2020-06-30,72,9.0,,0.09,6.4799999999999995
2020-07-01,41,9.0,,0.09,3.69
2020-07-02,41,9.0,,0.09,3.69
2020-07-03,46,9.0,,0.09,4.14
2020-07-04,34,9.0,,0.09,3.06
2020-07-05,38,7.0,False,0.07,2.66
2020-07-06,44,7.0,,0.07,3.08
2020-07-07,30,7.0,,0.07,2.1
2020-07-08,41,7.0,,0.07,2.87
2020-07-09,37,7.0,,0.07,2.5900000000000003
2020-07-10,26,7.0,,0.07,1.8200000000000003
2020-07-11,28,7.0,,0.07,1.9600000000000002
2020-07-12,34,8.0,False,0.08,2.72
2020-07-13,38,8.0,,0.08,3.04
2020-07-14,37,8.0,,0.08,2.96
2020-07-15,29,8.0,,0.08,2.32
2020-07-16,42,8.0,,0.08,3.36
2020-07-17,29,8.0,,0.08,2.32
2020-07-18,32,8.0,,0.08,2.56
2020-07-19,30,8.0,False,0.08,2.4
2020-07-20,29,8.0,,0.08,2.32
2020-07-21,33,8.0,,0.08,2.64
2020-07-22,37,8.0,,0.08,2.96
2020-07-23,48,8.0,,0.08,3.84
2020-07-24,52,8.0,,0.08,4.16
2020-07-25,43,8.0,,0.08,3.44
2020-07-26,50,18.0,False,0.18,9.0
2020-07-27,100,18.0,,0.18,18.0
2020-07-28,97,18.0,,0.18,17.46
2020-07-29,87,18.0,,0.18,15.66
2020-07-30,67,18.0,,0.18,12.059999999999999
2020-07-31,73,18.0,,0.18,13.139999999999999
2020-08-01,90,18.0,,0.18,16.2
2020-08-02,100,14.0,False,0.14,14.000000000000002
2020-08-03,92,14.0,,0.14,12.88
2020-08-04,71,14.0,,0.14,9.940000000000001
2020-08-05,88,14.0,,0.14,12.32
2020-08-06,83,14.0,,0.14,11.620000000000001
2020-08-07,74,14.0,,0.14,10.360000000000001
2020-08-08,72,14.0,,0.14,10.080000000000002
2020-08-09,68,12.0,False,0.12,8.16
2020-08-10,88,12.0,,0.12,10.559999999999999
2020-08-11,86,12.0,,0.12,10.32
2020-08-12,68,12.0,,0.12,8.16
2020-08-13,61,12.0,,0.12,7.319999999999999
2020-08-14,68,12.0,,0.12,8.16
2020-08-15,67,12.0,,0.12,8.04
2020-08-16,60,12.0,False,0.12,7.199999999999999
2020-08-17,74,12.0,,0.12,8.879999999999999
2020-08-18,81,12.0,,0.12,9.719999999999999
2020-08-19,69,12.0,,0.12,8.28
2020-08-20,72,12.0,,0.12,8.64
2020-08-21,61,12.0,,0.12,7.319999999999999
2020-08-22,63,12.0,,0.12,7.56
2020-08-23,66,9.0,False,0.09,5.9399999999999995
2020-08-24,53,9.0,,0.09,4.77
2020-08-25,55,9.0,,0.09,4.95
2020-08-26,53,9.0,,0.09,4.77
2020-08-27,42,9.0,,0.09,3.78
2020-08-28,50,9.0,,0.09,4.5
2020-08-29,47,9.0,,0.09,4.2299999999999995
2020-08-30,47,12.0,False,0.12,5.64
2020-08-31,70,12.0,,0.12,8.4
2020-09-01,69,12.0,,0.12,8.28
2020-09-02,57,12.0,,0.12,6.84
2020-09-03,38,12.0,,0.12,4.56
2020-09-04,100,12.0,,0.12,12.0
2020-09-05,83,12.0,,0.12,9.959999999999999
2020-09-06,57,10.0,False,0.1,5.7
2020-09-07,62,10.0,,0.1,6.2
2020-09-08,68,10.0,,0.1,6.800000000000001
2020-09-09,49,10.0,,0.1,4.9
2020-09-10,44,10.0,,0.1,4.4
2020-09-11,53,10.0,,0.1,5.300000000000001
2020-09-12,55,10.0,,0.1,5.5
2020-09-13,51,9.0,False,0.09,4.59
2020-09-14,58,9.0,,0.09,5.22
2020-09-15,56,9.0,,0.09,5.04
2020-09-16,54,9.0,,0.09,4.859999999999999
2020-09-17,57,9.0,,0.09,5.13
2020-09-18,43,9.0,,0.09,3.8699999999999997
2020-09-19,51,9.0,,0.09,4.59
2020-09-20,42,8.0,False,0.08,3.36
2020-09-21,44,8.0,,0.08,3.52
2020-09-22,47,8.0,,0.08,3.7600000000000002
2020-09-23,44,8.0,,0.08,3.52
2020-09-24,40,8.0,,0.08,3.2
2020-09-25,34,8.0,,0.08,2.72
2020-09-26,40,8.0,,0.08,3.2
2020-09-27,45,7.0,False,0.07,3.1500000000000004
2020-09-28,37,7.0,,0.07,2.5900000000000003
2020-09-29,34,7.0,,0.07,2.3800000000000003
2020-09-30,28,7.0,,0.07,1.9600000000000002
2020-10-01,40,7.0,,0.07,2.8000000000000003
2020-10-02,36,7.0,,0.07,2.5200000000000005
2020-10-03,27,7.0,,0.07,1.8900000000000001
2020-10-04,40,7.0,False,0.07,2.8000000000000003
2020-10-05,40,7.0,,0.07,2.8000000000000003
2020-10-06,32,7.0,,0.07,2.24
2020-10-07,39,7.0,,0.07,2.7300000000000004
2020-10-08,34,7.0,,0.07,2.3800000000000003
2020-10-09,50,7.0,,0.07,3.5000000000000004
2020-10-10,34,7.0,,0.07,2.3800000000000003
2020-10-11,44,8.0,False,0.08,3.52
2020-10-12,51,8.0,,0.08,4.08
2020-10-13,41,8.0,,0.08,3.2800000000000002
2020-10-14,32,8.0,,0.08,2.56
2020-10-15,48,8.0,,0.08,3.84
2020-10-16,39,8.0,,0.08,3.12
2020-10-17,30,8.0,,0.08,2.4
2020-10-18,43,12.0,False,0.12,5.16
2020-10-19,39,12.0,,0.12,4.68
2020-10-20,52,12.0,,0.12,6.24
2020-10-21,77,12.0,,0.12,9.24
2020-10-22,100,12.0,,0.12,12.0
2020-10-23,69,12.0,,0.12,8.28
2020-10-24,62,12.0,,0.12,7.4399999999999995
2020-10-25,55,12.0,False,0.12,6.6
2020-10-26,65,12.0,,0.12,7.8
2020-10-27,72,12.0,,0.12,8.64
2020-10-28,77,12.0,,0.12,9.24
2020-10-29,65,12.0,,0.12,7.8
2020-10-30,55,12.0,,0.12,6.6
2020-10-31,74,12.0,,0.12,8.879999999999999
2020-11-01,45,16.0,False,0.16,7.2
2020-11-02,39,16.0,,0.16,6.24
2020-11-03,41,16.0,,0.16,6.5600000000000005
2020-11-04,38,16.0,,0.16,6.08
2020-11-05,68,16.0,,0.16,10.88
2020-11-06,68,16.0,,0.16,10.88
2020-11-07,57,16.0,,0.16,9.120000000000001
2020-11-08,49,16.0,False,0.16,7.84
2020-11-09,59,16.0,,0.16,9.44
2020-11-10,43,16.0,,0.16,6.88
2020-11-11,43,16.0,,0.16,6.88
2020-11-12,50,16.0,,0.16,8.0
2020-11-13,61,16.0,,0.16,9.76
2020-11-14,46,16.0,,0.16,7.36
2020-11-15,50,23.0,False,0.23,11.5
2020-11-16,55,23.0,,0.23,12.65
2020-11-17,85,23.0,,0.23,19.55
2020-11-18,98,23.0,,0.23,22.540000000000003
2020-11-19,67,23.0,,0.23,15.41
2020-11-20,68,23.0,,0.23,15.64
2020-11-21,81,23.0,,0.23,18.630000000000003
2020-11-22,72,25.0,False,0.25,18.0
2020-11-23,66,25.0,,0.25,16.5
2020-11-24,93,25.0,,0.25,23.25
2020-11-25,70,25.0,,0.25,17.5
2020-11-26,100,25.0,,0.25,25.0
2020-11-27,69,25.0,,0.25,17.25
2020-11-28,56,25.0,,0.25,14.0
2020-11-29,63,23.0,False,0.23,14.49
2020-11-30,88,23.0,,0.23,20.240000000000002
2020-12-01,55,23.0,,0.23,12.65
2020-12-02,32,23.0,,0.23,7.36
2020-12-03,34,23.0,,0.23,7.82
2020-12-04,30,23.0,,0.23,6.9
2020-12-05,29,23.0,,0.23,6.67
2020-12-06,26,17.0,False,0.17,4.42
2020-12-07,33,17.0,,0.17,5.61
2020-12-08,35,17.0,,0.17,5.95
2020-12-09,28,17.0,,0.17,4.760000000000001
2020-12-10,24,17.0,,0.17,4.08
2020-12-11,29,17.0,,0.17,4.930000000000001
2020-12-12,21,17.0,,0.17,3.5700000000000003
2020-12-13,26,29.0,False,0.29,7.539999999999999
2020-12-14,26,29.0,,0.29,7.539999999999999
2020-12-15,28,29.0,,0.29,8.12
2020-12-16,52,29.0,,0.29,15.079999999999998
2020-12-17,88,29.0,,0.29,25.52
2020-12-18,55,29.0,,0.29,15.95
2020-12-19,52,29.0,,0.29,15.079999999999998
2020-12-20,44,30.0,False,0.3,13.2
2020-12-21,55,30.0,,0.3,16.5
2020-12-22,38,30.0,,0.3,11.4
2020-12-23,46,30.0,,0.3,13.799999999999999
2020-12-24,36,30.0,,0.3,10.799999999999999
2020-12-25,39,30.0,,0.3,11.7
2020-12-26,60,30.0,,0.3,18.0
2020-12-27,100,46.0,False,0.46,46.0
2020-12-28,69,46.0,,0.46,31.740000000000002
2020-12-29,55,46.0,,0.46,25.3
2020-12-30,68,46.0,,0.46,31.28
2020-12-31,65,46.0,,0.46,29.900000000000002
2021-01-01,40,46.0,,0.46,18.400000000000002
2021-01-02,62,46.0,,0.46,28.52
2021-01-03,68,69.0,False,0.69,46.919999999999995
2021-01-04,60,69.0,,0.69,41.4
2021-01-05,48,69.0,,0.69,33.12
2021-01-06,48,69.0,,0.69,33.12
2021-01-07,76,69.0,,0.69,52.44
2021-01-08,78,69.0,,0.69,53.81999999999999
2021-01-09,59,69.0,,0.69,40.709999999999994
2021-01-10,56,72.0,False,0.72,40.32
2021-01-11,100,72.0,,0.72,72.0
2021-01-12,66,72.0,,0.72,47.519999999999996
2021-01-13,54,72.0,,0.72,38.879999999999995
2021-01-14,57,72.0,,0.72,41.04
2021-01-15,53,72.0,,0.72,38.16
2021-01-16,43,72.0,,0.72,30.959999999999997
2021-01-17,42,43.0,False,0.43,18.06
2021-01-18,34,43.0,,0.43,14.62
2021-01-19,36,43.0,,0.43,15.48
2021-01-20,36,43.0,,0.43,15.48
2021-01-21,41,43.0,,0.43,17.63
2021-01-22,52,43.0,,0.43,22.36
2021-01-23,34,43.0,,0.43,14.62
2021-01-24,31,38.0,False,0.38,11.78
2021-01-25,34,38.0,,0.38,12.92
2021-01-26,37,38.0,,0.38,14.06
2021-01-27,30,38.0,,0.38,11.4
2021-01-28,33,38.0,,0.38,12.540000000000001
2021-01-29,50,38.0,,0.38,19.0
2021-01-30,35,38.0,,0.38,13.3
2021-01-31,32,33.0,False,0.33,10.56
2021-02-01,34,33.0,,0.33,11.22
2021-02-02,30,33.0,,0.33,9.9
2021-02-03,33,33.0,,0.33,10.89
2021-02-04,35,33.0,,0.33,11.55
2021-02-05,31,33.0,,0.33,10.23
2021-02-06,32,33.0,,0.33,10.56
2021-02-07,35,54.0,False,0.54,18.900000000000002
2021-02-08,67,54.0,,0.54,36.18
2021-02-09,82,54.0,,0.54,44.28
2021-02-10,55,54.0,,0.54,29.700000000000003
2021-02-11,50,54.0,,0.54,27.0
2021-02-12,50,54.0,,0.54,27.0
2021-02-13,43,54.0,,0.54,23.220000000000002
2021-02-14,49,60.0,False,0.6,29.4
2021-02-15,48,60.0,,0.6,28.799999999999997
2021-02-16,64,60.0,,0.6,38.4
2021-02-17,68,60.0,,0.6,40.8
2021-02-18,57,60.0,,0.6,34.199999999999996
2021-02-19,64,60.0,,0.6,38.4
2021-02-20,75,60.0,,0.6,45.0
2021-02-21,64,70.0,False,0.7,44.8
2021-02-22,78,70.0,,0.7,54.599999999999994
2021-02-23,100,70.0,,0.7,70.0
2021-02-24,74,70.0,,0.7,51.8
2021-02-25,58,70.0,,0.7,40.599999999999994
2021-02-26,65,70.0,,0.7,45.5
2021-02-27,47,70.0,,0.7,32.9
2021-02-28,53,49.0,False,0.49,25.97
2021-03-01,97,49.0,,0.49,47.53
2021-03-02,90,49.0,,0.49,44.1
2021-03-03,88,49.0,,0.49,43.12
2021-03-04,79,49.0,,0.49,38.71
2021-03-05,69,49.0,,0.49,33.81
2021-03-06,65,49.0,,0.49,31.849999999999998
2021-03-07,69,45.0,False,0.45,31.05
2021-03-08,71,45.0,,0.45,31.95
2021-03-09,80,45.0,,0.45,36.0
2021-03-10,81,45.0,,0.45,36.45
2021-03-11,72,45.0,,0.45,32.4
2021-03-12,76,45.0,,0.45,34.2
2021-03-13,96,45.0,,0.45,43.2
2021-03-14,100,47.0,False,0.47,47.0
2021-03-15,91,47.0,,0.47,42.769999999999996
2021-03-16,84,47.0,,0.47,39.48
2021-03-17,77,47.0,,0.47,36.19
2021-03-18,70,47.0,,0.47,32.9
2021-03-19,69,47.0,,0.47,32.43
2021-03-20,54,47.0,,0.47,25.38
2021-03-21,66,37.0,False,0.37,24.419999999999998
2021-03-22,61,37.0,,0.37,22.57
2021-03-23,60,37.0,,0.37,22.2
2021-03-24,78,37.0,,0.37,28.86
2021-03-25,82,37.0,,0.37,30.34
2021-03-26,62,37.0,,0.37,22.94
2021-03-27,60,37.0,,0.37,22.2
2021-03-28,64,36.0,False,0.36,23.04
2021-03-29,65,36.0,,0.36,23.4
2021-03-30,63,36.0,,0.36,22.68
2021-03-31,72,36.0,,0.36,25.919999999999998
2021-04-01,48,36.0,,0.36,17.28
2021-04-02,49,36.0,,0.36,17.64
2021-04-03,43,36.0,,0.36,15.479999999999999
2021-04-04,47,30.0,False,0.3,14.1
2021-04-05,40,30.0,,0.3,12.0
2021-04-06,39,30.0,,0.3,11.7
2021-04-07,36,30.0,,0.3,10.799999999999999
2021-04-08,41,30.0,,0.3,12.299999999999999
2021-04-09,38,30.0,,0.3,11.4
2021-04-10,51,30.0,,0.3,15.299999999999999
2021-04-11,41,38.0,False,0.38,15.58
2021-04-12,44,38.0,,0.38,16.72
2021-04-13,60,38.0,,0.38,22.8
2021-04-14,68,38.0,,0.38,25.84
2021-04-15,53,38.0,,0.38,20.14
2021-04-16,58,38.0,,0.38,22.04
2021-04-17,47,38.0,,0.38,17.86
2021-04-18,88,54.0,False,0.54,47.52
2021-04-19,72,54.0,,0.54,38.88
2021-04-20,61,54.0,,0.54,32.940000000000005
2021-04-21,51,54.0,,0.54,27.540000000000003
2021-04-22,61,54.0,,0.54,32.940000000000005
2021-04-23,100,54.0,,0.54,54.0
2021-04-24,73,54.0,,0.54,39.42
2021-04-25,65,42.0,False,0.42,27.3
2021-04-26,66,42.0,,0.42,27.72
2021-04-27,64,42.0,,0.42,26.88
2021-04-28,54,42.0,,0.42,22.68
2021-04-29,51,42.0,,0.42,21.419999999999998
2021-04-30,52,42.0,,0.42,21.84
2021-05-01,23,42.0,,0.42,9.66
2021-05-02,20,32.0,False,0.32,6.4
2021-05-03,24,32.0,,0.32,7.68
2021-05-04,21,32.0,,0.32,6.72
2021-05-05,21,32.0,,0.32,6.72
2021-05-06,21,32.0,,0.32,6.72
2021-05-07,18,32.0,,0.32,5.76
2021-05-08,21,32.0,,0.32,6.72
2021-05-09,22,42.0,False,0.42,9.24
2021-05-10,21,42.0,,0.42,8.82
2021-05-11,23,42.0,,0.42,9.66
2021-05-12,22,42.0,,0.42,9.24
2021-05-13,53,42.0,,0.42,22.259999999999998
2021-05-14,36,42.0,,0.42,15.12
2021-05-15,28,42.0,,0.42,11.76
2021-05-16,35,86.0,False,0.86,30.099999999999998
2021-05-17,49,86.0,,0.86,42.14
2021-05-18,37,86.0,,0.86,31.82
2021-05-19,100,86.0,,0.86,86.0
2021-05-20,77,86.0,,0.86,66.22
2021-05-21,60,86.0,,0.86,51.6
2021-05-22,55,86.0,,0.86,47.3
2021-05-23,60,63.0,False,0.63,37.8
2021-05-24,59,63.0,,0.63,37.17
2021-05-25,47,63.0,,0.63,29.61
2021-05-26,40,63.0,,0.63,25.2
2021-05-27,34,63.0,,0.63,21.42
2021-05-28,35,63.0,,0.63,22.05
2021-05-29,36,63.0,,0.63,22.68
2021-05-30,36,51.0,False,0.51,18.36
2021-05-31,35,51.0,,0.51,17.85
2021-06-01,68,51.0,,0.51,34.68
2021-06-02,67,51.0,,0.51,34.17
2021-06-03,70,51.0,,0.51,35.7
2021-06-04,69,51.0,,0.51,35.19
2021-06-05,57,51.0,,0.51,29.07
2021-06-06,60,45.0,False,0.45,27.0
2021-06-07,57,45.0,,0.45,25.650000000000002
2021-06-08,83,45.0,,0.45,37.35
2021-06-09,78,45.0,,0.45,35.1
2021-06-10,60,45.0,,0.45,27.0
2021-06-11,51,45.0,,0.45,22.95
2021-06-12,49,45.0,,0.45,22.05
2021-06-13,43,35.0,False,0.35,15.049999999999999
2021-06-14,56,35.0,,0.35,19.599999999999998
2021-06-15,51,35.0,,0.35,17.849999999999998
2021-06-16,50,35.0,,0.35,17.5
2021-06-17,42,35.0,,0.35,14.7
2021-06-18,44,35.0,,0.35,15.399999999999999
2021-06-19,38,35.0,,0.35,13.299999999999999
2021-06-20,56,47.0,False,0.47,26.32
2021-06-21,71,47.0,,0.47,33.37
2021-06-22,100,47.0,,0.47,47.0
2021-06-23,69,47.0,,0.47,32.43
2021-06-24,54,47.0,,0.47,25.38
2021-06-25,57,47.0,,0.47,26.79
2021-06-26,53,47.0,,0.47,24.91
2021-06-27,52,34.0,False,0.34,17.68
2021-06-28,58,34.0,,0.34,19.720000000000002
2021-06-29,52,34.0,,0.34,17.68
2021-06-30,44,34.0,,0.34,14.96
2021-07-01,65,34.0,,0.34,22.1
2021-07-02,69,34.0,,0.34,23.46
2021-07-03,56,34.0,,0.34,19.040000000000003
2021-07-04,59,24.0,False,0.24,14.16
2021-07-05,60,24.0,,0.24,14.399999999999999
2021-07-06,50,24.0,,0.24,12.0
2021-07-07,60,24.0,,0.24,14.399999999999999
2021-07-08,63,24.0,,0.24,15.12
2021-07-09,52,24.0,,0.24,12.48
2021-07-10,44,24.0,,0.24,10.559999999999999
2021-07-11,51,24.0,False,0.24,12.24
2021-07-12,53,24.0,,0.24,12.719999999999999
2021-07-13,62,24.0,,0.24,14.879999999999999
2021-07-14,65,24.0,,0.24,15.6
2021-07-15,53,24.0,,0.24,12.719999999999999
2021-07-16,58,24.0,,0.24,13.92
2021-07-17,57,24.0,,0.24,13.68
2021-07-18,54,30.0,False,0.3,16.2
2021-07-19,58,30.0,,0.3,17.4
2021-07-20,90,30.0,,0.3,27.0
2021-07-21,78,30.0,,0.3,23.4
2021-07-22,69,30.0,,0.3,20.7
2021-07-23,58,30.0,,0.3,17.4
2021-07-24,58,30.0,,0.3,17.4
2021-07-25,61,37.0,False,0.37,22.57
2021-07-26,100,37.0,,0.37,37.0
2021-07-27,85,37.0,,0.37,31.45
2021-07-28,76,37.0,,0.37,28.12
2021-07-29,78,37.0,,0.37,28.86
2021-07-30,67,37.0,,0.37,24.79
2021-07-31,68,37.0,,0.37,25.16
2021-08-01,62,30.0,False,0.3,18.599999999999998
2021-08-02,75,30.0,,0.3,22.5
2021-08-03,66,30.0,,0.3,19.8
2021-08-04,71,30.0,,0.3,21.3
2021-08-05,58,30.0,,0.3,17.4
2021-08-06,72,30.0,,0.3,21.599999999999998
2021-08-07,82,30.0,,0.3,24.599999999999998
2021-08-08,75,32.0,False,0.32,24.0
2021-08-09,88,32.0,,0.32,28.16
2021-08-10,72,32.0,,0.32,23.04
2021-08-11,85,32.0,,0.32,27.2
2021-08-12,53,32.0,,0.32,16.96
2021-08-13,72,32.0,,0.32,23.04
2021-08-14,72,32.0,,0.32,23.04
2021-08-15,69,27.0,False,0.27,18.630000000000003
2021-08-16,76,27.0,,0.27,20.520000000000003
2021-08-17,65,27.0,,0.27,17.55
2021-08-18,59,27.0,,0.27,15.930000000000001
2021-08-19,66,27.0,,0.27,17.82
2021-08-20,72,27.0,,0.27,19.44
2021-08-21,67,27.0,,0.27,18.09
2021-08-22,70,30.0,False,0.3,21.0
2021-08-23,100,30.0,,0.3,30.0
2021-08-24,66,30.0,,0.3,19.8
2021-08-25,71,30.0,,0.3,21.3
2021-08-26,59,30.0,,0.3,17.7
2021-08-27,63,30.0,,0.3,18.9
2021-08-28,49,30.0,,0.3,14.7
2021-08-29,61,25.0,False,0.25,15.25
2021-08-30,49,25.0,,0.25,12.25
2021-08-31,53,25.0,,0.25,13.25
2021-09-01,51,25.0,,0.25,12.75
2021-09-02,53,25.0,,0.25,13.25
2021-09-03,64,25.0,,0.25,16.0
2021-09-04,50,25.0,,0.25,12.5
2021-09-05,51,34.0,False,0.34,17.34
2021-09-06,68,34.0,,0.34,23.12
2021-09-07,100,34.0,,0.34,34.0
2021-09-08,93,34.0,,0.34,31.62
2021-09-09,63,34.0,,0.34,21.42
2021-09-10,63,34.0,,0.34,21.42
2021-09-11,52,34.0,,0.34,17.68
2021-09-12,53,26.0,False,0.26,13.780000000000001
2021-09-13,67,26.0,,0.26,17.42
2021-09-14,52,26.0,,0.26,13.52
2021-09-15,58,26.0,,0.26,15.08
2021-09-16,60,26.0,,0.26,15.600000000000001
2021-09-17,45,26.0,,0.26,11.700000000000001
2021-09-18,42,26.0,,0.26,10.92
2021-09-19,38,30.0,False,0.3,11.4
2021-09-20,69,30.0,,0.3,20.7
2021-09-21,74,30.0,,0.3,22.2
2021-09-22,55,30.0,,0.3,16.5
2021-09-23,52,30.0,,0.3,15.6
2021-09-24,70,30.0,,0.3,21.0
2021-09-25,63,30.0,,0.3,18.9
2021-09-26,58,25.0,False,0.25,14.5
2021-09-27,62,25.0,,0.25,15.5
2021-09-28,46,25.0,,0.25,11.5
2021-09-29,49,25.0,,0.25,12.25
2021-09-30,51,25.0,,0.25,12.75
2021-10-01,70,25.0,,0.25,17.5
2021-10-02,58,25.0,,0.25,14.5
2021-10-03,60,26.0,False,0.26,15.600000000000001
2021-10-04,56,26.0,,0.26,14.56
2021-10-05,56,26.0,,0.26,14.56
2021-10-06,70,26.0,,0.26,18.2
2021-10-07,62,26.0,,0.26,16.12
2021-10-08,51,26.0,,0.26,13.26
2021-10-09,43,26.0,,0.26,11.18
2021-10-10,45,26.0,False,0.26,11.700000000000001
2021-10-11,55,26.0,,0.26,14.3
2021-10-12,57,26.0,,0.26,14.82
2021-10-13,51,26.0,,0.26,13.26
2021-10-14,51,26.0,,0.26,13.26
2021-10-15,76,26.0,,0.26,19.76
2021-10-16,66,26.0,,0.26,17.16
2021-10-17,56,33.0,False,0.33,18.48
2021-10-18,73,33.0,,0.33,24.09
2021-10-19,78,33.0,,0.33,25.740000000000002
2021-10-20,100,33.0,,0.33,33.0
2021-10-21,84,33.0,,0.33,27.720000000000002
2021-10-22,66,33.0,,0.33,21.78
2021-10-23,56,33.0,,0.33,18.48
2021-10-24,53,25.0,False,0.25,13.25
2021-10-25,62,25.0,,0.25,15.5
2021-10-26,59,25.0,,0.25,14.75
2021-10-27,56,25.0,,0.25,14.0
2021-10-28,58,25.0,,0.25,14.5
2021-10-29,57,25.0,,0.25,14.25
2021-10-30,38,25.0,,0.25,9.5
2021-10-31,51,21.0,False,0.21,10.709999999999999
2021-11-01,63,21.0,,0.21,13.229999999999999
2021-11-02,71,21.0,,0.21,14.91
2021-11-03,75,21.0,,0.21,15.75
2021-11-04,64,21.0,,0.21,13.44
2021-11-05,68,21.0,,0.21,14.28
2021-11-06,63,21.0,,0.21,13.229999999999999
2021-11-07,58,27.0,False,0.27,15.66
2021-11-08,91,27.0,,0.27,24.57
2021-11-09,100,27.0,,0.27,27.0
2021-11-10,95,27.0,,0.27,25.650000000000002
2021-11-11,69,27.0,,0.27,18.630000000000003
2021-11-12,82,27.0,,0.27,22.14
2021-11-13,62,27.0,,0.27,16.740000000000002
2021-11-14,61,27.0,False,0.27,16.470000000000002
2021-11-15,63,27.0,,0.27,17.01
2021-11-16,89,27.0,,0.27,24.03
2021-11-17,82,27.0,,0.27,22.14
2021-11-18,85,27.0,,0.27,22.950000000000003
2021-11-19,85,27.0,,0.27,22.950000000000003
2021-11-20,83,27.0,,0.27,22.41
2021-11-21,69,27.0,False,0.27,18.630000000000003
2021-11-22,84,27.0,,0.27,22.68
2021-11-23,79,27.0,,0.27,21.330000000000002
2021-11-24,86,27.0,,0.27,23.220000000000002
2021-11-25,75,27.0,,0.27,20.25
2021-11-26,84,27.0,,0.27,22.68
2021-11-27,70,27.0,,0.27,18.900000000000002
2021-11-28,70,25.0,True,0.25,17.5
2021-11-29,81,25.0,,0.25,20.25
2021-11-30,82,25.0,,0.25,20.5
2021-12-01,100,25.0,,0.25,25.0
2021-12-02,96,25.0,,0.25,24.0
