date,bitcoin dolar_unscaled,bitcoin dolar_monthly,isPartial,scale,bitcoin dolar
2017-08-01,32,,,,
2017-08-02,72,,,,
2017-08-03,43,,,,
2017-08-04,56,,,,
2017-08-05,25,,,,
2017-08-06,13,3.0,False,0.03,0.39
2017-08-07,52,3.0,,0.03,1.56
2017-08-08,62,3.0,,0.03,1.8599999999999999
2017-08-09,43,3.0,,0.03,1.29
2017-08-10,99,3.0,,0.03,2.9699999999999998
2017-08-11,11,3.0,,0.03,0.32999999999999996
2017-08-12,75,3.0,,0.03,2.25
2017-08-13,75,4.0,False,0.04,3.0
2017-08-14,88,4.0,,0.04,3.52
2017-08-15,100,4.0,,0.04,4.0
2017-08-16,54,4.0,,0.04,2.16
2017-08-17,76,4.0,,0.04,3.04
2017-08-18,56,4.0,,0.04,2.24
2017-08-19,62,4.0,,0.04,2.48
2017-08-20,97,3.0,False,0.03,2.9099999999999997
2017-08-21,62,3.0,,0.03,1.8599999999999999
2017-08-22,43,3.0,,0.03,1.29
2017-08-23,64,3.0,,0.03,1.92
2017-08-24,43,3.0,,0.03,1.29
2017-08-25,46,3.0,,0.03,1.38
2017-08-26,0,3.0,,0.03,0.0
2017-08-27,0,3.0,False,0.03,0.0
2017-08-28,65,3.0,,0.03,1.95
2017-08-29,32,3.0,,0.03,0.96
2017-08-30,96,3.0,,0.03,2.88
2017-08-31,75,3.0,,0.03,2.25
2017-09-01,9,3.0,,0.03,0.27
2017-09-02,71,3.0,,0.03,2.13
2017-09-03,39,3.0,False,0.03,1.17
2017-09-04,27,3.0,,0.03,0.8099999999999999
2017-09-05,25,3.0,,0.03,0.75
2017-09-06,76,3.0,,0.03,2.28
2017-09-07,43,3.0,,0.03,1.29
2017-09-08,53,3.0,,0.03,1.5899999999999999
2017-09-09,68,3.0,,0.03,2.04
2017-09-10,29,5.0,False,0.05,1.4500000000000002
2017-09-11,50,5.0,,0.05,2.5
2017-09-12,67,5.0,,0.05,3.35
2017-09-13,67,5.0,,0.05,3.35
2017-09-14,51,5.0,,0.05,2.5500000000000003
2017-09-15,98,5.0,,0.05,4.9
2017-09-16,69,5.0,,0.05,3.45
2017-09-17,10,4.0,False,0.04,0.4
2017-09-18,85,4.0,,0.04,3.4
2017-09-19,100,4.0,,0.04,4.0
2017-09-20,68,4.0,,0.04,2.72
2017-09-21,17,4.0,,0.04,0.68
2017-09-22,62,4.0,,0.04,2.48
2017-09-23,39,4.0,,0.04,1.56
2017-09-24,0,3.0,False,0.03,0.0
2017-09-25,17,3.0,,0.03,0.51
2017-09-26,25,3.0,,0.03,0.75
2017-09-27,51,3.0,,0.03,1.53
2017-09-28,78,3.0,,0.03,2.34
2017-09-29,36,3.0,,0.03,1.08
2017-09-30,10,3.0,,0.03,0.3
2017-10-01,21,2.0,False,0.02,0.42
2017-10-02,27,2.0,,0.02,0.54
2017-10-03,9,2.0,,0.02,0.18
2017-10-04,27,2.0,,0.02,0.54
2017-10-05,46,2.0,,0.02,0.92
2017-10-06,9,2.0,,0.02,0.18
2017-10-07,42,2.0,,0.02,0.84
2017-10-08,42,4.0,False,0.04,1.68
2017-10-09,27,4.0,,0.04,1.08
2017-10-10,98,4.0,,0.04,3.92
2017-10-11,54,4.0,,0.04,2.16
2017-10-12,75,4.0,,0.04,3.0
2017-10-13,66,4.0,,0.04,2.64
2017-10-14,53,4.0,,0.04,2.12
2017-10-15,51,4.0,False,0.04,2.04
2017-10-16,18,4.0,,0.04,0.72
2017-10-17,72,4.0,,0.04,2.88
2017-10-18,9,4.0,,0.04,0.36
2017-10-19,47,4.0,,0.04,1.8800000000000001
2017-10-20,76,4.0,,0.04,3.04
2017-10-21,63,4.0,,0.04,2.52
2017-10-22,70,4.0,False,0.04,2.8000000000000003
2017-10-23,71,4.0,,0.04,2.84
2017-10-24,54,4.0,,0.04,2.16
2017-10-25,53,4.0,,0.04,2.12
2017-10-26,100,4.0,,0.04,4.0
2017-10-27,75,4.0,,0.04,3.0
2017-10-28,52,4.0,,0.04,2.08
2017-10-29,20,5.0,False,0.05,1.0
2017-10-30,36,5.0,,0.05,1.8
2017-10-31,28,5.0,,0.05,1.4000000000000001
2017-11-01,26,5.0,,0.05,1.3
2017-11-02,30,5.0,,0.05,1.5
2017-11-03,74,5.0,,0.05,3.7
2017-11-04,57,5.0,,0.05,2.85
2017-11-05,41,5.0,False,0.05,2.0500000000000003
2017-11-06,49,5.0,,0.05,2.45
2017-11-07,41,5.0,,0.05,2.0500000000000003
2017-11-08,17,5.0,,0.05,0.8500000000000001
2017-11-09,34,5.0,,0.05,1.7000000000000002
2017-11-10,39,5.0,,0.05,1.9500000000000002
2017-11-11,29,5.0,,0.05,1.4500000000000002
2017-11-12,61,6.0,False,0.06,3.6599999999999997
2017-11-13,69,6.0,,0.06,4.14
2017-11-14,37,6.0,,0.06,2.2199999999999998
2017-11-15,37,6.0,,0.06,2.2199999999999998
2017-11-16,62,6.0,,0.06,3.7199999999999998
2017-11-17,39,6.0,,0.06,2.34
2017-11-18,38,6.0,,0.06,2.28
2017-11-19,51,7.0,False,0.07,3.5700000000000003
2017-11-20,49,7.0,,0.07,3.43
2017-11-21,62,7.0,,0.07,4.340000000000001
2017-11-22,63,7.0,,0.07,4.41
2017-11-23,47,7.0,,0.07,3.2900000000000005
2017-11-24,30,7.0,,0.07,2.1
2017-11-25,19,7.0,,0.07,1.33
2017-11-26,51,8.0,False,0.08,4.08
2017-11-27,100,8.0,,0.08,8.0
2017-11-28,49,8.0,,0.08,3.92
2017-11-29,78,8.0,,0.08,6.24
2017-11-30,71,8.0,,0.08,5.68
2017-12-01,54,8.0,,0.08,4.32
2017-12-02,28,8.0,,0.08,2.24
2017-12-03,19,11.0,False,0.11,2.09
2017-12-04,32,11.0,,0.11,3.52
2017-12-05,54,11.0,,0.11,5.94
2017-12-06,45,11.0,,0.11,4.95
2017-12-07,69,11.0,,0.11,7.59
2017-12-08,86,11.0,,0.11,9.46
2017-12-09,59,11.0,,0.11,6.49
2017-12-10,55,13.0,False,0.13,7.15
2017-12-11,78,13.0,,0.13,10.14
2017-12-12,68,13.0,,0.13,8.84
2017-12-13,81,13.0,,0.13,10.530000000000001
2017-12-14,60,13.0,,0.13,7.800000000000001
2017-12-15,44,13.0,,0.13,5.720000000000001
2017-12-16,46,13.0,,0.13,5.98
2017-12-17,54,14.0,False,0.14,7.5600000000000005
2017-12-18,50,14.0,,0.14,7.000000000000001
2017-12-19,51,14.0,,0.14,7.140000000000001
2017-12-20,47,14.0,,0.14,6.580000000000001
2017-12-21,61,14.0,,0.14,8.540000000000001
2017-12-22,100,14.0,,0.14,14.000000000000002
2017-12-23,69,14.0,,0.14,9.66
2017-12-24,44,11.0,False,0.11,4.84
2017-12-25,34,11.0,,0.11,3.74
2017-12-26,47,11.0,,0.11,5.17
2017-12-27,26,11.0,,0.11,2.86
2017-12-28,59,11.0,,0.11,6.49
2017-12-29,49,11.0,,0.11,5.39
2017-12-30,29,11.0,,0.11,3.19
2017-12-31,21,9.0,False,0.09,1.89
2018-01-01,73,9.0,,0.09,6.569999999999999
2018-01-02,89,9.0,,0.09,8.01
2018-01-03,70,9.0,,0.09,6.3
2018-01-04,86,9.0,,0.09,7.739999999999999
2018-01-05,50,9.0,,0.09,4.5
2018-01-06,77,9.0,,0.09,6.93
2018-01-07,79,8.0,False,0.08,6.32
2018-01-08,75,8.0,,0.08,6.0
2018-01-09,89,8.0,,0.08,7.12
2018-01-10,58,8.0,,0.08,4.64
2018-01-11,80,8.0,,0.08,6.4
2018-01-12,94,8.0,,0.08,7.5200000000000005
2018-01-13,30,8.0,,0.08,2.4
2018-01-14,12,8.0,False,0.08,0.96
2018-01-15,58,8.0,,0.08,4.64
2018-01-16,89,8.0,,0.08,7.12
2018-01-17,88,8.0,,0.08,7.04
2018-01-18,90,8.0,,0.08,7.2
2018-01-19,49,8.0,,0.08,3.92
2018-01-20,54,8.0,,0.08,4.32
2018-01-21,70,8.0,False,0.08,5.6000000000000005
2018-01-22,77,8.0,,0.08,6.16
2018-01-23,83,8.0,,0.08,6.640000000000001
2018-01-24,57,8.0,,0.08,4.5600000000000005
2018-01-25,100,8.0,,0.08,8.0
2018-01-26,82,8.0,,0.08,6.5600000000000005
2018-01-27,48,8.0,,0.08,3.84
2018-01-28,48,7.0,False,0.07,3.3600000000000003
2018-01-29,78,7.0,,0.07,5.460000000000001
2018-01-30,53,7.0,,0.07,3.7100000000000004
2018-01-31,57,7.0,,0.07,3.99
2018-02-01,65,7.0,,0.07,4.550000000000001
2018-02-02,83,7.0,,0.07,5.8100000000000005
2018-02-03,45,7.0,,0.07,3.1500000000000004
2018-02-04,40,9.0,False,0.09,3.5999999999999996
2018-02-05,89,9.0,,0.09,8.01
2018-02-06,100,9.0,,0.09,9.0
2018-02-07,60,9.0,,0.09,5.3999999999999995
2018-02-08,36,9.0,,0.09,3.2399999999999998
2018-02-09,60,9.0,,0.09,5.3999999999999995
2018-02-10,44,9.0,,0.09,3.96
2018-02-11,20,6.0,False,0.06,1.2
2018-02-12,40,6.0,,0.06,2.4
2018-02-13,36,6.0,,0.06,2.16
2018-02-14,29,6.0,,0.06,1.74
2018-02-15,33,6.0,,0.06,1.98
2018-02-16,34,6.0,,0.06,2.04
2018-02-17,41,6.0,,0.06,2.46
2018-02-18,20,5.0,False,0.05,1.0
2018-02-19,43,5.0,,0.05,2.15
2018-02-20,32,5.0,,0.05,1.6
2018-02-21,43,5.0,,0.05,2.15
2018-02-22,57,5.0,,0.05,2.85
2018-02-23,26,5.0,,0.05,1.3
2018-02-24,32,5.0,,0.05,1.6
2018-02-25,20,5.0,False,0.05,1.0
2018-02-26,35,5.0,,0.05,1.75
2018-02-27,49,5.0,,0.05,2.45
2018-02-28,24,5.0,,0.05,1.2000000000000002
2018-03-01,62,5.0,,0.05,3.1
2018-03-02,51,5.0,,0.05,2.5500000000000003
2018-03-03,73,5.0,,0.05,3.6500000000000004
2018-03-04,40,5.0,False,0.05,2.0
2018-03-05,63,5.0,,0.05,3.1500000000000004
2018-03-06,56,5.0,,0.05,2.8000000000000003
2018-03-07,57,5.0,,0.05,2.85
2018-03-08,57,5.0,,0.05,2.85
2018-03-09,67,5.0,,0.05,3.35
2018-03-10,16,5.0,,0.05,0.8
2018-03-11,63,5.0,False,0.05,3.1500000000000004
2018-03-12,43,5.0,,0.05,2.15
2018-03-13,63,5.0,,0.05,3.1500000000000004
2018-03-14,63,5.0,,0.05,3.1500000000000004
2018-03-15,57,5.0,,0.05,2.85
2018-03-16,80,5.0,,0.05,4.0
2018-03-17,73,5.0,,0.05,3.6500000000000004
2018-03-18,56,5.0,False,0.05,2.8000000000000003
2018-03-19,71,5.0,,0.05,3.5500000000000003
2018-03-20,71,5.0,,0.05,3.5500000000000003
2018-03-21,71,5.0,,0.05,3.5500000000000003
2018-03-22,100,5.0,,0.05,5.0
2018-03-23,59,5.0,,0.05,2.95
2018-03-24,67,5.0,,0.05,3.35
2018-03-25,25,4.0,False,0.04,1.0
2018-03-26,72,4.0,,0.04,2.88
2018-03-27,36,4.0,,0.04,1.44
2018-03-28,59,4.0,,0.04,2.36
2018-03-29,83,4.0,,0.04,3.3200000000000003
2018-03-30,72,4.0,,0.04,2.88
2018-03-31,51,4.0,,0.04,2.04
2018-04-01,27,6.0,False,0.06,1.6199999999999999
2018-04-02,72,6.0,,0.06,4.32
2018-04-03,67,6.0,,0.06,4.02
2018-04-04,34,6.0,,0.06,2.04
2018-04-05,98,6.0,,0.06,5.88
2018-04-06,95,6.0,,0.06,5.7
2018-04-07,32,6.0,,0.06,1.92
2018-04-08,39,7.0,False,0.07,2.7300000000000004
2018-04-09,45,7.0,,0.07,3.1500000000000004
2018-04-10,100,7.0,,0.07,7.000000000000001
2018-04-11,61,7.0,,0.07,4.2700000000000005
2018-04-12,28,7.0,,0.07,1.9600000000000002
2018-04-13,53,7.0,,0.07,3.7100000000000004
2018-04-14,85,7.0,,0.07,5.95
2018-04-15,32,5.0,False,0.05,1.6
2018-04-16,45,5.0,,0.05,2.25
2018-04-17,51,5.0,,0.05,2.5500000000000003
2018-04-18,57,5.0,,0.05,2.85
2018-04-19,76,5.0,,0.05,3.8000000000000003
2018-04-20,90,5.0,,0.05,4.5
2018-04-21,20,5.0,,0.05,1.0
2018-04-22,65,4.0,False,0.04,2.6
2018-04-23,27,4.0,,0.04,1.08
2018-04-24,72,4.0,,0.04,2.88
2018-04-25,34,4.0,,0.04,1.36
2018-04-26,51,4.0,,0.04,2.04
2018-04-27,18,4.0,,0.04,0.72
2018-04-28,13,4.0,,0.04,0.52
2018-04-29,26,3.0,False,0.03,0.78
2018-04-30,23,3.0,,0.03,0.69
2018-05-01,43,3.0,,0.03,1.29
2018-05-02,65,3.0,,0.03,1.95
2018-05-03,74,3.0,,0.03,2.2199999999999998
2018-05-04,86,3.0,,0.03,2.58
2018-05-05,57,3.0,,0.03,1.71
2018-05-06,28,4.0,False,0.04,1.12
2018-05-07,41,4.0,,0.04,1.6400000000000001
2018-05-08,41,4.0,,0.04,1.6400000000000001
2018-05-09,58,4.0,,0.04,2.32
2018-05-10,41,4.0,,0.04,1.6400000000000001
2018-05-11,68,4.0,,0.04,2.72
2018-05-12,48,4.0,,0.04,1.92
2018-05-13,19,4.0,False,0.04,0.76
2018-05-14,90,4.0,,0.04,3.6
2018-05-15,40,4.0,,0.04,1.6
2018-05-16,82,4.0,,0.04,3.2800000000000002
2018-05-17,25,4.0,,0.04,1.0
2018-05-18,35,4.0,,0.04,1.4000000000000001
2018-05-19,38,4.0,,0.04,1.52
2018-05-20,48,5.0,False,0.05,2.4000000000000004
2018-05-21,58,5.0,,0.05,2.9000000000000004
2018-05-22,82,5.0,,0.05,4.1000000000000005
2018-05-23,75,5.0,,0.05,3.75
2018-05-24,100,5.0,,0.05,5.0
2018-05-25,96,5.0,,0.05,4.800000000000001
2018-05-26,48,5.0,,0.05,2.4000000000000004
2018-05-27,29,4.0,False,0.04,1.16
2018-05-28,42,4.0,,0.04,1.68
2018-05-29,98,4.0,,0.04,3.92
2018-05-30,74,4.0,,0.04,2.96
2018-05-31,75,4.0,,0.04,3.0
2018-06-01,95,4.0,,0.04,3.8000000000000003
2018-06-02,66,4.0,,0.04,2.64
2018-06-03,65,3.0,False,0.03,1.95
2018-06-04,56,3.0,,0.03,1.68
2018-06-05,100,3.0,,0.03,3.0
2018-06-06,11,3.0,,0.03,0.32999999999999996
2018-06-07,90,3.0,,0.03,2.6999999999999997
2018-06-08,59,3.0,,0.03,1.77
2018-06-09,79,3.0,,0.03,2.37
2018-06-10,65,4.0,False,0.04,2.6
2018-06-11,97,4.0,,0.04,3.88
2018-06-12,81,4.0,,0.04,3.24
2018-06-13,93,4.0,,0.04,3.72
2018-06-14,65,4.0,,0.04,2.6
2018-06-15,94,4.0,,0.04,3.7600000000000002
2018-06-16,26,4.0,,0.04,1.04
2018-06-17,89,2.0,False,0.02,1.78
2018-06-18,55,2.0,,0.02,1.1
2018-06-19,76,2.0,,0.02,1.52
2018-06-20,100,2.0,,0.02,2.0
2018-06-21,0,2.0,,0.02,0.0
2018-06-22,81,2.0,,0.02,1.62
2018-06-23,38,2.0,,0.02,0.76
2018-06-24,25,2.0,False,0.02,0.5
2018-06-25,87,2.0,,0.02,1.74
2018-06-26,87,2.0,,0.02,1.74
2018-06-27,76,2.0,,0.02,1.52
2018-06-28,44,2.0,,0.02,0.88
2018-06-29,59,2.0,,0.02,1.18
2018-06-30,77,2.0,,0.02,1.54
2018-07-01,25,3.0,False,0.03,0.75
2018-07-02,82,3.0,,0.03,2.46
2018-07-03,37,3.0,,0.03,1.1099999999999999
2018-07-04,24,3.0,,0.03,0.72
2018-07-05,23,3.0,,0.03,0.69
2018-07-06,15,3.0,,0.03,0.44999999999999996
2018-07-07,43,3.0,,0.03,1.29
2018-07-08,51,4.0,False,0.04,2.04
2018-07-09,67,4.0,,0.04,2.68
2018-07-10,51,4.0,,0.04,2.04
2018-07-11,76,4.0,,0.04,3.04
2018-07-12,94,4.0,,0.04,3.7600000000000002
2018-07-13,16,4.0,,0.04,0.64
2018-07-14,27,4.0,,0.04,1.08
2018-07-15,26,4.0,False,0.04,1.04
2018-07-16,39,4.0,,0.04,1.56
2018-07-17,69,4.0,,0.04,2.7600000000000002
2018-07-18,54,4.0,,0.04,2.16
2018-07-19,47,4.0,,0.04,1.8800000000000001
2018-07-20,32,4.0,,0.04,1.28
2018-07-21,35,4.0,,0.04,1.4000000000000001
2018-07-22,18,4.0,False,0.04,0.72
2018-07-23,77,4.0,,0.04,3.08
2018-07-24,99,4.0,,0.04,3.96
2018-07-25,100,4.0,,0.04,4.0
2018-07-26,70,4.0,,0.04,2.8000000000000003
2018-07-27,79,4.0,,0.04,3.16
2018-07-28,26,4.0,,0.04,1.04
2018-07-29,62,5.0,False,0.05,3.1
2018-07-30,68,5.0,,0.05,3.4000000000000004
2018-07-31,60,5.0,,0.05,3.0
2018-08-01,11,5.0,,0.05,0.55
2018-08-02,28,5.0,,0.05,1.4000000000000001
2018-08-03,38,5.0,,0.05,1.9000000000000001
2018-08-04,8,5.0,,0.05,0.4
2018-08-05,8,7.0,False,0.07,0.56
2018-08-06,57,7.0,,0.07,3.99
2018-08-07,38,7.0,,0.07,2.66
2018-08-08,32,7.0,,0.07,2.24
2018-08-09,36,7.0,,0.07,2.5200000000000005
2018-08-10,100,7.0,,0.07,7.000000000000001
2018-08-11,41,7.0,,0.07,2.87
2018-08-12,65,8.0,False,0.08,5.2
2018-08-13,83,8.0,,0.08,6.640000000000001
2018-08-14,54,8.0,,0.08,4.32
2018-08-15,48,8.0,,0.08,3.84
2018-08-16,55,8.0,,0.08,4.4
2018-08-17,26,8.0,,0.08,2.08
2018-08-18,30,8.0,,0.08,2.4
2018-08-19,34,6.0,False,0.06,2.04
2018-08-20,45,6.0,,0.06,2.6999999999999997
2018-08-21,48,6.0,,0.06,2.88
2018-08-22,60,6.0,,0.06,3.5999999999999996
2018-08-23,44,6.0,,0.06,2.6399999999999997
2018-08-24,64,6.0,,0.06,3.84
2018-08-25,17,6.0,,0.06,1.02
2018-08-26,12,5.0,False,0.05,0.6000000000000001
2018-08-27,29,5.0,,0.05,1.4500000000000002
2018-08-28,43,5.0,,0.05,2.15
2018-08-29,54,5.0,,0.05,2.7
2018-08-30,72,5.0,,0.05,3.6
2018-08-31,74,5.0,,0.05,3.7
2018-09-01,72,5.0,,0.05,3.6
2018-09-02,58,6.0,False,0.06,3.48
2018-09-03,72,6.0,,0.06,4.32
2018-09-04,74,6.0,,0.06,4.4399999999999995
2018-09-05,75,6.0,,0.06,4.5
2018-09-06,94,6.0,,0.06,5.64
2018-09-07,47,6.0,,0.06,2.82
2018-09-08,51,6.0,,0.06,3.06
2018-09-09,14,5.0,False,0.05,0.7000000000000001
2018-09-10,74,5.0,,0.05,3.7
2018-09-11,62,5.0,,0.05,3.1
2018-09-12,43,5.0,,0.05,2.15
2018-09-13,32,5.0,,0.05,1.6
2018-09-14,52,5.0,,0.05,2.6
2018-09-15,36,5.0,,0.05,1.8
2018-09-16,28,4.0,False,0.04,1.12
2018-09-17,57,4.0,,0.04,2.2800000000000002
2018-09-18,50,4.0,,0.04,2.0
2018-09-19,31,4.0,,0.04,1.24
2018-09-20,75,4.0,,0.04,3.0
2018-09-21,46,4.0,,0.04,1.84
2018-09-22,29,4.0,,0.04,1.16
2018-09-23,49,5.0,False,0.05,2.45
2018-09-24,37,5.0,,0.05,1.85
2018-09-25,100,5.0,,0.05,5.0
2018-09-26,68,5.0,,0.05,3.4000000000000004
2018-09-27,38,5.0,,0.05,1.9000000000000001
2018-09-28,65,5.0,,0.05,3.25
2018-09-29,80,5.0,,0.05,4.0
2018-09-30,14,4.0,False,0.04,0.56
2018-10-01,41,4.0,,0.04,1.6400000000000001
2018-10-02,35,4.0,,0.04,1.4000000000000001
2018-10-03,63,4.0,,0.04,2.52
2018-10-04,59,4.0,,0.04,2.36
2018-10-05,31,4.0,,0.04,1.24
2018-10-06,27,4.0,,0.04,1.08
2018-10-07,26,4.0,False,0.04,1.04
2018-10-08,29,4.0,,0.04,1.16
2018-10-09,67,4.0,,0.04,2.68
2018-10-10,41,4.0,,0.04,1.6400000000000001
2018-10-11,54,4.0,,0.04,2.16
2018-10-12,57,4.0,,0.04,2.2800000000000002
2018-10-13,55,4.0,,0.04,2.2
2018-10-14,34,5.0,False,0.05,1.7000000000000002
2018-10-15,60,5.0,,0.05,3.0
2018-10-16,100,5.0,,0.05,5.0
2018-10-17,47,5.0,,0.05,2.35
2018-10-18,78,5.0,,0.05,3.9000000000000004
2018-10-19,56,5.0,,0.05,2.8000000000000003
2018-10-20,34,5.0,,0.05,1.7000000000000002
2018-10-21,20,4.0,False,0.04,0.8
2018-10-22,88,4.0,,0.04,3.52
2018-10-23,35,4.0,,0.04,1.4000000000000001
2018-10-24,59,4.0,,0.04,2.36
2018-10-25,41,4.0,,0.04,1.6400000000000001
2018-10-26,62,4.0,,0.04,2.48
2018-10-27,39,4.0,,0.04,1.56
2018-10-28,39,4.0,False,0.04,1.56
2018-10-29,72,4.0,,0.04,2.88
2018-10-30,29,4.0,,0.04,1.16
2018-10-31,12,4.0,,0.04,0.48
2018-11-01,31,4.0,,0.04,1.24
2018-11-02,9,4.0,,0.04,0.36
2018-11-03,14,4.0,,0.04,0.56
2018-11-04,18,4.0,False,0.04,0.72
2018-11-05,28,4.0,,0.04,1.12
2018-11-06,17,4.0,,0.04,0.68
2018-11-07,44,4.0,,0.04,1.76
2018-11-08,41,4.0,,0.04,1.6400000000000001
2018-11-09,39,4.0,,0.04,1.56
2018-11-10,24,4.0,,0.04,0.96
2018-11-11,32,4.0,False,0.04,1.28
2018-11-12,17,4.0,,0.04,0.68
2018-11-13,20,4.0,,0.04,0.8
2018-11-14,46,4.0,,0.04,1.84
2018-11-15,50,4.0,,0.04,2.0
2018-11-16,39,4.0,,0.04,1.56
2018-11-17,39,4.0,,0.04,1.56
2018-11-18,28,6.0,False,0.06,1.68
2018-11-19,17,6.0,,0.06,1.02
2018-11-20,100,6.0,,0.06,6.0
2018-11-21,62,6.0,,0.06,3.7199999999999998
2018-11-22,69,6.0,,0.06,4.14
2018-11-23,39,6.0,,0.06,2.34
2018-11-24,23,6.0,,0.06,1.38
2018-11-25,46,7.0,False,0.07,3.22
2018-11-26,77,7.0,,0.07,5.390000000000001
2018-11-27,41,7.0,,0.07,2.87
2018-11-28,74,7.0,,0.07,5.180000000000001
2018-11-29,29,7.0,,0.07,2.0300000000000002
2018-11-30,42,7.0,,0.07,2.9400000000000004
2018-12-01,32,7.0,,0.07,2.24
2018-12-02,55,6.0,False,0.06,3.3
2018-12-03,70,6.0,,0.06,4.2
2018-12-04,90,6.0,,0.06,5.3999999999999995
2018-12-05,69,6.0,,0.06,4.14
2018-12-06,71,6.0,,0.06,4.26
2018-12-07,67,6.0,,0.06,4.02
2018-12-08,50,6.0,,0.06,3.0
2018-12-09,16,5.0,False,0.05,0.8
2018-12-10,56,5.0,,0.05,2.8000000000000003
2018-12-11,42,5.0,,0.05,2.1
2018-12-12,80,5.0,,0.05,4.0
2018-12-13,81,5.0,,0.05,4.05
2018-12-14,100,5.0,,0.05,5.0
2018-12-15,42,5.0,,0.05,2.1
2018-12-16,66,4.0,False,0.04,2.64
2018-12-17,72,4.0,,0.04,2.88
2018-12-18,82,4.0,,0.04,3.2800000000000002
2018-12-19,91,4.0,,0.04,3.64
2018-12-20,84,4.0,,0.04,3.36
2018-12-21,71,4.0,,0.04,2.84
2018-12-22,26,4.0,,0.04,1.04
2018-12-23,78,5.0,False,0.05,3.9000000000000004
2018-12-24,77,5.0,,0.05,3.85
2018-12-25,45,5.0,,0.05,2.25
2018-12-26,40,5.0,,0.05,2.0
2018-12-27,62,5.0,,0.05,3.1
2018-12-28,54,5.0,,0.05,2.7
2018-12-29,100,5.0,,0.05,5.0
2018-12-30,50,5.0,False,0.05,2.5
2018-12-31,17,5.0,,0.05,0.8500000000000001
2019-01-01,38,5.0,,0.05,1.9000000000000001
2019-01-02,65,5.0,,0.05,3.25
2019-01-03,100,5.0,,0.05,5.0
2019-01-04,64,5.0,,0.05,3.2
2019-01-05,35,5.0,,0.05,1.75
2019-01-06,35,6.0,False,0.06,2.1
2019-01-07,36,6.0,,0.06,2.16
2019-01-08,67,6.0,,0.06,4.02
2019-01-09,62,6.0,,0.06,3.7199999999999998
2019-01-10,73,6.0,,0.06,4.38
2019-01-11,43,6.0,,0.06,2.58
2019-01-12,58,6.0,,0.06,3.48
2019-01-13,23,4.0,False,0.04,0.92
2019-01-14,30,4.0,,0.04,1.2
2019-01-15,50,4.0,,0.04,2.0
2019-01-16,46,4.0,,0.04,1.84
2019-01-17,31,4.0,,0.04,1.24
2019-01-18,42,4.0,,0.04,1.68
2019-01-19,23,4.0,,0.04,0.92
2019-01-20,16,4.0,False,0.04,0.64
2019-01-21,41,4.0,,0.04,1.6400000000000001
2019-01-22,25,4.0,,0.04,1.0
2019-01-23,84,4.0,,0.04,3.36
2019-01-24,45,4.0,,0.04,1.8
2019-01-25,15,4.0,,0.04,0.6
2019-01-26,23,4.0,,0.04,0.92
2019-01-27,56,4.0,False,0.04,2.24
2019-01-28,45,4.0,,0.04,1.8
2019-01-29,46,4.0,,0.04,1.84
2019-01-30,46,4.0,,0.04,1.84
2019-01-31,41,4.0,,0.04,1.6400000000000001
2019-02-01,43,4.0,,0.04,1.72
2019-02-02,18,4.0,,0.04,0.72
2019-02-03,12,4.0,False,0.04,0.48
2019-02-04,26,4.0,,0.04,1.04
2019-02-05,47,4.0,,0.04,1.8800000000000001
2019-02-06,21,4.0,,0.04,0.84
2019-02-07,73,4.0,,0.04,2.92
2019-02-08,11,4.0,,0.04,0.44
2019-02-09,18,4.0,,0.04,0.72
2019-02-10,29,4.0,False,0.04,1.16
2019-02-11,61,4.0,,0.04,2.44
2019-02-12,31,4.0,,0.04,1.24
2019-02-13,20,4.0,,0.04,0.8
2019-02-14,21,4.0,,0.04,0.84
2019-02-15,38,4.0,,0.04,1.52
2019-02-16,12,4.0,,0.04,0.48
2019-02-17,36,5.0,False,0.05,1.8
2019-02-18,100,5.0,,0.05,5.0
2019-02-19,62,5.0,,0.05,3.1
2019-02-20,26,5.0,,0.05,1.3
2019-02-21,26,5.0,,0.05,1.3
2019-02-22,49,5.0,,0.05,2.45
2019-02-23,42,5.0,,0.05,2.1
2019-02-24,6,3.0,False,0.03,0.18
2019-02-25,62,3.0,,0.03,1.8599999999999999
2019-02-26,31,3.0,,0.03,0.9299999999999999
2019-02-27,30,3.0,,0.03,0.8999999999999999
2019-02-28,26,3.0,,0.03,0.78
2019-03-01,51,3.0,,0.03,1.53
2019-03-02,16,3.0,,0.03,0.48
2019-03-03,40,3.0,False,0.03,1.2
2019-03-04,50,3.0,,0.03,1.5
2019-03-05,14,3.0,,0.03,0.42
2019-03-06,41,3.0,,0.03,1.23
2019-03-07,79,3.0,,0.03,2.37
2019-03-08,52,3.0,,0.03,1.56
2019-03-09,49,3.0,,0.03,1.47
2019-03-10,39,4.0,False,0.04,1.56
2019-03-11,63,4.0,,0.04,2.52
2019-03-12,63,4.0,,0.04,2.52
2019-03-13,7,4.0,,0.04,0.28
2019-03-14,85,4.0,,0.04,3.4
2019-03-15,80,4.0,,0.04,3.2
2019-03-16,65,4.0,,0.04,2.6
2019-03-17,56,4.0,False,0.04,2.24
2019-03-18,35,4.0,,0.04,1.4000000000000001
2019-03-19,40,4.0,,0.04,1.6
2019-03-20,71,4.0,,0.04,2.84
2019-03-21,66,4.0,,0.04,2.64
2019-03-22,52,4.0,,0.04,2.08
2019-03-23,90,4.0,,0.04,3.6
2019-03-24,51,4.0,False,0.04,2.04
2019-03-25,71,4.0,,0.04,2.84
2019-03-26,77,4.0,,0.04,3.08
2019-03-27,100,4.0,,0.04,4.0
2019-03-28,43,4.0,,0.04,1.72
2019-03-29,60,4.0,,0.04,2.4
2019-03-30,66,4.0,,0.04,2.64
2019-03-31,41,7.0,False,0.07,2.87
2019-04-01,35,7.0,,0.07,2.45
2019-04-02,86,7.0,,0.07,6.0200000000000005
2019-04-03,100,7.0,,0.07,7.000000000000001
2019-04-04,90,7.0,,0.07,6.300000000000001
2019-04-05,42,7.0,,0.07,2.9400000000000004
2019-04-06,56,7.0,,0.07,3.9200000000000004
2019-04-07,57,5.0,False,0.05,2.85
2019-04-08,84,5.0,,0.05,4.2
2019-04-09,59,5.0,,0.05,2.95
2019-04-10,44,5.0,,0.05,2.2
2019-04-11,50,5.0,,0.05,2.5
2019-04-12,48,5.0,,0.05,2.4000000000000004
2019-04-13,53,5.0,,0.05,2.6500000000000004
2019-04-14,34,6.0,False,0.06,2.04
2019-04-15,80,6.0,,0.06,4.8
2019-04-16,56,6.0,,0.06,3.36
2019-04-17,31,6.0,,0.06,1.8599999999999999
2019-04-18,80,6.0,,0.06,4.8
2019-04-19,40,6.0,,0.06,2.4
2019-04-20,60,6.0,,0.06,3.5999999999999996
2019-04-21,24,6.0,False,0.06,1.44
2019-04-22,69,6.0,,0.06,4.14
2019-04-23,81,6.0,,0.06,4.859999999999999
2019-04-24,60,6.0,,0.06,3.5999999999999996
2019-04-25,81,6.0,,0.06,4.859999999999999
2019-04-26,83,6.0,,0.06,4.9799999999999995
2019-04-27,34,6.0,,0.06,2.04
2019-04-28,45,6.0,False,0.06,2.6999999999999997
2019-04-29,59,6.0,,0.06,3.54
2019-04-30,70,6.0,,0.06,4.2
2019-05-01,38,6.0,,0.06,2.28
2019-05-02,45,6.0,,0.06,2.6999999999999997
2019-05-03,43,6.0,,0.06,2.58
2019-05-04,29,6.0,,0.06,1.74
2019-05-05,28,8.0,False,0.08,2.24
2019-05-06,42,8.0,,0.08,3.36
2019-05-07,60,8.0,,0.08,4.8
2019-05-08,35,8.0,,0.08,2.8000000000000003
2019-05-09,42,8.0,,0.08,3.36
2019-05-10,74,8.0,,0.08,5.92
2019-05-11,53,8.0,,0.08,4.24
2019-05-12,44,11.0,False,0.11,4.84
2019-05-13,90,11.0,,0.11,9.9
2019-05-14,80,11.0,,0.11,8.8
2019-05-15,93,11.0,,0.11,10.23
2019-05-16,100,11.0,,0.11,11.0
2019-05-17,77,11.0,,0.11,8.47
2019-05-18,86,11.0,,0.11,9.46
2019-05-19,36,10.0,False,0.1,3.6
2019-05-20,60,10.0,,0.1,6.0
2019-05-21,75,10.0,,0.1,7.5
2019-05-22,50,10.0,,0.1,5.0
2019-05-23,52,10.0,,0.1,5.2
2019-05-24,53,10.0,,0.1,5.300000000000001
2019-05-25,60,10.0,,0.1,6.0
2019-05-26,22,10.0,False,0.1,2.2
2019-05-27,61,10.0,,0.1,6.1000000000000005
2019-05-28,72,10.0,,0.1,7.2
2019-05-29,53,10.0,,0.1,5.300000000000001
2019-05-30,76,10.0,,0.1,7.6000000000000005
2019-05-31,90,10.0,,0.1,9.0
2019-06-01,30,10.0,,0.1,3.0
2019-06-02,39,8.0,False,0.08,3.12
2019-06-03,39,8.0,,0.08,3.12
2019-06-04,41,8.0,,0.08,3.2800000000000002
2019-06-05,44,8.0,,0.08,3.52
2019-06-06,35,8.0,,0.08,2.8000000000000003
2019-06-07,48,8.0,,0.08,3.84
2019-06-08,45,8.0,,0.08,3.6
2019-06-09,18,8.0,False,0.08,1.44
2019-06-10,23,8.0,,0.08,1.84
2019-06-11,43,8.0,,0.08,3.44
2019-06-12,49,8.0,,0.08,3.92
2019-06-13,37,8.0,,0.08,2.96
2019-06-14,38,8.0,,0.08,3.04
2019-06-15,42,8.0,,0.08,3.36
2019-06-16,34,11.0,False,0.11,3.74
2019-06-17,42,11.0,,0.11,4.62
2019-06-18,49,11.0,,0.11,5.39
2019-06-19,32,11.0,,0.11,3.52
2019-06-20,43,11.0,,0.11,4.73
2019-06-21,39,11.0,,0.11,4.29
2019-06-22,78,11.0,,0.11,8.58
2019-06-23,45,18.0,False,0.18,8.1
2019-06-24,63,18.0,,0.18,11.34
2019-06-25,79,18.0,,0.18,14.219999999999999
2019-06-26,97,18.0,,0.18,17.46
2019-06-27,100,18.0,,0.18,18.0
2019-06-28,98,18.0,,0.18,17.64
2019-06-29,57,18.0,,0.18,10.26
2019-06-30,48,15.0,False,0.15,7.199999999999999
2019-07-01,100,15.0,,0.15,15.0
2019-07-02,81,15.0,,0.15,12.15
2019-07-03,78,15.0,,0.15,11.7
2019-07-04,84,15.0,,0.15,12.6
2019-07-05,63,15.0,,0.15,9.45
2019-07-06,40,15.0,,0.15,6.0
2019-07-07,48,15.0,False,0.15,7.199999999999999
2019-07-08,46,15.0,,0.15,6.8999999999999995
2019-07-09,88,15.0,,0.15,13.2
2019-07-10,69,15.0,,0.15,10.35
2019-07-11,50,15.0,,0.15,7.5
2019-07-12,75,15.0,,0.15,11.25
2019-07-13,50,15.0,,0.15,7.5
2019-07-14,39,13.0,False,0.13,5.07
2019-07-15,61,13.0,,0.13,7.930000000000001
2019-07-16,67,13.0,,0.13,8.71
2019-07-17,95,13.0,,0.13,12.35
2019-07-18,96,13.0,,0.13,12.48
2019-07-19,58,13.0,,0.13,7.54
2019-07-20,48,13.0,,0.13,6.24
2019-07-21,67,10.0,False,0.1,6.7
2019-07-22,63,10.0,,0.1,6.300000000000001
2019-07-23,52,10.0,,0.1,5.2
2019-07-24,65,10.0,,0.1,6.5
2019-07-25,37,10.0,,0.1,3.7
2019-07-26,23,10.0,,0.1,2.3000000000000003
2019-07-27,47,10.0,,0.1,4.7
2019-07-28,44,9.0,False,0.09,3.96
2019-07-29,56,9.0,,0.09,5.04
2019-07-30,42,9.0,,0.09,3.78
2019-07-31,53,9.0,,0.09,4.77
2019-08-01,52,9.0,,0.09,4.68
2019-08-02,51,9.0,,0.09,4.59
2019-08-03,43,9.0,,0.09,3.8699999999999997
2019-08-04,43,14.0,False,0.14,6.0200000000000005
2019-08-05,82,14.0,,0.14,11.48
2019-08-06,83,14.0,,0.14,11.620000000000001
2019-08-07,65,14.0,,0.14,9.100000000000001
2019-08-08,100,14.0,,0.14,14.000000000000002
2019-08-09,39,14.0,,0.14,5.460000000000001
2019-08-10,62,14.0,,0.14,8.680000000000001
2019-08-11,49,13.0,False,0.13,6.37
2019-08-12,81,13.0,,0.13,10.530000000000001
2019-08-13,73,13.0,,0.13,9.49
2019-08-14,74,13.0,,0.13,9.620000000000001
2019-08-15,92,13.0,,0.13,11.96
2019-08-16,80,13.0,,0.13,10.4
2019-08-17,61,13.0,,0.13,7.930000000000001
2019-08-18,72,12.0,False,0.12,8.64
2019-08-19,70,12.0,,0.12,8.4
2019-08-20,65,12.0,,0.12,7.8
2019-08-21,68,12.0,,0.12,8.16
2019-08-22,63,12.0,,0.12,7.56
2019-08-23,47,12.0,,0.12,5.64
2019-08-24,66,12.0,,0.12,7.92
2019-08-25,31,10.0,False,0.1,3.1
2019-08-26,63,10.0,,0.1,6.300000000000001
2019-08-27,54,10.0,,0.1,5.4
2019-08-28,64,10.0,,0.1,6.4
2019-08-29,56,10.0,,0.1,5.6000000000000005
2019-08-30,57,10.0,,0.1,5.7
2019-08-31,35,10.0,,0.1,3.5
2019-09-01,34,9.0,False,0.09,3.06
2019-09-02,85,9.0,,0.09,7.6499999999999995
2019-09-03,77,9.0,,0.09,6.93
2019-09-04,97,9.0,,0.09,8.73
2019-09-05,97,9.0,,0.09,8.73
2019-09-06,81,9.0,,0.09,7.29
2019-09-07,38,9.0,,0.09,3.42
2019-09-08,63,10.0,False,0.1,6.300000000000001
2019-09-09,74,10.0,,0.1,7.4
2019-09-10,67,10.0,,0.1,6.7
2019-09-11,66,10.0,,0.1,6.6000000000000005
2019-09-12,100,10.0,,0.1,10.0
2019-09-13,54,10.0,,0.1,5.4
2019-09-14,89,10.0,,0.1,8.9
2019-09-15,37,7.0,False,0.07,2.5900000000000003
2019-09-16,74,7.0,,0.07,5.180000000000001
2019-09-17,36,7.0,,0.07,2.5200000000000005
2019-09-18,51,7.0,,0.07,3.5700000000000003
2019-09-19,70,7.0,,0.07,4.9
2019-09-20,73,7.0,,0.07,5.11
2019-09-21,21,7.0,,0.07,1.4700000000000002
2019-09-22,57,10.0,False,0.1,5.7
2019-09-23,39,10.0,,0.1,3.9000000000000004
2019-09-24,75,10.0,,0.1,7.5
2019-09-25,93,10.0,,0.1,9.3
2019-09-26,70,10.0,,0.1,7.0
2019-09-27,96,10.0,,0.1,9.600000000000001
2019-09-28,63,10.0,,0.1,6.300000000000001
2019-09-29,79,9.0,False,0.09,7.109999999999999
2019-09-30,77,9.0,,0.09,6.93
2019-10-01,77,9.0,,0.09,6.93
2019-10-02,77,9.0,,0.09,6.93
2019-10-03,48,9.0,,0.09,4.32
2019-10-04,51,9.0,,0.09,4.59
2019-10-05,33,9.0,,0.09,2.9699999999999998
2019-10-06,22,8.0,False,0.08,1.76
2019-10-07,45,8.0,,0.08,3.6
2019-10-08,72,8.0,,0.08,5.76
2019-10-09,59,8.0,,0.08,4.72
2019-10-10,52,8.0,,0.08,4.16
2019-10-11,56,8.0,,0.08,4.48
2019-10-12,33,8.0,,0.08,2.64
2019-10-13,33,9.0,False,0.09,2.9699999999999998
2019-10-14,55,9.0,,0.09,4.95
2019-10-15,54,9.0,,0.09,4.859999999999999
2019-10-16,54,9.0,,0.09,4.859999999999999
2019-10-17,52,9.0,,0.09,4.68
2019-10-18,58,9.0,,0.09,5.22
2019-10-19,63,9.0,,0.09,5.67
2019-10-20,29,10.0,False,0.1,2.9000000000000004
2019-10-21,60,10.0,,0.1,6.0
2019-10-22,49,10.0,,0.1,4.9
2019-10-23,70,10.0,,0.1,7.0
2019-10-24,70,10.0,,0.1,7.0
2019-10-25,74,10.0,,0.1,7.4
2019-10-26,93,10.0,,0.1,9.3
2019-10-27,82,11.0,False,0.11,9.02
2019-10-28,100,11.0,,0.11,11.0
2019-10-29,71,11.0,,0.11,7.81
2019-10-30,73,11.0,,0.11,8.03
2019-10-31,63,11.0,,0.11,6.93
2019-11-01,79,11.0,,0.11,8.69
2019-11-02,23,11.0,,0.11,2.53
2019-11-03,50,8.0,False,0.08,4.0
2019-11-04,46,8.0,,0.08,3.68
2019-11-05,87,8.0,,0.08,6.96
2019-11-06,58,8.0,,0.08,4.64
2019-11-07,48,8.0,,0.08,3.84
2019-11-08,39,8.0,,0.08,3.12
2019-11-09,51,8.0,,0.08,4.08
2019-11-10,27,9.0,False,0.09,2.4299999999999997
2019-11-11,45,9.0,,0.09,4.05
2019-11-12,38,9.0,,0.09,3.42
2019-11-13,52,9.0,,0.09,4.68
2019-11-14,58,9.0,,0.09,5.22
2019-11-15,40,9.0,,0.09,3.5999999999999996
2019-11-16,28,9.0,,0.09,2.52
2019-11-17,43,8.0,False,0.08,3.44
2019-11-18,52,8.0,,0.08,4.16
2019-11-19,38,8.0,,0.08,3.04
2019-11-20,53,8.0,,0.08,4.24
2019-11-21,61,8.0,,0.08,4.88
2019-11-22,88,8.0,,0.08,7.04
2019-11-23,35,8.0,,0.08,2.8000000000000003
2019-11-24,42,9.0,False,0.09,3.78
2019-11-25,100,9.0,,0.09,9.0
2019-11-26,69,9.0,,0.09,6.21
2019-11-27,77,9.0,,0.09,6.93
2019-11-28,39,9.0,,0.09,3.51
2019-11-29,54,9.0,,0.09,4.859999999999999
2019-11-30,27,9.0,,0.09,2.4299999999999997
2019-12-01,69,7.0,False,0.07,4.83
2019-12-02,53,7.0,,0.07,3.7100000000000004
2019-12-03,63,7.0,,0.07,4.41
2019-12-04,81,7.0,,0.07,5.670000000000001
2019-12-05,68,7.0,,0.07,4.760000000000001
2019-12-06,75,7.0,,0.07,5.250000000000001
2019-12-07,47,7.0,,0.07,3.2900000000000005
2019-12-08,52,6.0,False,0.06,3.12
2019-12-09,50,6.0,,0.06,3.0
2019-12-10,83,6.0,,0.06,4.9799999999999995
2019-12-11,59,6.0,,0.06,3.54
2019-12-12,51,6.0,,0.06,3.06
2019-12-13,61,6.0,,0.06,3.6599999999999997
2019-12-14,56,6.0,,0.06,3.36
2019-12-15,41,7.0,False,0.07,2.87
2019-12-16,49,7.0,,0.07,3.43
2019-12-17,100,7.0,,0.07,7.000000000000001
2019-12-18,68,7.0,,0.07,4.760000000000001
2019-12-19,85,7.0,,0.07,5.95
2019-12-20,69,7.0,,0.07,4.83
2019-12-21,73,7.0,,0.07,5.11
2019-12-22,42,7.0,False,0.07,2.9400000000000004
2019-12-23,82,7.0,,0.07,5.74
2019-12-24,89,7.0,,0.07,6.23
2019-12-25,57,7.0,,0.07,3.99
2019-12-26,80,7.0,,0.07,5.6000000000000005
2019-12-27,54,7.0,,0.07,3.7800000000000002
2019-12-28,58,7.0,,0.07,4.0600000000000005
2019-12-29,83,5.0,False,0.05,4.15
2019-12-30,66,5.0,,0.05,3.3000000000000003
2019-12-31,57,5.0,,0.05,2.85
2020-01-01,15,5.0,,0.05,0.75
2020-01-02,60,5.0,,0.05,3.0
2020-01-03,49,5.0,,0.05,2.45
2020-01-04,55,5.0,,0.05,2.75
2020-01-05,30,10.0,False,0.1,3.0
2020-01-06,57,10.0,,0.1,5.7
2020-01-07,95,10.0,,0.1,9.5
2020-01-08,100,10.0,,0.1,10.0
2020-01-09,45,10.0,,0.1,4.5
2020-01-10,63,10.0,,0.1,6.300000000000001
2020-01-11,63,10.0,,0.1,6.300000000000001
2020-01-12,46,8.0,False,0.08,3.68
2020-01-13,30,8.0,,0.08,2.4
2020-01-14,49,8.0,,0.08,3.92
2020-01-15,68,8.0,,0.08,5.44
2020-01-16,53,8.0,,0.08,4.24
2020-01-17,51,8.0,,0.08,4.08
2020-01-18,36,8.0,,0.08,2.88
2020-01-19,68,6.0,False,0.06,4.08
2020-01-20,36,6.0,,0.06,2.16
2020-01-21,41,6.0,,0.06,2.46
2020-01-22,65,6.0,,0.06,3.9
2020-01-23,50,6.0,,0.06,3.0
2020-01-24,46,6.0,,0.06,2.76
2020-01-25,33,6.0,,0.06,1.98
2020-01-26,26,9.0,False,0.09,2.34
2020-01-27,65,9.0,,0.09,5.85
2020-01-28,58,9.0,,0.09,5.22
2020-01-29,64,9.0,,0.09,5.76
2020-01-30,45,9.0,,0.09,4.05
2020-01-31,49,9.0,,0.09,4.41
2020-02-01,51,9.0,,0.09,4.59
2020-02-02,45,8.0,False,0.08,3.6
2020-02-03,88,8.0,,0.08,7.04
2020-02-04,41,8.0,,0.08,3.2800000000000002
2020-02-05,48,8.0,,0.08,3.84
2020-02-06,75,8.0,,0.08,6.0
2020-02-07,100,8.0,,0.08,8.0
2020-02-08,54,8.0,,0.08,4.32
2020-02-09,56,8.0,False,0.08,4.48
2020-02-10,60,8.0,,0.08,4.8
2020-02-11,86,8.0,,0.08,6.88
2020-02-12,74,8.0,,0.08,5.92
2020-02-13,72,8.0,,0.08,5.76
2020-02-14,67,8.0,,0.08,5.36
2020-02-15,46,8.0,,0.08,3.68
2020-02-16,37,7.0,False,0.07,2.5900000000000003
2020-02-17,61,7.0,,0.07,4.2700000000000005
2020-02-18,89,7.0,,0.07,6.23
2020-02-19,76,7.0,,0.07,5.32
2020-02-20,57,7.0,,0.07,3.99
2020-02-21,56,7.0,,0.07,3.9200000000000004
2020-02-22,49,7.0,,0.07,3.43
2020-02-23,63,9.0,False,0.09,5.67
2020-02-24,47,9.0,,0.09,4.2299999999999995
2020-02-25,53,9.0,,0.09,4.77
2020-02-26,58,9.0,,0.09,5.22
2020-02-27,64,9.0,,0.09,5.76
2020-02-28,68,9.0,,0.09,6.12
2020-02-29,41,9.0,,0.09,3.69
2020-03-01,24,8.0,False,0.08,1.92
2020-03-02,28,8.0,,0.08,2.24
2020-03-03,30,8.0,,0.08,2.4
2020-03-04,22,8.0,,0.08,1.76
2020-03-05,30,8.0,,0.08,2.4
2020-03-06,32,8.0,,0.08,2.56
2020-03-07,18,8.0,,0.08,1.44
2020-03-08,18,18.0,False,0.18,3.2399999999999998
2020-03-09,47,18.0,,0.18,8.459999999999999
2020-03-10,42,18.0,,0.18,7.56
2020-03-11,39,18.0,,0.18,7.02
2020-03-12,83,18.0,,0.18,14.94
2020-03-13,100,18.0,,0.18,18.0
2020-03-14,44,18.0,,0.18,7.92
2020-03-15,44,21.0,False,0.21,9.24
2020-03-16,65,21.0,,0.21,13.65
2020-03-17,72,21.0,,0.21,15.12
2020-03-18,72,21.0,,0.21,15.12
2020-03-19,62,21.0,,0.21,13.02
2020-03-20,57,21.0,,0.21,11.969999999999999
2020-03-21,51,21.0,,0.21,10.709999999999999
2020-03-22,50,15.0,False,0.15,7.5
2020-03-23,55,15.0,,0.15,8.25
2020-03-24,39,15.0,,0.15,5.85
2020-03-25,45,15.0,,0.15,6.75
2020-03-26,37,15.0,,0.15,5.55
2020-03-27,30,15.0,,0.15,4.5
2020-03-28,28,15.0,,0.15,4.2
2020-03-29,29,11.0,False,0.11,3.19
2020-03-30,38,11.0,,0.11,4.18
2020-03-31,31,11.0,,0.11,3.41
2020-04-01,44,11.0,,0.11,4.84
2020-04-02,50,11.0,,0.11,5.5
2020-04-03,52,11.0,,0.11,5.72
2020-04-04,38,11.0,,0.11,4.18
2020-04-05,40,13.0,False,0.13,5.2
2020-04-06,46,13.0,,0.13,5.98
2020-04-07,58,13.0,,0.13,7.54
2020-04-08,57,13.0,,0.13,7.41
2020-04-09,49,13.0,,0.13,6.37
2020-04-10,54,13.0,,0.13,7.0200000000000005
2020-04-11,48,13.0,,0.13,6.24
2020-04-12,50,14.0,False,0.14,7.000000000000001
2020-04-13,57,14.0,,0.14,7.98
2020-04-14,47,14.0,,0.14,6.580000000000001
2020-04-15,44,14.0,,0.14,6.16
2020-04-16,62,14.0,,0.14,8.680000000000001
2020-04-17,53,14.0,,0.14,7.420000000000001
2020-04-18,40,14.0,,0.14,5.6000000000000005
2020-04-19,32,14.0,False,0.14,4.48
2020-04-20,28,14.0,,0.14,3.9200000000000004
2020-04-21,43,14.0,,0.14,6.0200000000000005
2020-04-22,42,14.0,,0.14,5.880000000000001
2020-04-23,59,14.0,,0.14,8.260000000000002
2020-04-24,100,14.0,,0.14,14.000000000000002
2020-04-25,48,14.0,,0.14,6.720000000000001
2020-04-26,40,16.0,False,0.16,6.4
2020-04-27,47,16.0,,0.16,7.5200000000000005
2020-04-28,52,16.0,,0.16,8.32
2020-04-29,80,16.0,,0.16,12.8
2020-04-30,67,16.0,,0.16,10.72
2020-05-01,51,16.0,,0.16,8.16
2020-05-02,56,16.0,,0.16,8.96
2020-05-03,56,19.0,False,0.19,10.64
2020-05-04,90,19.0,,0.19,17.1
2020-05-05,50,19.0,,0.19,9.5
2020-05-06,63,19.0,,0.19,11.97
2020-05-07,85,19.0,,0.19,16.15
2020-05-08,95,19.0,,0.19,18.05
2020-05-09,77,19.0,,0.19,14.63
2020-05-10,65,19.0,False,0.19,12.35
2020-05-11,89,19.0,,0.19,16.91
2020-05-12,100,19.0,,0.19,19.0
2020-05-13,83,19.0,,0.19,15.77
2020-05-14,72,19.0,,0.19,13.68
2020-05-15,57,19.0,,0.19,10.83
2020-05-16,62,19.0,,0.19,11.78
2020-05-17,77,19.0,False,0.19,14.63
2020-05-18,69,19.0,,0.19,13.11
2020-05-19,53,19.0,,0.19,10.07
2020-05-20,56,19.0,,0.19,10.64
2020-05-21,83,19.0,,0.19,15.77
2020-05-22,61,19.0,,0.19,11.59
2020-05-23,58,19.0,,0.19,11.02
2020-05-24,42,13.0,False,0.13,5.46
2020-05-25,61,13.0,,0.13,7.930000000000001
2020-05-26,68,13.0,,0.13,8.84
2020-05-27,72,13.0,,0.13,9.36
2020-05-28,40,13.0,,0.13,5.2
2020-05-29,42,13.0,,0.13,5.46
2020-05-30,67,13.0,,0.13,8.71
2020-05-31,48,15.0,False,0.15,7.199999999999999
2020-06-01,71,15.0,,0.15,10.65
2020-06-02,86,15.0,,0.15,12.9
2020-06-03,94,15.0,,0.15,14.1
2020-06-04,93,15.0,,0.15,13.95
2020-06-05,80,15.0,,0.15,12.0
2020-06-06,71,15.0,,0.15,10.65
2020-06-07,60,13.0,False,0.13,7.800000000000001
2020-06-08,82,13.0,,0.13,10.66
2020-06-09,80,13.0,,0.13,10.4
2020-06-10,60,13.0,,0.13,7.800000000000001
2020-06-11,100,13.0,,0.13,13.0
2020-06-12,89,13.0,,0.13,11.57
2020-06-13,68,13.0,,0.13,8.84
2020-06-14,28,11.0,False,0.11,3.08
2020-06-15,75,11.0,,0.11,8.25
2020-06-16,55,11.0,,0.11,6.05
2020-06-17,71,11.0,,0.11,7.81
2020-06-18,67,11.0,,0.11,7.37
2020-06-19,48,11.0,,0.11,5.28
2020-06-20,58,11.0,,0.11,6.38
2020-06-21,36,11.0,False,0.11,3.96
2020-06-22,47,11.0,,0.11,5.17
2020-06-23,59,11.0,,0.11,6.49
2020-06-24,63,11.0,,0.11,6.93
2020-06-25,48,11.0,,0.11,5.28
2020-06-26,54,11.0,,0.11,5.94
2020-06-27,45,11.0,,0.11,4.95
2020-06-28,44,9.0,False,0.09,3.96
2020-06-29,50,9.0,,0.09,4.5
2020-06-30,50,9.0,,0.09,4.5
2020-07-01,49,9.0,,0.09,4.41
2020-07-02,33,9.0,,0.09,2.9699999999999998
2020-07-03,48,9.0,,0.09,4.32
2020-07-04,38,9.0,,0.09,3.42
2020-07-05,36,9.0,False,0.09,3.2399999999999998
2020-07-06,54,9.0,,0.09,4.859999999999999
2020-07-07,52,9.0,,0.09,4.68
2020-07-08,54,9.0,,0.09,4.859999999999999
2020-07-09,45,9.0,,0.09,4.05
2020-07-10,49,9.0,,0.09,4.41
2020-07-11,64,9.0,,0.09,5.76
2020-07-12,26,8.0,False,0.08,2.08
2020-07-13,30,8.0,,0.08,2.4
2020-07-14,43,8.0,,0.08,3.44
2020-07-15,52,8.0,,0.08,4.16
2020-07-16,44,8.0,,0.08,3.52
2020-07-17,36,8.0,,0.08,2.88
2020-07-18,45,8.0,,0.08,3.6
2020-07-19,26,9.0,False,0.09,2.34
2020-07-20,34,9.0,,0.09,3.06
2020-07-21,44,9.0,,0.09,3.96
2020-07-22,55,9.0,,0.09,4.95
2020-07-23,46,9.0,,0.09,4.14
2020-07-24,35,9.0,,0.09,3.15
2020-07-25,60,9.0,,0.09,5.3999999999999995
2020-07-26,49,16.0,False,0.16,7.84
2020-07-27,91,16.0,,0.16,14.56
2020-07-28,100,16.0,,0.16,16.0
2020-07-29,84,16.0,,0.16,13.44
2020-07-30,74,16.0,,0.16,11.84
2020-07-31,100,16.0,,0.16,16.0
2020-08-01,66,16.0,,0.16,10.56
2020-08-02,93,16.0,False,0.16,14.88
2020-08-03,63,16.0,,0.16,10.08
2020-08-04,52,16.0,,0.16,8.32
2020-08-05,53,16.0,,0.16,8.48
2020-08-06,100,16.0,,0.16,16.0
2020-08-07,81,16.0,,0.16,12.96
2020-08-08,47,16.0,,0.16,7.5200000000000005
2020-08-09,56,15.0,False,0.15,8.4
2020-08-10,66,15.0,,0.15,9.9
2020-08-11,66,15.0,,0.15,9.9
2020-08-12,63,15.0,,0.15,9.45
2020-08-13,50,15.0,,0.15,7.5
2020-08-14,76,15.0,,0.15,11.4
2020-08-15,42,15.0,,0.15,6.3
2020-08-16,40,12.0,False,0.12,4.8
2020-08-17,52,12.0,,0.12,6.24
2020-08-18,71,12.0,,0.12,8.52
2020-08-19,75,12.0,,0.12,9.0
2020-08-20,69,12.0,,0.12,8.28
2020-08-21,33,12.0,,0.12,3.96
2020-08-22,38,12.0,,0.12,4.56
2020-08-23,27,10.0,False,0.1,2.7
2020-08-24,40,10.0,,0.1,4.0
2020-08-25,46,10.0,,0.1,4.6000000000000005
2020-08-26,43,10.0,,0.1,4.3
2020-08-27,22,10.0,,0.1,2.2
2020-08-28,44,10.0,,0.1,4.4
2020-08-29,32,10.0,,0.1,3.2
2020-08-30,49,12.0,False,0.12,5.88
2020-08-31,43,12.0,,0.12,5.16
2020-09-01,60,12.0,,0.12,7.199999999999999
2020-09-02,56,12.0,,0.12,6.72
2020-09-03,69,12.0,,0.12,8.28
2020-09-04,100,12.0,,0.12,12.0
2020-09-05,67,12.0,,0.12,8.04
2020-09-06,56,11.0,False,0.11,6.16
2020-09-07,63,11.0,,0.11,6.93
2020-09-08,72,11.0,,0.11,7.92
2020-09-09,46,11.0,,0.11,5.06
2020-09-10,78,11.0,,0.11,8.58
2020-09-11,51,11.0,,0.11,5.61
2020-09-12,48,11.0,,0.11,5.28
2020-09-13,36,9.0,False,0.09,3.2399999999999998
2020-09-14,55,9.0,,0.09,4.95
2020-09-15,77,9.0,,0.09,6.93
2020-09-16,63,9.0,,0.09,5.67
2020-09-17,46,9.0,,0.09,4.14
2020-09-18,48,9.0,,0.09,4.32
2020-09-19,53,9.0,,0.09,4.77
2020-09-20,39,10.0,False,0.1,3.9000000000000004
2020-09-21,59,10.0,,0.1,5.9
2020-09-22,86,10.0,,0.1,8.6
2020-09-23,45,10.0,,0.1,4.5
2020-09-24,62,10.0,,0.1,6.2
2020-09-25,68,10.0,,0.1,6.800000000000001
2020-09-26,49,10.0,,0.1,4.9
2020-09-27,45,9.0,False,0.09,4.05
2020-09-28,57,9.0,,0.09,5.13
2020-09-29,75,9.0,,0.09,6.75
2020-09-30,52,9.0,,0.09,4.68
2020-10-01,43,9.0,,0.09,3.8699999999999997
2020-10-02,39,9.0,,0.09,3.51
2020-10-03,32,9.0,,0.09,2.88
2020-10-04,27,9.0,False,0.09,2.4299999999999997
2020-10-05,31,9.0,,0.09,2.79
2020-10-06,41,9.0,,0.09,3.69
2020-10-07,36,9.0,,0.09,3.2399999999999998
2020-10-08,32,9.0,,0.09,2.88
2020-10-09,49,9.0,,0.09,4.41
2020-10-10,27,9.0,,0.09,2.4299999999999997
2020-10-11,22,9.0,False,0.09,1.98
2020-10-12,36,9.0,,0.09,3.2399999999999998
2020-10-13,35,9.0,,0.09,3.15
2020-10-14,41,9.0,,0.09,3.69
2020-10-15,37,9.0,,0.09,3.33
2020-10-16,45,9.0,,0.09,4.05
2020-10-17,42,9.0,,0.09,3.78
2020-10-18,31,14.0,False,0.14,4.340000000000001
2020-10-19,32,14.0,,0.14,4.48
2020-10-20,53,14.0,,0.14,7.420000000000001
2020-10-21,90,14.0,,0.14,12.600000000000001
2020-10-22,79,14.0,,0.14,11.06
2020-10-23,60,14.0,,0.14,8.4
2020-10-24,53,14.0,,0.14,7.420000000000001
2020-10-25,50,18.0,False,0.18,9.0
2020-10-26,81,18.0,,0.18,14.58
2020-10-27,100,18.0,,0.18,18.0
2020-10-28,63,18.0,,0.18,11.34
2020-10-29,54,18.0,,0.18,9.719999999999999
2020-10-30,78,18.0,,0.18,14.04
2020-10-31,66,18.0,,0.18,11.879999999999999
2020-11-01,28,20.0,False,0.2,5.6000000000000005
2020-11-02,32,20.0,,0.2,6.4
2020-11-03,48,20.0,,0.2,9.600000000000001
2020-11-04,41,20.0,,0.2,8.200000000000001
2020-11-05,66,20.0,,0.2,13.200000000000001
2020-11-06,85,20.0,,0.2,17.0
2020-11-07,78,20.0,,0.2,15.600000000000001
2020-11-08,54,23.0,False,0.23,12.42
2020-11-09,80,23.0,,0.23,18.400000000000002
2020-11-10,58,23.0,,0.23,13.34
2020-11-11,47,23.0,,0.23,10.81
2020-11-12,69,23.0,,0.23,15.870000000000001
2020-11-13,65,23.0,,0.23,14.950000000000001
2020-11-14,38,23.0,,0.23,8.74
2020-11-15,35,23.0,False,0.23,8.05
2020-11-16,51,23.0,,0.23,11.73
2020-11-17,77,23.0,,0.23,17.71
2020-11-18,73,23.0,,0.23,16.79
2020-11-19,76,23.0,,0.23,17.48
2020-11-20,76,23.0,,0.23,17.48
2020-11-21,69,23.0,,0.23,15.870000000000001
2020-11-22,48,26.0,False,0.26,12.48
2020-11-23,53,26.0,,0.26,13.780000000000001
2020-11-24,85,26.0,,0.26,22.1
2020-11-25,70,26.0,,0.26,18.2
2020-11-26,100,26.0,,0.26,26.0
2020-11-27,81,26.0,,0.26,21.060000000000002
2020-11-28,41,26.0,,0.26,10.66
2020-11-29,44,22.0,False,0.22,9.68
2020-11-30,69,22.0,,0.22,15.18
2020-12-01,59,22.0,,0.22,12.98
2020-12-02,41,22.0,,0.22,9.02
2020-12-03,55,22.0,,0.22,12.1
2020-12-04,44,22.0,,0.22,9.68
2020-12-05,36,22.0,,0.22,7.92
2020-12-06,29,19.0,False,0.19,5.51
2020-12-07,42,19.0,,0.19,7.98
2020-12-08,52,19.0,,0.19,9.88
2020-12-09,41,19.0,,0.19,7.79
2020-12-10,49,19.0,,0.19,9.31
2020-12-11,43,19.0,,0.19,8.17
2020-12-12,30,19.0,,0.19,5.7
2020-12-13,44,29.0,False,0.29,12.76
2020-12-14,33,29.0,,0.29,9.569999999999999
2020-12-15,50,29.0,,0.29,14.499999999999998
2020-12-16,85,29.0,,0.29,24.65
2020-12-17,93,29.0,,0.29,26.97
2020-12-18,69,29.0,,0.29,20.009999999999998
2020-12-19,57,29.0,,0.29,16.529999999999998
2020-12-20,63,28.0,False,0.28,17.64
2020-12-21,64,28.0,,0.28,17.92
2020-12-22,52,28.0,,0.28,14.560000000000002
2020-12-23,49,28.0,,0.28,13.72
2020-12-24,50,28.0,,0.28,14.000000000000002
2020-12-25,66,28.0,,0.28,18.48
2020-12-26,78,28.0,,0.28,21.840000000000003
2020-12-27,100,42.0,False,0.42,42.0
2020-12-28,89,42.0,,0.42,37.379999999999995
2020-12-29,74,42.0,,0.42,31.08
2020-12-30,81,42.0,,0.42,34.019999999999996
2020-12-31,97,42.0,,0.42,40.74
2021-01-01,26,42.0,,0.42,10.92
2021-01-02,49,42.0,,0.42,20.58
2021-01-03,52,78.0,False,0.78,40.56
2021-01-04,59,78.0,,0.78,46.02
2021-01-05,50,78.0,,0.78,39.0
2021-01-06,62,78.0,,0.78,48.36
2021-01-07,89,78.0,,0.78,69.42
2021-01-08,85,78.0,,0.78,66.3
2021-01-09,60,78.0,,0.78,46.800000000000004
2021-01-10,61,76.0,False,0.76,46.36
2021-01-11,100,76.0,,0.76,76.0
2021-01-12,78,76.0,,0.76,59.28
2021-01-13,63,76.0,,0.76,47.88
2021-01-14,60,76.0,,0.76,45.6
2021-01-15,51,76.0,,0.76,38.76
2021-01-16,41,76.0,,0.76,31.16
2021-01-17,36,49.0,False,0.49,17.64
2021-01-18,44,49.0,,0.49,21.56
2021-01-19,33,49.0,,0.49,16.169999999999998
2021-01-20,42,49.0,,0.49,20.58
2021-01-21,52,49.0,,0.49,25.48
2021-01-22,48,49.0,,0.49,23.52
2021-01-23,31,49.0,,0.49,15.19
2021-01-24,38,46.0,False,0.46,17.48
2021-01-25,37,46.0,,0.46,17.02
2021-01-26,33,46.0,,0.46,15.180000000000001
2021-01-27,38,46.0,,0.46,17.48
2021-01-28,41,46.0,,0.46,18.86
2021-01-29,55,46.0,,0.46,25.3
2021-01-30,29,46.0,,0.46,13.34
2021-01-31,31,42.0,False,0.42,13.02
2021-02-01,33,42.0,,0.42,13.86
2021-02-02,39,42.0,,0.42,16.38
2021-02-03,37,42.0,,0.42,15.54
2021-02-04,41,42.0,,0.42,17.22
2021-02-05,39,42.0,,0.42,16.38
2021-02-06,41,42.0,,0.42,17.22
2021-02-07,34,62.0,False,0.62,21.08
2021-02-08,67,62.0,,0.62,41.54
2021-02-09,64,62.0,,0.62,39.68
2021-02-10,54,62.0,,0.62,33.48
2021-02-11,58,62.0,,0.62,35.96
2021-02-12,43,62.0,,0.62,26.66
2021-02-13,39,62.0,,0.62,24.18
2021-02-14,33,63.0,False,0.63,20.79
2021-02-15,56,63.0,,0.63,35.28
2021-02-16,51,63.0,,0.63,32.13
2021-02-17,53,63.0,,0.63,33.39
2021-02-18,58,63.0,,0.63,36.54
2021-02-19,59,63.0,,0.63,37.17
2021-02-20,59,63.0,,0.63,37.17
2021-02-21,57,85.0,False,0.85,48.449999999999996
2021-02-22,68,85.0,,0.85,57.8
2021-02-23,100,85.0,,0.85,85.0
2021-02-24,83,85.0,,0.85,70.55
2021-02-25,70,85.0,,0.85,59.5
2021-02-26,71,85.0,,0.85,60.35
2021-02-27,51,85.0,,0.85,43.35
2021-02-28,62,57.0,False,0.57,35.339999999999996
2021-03-01,70,57.0,,0.57,39.9
2021-03-02,69,57.0,,0.57,39.33
2021-03-03,70,57.0,,0.57,39.9
2021-03-04,58,57.0,,0.57,33.059999999999995
2021-03-05,61,57.0,,0.57,34.769999999999996
2021-03-06,40,57.0,,0.57,22.799999999999997
2021-03-07,43,61.0,False,0.61,26.23
2021-03-08,63,61.0,,0.61,38.43
2021-03-09,68,61.0,,0.61,41.48
2021-03-10,68,61.0,,0.61,41.48
2021-03-11,67,61.0,,0.61,40.87
2021-03-12,68,61.0,,0.61,41.48
2021-03-13,71,61.0,,0.61,43.31
2021-03-14,77,54.0,False,0.54,41.580000000000005
2021-03-15,62,54.0,,0.54,33.480000000000004
2021-03-16,62,54.0,,0.54,33.480000000000004
2021-03-17,66,54.0,,0.54,35.64
2021-03-18,75,54.0,,0.54,40.5
2021-03-19,59,54.0,,0.54,31.860000000000003
2021-03-20,49,54.0,,0.54,26.46
2021-03-21,73,66.0,False,0.66,48.18
2021-03-22,100,66.0,,0.66,66.0
2021-03-23,63,66.0,,0.66,41.580000000000005
2021-03-24,74,66.0,,0.66,48.84
2021-03-25,70,66.0,,0.66,46.2
2021-03-26,73,66.0,,0.66,48.18
2021-03-27,49,66.0,,0.66,32.34
2021-03-28,51,55.0,False,0.55,28.05
2021-03-29,63,55.0,,0.55,34.650000000000006
2021-03-30,78,55.0,,0.55,42.900000000000006
2021-03-31,69,55.0,,0.55,37.95
2021-04-01,54,55.0,,0.55,29.700000000000003
2021-04-02,41,55.0,,0.55,22.55
2021-04-03,34,55.0,,0.55,18.700000000000003
2021-04-04,31,46.0,False,0.46,14.26
2021-04-05,39,46.0,,0.46,17.94
2021-04-06,35,46.0,,0.46,16.1
2021-04-07,42,46.0,,0.46,19.32
2021-04-08,28,46.0,,0.46,12.88
2021-04-09,35,46.0,,0.46,16.1
2021-04-10,34,46.0,,0.46,15.64
2021-04-11,32,47.0,False,0.47,15.04
2021-04-12,35,47.0,,0.47,16.45
2021-04-13,45,47.0,,0.47,21.15
2021-04-14,54,47.0,,0.47,25.38
2021-04-15,39,47.0,,0.47,18.33
2021-04-16,45,47.0,,0.47,21.15
2021-04-17,36,47.0,,0.47,16.919999999999998
2021-04-18,83,82.0,False,0.82,68.06
2021-04-19,59,82.0,,0.82,48.379999999999995
2021-04-20,57,82.0,,0.82,46.739999999999995
2021-04-21,44,82.0,,0.82,36.08
2021-04-22,58,82.0,,0.82,47.559999999999995
2021-04-23,100,82.0,,0.82,82.0
2021-04-24,72,82.0,,0.82,59.04
2021-04-25,66,61.0,False,0.61,40.26
2021-04-26,65,61.0,,0.61,39.65
2021-04-27,46,61.0,,0.61,28.06
2021-04-28,44,61.0,,0.61,26.84
2021-04-29,43,61.0,,0.61,26.23
2021-04-30,34,61.0,,0.61,20.74
2021-05-01,33,61.0,,0.61,20.13
2021-05-02,24,45.0,False,0.45,10.8
2021-05-03,25,45.0,,0.45,11.25
2021-05-04,31,45.0,,0.45,13.950000000000001
2021-05-05,30,45.0,,0.45,13.5
2021-05-06,28,45.0,,0.45,12.6
2021-05-07,27,45.0,,0.45,12.15
2021-05-08,22,45.0,,0.45,9.9
2021-05-09,20,53.0,False,0.53,10.600000000000001
2021-05-10,24,53.0,,0.53,12.72
2021-05-11,28,53.0,,0.53,14.84
2021-05-12,30,53.0,,0.53,15.9
2021-05-13,62,53.0,,0.53,32.86
2021-05-14,44,53.0,,0.53,23.32
2021-05-15,35,53.0,,0.53,18.55
2021-05-16,37,100.0,False,1.0,37.0
2021-05-17,55,100.0,,1.0,55.0
2021-05-18,42,100.0,,1.0,42.0
2021-05-19,100,100.0,,1.0,100.0
2021-05-20,75,100.0,,1.0,75.0
2021-05-21,71,100.0,,1.0,71.0
2021-05-22,64,100.0,,1.0,64.0
2021-05-23,65,78.0,False,0.78,50.7
2021-05-24,61,78.0,,0.78,47.58
2021-05-25,50,78.0,,0.78,39.0
2021-05-26,44,78.0,,0.78,34.32
2021-05-27,45,78.0,,0.78,35.1
2021-05-28,47,78.0,,0.78,36.660000000000004
2021-05-29,38,78.0,,0.78,29.64
2021-05-30,39,58.0,False,0.58,22.619999999999997
2021-05-31,36,58.0,,0.58,20.88
2021-06-01,67,58.0,,0.58,38.86
2021-06-02,74,58.0,,0.58,42.919999999999995
2021-06-03,61,58.0,,0.58,35.379999999999995
2021-06-04,79,58.0,,0.58,45.82
2021-06-05,55,58.0,,0.58,31.9
2021-06-06,64,64.0,False,0.64,40.96
2021-06-07,63,64.0,,0.64,40.32
2021-06-08,79,64.0,,0.64,50.56
2021-06-09,74,64.0,,0.64,47.36
2021-06-10,91,64.0,,0.64,58.24
2021-06-11,77,64.0,,0.64,49.28
2021-06-12,53,64.0,,0.64,33.92
2021-06-13,44,53.0,False,0.53,23.32
2021-06-14,87,53.0,,0.53,46.11
2021-06-15,60,53.0,,0.53,31.8
2021-06-16,66,53.0,,0.53,34.980000000000004
2021-06-17,62,53.0,,0.53,32.86
2021-06-18,63,53.0,,0.53,33.39
2021-06-19,43,53.0,,0.53,22.790000000000003
2021-06-20,51,64.0,False,0.64,32.64
2021-06-21,68,64.0,,0.64,43.52
2021-06-22,100,64.0,,0.64,64.0
2021-06-23,82,64.0,,0.64,52.480000000000004
2021-06-24,72,64.0,,0.64,46.08
2021-06-25,87,64.0,,0.64,55.68
2021-06-26,59,64.0,,0.64,37.76
2021-06-27,52,48.0,False,0.48,24.96
2021-06-28,70,48.0,,0.48,33.6
2021-06-29,63,48.0,,0.48,30.24
2021-06-30,56,48.0,,0.48,26.88
2021-07-01,72,48.0,,0.48,34.56
2021-07-02,71,48.0,,0.48,34.08
2021-07-03,52,48.0,,0.48,24.96
2021-07-04,56,37.0,False,0.37,20.72
2021-07-05,62,37.0,,0.37,22.94
2021-07-06,68,37.0,,0.37,25.16
2021-07-07,48,37.0,,0.37,17.759999999999998
2021-07-08,61,37.0,,0.37,22.57
2021-07-09,51,37.0,,0.37,18.87
2021-07-10,52,37.0,,0.37,19.24
2021-07-11,40,36.0,False,0.36,14.399999999999999
2021-07-12,54,36.0,,0.36,19.439999999999998
2021-07-13,55,36.0,,0.36,19.8
2021-07-14,58,36.0,,0.36,20.88
2021-07-15,51,36.0,,0.36,18.36
2021-07-16,60,36.0,,0.36,21.599999999999998
2021-07-17,51,36.0,,0.36,18.36
2021-07-18,51,36.0,False,0.36,18.36
2021-07-19,55,36.0,,0.36,19.8
2021-07-20,83,36.0,,0.36,29.88
2021-07-21,60,36.0,,0.36,21.599999999999998
2021-07-22,62,36.0,,0.36,22.32
2021-07-23,55,36.0,,0.36,19.8
2021-07-24,59,36.0,,0.36,21.24
2021-07-25,55,49.0,False,0.49,26.95
2021-07-26,100,49.0,,0.49,49.0
2021-07-27,84,49.0,,0.49,41.16
2021-07-28,72,49.0,,0.49,35.28
2021-07-29,71,49.0,,0.49,34.79
2021-07-30,71,49.0,,0.49,34.79
2021-07-31,74,49.0,,0.49,36.26
2021-08-01,52,40.0,False,0.4,20.8
2021-08-02,64,40.0,,0.4,25.6
2021-08-03,64,40.0,,0.4,25.6
2021-08-04,61,40.0,,0.4,24.400000000000002
2021-08-05,75,40.0,,0.4,30.0
2021-08-06,65,40.0,,0.4,26.0
2021-08-07,78,40.0,,0.4,31.200000000000003
2021-08-08,79,48.0,False,0.48,37.92
2021-08-09,100,48.0,,0.48,48.0
2021-08-10,82,48.0,,0.48,39.36
2021-08-11,94,48.0,,0.48,45.12
2021-08-12,70,48.0,,0.48,33.6
2021-08-13,58,48.0,,0.48,27.84
2021-08-14,61,48.0,,0.48,29.279999999999998
2021-08-15,39,42.0,False,0.42,16.38
2021-08-16,73,42.0,,0.42,30.66
2021-08-17,72,42.0,,0.42,30.24
2021-08-18,58,42.0,,0.42,24.36
2021-08-19,57,42.0,,0.42,23.939999999999998
2021-08-20,70,42.0,,0.42,29.4
2021-08-21,67,42.0,,0.42,28.14
2021-08-22,61,42.0,False,0.42,25.619999999999997
2021-08-23,74,42.0,,0.42,31.08
2021-08-24,73,42.0,,0.42,30.66
2021-08-25,67,42.0,,0.42,28.14
2021-08-26,78,42.0,,0.42,32.76
2021-08-27,60,42.0,,0.42,25.2
2021-08-28,55,42.0,,0.42,23.099999999999998
2021-08-29,39,34.0,False,0.34,13.260000000000002
2021-08-30,51,34.0,,0.34,17.34
2021-08-31,61,34.0,,0.34,20.740000000000002
2021-09-01,49,34.0,,0.34,16.66
2021-09-02,68,34.0,,0.34,23.12
2021-09-03,44,34.0,,0.34,14.96
2021-09-04,50,34.0,,0.34,17.0
2021-09-05,40,45.0,False,0.45,18.0
2021-09-06,56,45.0,,0.45,25.2
2021-09-07,92,45.0,,0.45,41.4
2021-09-08,100,45.0,,0.45,45.0
2021-09-09,55,45.0,,0.45,24.75
2021-09-10,61,45.0,,0.45,27.45
2021-09-11,59,45.0,,0.45,26.55
2021-09-12,43,32.0,False,0.32,13.76
2021-09-13,56,32.0,,0.32,17.92
2021-09-14,58,32.0,,0.32,18.56
2021-09-15,53,32.0,,0.32,16.96
2021-09-16,42,32.0,,0.32,13.44
2021-09-17,44,32.0,,0.32,14.08
2021-09-18,41,32.0,,0.32,13.120000000000001
2021-09-19,41,42.0,False,0.42,17.22
2021-09-20,73,42.0,,0.42,30.66
2021-09-21,81,42.0,,0.42,34.019999999999996
2021-09-22,63,42.0,,0.42,26.459999999999997
2021-09-23,54,42.0,,0.42,22.68
2021-09-24,77,42.0,,0.42,32.339999999999996
2021-09-25,53,42.0,,0.42,22.259999999999998
2021-09-26,57,35.0,False,0.35,19.95
2021-09-27,44,35.0,,0.35,15.399999999999999
2021-09-28,56,35.0,,0.35,19.599999999999998
2021-09-29,54,35.0,,0.35,18.9
2021-09-30,53,35.0,,0.35,18.549999999999997
2021-10-01,83,35.0,,0.35,29.049999999999997
2021-10-02,63,35.0,,0.35,22.049999999999997
2021-10-03,57,35.0,False,0.35,19.95
2021-10-04,71,35.0,,0.35,24.849999999999998
2021-10-05,59,35.0,,0.35,20.65
2021-10-06,91,35.0,,0.35,31.849999999999998
2021-10-07,67,35.0,,0.35,23.45
2021-10-08,60,35.0,,0.35,21.0
2021-10-09,41,35.0,,0.35,14.35
2021-10-10,42,33.0,False,0.33,13.860000000000001
2021-10-11,62,33.0,,0.33,20.46
2021-10-12,62,33.0,,0.33,20.46
2021-10-13,66,33.0,,0.33,21.78
2021-10-14,59,33.0,,0.33,19.470000000000002
2021-10-15,62,33.0,,0.33,20.46
2021-10-16,71,33.0,,0.33,23.43
2021-10-17,59,41.0,False,0.41,24.189999999999998
2021-10-18,61,41.0,,0.41,25.009999999999998
2021-10-19,74,41.0,,0.41,30.34
2021-10-20,90,41.0,,0.41,36.9
2021-10-21,100,41.0,,0.41,41.0
2021-10-22,86,41.0,,0.41,35.26
2021-10-23,63,41.0,,0.41,25.83
2021-10-24,41,31.0,False,0.31,12.709999999999999
2021-10-25,58,31.0,,0.31,17.98
2021-10-26,58,31.0,,0.31,17.98
2021-10-27,62,31.0,,0.31,19.22
2021-10-28,50,31.0,,0.31,15.5
2021-10-29,49,31.0,,0.31,15.19
2021-10-30,46,31.0,,0.31,14.26
2021-10-31,43,24.0,False,0.24,10.32
2021-11-01,56,24.0,,0.24,13.44
2021-11-02,60,24.0,,0.24,14.399999999999999
2021-11-03,43,24.0,,0.24,10.32
2021-11-04,48,24.0,,0.24,11.52
2021-11-05,30,24.0,,0.24,7.199999999999999
2021-11-06,34,24.0,,0.24,8.16
2021-11-07,39,31.0,False,0.31,12.09
2021-11-08,63,31.0,,0.31,19.53
2021-11-09,68,31.0,,0.31,21.08
2021-11-10,69,31.0,,0.31,21.39
2021-11-11,63,31.0,,0.31,19.53
2021-11-12,64,31.0,,0.31,19.84
2021-11-13,43,31.0,,0.31,13.33
2021-11-14,35,34.0,False,0.34,11.9
2021-11-15,47,34.0,,0.34,15.98
2021-11-16,65,34.0,,0.34,22.1
2021-11-17,67,34.0,,0.34,22.78
2021-11-18,87,34.0,,0.34,29.580000000000002
2021-11-19,79,34.0,,0.34,26.860000000000003
2021-11-20,53,34.0,,0.34,18.02
2021-11-21,49,36.0,False,0.36,17.64
2021-11-22,54,36.0,,0.36,19.439999999999998
2021-11-23,100,36.0,,0.36,36.0
2021-11-24,85,36.0,,0.36,30.599999999999998
2021-11-25,54,36.0,,0.36,19.439999999999998
2021-11-26,73,36.0,,0.36,26.279999999999998
2021-11-27,53,36.0,,0.36,19.08
2021-11-28,55,35.0,True,0.35,19.25
2021-11-29,75,35.0,,0.35,26.25
2021-11-30,82,35.0,,0.35,28.7
2021-12-01,100,35.0,,0.35,35.0
2021-12-02,95,35.0,,0.35,33.25
