date,bitcoin chart_unscaled,bitcoin chart_monthly,isPartial,scale,bitcoin chart
2017-08-01,64,,,,
2017-08-02,65,,,,
2017-08-03,44,,,,
2017-08-04,32,,,,
2017-08-05,36,,,,
2017-08-06,24,16.0,False,0.16,3.84
2017-08-07,50,16.0,,0.16,8.0
2017-08-08,45,16.0,,0.16,7.2
2017-08-09,43,16.0,,0.16,6.88
2017-08-10,46,16.0,,0.16,7.36
2017-08-11,50,16.0,,0.16,8.0
2017-08-12,64,16.0,,0.16,10.24
2017-08-13,72,22.0,False,0.22,15.84
2017-08-14,91,22.0,,0.22,20.02
2017-08-15,100,22.0,,0.22,22.0
2017-08-16,58,22.0,,0.22,12.76
2017-08-17,62,22.0,,0.22,13.64
2017-08-18,67,22.0,,0.22,14.74
2017-08-19,38,22.0,,0.22,8.36
2017-08-20,42,14.0,False,0.14,5.880000000000001
2017-08-21,58,14.0,,0.14,8.120000000000001
2017-08-22,76,14.0,,0.14,10.64
2017-08-23,37,14.0,,0.14,5.180000000000001
2017-08-24,64,14.0,,0.14,8.96
2017-08-25,33,14.0,,0.14,4.62
2017-08-26,38,14.0,,0.14,5.32
2017-08-27,32,17.0,False,0.17,5.44
2017-08-28,45,17.0,,0.17,7.65
2017-08-29,61,17.0,,0.17,10.370000000000001
2017-08-30,43,17.0,,0.17,7.3100000000000005
2017-08-31,51,17.0,,0.17,8.67
2017-09-01,31,17.0,,0.17,5.2700000000000005
2017-09-02,26,17.0,,0.17,4.42
2017-09-03,35,18.0,False,0.18,6.3
2017-09-04,62,18.0,,0.18,11.16
2017-09-05,49,18.0,,0.18,8.82
2017-09-06,54,18.0,,0.18,9.719999999999999
2017-09-07,36,18.0,,0.18,6.4799999999999995
2017-09-08,34,18.0,,0.18,6.12
2017-09-09,37,18.0,,0.18,6.66
2017-09-10,35,24.0,False,0.24,8.4
2017-09-11,35,24.0,,0.24,8.4
2017-09-12,33,24.0,,0.24,7.92
2017-09-13,74,24.0,,0.24,17.759999999999998
2017-09-14,78,24.0,,0.24,18.72
2017-09-15,100,24.0,,0.24,24.0
2017-09-16,49,24.0,,0.24,11.76
2017-09-17,42,13.0,False,0.13,5.46
2017-09-18,52,13.0,,0.13,6.76
2017-09-19,37,13.0,,0.13,4.8100000000000005
2017-09-20,32,13.0,,0.13,4.16
2017-09-21,19,13.0,,0.13,2.47
2017-09-22,16,13.0,,0.13,2.08
2017-09-23,25,13.0,,0.13,3.25
2017-09-24,15,13.0,False,0.13,1.9500000000000002
2017-09-25,24,13.0,,0.13,3.12
2017-09-26,28,13.0,,0.13,3.64
2017-09-27,20,13.0,,0.13,2.6
2017-09-28,27,13.0,,0.13,3.5100000000000002
2017-09-29,27,13.0,,0.13,3.5100000000000002
2017-09-30,39,13.0,,0.13,5.07
2017-10-01,35,10.0,False,0.1,3.5
2017-10-02,35,10.0,,0.1,3.5
2017-10-03,27,10.0,,0.1,2.7
2017-10-04,33,10.0,,0.1,3.3000000000000003
2017-10-05,25,10.0,,0.1,2.5
2017-10-06,36,10.0,,0.1,3.6
2017-10-07,33,10.0,,0.1,3.3000000000000003
2017-10-08,35,19.0,False,0.19,6.65
2017-10-09,28,19.0,,0.19,5.32
2017-10-10,32,19.0,,0.19,6.08
2017-10-11,42,19.0,,0.19,7.98
2017-10-12,92,19.0,,0.19,17.48
2017-10-13,100,19.0,,0.19,19.0
2017-10-14,64,19.0,,0.19,12.16
2017-10-15,69,17.0,False,0.17,11.73
2017-10-16,30,17.0,,0.17,5.1000000000000005
2017-10-17,58,17.0,,0.17,9.860000000000001
2017-10-18,72,17.0,,0.17,12.24
2017-10-19,40,17.0,,0.17,6.800000000000001
2017-10-20,62,17.0,,0.17,10.540000000000001
2017-10-21,71,17.0,,0.17,12.07
2017-10-22,58,17.0,False,0.17,9.860000000000001
2017-10-23,64,17.0,,0.17,10.88
2017-10-24,56,17.0,,0.17,9.520000000000001
2017-10-25,96,17.0,,0.17,16.32
2017-10-26,43,17.0,,0.17,7.3100000000000005
2017-10-27,49,17.0,,0.17,8.33
2017-10-28,42,17.0,,0.17,7.140000000000001
2017-10-29,41,28.0,False,0.28,11.48
2017-10-30,66,28.0,,0.28,18.48
2017-10-31,49,28.0,,0.28,13.72
2017-11-01,37,28.0,,0.28,10.360000000000001
2017-11-02,40,28.0,,0.28,11.200000000000001
2017-11-03,31,28.0,,0.28,8.680000000000001
2017-11-04,26,28.0,,0.28,7.280000000000001
2017-11-05,25,28.0,False,0.28,7.000000000000001
2017-11-06,23,28.0,,0.28,6.44
2017-11-07,25,28.0,,0.28,7.000000000000001
2017-11-08,25,28.0,,0.28,7.000000000000001
2017-11-09,25,28.0,,0.28,7.000000000000001
2017-11-10,23,28.0,,0.28,6.44
2017-11-11,22,28.0,,0.28,6.16
2017-11-12,45,33.0,False,0.33,14.850000000000001
2017-11-13,37,33.0,,0.33,12.21
2017-11-14,19,33.0,,0.33,6.2700000000000005
2017-11-15,22,33.0,,0.33,7.260000000000001
2017-11-16,22,33.0,,0.33,7.260000000000001
2017-11-17,19,33.0,,0.33,6.2700000000000005
2017-11-18,18,33.0,,0.33,5.94
2017-11-19,26,24.0,False,0.24,6.24
2017-11-20,18,24.0,,0.24,4.32
2017-11-21,27,24.0,,0.24,6.4799999999999995
2017-11-22,27,24.0,,0.24,6.4799999999999995
2017-11-23,24,24.0,,0.24,5.76
2017-11-24,23,24.0,,0.24,5.52
2017-11-25,24,24.0,,0.24,5.76
2017-11-26,33,77.0,False,0.77,25.41
2017-11-27,47,77.0,,0.77,36.19
2017-11-28,54,77.0,,0.77,41.58
2017-11-29,100,77.0,,0.77,77.0
2017-11-30,82,77.0,,0.77,63.14
2017-12-01,36,77.0,,0.77,27.72
2017-12-02,26,77.0,,0.77,20.02
2017-12-03,24,92.0,False,0.92,22.080000000000002
2017-12-04,30,92.0,,0.92,27.6
2017-12-05,30,92.0,,0.92,27.6
2017-12-06,38,92.0,,0.92,34.96
2017-12-07,89,92.0,,0.92,81.88000000000001
2017-12-08,80,92.0,,0.92,73.60000000000001
2017-12-09,48,92.0,,0.92,44.160000000000004
2017-12-10,47,83.0,False,0.83,39.01
2017-12-11,51,83.0,,0.83,42.33
2017-12-12,45,83.0,,0.83,37.35
2017-12-13,45,83.0,,0.83,37.35
2017-12-14,38,83.0,,0.83,31.54
2017-12-15,22,83.0,,0.83,18.259999999999998
2017-12-16,25,83.0,,0.83,20.75
2017-12-17,31,100.0,False,1.0,31.0
2017-12-18,36,100.0,,1.0,36.0
2017-12-19,41,100.0,,1.0,41.0
2017-12-20,68,100.0,,1.0,68.0
2017-12-21,49,100.0,,1.0,49.0
2017-12-22,100,100.0,,1.0,100.0
2017-12-23,64,100.0,,1.0,64.0
2017-12-24,52,62.0,False,0.62,32.24
2017-12-25,30,62.0,,0.62,18.6
2017-12-26,36,62.0,,0.62,22.32
2017-12-27,29,62.0,,0.62,17.98
2017-12-28,26,62.0,,0.62,16.12
2017-12-29,21,62.0,,0.62,13.02
2017-12-30,28,62.0,,0.62,17.36
2017-12-31,23,41.0,False,0.41,9.43
2018-01-01,31,41.0,,0.41,12.709999999999999
2018-01-02,30,41.0,,0.41,12.299999999999999
2018-01-03,34,41.0,,0.41,13.94
2018-01-04,35,41.0,,0.41,14.35
2018-01-05,32,41.0,,0.41,13.12
2018-01-06,27,41.0,,0.41,11.069999999999999
2018-01-07,17,39.0,False,0.39,6.63
2018-01-08,31,39.0,,0.39,12.09
2018-01-09,26,39.0,,0.39,10.14
2018-01-10,33,39.0,,0.39,12.870000000000001
2018-01-11,40,39.0,,0.39,15.600000000000001
2018-01-12,24,39.0,,0.39,9.36
2018-01-13,19,39.0,,0.39,7.41
2018-01-14,19,62.0,False,0.62,11.78
2018-01-15,21,62.0,,0.62,13.02
2018-01-16,64,62.0,,0.62,39.68
2018-01-17,100,62.0,,0.62,62.0
2018-01-18,59,62.0,,0.62,36.58
2018-01-19,40,62.0,,0.62,24.8
2018-01-20,29,62.0,,0.62,17.98
2018-01-21,22,34.0,False,0.34,7.48
2018-01-22,25,34.0,,0.34,8.5
2018-01-23,35,34.0,,0.34,11.9
2018-01-24,23,34.0,,0.34,7.82
2018-01-25,26,34.0,,0.34,8.84
2018-01-26,20,34.0,,0.34,6.800000000000001
2018-01-27,18,34.0,,0.34,6.12
2018-01-28,19,37.0,False,0.37,7.03
2018-01-29,20,37.0,,0.37,7.4
2018-01-30,24,37.0,,0.37,8.879999999999999
2018-01-31,29,37.0,,0.37,10.73
2018-02-01,42,37.0,,0.37,15.54
2018-02-02,76,37.0,,0.37,28.12
2018-02-03,46,37.0,,0.37,17.02
2018-02-04,29,57.0,False,0.57,16.529999999999998
2018-02-05,75,57.0,,0.57,42.74999999999999
2018-02-06,100,57.0,,0.57,56.99999999999999
2018-02-07,56,57.0,,0.57,31.919999999999998
2018-02-08,37,57.0,,0.57,21.09
2018-02-09,44,57.0,,0.57,25.08
2018-02-10,16,57.0,,0.57,9.12
2018-02-11,28,24.0,False,0.24,6.72
2018-02-12,24,24.0,,0.24,5.76
2018-02-13,26,24.0,,0.24,6.24
2018-02-14,24,24.0,,0.24,5.76
2018-02-15,26,24.0,,0.24,6.24
2018-02-16,23,24.0,,0.24,5.52
2018-02-17,23,24.0,,0.24,5.52
2018-02-18,17,19.0,False,0.19,3.23
2018-02-19,21,19.0,,0.19,3.99
2018-02-20,22,19.0,,0.19,4.18
2018-02-21,19,19.0,,0.19,3.61
2018-02-22,19,19.0,,0.19,3.61
2018-02-23,16,19.0,,0.19,3.04
2018-02-24,10,19.0,,0.19,1.9
2018-02-25,8,14.0,False,0.14,1.12
2018-02-26,17,14.0,,0.14,2.3800000000000003
2018-02-27,18,14.0,,0.14,2.5200000000000005
2018-02-28,20,14.0,,0.14,2.8000000000000003
2018-03-01,68,14.0,,0.14,9.520000000000001
2018-03-02,38,14.0,,0.14,5.32
2018-03-03,55,14.0,,0.14,7.700000000000001
2018-03-04,41,16.0,False,0.16,6.5600000000000005
2018-03-05,50,16.0,,0.16,8.0
2018-03-06,53,16.0,,0.16,8.48
2018-03-07,73,16.0,,0.16,11.68
2018-03-08,81,16.0,,0.16,12.96
2018-03-09,74,16.0,,0.16,11.84
2018-03-10,59,16.0,,0.16,9.44
2018-03-11,38,16.0,False,0.16,6.08
2018-03-12,83,16.0,,0.16,13.280000000000001
2018-03-13,48,16.0,,0.16,7.68
2018-03-14,55,16.0,,0.16,8.8
2018-03-15,100,16.0,,0.16,16.0
2018-03-16,45,16.0,,0.16,7.2
2018-03-17,33,16.0,,0.16,5.28
2018-03-18,62,13.0,False,0.13,8.06
2018-03-19,78,13.0,,0.13,10.14
2018-03-20,76,13.0,,0.13,9.88
2018-03-21,48,13.0,,0.13,6.24
2018-03-22,44,13.0,,0.13,5.720000000000001
2018-03-23,48,13.0,,0.13,6.24
2018-03-24,43,13.0,,0.13,5.59
2018-03-25,36,14.0,False,0.14,5.040000000000001
2018-03-26,64,14.0,,0.14,8.96
2018-03-27,51,14.0,,0.14,7.140000000000001
2018-03-28,40,14.0,,0.14,5.6000000000000005
2018-03-29,52,14.0,,0.14,7.280000000000001
2018-03-30,91,14.0,,0.14,12.740000000000002
2018-03-31,41,14.0,,0.14,5.74
2018-04-01,81,15.0,False,0.15,12.15
2018-04-02,76,15.0,,0.15,11.4
2018-04-03,62,15.0,,0.15,9.299999999999999
2018-04-04,59,15.0,,0.15,8.85
2018-04-05,54,15.0,,0.15,8.1
2018-04-06,68,15.0,,0.15,10.2
2018-04-07,68,15.0,,0.15,10.2
2018-04-08,32,11.0,False,0.11,3.52
2018-04-09,46,11.0,,0.11,5.06
2018-04-10,61,11.0,,0.11,6.71
2018-04-11,58,11.0,,0.11,6.38
2018-04-12,59,11.0,,0.11,6.49
2018-04-13,97,11.0,,0.11,10.67
2018-04-14,51,11.0,,0.11,5.61
2018-04-15,53,12.0,False,0.12,6.359999999999999
2018-04-16,58,12.0,,0.12,6.96
2018-04-17,53,12.0,,0.12,6.359999999999999
2018-04-18,62,12.0,,0.12,7.4399999999999995
2018-04-19,71,12.0,,0.12,8.52
2018-04-20,30,12.0,,0.12,3.5999999999999996
2018-04-21,40,12.0,,0.12,4.8
2018-04-22,60,12.0,False,0.12,7.199999999999999
2018-04-23,69,12.0,,0.12,8.28
2018-04-24,100,12.0,,0.12,12.0
2018-04-25,58,12.0,,0.12,6.96
2018-04-26,44,12.0,,0.12,5.279999999999999
2018-04-27,43,12.0,,0.12,5.16
2018-04-28,40,12.0,,0.12,4.8
2018-04-29,29,8.0,False,0.08,2.32
2018-04-30,48,8.0,,0.08,3.84
2018-05-01,36,8.0,,0.08,2.88
2018-05-02,86,8.0,,0.08,6.88
2018-05-03,43,8.0,,0.08,3.44
2018-05-04,76,8.0,,0.08,6.08
2018-05-05,67,8.0,,0.08,5.36
2018-05-06,67,10.0,False,0.1,6.7
2018-05-07,86,10.0,,0.1,8.6
2018-05-08,62,10.0,,0.1,6.2
2018-05-09,78,10.0,,0.1,7.800000000000001
2018-05-10,63,10.0,,0.1,6.300000000000001
2018-05-11,100,10.0,,0.1,10.0
2018-05-12,78,10.0,,0.1,7.800000000000001
2018-05-13,67,9.0,False,0.09,6.029999999999999
2018-05-14,72,9.0,,0.09,6.4799999999999995
2018-05-15,33,9.0,,0.09,2.9699999999999998
2018-05-16,58,9.0,,0.09,5.22
2018-05-17,58,9.0,,0.09,5.22
2018-05-18,87,9.0,,0.09,7.83
2018-05-19,45,9.0,,0.09,4.05
2018-05-20,45,8.0,False,0.08,3.6
2018-05-21,73,8.0,,0.08,5.84
2018-05-22,63,8.0,,0.08,5.04
2018-05-23,88,8.0,,0.08,7.04
2018-05-24,68,8.0,,0.08,5.44
2018-05-25,62,8.0,,0.08,4.96
2018-05-26,50,8.0,,0.08,4.0
2018-05-27,28,7.0,False,0.07,1.9600000000000002
2018-05-28,74,7.0,,0.07,5.180000000000001
2018-05-29,53,7.0,,0.07,3.7100000000000004
2018-05-30,48,7.0,,0.07,3.3600000000000003
2018-05-31,54,7.0,,0.07,3.7800000000000002
2018-06-01,53,7.0,,0.07,3.7100000000000004
2018-06-02,36,7.0,,0.07,2.5200000000000005
2018-06-03,22,8.0,False,0.08,1.76
2018-06-04,42,8.0,,0.08,3.36
2018-06-05,30,8.0,,0.08,2.4
2018-06-06,64,8.0,,0.08,5.12
2018-06-07,58,8.0,,0.08,4.64
2018-06-08,81,8.0,,0.08,6.48
2018-06-09,27,8.0,,0.08,2.16
2018-06-10,44,11.0,False,0.11,4.84
2018-06-11,100,11.0,,0.11,11.0
2018-06-12,97,11.0,,0.11,10.67
2018-06-13,60,11.0,,0.11,6.6
2018-06-14,78,11.0,,0.11,8.58
2018-06-15,84,11.0,,0.11,9.24
2018-06-16,31,11.0,,0.11,3.41
2018-06-17,52,9.0,False,0.09,4.68
2018-06-18,53,9.0,,0.09,4.77
2018-06-19,67,9.0,,0.09,6.029999999999999
2018-06-20,49,9.0,,0.09,4.41
2018-06-21,49,9.0,,0.09,4.41
2018-06-22,55,9.0,,0.09,4.95
2018-06-23,52,9.0,,0.09,4.68
2018-06-24,64,8.0,False,0.08,5.12
2018-06-25,52,8.0,,0.08,4.16
2018-06-26,44,8.0,,0.08,3.52
2018-06-27,30,8.0,,0.08,2.4
2018-06-28,45,8.0,,0.08,3.6
2018-06-29,44,8.0,,0.08,3.52
2018-06-30,66,8.0,,0.08,5.28
2018-07-01,63,7.0,False,0.07,4.41
2018-07-02,51,7.0,,0.07,3.5700000000000003
2018-07-03,66,7.0,,0.07,4.62
2018-07-04,54,7.0,,0.07,3.7800000000000002
2018-07-05,69,7.0,,0.07,4.83
2018-07-06,31,7.0,,0.07,2.1700000000000004
2018-07-07,35,7.0,,0.07,2.45
2018-07-08,35,7.0,False,0.07,2.45
2018-07-09,56,7.0,,0.07,3.9200000000000004
2018-07-10,74,7.0,,0.07,5.180000000000001
2018-07-11,76,7.0,,0.07,5.32
2018-07-12,85,7.0,,0.07,5.95
2018-07-13,88,7.0,,0.07,6.16
2018-07-14,55,7.0,,0.07,3.8500000000000005
2018-07-15,65,7.0,False,0.07,4.550000000000001
2018-07-16,68,7.0,,0.07,4.760000000000001
2018-07-17,83,7.0,,0.07,5.8100000000000005
2018-07-18,100,7.0,,0.07,7.000000000000001
2018-07-19,80,7.0,,0.07,5.6000000000000005
2018-07-20,55,7.0,,0.07,3.8500000000000005
2018-07-21,60,7.0,,0.07,4.2
2018-07-22,36,9.0,False,0.09,3.2399999999999998
2018-07-23,69,9.0,,0.09,6.21
2018-07-24,99,9.0,,0.09,8.91
2018-07-25,89,9.0,,0.09,8.01
2018-07-26,48,9.0,,0.09,4.32
2018-07-27,37,9.0,,0.09,3.33
2018-07-28,48,9.0,,0.09,4.32
2018-07-29,90,7.0,False,0.07,6.300000000000001
2018-07-30,61,7.0,,0.07,4.2700000000000005
2018-07-31,82,7.0,,0.07,5.74
2018-08-01,54,7.0,,0.07,3.7800000000000002
2018-08-02,44,7.0,,0.07,3.08
2018-08-03,35,7.0,,0.07,2.45
2018-08-04,53,7.0,,0.07,3.7100000000000004
2018-08-05,42,7.0,False,0.07,2.9400000000000004
2018-08-06,62,7.0,,0.07,4.340000000000001
2018-08-07,56,7.0,,0.07,3.9200000000000004
2018-08-08,36,7.0,,0.07,2.5200000000000005
2018-08-09,37,7.0,,0.07,2.5900000000000003
2018-08-10,55,7.0,,0.07,3.8500000000000005
2018-08-11,100,7.0,,0.07,7.000000000000001
2018-08-12,42,10.0,False,0.1,4.2
2018-08-13,58,10.0,,0.1,5.800000000000001
2018-08-14,87,10.0,,0.1,8.700000000000001
2018-08-15,85,10.0,,0.1,8.5
2018-08-16,51,10.0,,0.1,5.1000000000000005
2018-08-17,43,10.0,,0.1,4.3
2018-08-18,34,10.0,,0.1,3.4000000000000004
2018-08-19,39,6.0,False,0.06,2.34
2018-08-20,39,6.0,,0.06,2.34
2018-08-21,38,6.0,,0.06,2.28
2018-08-22,30,6.0,,0.06,1.7999999999999998
2018-08-23,30,6.0,,0.06,1.7999999999999998
2018-08-24,60,6.0,,0.06,3.5999999999999996
2018-08-25,34,6.0,,0.06,2.04
2018-08-26,33,7.0,False,0.07,2.31
2018-08-27,29,7.0,,0.07,2.0300000000000002
2018-08-28,74,7.0,,0.07,5.180000000000001
2018-08-29,53,7.0,,0.07,3.7100000000000004
2018-08-30,29,7.0,,0.07,2.0300000000000002
2018-08-31,30,7.0,,0.07,2.1
2018-09-01,32,7.0,,0.07,2.24
2018-09-02,58,7.0,False,0.07,4.0600000000000005
2018-09-03,41,7.0,,0.07,2.87
2018-09-04,55,7.0,,0.07,3.8500000000000005
2018-09-05,72,7.0,,0.07,5.040000000000001
2018-09-06,100,7.0,,0.07,7.000000000000001
2018-09-07,47,7.0,,0.07,3.2900000000000005
2018-09-08,58,7.0,,0.07,4.0600000000000005
2018-09-09,19,6.0,False,0.06,1.14
2018-09-10,50,6.0,,0.06,3.0
2018-09-11,89,6.0,,0.06,5.34
2018-09-12,55,6.0,,0.06,3.3
2018-09-13,51,6.0,,0.06,3.06
2018-09-14,57,6.0,,0.06,3.42
2018-09-15,32,6.0,,0.06,1.92
2018-09-16,57,6.0,False,0.06,3.42
2018-09-17,62,6.0,,0.06,3.7199999999999998
2018-09-18,55,6.0,,0.06,3.3
2018-09-19,44,6.0,,0.06,2.6399999999999997
2018-09-20,56,6.0,,0.06,3.36
2018-09-21,94,6.0,,0.06,5.64
2018-09-22,64,6.0,,0.06,3.84
2018-09-23,43,4.0,False,0.04,1.72
2018-09-24,28,4.0,,0.04,1.12
2018-09-25,55,4.0,,0.04,2.2
2018-09-26,44,4.0,,0.04,1.76
2018-09-27,40,4.0,,0.04,1.6
2018-09-28,41,4.0,,0.04,1.6400000000000001
2018-09-29,65,4.0,,0.04,2.6
2018-09-30,19,4.0,False,0.04,0.76
2018-10-01,42,4.0,,0.04,1.68
2018-10-02,49,4.0,,0.04,1.96
2018-10-03,28,4.0,,0.04,1.12
2018-10-04,57,4.0,,0.04,2.2800000000000002
2018-10-05,22,4.0,,0.04,0.88
2018-10-06,24,4.0,,0.04,0.96
2018-10-07,39,5.0,False,0.05,1.9500000000000002
2018-10-08,57,5.0,,0.05,2.85
2018-10-09,41,5.0,,0.05,2.0500000000000003
2018-10-10,36,5.0,,0.05,1.8
2018-10-11,95,5.0,,0.05,4.75
2018-10-12,77,5.0,,0.05,3.85
2018-10-13,33,5.0,,0.05,1.6500000000000001
2018-10-14,17,5.0,False,0.05,0.8500000000000001
2018-10-15,94,5.0,,0.05,4.7
2018-10-16,71,5.0,,0.05,3.5500000000000003
2018-10-17,50,5.0,,0.05,2.5
2018-10-18,66,5.0,,0.05,3.3000000000000003
2018-10-19,38,5.0,,0.05,1.9000000000000001
2018-10-20,50,5.0,,0.05,2.5
2018-10-21,40,5.0,False,0.05,2.0
2018-10-22,43,5.0,,0.05,2.15
2018-10-23,85,5.0,,0.05,4.25
2018-10-24,100,5.0,,0.05,5.0
2018-10-25,43,5.0,,0.05,2.15
2018-10-26,38,5.0,,0.05,1.9000000000000001
2018-10-27,40,5.0,,0.05,2.0
2018-10-28,39,4.0,False,0.04,1.56
2018-10-29,34,4.0,,0.04,1.36
2018-10-30,57,4.0,,0.04,2.2800000000000002
2018-10-31,44,4.0,,0.04,1.76
2018-11-01,30,4.0,,0.04,1.2
2018-11-02,34,4.0,,0.04,1.36
2018-11-03,17,4.0,,0.04,0.68
2018-11-04,27,5.0,False,0.05,1.35
2018-11-05,24,5.0,,0.05,1.2000000000000002
2018-11-06,36,5.0,,0.05,1.8
2018-11-07,14,5.0,,0.05,0.7000000000000001
2018-11-08,21,5.0,,0.05,1.05
2018-11-09,22,5.0,,0.05,1.1
2018-11-10,12,5.0,,0.05,0.6000000000000001
2018-11-11,31,6.0,False,0.06,1.8599999999999999
2018-11-12,14,6.0,,0.06,0.84
2018-11-13,21,6.0,,0.06,1.26
2018-11-14,50,6.0,,0.06,3.0
2018-11-15,57,6.0,,0.06,3.42
2018-11-16,37,6.0,,0.06,2.2199999999999998
2018-11-17,37,6.0,,0.06,2.2199999999999998
2018-11-18,36,11.0,False,0.11,3.96
2018-11-19,54,11.0,,0.11,5.94
2018-11-20,100,11.0,,0.11,11.0
2018-11-21,68,11.0,,0.11,7.48
2018-11-22,56,11.0,,0.11,6.16
2018-11-23,19,11.0,,0.11,2.09
2018-11-24,63,11.0,,0.11,6.93
2018-11-25,71,9.0,False,0.09,6.39
2018-11-26,70,9.0,,0.09,6.3
2018-11-27,73,9.0,,0.09,6.569999999999999
2018-11-28,56,9.0,,0.09,5.04
2018-11-29,40,9.0,,0.09,3.5999999999999996
2018-11-30,33,9.0,,0.09,2.9699999999999998
2018-12-01,44,9.0,,0.09,3.96
2018-12-02,38,8.0,False,0.08,3.04
2018-12-03,67,8.0,,0.08,5.36
2018-12-04,100,8.0,,0.08,8.0
2018-12-05,57,8.0,,0.08,4.5600000000000005
2018-12-06,49,8.0,,0.08,3.92
2018-12-07,76,8.0,,0.08,6.08
2018-12-08,62,8.0,,0.08,4.96
2018-12-09,65,7.0,False,0.07,4.550000000000001
2018-12-10,63,7.0,,0.07,4.41
2018-12-11,67,7.0,,0.07,4.69
2018-12-12,74,7.0,,0.07,5.180000000000001
2018-12-13,55,7.0,,0.07,3.8500000000000005
2018-12-14,68,7.0,,0.07,4.760000000000001
2018-12-15,29,7.0,,0.07,2.0300000000000002
2018-12-16,62,8.0,False,0.08,4.96
2018-12-17,45,8.0,,0.08,3.6
2018-12-18,70,8.0,,0.08,5.6000000000000005
2018-12-19,52,8.0,,0.08,4.16
2018-12-20,26,8.0,,0.08,2.08
2018-12-21,43,8.0,,0.08,3.44
2018-12-22,70,8.0,,0.08,5.6000000000000005
2018-12-23,30,7.0,False,0.07,2.1
2018-12-24,47,7.0,,0.07,3.2900000000000005
2018-12-25,68,7.0,,0.07,4.760000000000001
2018-12-26,54,7.0,,0.07,3.7800000000000002
2018-12-27,53,7.0,,0.07,3.7100000000000004
2018-12-28,80,7.0,,0.07,5.6000000000000005
2018-12-29,45,7.0,,0.07,3.1500000000000004
2018-12-30,40,6.0,False,0.06,2.4
2018-12-31,45,6.0,,0.06,2.6999999999999997
2019-01-01,8,6.0,,0.06,0.48
2019-01-02,76,6.0,,0.06,4.56
2019-01-03,100,6.0,,0.06,6.0
2019-01-04,88,6.0,,0.06,5.279999999999999
2019-01-05,37,6.0,,0.06,2.2199999999999998
2019-01-06,81,5.0,False,0.05,4.05
2019-01-07,66,5.0,,0.05,3.3000000000000003
2019-01-08,45,5.0,,0.05,2.25
2019-01-09,26,5.0,,0.05,1.3
2019-01-10,59,5.0,,0.05,2.95
2019-01-11,88,5.0,,0.05,4.4
2019-01-12,44,5.0,,0.05,2.2
2019-01-13,80,4.0,False,0.04,3.2
2019-01-14,26,4.0,,0.04,1.04
2019-01-15,51,4.0,,0.04,2.04
2019-01-16,46,4.0,,0.04,1.84
2019-01-17,78,4.0,,0.04,3.12
2019-01-18,47,4.0,,0.04,1.8800000000000001
2019-01-19,7,4.0,,0.04,0.28
2019-01-20,35,4.0,False,0.04,1.4000000000000001
2019-01-21,52,4.0,,0.04,2.08
2019-01-22,44,4.0,,0.04,1.76
2019-01-23,31,4.0,,0.04,1.24
2019-01-24,45,4.0,,0.04,1.8
2019-01-25,59,4.0,,0.04,2.36
2019-01-26,37,4.0,,0.04,1.48
2019-01-27,71,4.0,False,0.04,2.84
2019-01-28,19,4.0,,0.04,0.76
2019-01-29,45,4.0,,0.04,1.8
2019-01-30,51,4.0,,0.04,2.04
2019-01-31,19,4.0,,0.04,0.76
2019-02-01,68,4.0,,0.04,2.72
2019-02-02,92,4.0,,0.04,3.68
2019-02-03,66,3.0,False,0.03,1.98
2019-02-04,44,3.0,,0.03,1.3199999999999998
2019-02-05,44,3.0,,0.03,1.3199999999999998
2019-02-06,36,3.0,,0.03,1.08
2019-02-07,36,3.0,,0.03,1.08
2019-02-08,38,3.0,,0.03,1.14
2019-02-09,58,3.0,,0.03,1.74
2019-02-10,24,4.0,False,0.04,0.96
2019-02-11,43,4.0,,0.04,1.72
2019-02-12,79,4.0,,0.04,3.16
2019-02-13,57,4.0,,0.04,2.2800000000000002
2019-02-14,52,4.0,,0.04,2.08
2019-02-15,23,4.0,,0.04,0.92
2019-02-16,17,4.0,,0.04,0.68
2019-02-17,17,5.0,False,0.05,0.8500000000000001
2019-02-18,29,5.0,,0.05,1.4500000000000002
2019-02-19,50,5.0,,0.05,2.5
2019-02-20,51,5.0,,0.05,2.5500000000000003
2019-02-21,36,5.0,,0.05,1.8
2019-02-22,68,5.0,,0.05,3.4000000000000004
2019-02-23,100,5.0,,0.05,5.0
2019-02-24,91,4.0,False,0.04,3.64
2019-02-25,79,4.0,,0.04,3.16
2019-02-26,66,4.0,,0.04,2.64
2019-02-27,50,4.0,,0.04,2.0
2019-02-28,89,4.0,,0.04,3.56
2019-03-01,32,4.0,,0.04,1.28
2019-03-02,9,4.0,,0.04,0.36
2019-03-03,53,4.0,False,0.04,2.12
2019-03-04,47,4.0,,0.04,1.8800000000000001
2019-03-05,31,4.0,,0.04,1.24
2019-03-06,53,4.0,,0.04,2.12
2019-03-07,8,4.0,,0.04,0.32
2019-03-08,49,4.0,,0.04,1.96
2019-03-09,36,4.0,,0.04,1.44
2019-03-10,26,3.0,False,0.03,0.78
2019-03-11,46,3.0,,0.03,1.38
2019-03-12,69,3.0,,0.03,2.07
2019-03-13,31,3.0,,0.03,0.9299999999999999
2019-03-14,23,3.0,,0.03,0.69
2019-03-15,48,3.0,,0.03,1.44
2019-03-16,45,3.0,,0.03,1.3499999999999999
2019-03-17,53,4.0,False,0.04,2.12
2019-03-18,47,4.0,,0.04,1.8800000000000001
2019-03-19,66,4.0,,0.04,2.64
2019-03-20,63,4.0,,0.04,2.52
2019-03-21,24,4.0,,0.04,0.96
2019-03-22,41,4.0,,0.04,1.6400000000000001
2019-03-23,72,4.0,,0.04,2.88
2019-03-24,64,4.0,False,0.04,2.56
2019-03-25,23,4.0,,0.04,0.92
2019-03-26,62,4.0,,0.04,2.48
2019-03-27,31,4.0,,0.04,1.24
2019-03-28,48,4.0,,0.04,1.92
2019-03-29,33,4.0,,0.04,1.32
2019-03-30,100,4.0,,0.04,4.0
2019-03-31,36,8.0,False,0.08,2.88
2019-04-01,31,8.0,,0.08,2.48
2019-04-02,100,8.0,,0.08,8.0
2019-04-03,93,8.0,,0.08,7.44
2019-04-04,81,8.0,,0.08,6.48
2019-04-05,52,8.0,,0.08,4.16
2019-04-06,70,8.0,,0.08,5.6000000000000005
2019-04-07,78,5.0,False,0.05,3.9000000000000004
2019-04-08,68,5.0,,0.05,3.4000000000000004
2019-04-09,37,5.0,,0.05,1.85
2019-04-10,37,5.0,,0.05,1.85
2019-04-11,50,5.0,,0.05,2.5
2019-04-12,39,5.0,,0.05,1.9500000000000002
2019-04-13,15,5.0,,0.05,0.75
2019-04-14,49,4.0,False,0.04,1.96
2019-04-15,37,4.0,,0.04,1.48
2019-04-16,44,4.0,,0.04,1.76
2019-04-17,52,4.0,,0.04,2.08
2019-04-18,46,4.0,,0.04,1.84
2019-04-19,57,4.0,,0.04,2.2800000000000002
2019-04-20,45,4.0,,0.04,1.8
2019-04-21,30,4.0,False,0.04,1.2
2019-04-22,46,4.0,,0.04,1.84
2019-04-23,56,4.0,,0.04,2.24
2019-04-24,63,4.0,,0.04,2.52
2019-04-25,94,4.0,,0.04,3.7600000000000002
2019-04-26,32,4.0,,0.04,1.28
2019-04-27,50,4.0,,0.04,2.0
2019-04-28,14,4.0,False,0.04,0.56
2019-04-29,61,4.0,,0.04,2.44
2019-04-30,31,4.0,,0.04,1.24
2019-05-01,39,4.0,,0.04,1.56
2019-05-02,32,4.0,,0.04,1.28
2019-05-03,42,4.0,,0.04,1.68
2019-05-04,31,4.0,,0.04,1.24
2019-05-05,45,5.0,False,0.05,2.25
2019-05-06,32,5.0,,0.05,1.6
2019-05-07,40,5.0,,0.05,2.0
2019-05-08,45,5.0,,0.05,2.25
2019-05-09,51,5.0,,0.05,2.5500000000000003
2019-05-10,53,5.0,,0.05,2.6500000000000004
2019-05-11,59,5.0,,0.05,2.95
2019-05-12,68,13.0,False,0.13,8.84
2019-05-13,64,13.0,,0.13,8.32
2019-05-14,90,13.0,,0.13,11.700000000000001
2019-05-15,73,13.0,,0.13,9.49
2019-05-16,69,13.0,,0.13,8.97
2019-05-17,100,13.0,,0.13,13.0
2019-05-18,58,13.0,,0.13,7.54
2019-05-19,62,8.0,False,0.08,4.96
2019-05-20,67,8.0,,0.08,5.36
2019-05-21,53,8.0,,0.08,4.24
2019-05-22,31,8.0,,0.08,2.48
2019-05-23,35,8.0,,0.08,2.8000000000000003
2019-05-24,33,8.0,,0.08,2.64
2019-05-25,26,8.0,,0.08,2.08
2019-05-26,36,7.0,False,0.07,2.5200000000000005
2019-05-27,68,7.0,,0.07,4.760000000000001
2019-05-28,71,7.0,,0.07,4.970000000000001
2019-05-29,44,7.0,,0.07,3.08
2019-05-30,45,7.0,,0.07,3.1500000000000004
2019-05-31,61,7.0,,0.07,4.2700000000000005
2019-06-01,32,7.0,,0.07,2.24
2019-06-02,33,6.0,False,0.06,1.98
2019-06-03,11,6.0,,0.06,0.6599999999999999
2019-06-04,32,6.0,,0.06,1.92
2019-06-05,20,6.0,,0.06,1.2
2019-06-06,16,6.0,,0.06,0.96
2019-06-07,24,6.0,,0.06,1.44
2019-06-08,21,6.0,,0.06,1.26
2019-06-09,10,5.0,False,0.05,0.5
2019-06-10,7,5.0,,0.05,0.35000000000000003
2019-06-11,27,5.0,,0.05,1.35
2019-06-12,27,5.0,,0.05,1.35
2019-06-13,14,5.0,,0.05,0.7000000000000001
2019-06-14,26,5.0,,0.05,1.3
2019-06-15,21,5.0,,0.05,1.05
2019-06-16,33,10.0,False,0.1,3.3000000000000003
2019-06-17,46,10.0,,0.1,4.6000000000000005
2019-06-18,18,10.0,,0.1,1.8
2019-06-19,14,10.0,,0.1,1.4000000000000001
2019-06-20,14,10.0,,0.1,1.4000000000000001
2019-06-21,24,10.0,,0.1,2.4000000000000004
2019-06-22,77,10.0,,0.1,7.7
2019-06-23,63,14.0,False,0.14,8.82
2019-06-24,37,14.0,,0.14,5.180000000000001
2019-06-25,64,14.0,,0.14,8.96
2019-06-26,100,14.0,,0.14,14.000000000000002
2019-06-27,87,14.0,,0.14,12.180000000000001
2019-06-28,36,14.0,,0.14,5.040000000000001
2019-06-29,37,14.0,,0.14,5.180000000000001
2019-06-30,24,9.0,False,0.09,2.16
2019-07-01,67,9.0,,0.09,6.029999999999999
2019-07-02,100,9.0,,0.09,9.0
2019-07-03,77,9.0,,0.09,6.93
2019-07-04,59,9.0,,0.09,5.31
2019-07-05,93,9.0,,0.09,8.37
2019-07-06,53,9.0,,0.09,4.77
2019-07-07,58,8.0,False,0.08,4.64
2019-07-08,56,8.0,,0.08,4.48
2019-07-09,76,8.0,,0.08,6.08
2019-07-10,96,8.0,,0.08,7.68
2019-07-11,76,8.0,,0.08,6.08
2019-07-12,58,8.0,,0.08,4.64
2019-07-13,48,8.0,,0.08,3.84
2019-07-14,69,8.0,False,0.08,5.5200000000000005
2019-07-15,87,8.0,,0.08,6.96
2019-07-16,77,8.0,,0.08,6.16
2019-07-17,67,8.0,,0.08,5.36
2019-07-18,64,8.0,,0.08,5.12
2019-07-19,50,8.0,,0.08,4.0
2019-07-20,61,8.0,,0.08,4.88
2019-07-21,49,6.0,False,0.06,2.94
2019-07-22,31,6.0,,0.06,1.8599999999999999
2019-07-23,63,6.0,,0.06,3.78
2019-07-24,59,6.0,,0.06,3.54
2019-07-25,44,6.0,,0.06,2.6399999999999997
2019-07-26,44,6.0,,0.06,2.6399999999999997
2019-07-27,24,6.0,,0.06,1.44
2019-07-28,36,5.0,False,0.05,1.8
2019-07-29,58,5.0,,0.05,2.9000000000000004
2019-07-30,53,5.0,,0.05,2.6500000000000004
2019-07-31,58,5.0,,0.05,2.9000000000000004
2019-08-01,100,5.0,,0.05,5.0
2019-08-02,72,5.0,,0.05,3.6
2019-08-03,28,5.0,,0.05,1.4000000000000001
2019-08-04,42,8.0,False,0.08,3.36
2019-08-05,75,8.0,,0.08,6.0
2019-08-06,93,8.0,,0.08,7.44
2019-08-07,87,8.0,,0.08,6.96
2019-08-08,62,8.0,,0.08,4.96
2019-08-09,77,8.0,,0.08,6.16
2019-08-10,57,8.0,,0.08,4.5600000000000005
2019-08-11,78,6.0,False,0.06,4.68
2019-08-12,56,6.0,,0.06,3.36
2019-08-13,42,6.0,,0.06,2.52
2019-08-14,93,6.0,,0.06,5.58
2019-08-15,81,6.0,,0.06,4.859999999999999
2019-08-16,44,6.0,,0.06,2.6399999999999997
2019-08-17,28,6.0,,0.06,1.68
2019-08-18,62,7.0,False,0.07,4.340000000000001
2019-08-19,66,7.0,,0.07,4.62
2019-08-20,84,7.0,,0.07,5.880000000000001
2019-08-21,30,7.0,,0.07,2.1
2019-08-22,73,7.0,,0.07,5.11
2019-08-23,57,7.0,,0.07,3.99
2019-08-24,48,7.0,,0.07,3.3600000000000003
2019-08-25,28,6.0,False,0.06,1.68
2019-08-26,42,6.0,,0.06,2.52
2019-08-27,41,6.0,,0.06,2.46
2019-08-28,41,6.0,,0.06,2.46
2019-08-29,65,6.0,,0.06,3.9
2019-08-30,72,6.0,,0.06,4.32
2019-08-31,74,6.0,,0.06,4.4399999999999995
2019-09-01,24,6.0,False,0.06,1.44
2019-09-02,49,6.0,,0.06,2.94
2019-09-03,84,6.0,,0.06,5.04
2019-09-04,58,6.0,,0.06,3.48
2019-09-05,53,6.0,,0.06,3.1799999999999997
2019-09-06,66,6.0,,0.06,3.96
2019-09-07,12,6.0,,0.06,0.72
2019-09-08,42,5.0,False,0.05,2.1
2019-09-09,21,5.0,,0.05,1.05
2019-09-10,48,5.0,,0.05,2.4000000000000004
2019-09-11,42,5.0,,0.05,2.1
2019-09-12,58,5.0,,0.05,2.9000000000000004
2019-09-13,39,5.0,,0.05,1.9500000000000002
2019-09-14,54,5.0,,0.05,2.7
2019-09-15,29,5.0,False,0.05,1.4500000000000002
2019-09-16,21,5.0,,0.05,1.05
2019-09-17,41,5.0,,0.05,2.0500000000000003
2019-09-18,67,5.0,,0.05,3.35
2019-09-19,74,5.0,,0.05,3.7
2019-09-20,66,5.0,,0.05,3.3000000000000003
2019-09-21,47,5.0,,0.05,2.35
2019-09-22,29,6.0,False,0.06,1.74
2019-09-23,5,6.0,,0.06,0.3
2019-09-24,41,6.0,,0.06,2.46
2019-09-25,92,6.0,,0.06,5.52
2019-09-26,100,6.0,,0.06,6.0
2019-09-27,49,6.0,,0.06,2.94
2019-09-28,42,6.0,,0.06,2.52
2019-09-29,36,5.0,False,0.05,1.8
2019-09-30,68,5.0,,0.05,3.4000000000000004
2019-10-01,70,5.0,,0.05,3.5
2019-10-02,37,5.0,,0.05,1.85
2019-10-03,21,5.0,,0.05,1.05
2019-10-04,45,5.0,,0.05,2.25
2019-10-05,55,5.0,,0.05,2.75
2019-10-06,43,4.0,False,0.04,1.72
2019-10-07,54,4.0,,0.04,2.16
2019-10-08,38,4.0,,0.04,1.52
2019-10-09,49,4.0,,0.04,1.96
2019-10-10,43,4.0,,0.04,1.72
2019-10-11,60,4.0,,0.04,2.4
2019-10-12,18,4.0,,0.04,0.72
2019-10-13,60,6.0,False,0.06,3.5999999999999996
2019-10-14,43,6.0,,0.06,2.58
2019-10-15,42,6.0,,0.06,2.52
2019-10-16,27,6.0,,0.06,1.6199999999999999
2019-10-17,54,6.0,,0.06,3.2399999999999998
2019-10-18,51,6.0,,0.06,3.06
2019-10-19,12,6.0,,0.06,0.72
2019-10-20,36,6.0,False,0.06,2.16
2019-10-21,37,6.0,,0.06,2.2199999999999998
2019-10-22,61,6.0,,0.06,3.6599999999999997
2019-10-23,42,6.0,,0.06,2.52
2019-10-24,100,6.0,,0.06,6.0
2019-10-25,56,6.0,,0.06,3.36
2019-10-26,31,6.0,,0.06,1.8599999999999999
2019-10-27,71,6.0,False,0.06,4.26
2019-10-28,36,6.0,,0.06,2.16
2019-10-29,81,6.0,,0.06,4.859999999999999
2019-10-30,64,6.0,,0.06,3.84
2019-10-31,38,6.0,,0.06,2.28
2019-11-01,39,6.0,,0.06,2.34
2019-11-02,49,6.0,,0.06,2.94
2019-11-03,32,5.0,False,0.05,1.6
2019-11-04,51,5.0,,0.05,2.5500000000000003
2019-11-05,50,5.0,,0.05,2.5
2019-11-06,78,5.0,,0.05,3.9000000000000004
2019-11-07,43,5.0,,0.05,2.15
2019-11-08,67,5.0,,0.05,3.35
2019-11-09,65,5.0,,0.05,3.25
2019-11-10,24,4.0,False,0.04,0.96
2019-11-11,50,4.0,,0.04,2.0
2019-11-12,93,4.0,,0.04,3.72
2019-11-13,65,4.0,,0.04,2.6
2019-11-14,42,4.0,,0.04,1.68
2019-11-15,22,4.0,,0.04,0.88
2019-11-16,58,4.0,,0.04,2.32
2019-11-17,40,5.0,False,0.05,2.0
2019-11-18,87,5.0,,0.05,4.3500000000000005
2019-11-19,58,5.0,,0.05,2.9000000000000004
2019-11-20,51,5.0,,0.05,2.5500000000000003
2019-11-21,59,5.0,,0.05,2.95
2019-11-22,91,5.0,,0.05,4.55
2019-11-23,33,5.0,,0.05,1.6500000000000001
2019-11-24,40,5.0,False,0.05,2.0
2019-11-25,100,5.0,,0.05,5.0
2019-11-26,72,5.0,,0.05,3.6
2019-11-27,87,5.0,,0.05,4.3500000000000005
2019-11-28,74,5.0,,0.05,3.7
2019-11-29,67,5.0,,0.05,3.35
2019-11-30,40,5.0,,0.05,2.0
2019-12-01,49,4.0,False,0.04,1.96
2019-12-02,63,4.0,,0.04,2.52
2019-12-03,70,4.0,,0.04,2.8000000000000003
2019-12-04,63,4.0,,0.04,2.52
2019-12-05,51,4.0,,0.04,2.04
2019-12-06,60,4.0,,0.04,2.4
2019-12-07,22,4.0,,0.04,0.88
2019-12-08,37,4.0,False,0.04,1.48
2019-12-09,45,4.0,,0.04,1.8
2019-12-10,20,4.0,,0.04,0.8
2019-12-11,57,4.0,,0.04,2.2800000000000002
2019-12-12,52,4.0,,0.04,2.08
2019-12-13,53,4.0,,0.04,2.12
2019-12-14,57,4.0,,0.04,2.2800000000000002
2019-12-15,50,6.0,False,0.06,3.0
2019-12-16,88,6.0,,0.06,5.279999999999999
2019-12-17,45,6.0,,0.06,2.6999999999999997
2019-12-18,76,6.0,,0.06,4.56
2019-12-19,100,6.0,,0.06,6.0
2019-12-20,83,6.0,,0.06,4.9799999999999995
2019-12-21,44,6.0,,0.06,2.6399999999999997
2019-12-22,59,5.0,False,0.05,2.95
2019-12-23,48,5.0,,0.05,2.4000000000000004
2019-12-24,52,5.0,,0.05,2.6
2019-12-25,56,5.0,,0.05,2.8000000000000003
2019-12-26,56,5.0,,0.05,2.8000000000000003
2019-12-27,34,5.0,,0.05,1.7000000000000002
2019-12-28,52,5.0,,0.05,2.6
2019-12-29,95,4.0,False,0.04,3.8000000000000003
2019-12-30,33,4.0,,0.04,1.32
2019-12-31,22,4.0,,0.04,0.88
2020-01-01,43,4.0,,0.04,1.72
2020-01-02,69,4.0,,0.04,2.7600000000000002
2020-01-03,48,4.0,,0.04,1.92
2020-01-04,39,4.0,,0.04,1.56
2020-01-05,87,6.0,False,0.06,5.22
2020-01-06,65,6.0,,0.06,3.9
2020-01-07,65,6.0,,0.06,3.9
2020-01-08,70,6.0,,0.06,4.2
2020-01-09,100,6.0,,0.06,6.0
2020-01-10,30,6.0,,0.06,1.7999999999999998
2020-01-11,66,6.0,,0.06,3.96
2020-01-12,19,6.0,False,0.06,1.14
2020-01-13,38,6.0,,0.06,2.28
2020-01-14,25,6.0,,0.06,1.5
2020-01-15,78,6.0,,0.06,4.68
2020-01-16,82,6.0,,0.06,4.92
2020-01-17,78,6.0,,0.06,4.68
2020-01-18,72,6.0,,0.06,4.32
2020-01-19,70,4.0,False,0.04,2.8000000000000003
2020-01-20,76,4.0,,0.04,3.04
2020-01-21,64,4.0,,0.04,2.56
2020-01-22,29,4.0,,0.04,1.16
2020-01-23,52,4.0,,0.04,2.08
2020-01-24,66,4.0,,0.04,2.64
2020-01-25,46,4.0,,0.04,1.84
2020-01-26,70,5.0,False,0.05,3.5
2020-01-27,28,5.0,,0.05,1.4000000000000001
2020-01-28,34,5.0,,0.05,1.7000000000000002
2020-01-29,46,5.0,,0.05,2.3000000000000003
2020-01-30,53,5.0,,0.05,2.6500000000000004
2020-01-31,61,5.0,,0.05,3.0500000000000003
2020-02-01,42,5.0,,0.05,2.1
2020-02-02,29,5.0,False,0.05,1.4500000000000002
2020-02-03,43,5.0,,0.05,2.15
2020-02-04,73,5.0,,0.05,3.6500000000000004
2020-02-05,100,5.0,,0.05,5.0
2020-02-06,57,5.0,,0.05,2.85
2020-02-07,71,5.0,,0.05,3.5500000000000003
2020-02-08,41,5.0,,0.05,2.0500000000000003
2020-02-09,97,7.0,False,0.07,6.790000000000001
2020-02-10,66,7.0,,0.07,4.62
2020-02-11,86,7.0,,0.07,6.0200000000000005
2020-02-12,92,7.0,,0.07,6.44
2020-02-13,52,7.0,,0.07,3.6400000000000006
2020-02-14,70,7.0,,0.07,4.9
2020-02-15,88,7.0,,0.07,6.16
2020-02-16,52,7.0,False,0.07,3.6400000000000006
2020-02-17,82,7.0,,0.07,5.74
2020-02-18,80,7.0,,0.07,5.6000000000000005
2020-02-19,61,7.0,,0.07,4.2700000000000005
2020-02-20,36,7.0,,0.07,2.5200000000000005
2020-02-21,58,7.0,,0.07,4.0600000000000005
2020-02-22,52,7.0,,0.07,3.6400000000000006
2020-02-23,29,8.0,False,0.08,2.32
2020-02-24,72,8.0,,0.08,5.76
2020-02-25,86,8.0,,0.08,6.88
2020-02-26,44,8.0,,0.08,3.52
2020-02-27,94,8.0,,0.08,7.5200000000000005
2020-02-28,94,8.0,,0.08,7.5200000000000005
2020-02-29,90,8.0,,0.08,7.2
2020-03-01,31,6.0,False,0.06,1.8599999999999999
2020-03-02,24,6.0,,0.06,1.44
2020-03-03,20,6.0,,0.06,1.2
2020-03-04,15,6.0,,0.06,0.8999999999999999
2020-03-05,19,6.0,,0.06,1.14
2020-03-06,29,6.0,,0.06,1.74
2020-03-07,19,6.0,,0.06,1.14
2020-03-08,21,14.0,False,0.14,2.9400000000000004
2020-03-09,54,14.0,,0.14,7.5600000000000005
2020-03-10,22,14.0,,0.14,3.08
2020-03-11,29,14.0,,0.14,4.0600000000000005
2020-03-12,88,14.0,,0.14,12.32
2020-03-13,100,14.0,,0.14,14.000000000000002
2020-03-14,62,14.0,,0.14,8.680000000000001
2020-03-15,27,12.0,False,0.12,3.2399999999999998
2020-03-16,60,12.0,,0.12,7.199999999999999
2020-03-17,63,12.0,,0.12,7.56
2020-03-18,31,12.0,,0.12,3.7199999999999998
2020-03-19,51,12.0,,0.12,6.12
2020-03-20,34,12.0,,0.12,4.08
2020-03-21,43,12.0,,0.12,5.16
2020-03-22,34,11.0,False,0.11,3.74
2020-03-23,21,11.0,,0.11,2.31
2020-03-24,46,11.0,,0.11,5.06
2020-03-25,25,11.0,,0.11,2.75
2020-03-26,22,11.0,,0.11,2.42
2020-03-27,41,11.0,,0.11,4.51
2020-03-28,24,11.0,,0.11,2.64
2020-03-29,37,7.0,False,0.07,2.5900000000000003
2020-03-30,29,7.0,,0.07,2.0300000000000002
2020-03-31,27,7.0,,0.07,1.8900000000000001
2020-04-01,68,7.0,,0.07,4.760000000000001
2020-04-02,43,7.0,,0.07,3.0100000000000002
2020-04-03,57,7.0,,0.07,3.99
2020-04-04,48,7.0,,0.07,3.3600000000000003
2020-04-05,48,7.0,False,0.07,3.3600000000000003
2020-04-06,80,7.0,,0.07,5.6000000000000005
2020-04-07,64,7.0,,0.07,4.48
2020-04-08,57,7.0,,0.07,3.99
2020-04-09,31,7.0,,0.07,2.1700000000000004
2020-04-10,96,7.0,,0.07,6.720000000000001
2020-04-11,58,7.0,,0.07,4.0600000000000005
2020-04-12,83,6.0,False,0.06,4.9799999999999995
2020-04-13,44,6.0,,0.06,2.6399999999999997
2020-04-14,55,6.0,,0.06,3.3
2020-04-15,34,6.0,,0.06,2.04
2020-04-16,26,6.0,,0.06,1.56
2020-04-17,48,6.0,,0.06,2.88
2020-04-18,53,6.0,,0.06,3.1799999999999997
2020-04-19,53,6.0,False,0.06,3.1799999999999997
2020-04-20,34,6.0,,0.06,2.04
2020-04-21,64,6.0,,0.06,3.84
2020-04-22,43,6.0,,0.06,2.58
2020-04-23,58,6.0,,0.06,3.48
2020-04-24,83,6.0,,0.06,4.9799999999999995
2020-04-25,82,6.0,,0.06,4.92
2020-04-26,82,9.0,False,0.09,7.38
2020-04-27,47,9.0,,0.09,4.2299999999999995
2020-04-28,100,9.0,,0.09,9.0
2020-04-29,84,9.0,,0.09,7.56
2020-04-30,81,9.0,,0.09,7.29
2020-05-01,49,9.0,,0.09,4.41
2020-05-02,56,9.0,,0.09,5.04
2020-05-03,44,10.0,False,0.1,4.4
2020-05-04,33,10.0,,0.1,3.3000000000000003
2020-05-05,47,10.0,,0.1,4.7
2020-05-06,37,10.0,,0.1,3.7
2020-05-07,62,10.0,,0.1,6.2
2020-05-08,70,10.0,,0.1,7.0
2020-05-09,49,10.0,,0.1,4.9
2020-05-10,66,12.0,False,0.12,7.92
2020-05-11,100,12.0,,0.12,12.0
2020-05-12,73,12.0,,0.12,8.76
2020-05-13,38,12.0,,0.12,4.56
2020-05-14,58,12.0,,0.12,6.96
2020-05-15,42,12.0,,0.12,5.04
2020-05-16,44,12.0,,0.12,5.279999999999999
2020-05-17,50,8.0,False,0.08,4.0
2020-05-18,23,8.0,,0.08,1.84
2020-05-19,28,8.0,,0.08,2.24
2020-05-20,57,8.0,,0.08,4.5600000000000005
2020-05-21,37,8.0,,0.08,2.96
2020-05-22,37,8.0,,0.08,2.96
2020-05-23,26,8.0,,0.08,2.08
2020-05-24,32,6.0,False,0.06,1.92
2020-05-25,38,6.0,,0.06,2.28
2020-05-26,31,6.0,,0.06,1.8599999999999999
2020-05-27,31,6.0,,0.06,1.8599999999999999
2020-05-28,28,6.0,,0.06,1.68
2020-05-29,38,6.0,,0.06,2.28
2020-05-30,21,6.0,,0.06,1.26
2020-05-31,39,7.0,False,0.07,2.7300000000000004
2020-06-01,58,7.0,,0.07,4.0600000000000005
2020-06-02,83,7.0,,0.07,5.8100000000000005
2020-06-03,78,7.0,,0.07,5.460000000000001
2020-06-04,60,7.0,,0.07,4.2
2020-06-05,44,7.0,,0.07,3.08
2020-06-06,50,7.0,,0.07,3.5000000000000004
2020-06-07,58,5.0,False,0.05,2.9000000000000004
2020-06-08,36,5.0,,0.05,1.8
2020-06-09,72,5.0,,0.05,3.6
2020-06-10,32,5.0,,0.05,1.6
2020-06-11,45,5.0,,0.05,2.25
2020-06-12,94,5.0,,0.05,4.7
2020-06-13,90,5.0,,0.05,4.5
2020-06-14,51,5.0,False,0.05,2.5500000000000003
2020-06-15,45,5.0,,0.05,2.25
2020-06-16,57,5.0,,0.05,2.85
2020-06-17,78,5.0,,0.05,3.9000000000000004
2020-06-18,46,5.0,,0.05,2.3000000000000003
2020-06-19,54,5.0,,0.05,2.7
2020-06-20,59,5.0,,0.05,2.95
2020-06-21,52,4.0,False,0.04,2.08
2020-06-22,59,4.0,,0.04,2.36
2020-06-23,59,4.0,,0.04,2.36
2020-06-24,100,4.0,,0.04,4.0
2020-06-25,27,4.0,,0.04,1.08
2020-06-26,62,4.0,,0.04,2.48
2020-06-27,75,4.0,,0.04,3.0
2020-06-28,51,4.0,False,0.04,2.04
2020-06-29,59,4.0,,0.04,2.36
2020-06-30,73,4.0,,0.04,2.92
2020-07-01,32,4.0,,0.04,1.28
2020-07-02,26,4.0,,0.04,1.04
2020-07-03,37,4.0,,0.04,1.48
2020-07-04,19,4.0,,0.04,0.76
2020-07-05,41,5.0,False,0.05,2.0500000000000003
2020-07-06,41,5.0,,0.05,2.0500000000000003
2020-07-07,29,5.0,,0.05,1.4500000000000002
2020-07-08,20,5.0,,0.05,1.0
2020-07-09,36,5.0,,0.05,1.8
2020-07-10,38,5.0,,0.05,1.9000000000000001
2020-07-11,34,5.0,,0.05,1.7000000000000002
2020-07-12,11,4.0,False,0.04,0.44
2020-07-13,7,4.0,,0.04,0.28
2020-07-14,13,4.0,,0.04,0.52
2020-07-15,26,4.0,,0.04,1.04
2020-07-16,51,4.0,,0.04,2.04
2020-07-17,35,4.0,,0.04,1.4000000000000001
2020-07-18,31,4.0,,0.04,1.24
2020-07-19,23,5.0,False,0.05,1.1500000000000001
2020-07-20,27,5.0,,0.05,1.35
2020-07-21,27,5.0,,0.05,1.35
2020-07-22,33,5.0,,0.05,1.6500000000000001
2020-07-23,27,5.0,,0.05,1.35
2020-07-24,28,5.0,,0.05,1.4000000000000001
2020-07-25,27,5.0,,0.05,1.35
2020-07-26,46,10.0,False,0.1,4.6000000000000005
2020-07-27,100,10.0,,0.1,10.0
2020-07-28,50,10.0,,0.1,5.0
2020-07-29,55,10.0,,0.1,5.5
2020-07-30,58,10.0,,0.1,5.800000000000001
2020-07-31,28,10.0,,0.1,2.8000000000000003
2020-08-01,57,10.0,,0.1,5.7
2020-08-02,100,7.0,False,0.07,7.000000000000001
2020-08-03,50,7.0,,0.07,3.5000000000000004
2020-08-04,70,7.0,,0.07,4.9
2020-08-05,54,7.0,,0.07,3.7800000000000002
2020-08-06,87,7.0,,0.07,6.090000000000001
2020-08-07,61,7.0,,0.07,4.2700000000000005
2020-08-08,24,7.0,,0.07,1.6800000000000002
2020-08-09,44,6.0,False,0.06,2.6399999999999997
2020-08-10,76,6.0,,0.06,4.56
2020-08-11,85,6.0,,0.06,5.1
2020-08-12,75,6.0,,0.06,4.5
2020-08-13,54,6.0,,0.06,3.2399999999999998
2020-08-14,88,6.0,,0.06,5.279999999999999
2020-08-15,80,6.0,,0.06,4.8
2020-08-16,67,6.0,False,0.06,4.02
2020-08-17,54,6.0,,0.06,3.2399999999999998
2020-08-18,69,6.0,,0.06,4.14
2020-08-19,59,6.0,,0.06,3.54
2020-08-20,44,6.0,,0.06,2.6399999999999997
2020-08-21,73,6.0,,0.06,4.38
2020-08-22,80,6.0,,0.06,4.8
2020-08-23,43,4.0,False,0.04,1.72
2020-08-24,48,4.0,,0.04,1.92
2020-08-25,42,4.0,,0.04,1.68
2020-08-26,43,4.0,,0.04,1.72
2020-08-27,38,4.0,,0.04,1.52
2020-08-28,55,4.0,,0.04,2.2
2020-08-29,43,4.0,,0.04,1.72
2020-08-30,37,5.0,False,0.05,1.85
2020-08-31,26,5.0,,0.05,1.3
2020-09-01,78,5.0,,0.05,3.9000000000000004
2020-09-02,30,5.0,,0.05,1.5
2020-09-03,73,5.0,,0.05,3.6500000000000004
2020-09-04,81,5.0,,0.05,4.05
2020-09-05,90,5.0,,0.05,4.5
2020-09-06,63,5.0,False,0.05,3.1500000000000004
2020-09-07,100,5.0,,0.05,5.0
2020-09-08,60,5.0,,0.05,3.0
2020-09-09,42,5.0,,0.05,2.1
2020-09-10,24,5.0,,0.05,1.2000000000000002
2020-09-11,31,5.0,,0.05,1.55
2020-09-12,49,5.0,,0.05,2.45
2020-09-13,28,4.0,False,0.04,1.12
2020-09-14,24,4.0,,0.04,0.96
2020-09-15,60,4.0,,0.04,2.4
2020-09-16,54,4.0,,0.04,2.16
2020-09-17,66,4.0,,0.04,2.64
2020-09-18,44,4.0,,0.04,1.76
2020-09-19,28,4.0,,0.04,1.12
2020-09-20,28,4.0,False,0.04,1.12
2020-09-21,64,4.0,,0.04,2.56
2020-09-22,59,4.0,,0.04,2.36
2020-09-23,35,4.0,,0.04,1.4000000000000001
2020-09-24,41,4.0,,0.04,1.6400000000000001
2020-09-25,58,4.0,,0.04,2.32
2020-09-26,43,4.0,,0.04,1.72
2020-09-27,70,3.0,False,0.03,2.1
2020-09-28,92,3.0,,0.03,2.76
2020-09-29,31,3.0,,0.03,0.9299999999999999
2020-09-30,37,3.0,,0.03,1.1099999999999999
2020-10-01,16,3.0,,0.03,0.48
2020-10-02,39,3.0,,0.03,1.17
2020-10-03,31,3.0,,0.03,0.9299999999999999
2020-10-04,42,3.0,False,0.03,1.26
2020-10-05,42,3.0,,0.03,1.26
2020-10-06,26,3.0,,0.03,0.78
2020-10-07,37,3.0,,0.03,1.1099999999999999
2020-10-08,32,3.0,,0.03,0.96
2020-10-09,17,3.0,,0.03,0.51
2020-10-10,26,3.0,,0.03,0.78
2020-10-11,25,4.0,False,0.04,1.0
2020-10-12,63,4.0,,0.04,2.52
2020-10-13,17,4.0,,0.04,0.68
2020-10-14,50,4.0,,0.04,2.0
2020-10-15,39,4.0,,0.04,1.56
2020-10-16,35,4.0,,0.04,1.4000000000000001
2020-10-17,19,4.0,,0.04,0.76
2020-10-18,32,6.0,False,0.06,1.92
2020-10-19,62,6.0,,0.06,3.7199999999999998
2020-10-20,39,6.0,,0.06,2.34
2020-10-21,100,6.0,,0.06,6.0
2020-10-22,81,6.0,,0.06,4.859999999999999
2020-10-23,59,6.0,,0.06,3.54
2020-10-24,31,6.0,,0.06,1.8599999999999999
2020-10-25,56,6.0,False,0.06,3.36
2020-10-26,56,6.0,,0.06,3.36
2020-10-27,50,6.0,,0.06,3.0
2020-10-28,84,6.0,,0.06,5.04
2020-10-29,51,6.0,,0.06,3.06
2020-10-30,94,6.0,,0.06,5.64
2020-10-31,57,6.0,,0.06,3.42
2020-11-01,17,6.0,False,0.06,1.02
2020-11-02,25,6.0,,0.06,1.5
2020-11-03,30,6.0,,0.06,1.7999999999999998
2020-11-04,12,6.0,,0.06,0.72
2020-11-05,37,6.0,,0.06,2.2199999999999998
2020-11-06,57,6.0,,0.06,3.42
2020-11-07,22,6.0,,0.06,1.3199999999999998
2020-11-08,43,7.0,False,0.07,3.0100000000000002
2020-11-09,51,7.0,,0.07,3.5700000000000003
2020-11-10,24,7.0,,0.07,1.6800000000000002
2020-11-11,30,7.0,,0.07,2.1
2020-11-12,42,7.0,,0.07,2.9400000000000004
2020-11-13,60,7.0,,0.07,4.2
2020-11-14,21,7.0,,0.07,1.4700000000000002
2020-11-15,37,13.0,False,0.13,4.8100000000000005
2020-11-16,36,13.0,,0.13,4.68
2020-11-17,66,13.0,,0.13,8.58
2020-11-18,75,13.0,,0.13,9.75
2020-11-19,73,13.0,,0.13,9.49
2020-11-20,54,13.0,,0.13,7.0200000000000005
2020-11-21,61,13.0,,0.13,7.930000000000001
2020-11-22,58,13.0,False,0.13,7.54
2020-11-23,52,13.0,,0.13,6.76
2020-11-24,90,13.0,,0.13,11.700000000000001
2020-11-25,100,13.0,,0.13,13.0
2020-11-26,97,13.0,,0.13,12.610000000000001
2020-11-27,49,13.0,,0.13,6.37
2020-11-28,70,13.0,,0.13,9.1
2020-11-29,48,10.0,False,0.1,4.800000000000001
2020-11-30,77,10.0,,0.1,7.7
2020-12-01,43,10.0,,0.1,4.3
2020-12-02,22,10.0,,0.1,2.2
2020-12-03,28,10.0,,0.1,2.8000000000000003
2020-12-04,39,10.0,,0.1,3.9000000000000004
2020-12-05,45,10.0,,0.1,4.5
2020-12-06,15,6.0,False,0.06,0.8999999999999999
2020-12-07,24,6.0,,0.06,1.44
2020-12-08,32,6.0,,0.06,1.92
2020-12-09,28,6.0,,0.06,1.68
2020-12-10,24,6.0,,0.06,1.44
2020-12-11,27,6.0,,0.06,1.6199999999999999
2020-12-12,26,6.0,,0.06,1.56
2020-12-13,36,13.0,False,0.13,4.68
2020-12-14,22,13.0,,0.13,2.8600000000000003
2020-12-15,37,13.0,,0.13,4.8100000000000005
2020-12-16,76,13.0,,0.13,9.88
2020-12-17,100,13.0,,0.13,13.0
2020-12-18,49,13.0,,0.13,6.37
2020-12-19,39,13.0,,0.13,5.07
2020-12-20,51,14.0,False,0.14,7.140000000000001
2020-12-21,36,14.0,,0.14,5.040000000000001
2020-12-22,40,14.0,,0.14,5.6000000000000005
2020-12-23,35,14.0,,0.14,4.9
2020-12-24,35,14.0,,0.14,4.9
2020-12-25,33,14.0,,0.14,4.62
2020-12-26,47,14.0,,0.14,6.580000000000001
2020-12-27,78,22.0,False,0.22,17.16
2020-12-28,50,22.0,,0.22,11.0
2020-12-29,45,22.0,,0.22,9.9
2020-12-30,61,22.0,,0.22,13.42
2020-12-31,62,22.0,,0.22,13.64
2021-01-01,24,22.0,,0.22,5.28
2021-01-02,73,22.0,,0.22,16.06
2021-01-03,80,32.0,False,0.32,25.6
2021-01-04,84,32.0,,0.32,26.88
2021-01-05,59,32.0,,0.32,18.88
2021-01-06,62,32.0,,0.32,19.84
2021-01-07,99,32.0,,0.32,31.68
2021-01-08,72,32.0,,0.32,23.04
2021-01-09,57,32.0,,0.32,18.240000000000002
2021-01-10,64,30.0,False,0.3,19.2
2021-01-11,100,30.0,,0.3,30.0
2021-01-12,82,30.0,,0.3,24.599999999999998
2021-01-13,63,30.0,,0.3,18.9
2021-01-14,64,30.0,,0.3,19.2
2021-01-15,58,30.0,,0.3,17.4
2021-01-16,59,30.0,,0.3,17.7
2021-01-17,37,20.0,False,0.2,7.4
2021-01-18,44,20.0,,0.2,8.8
2021-01-19,26,20.0,,0.2,5.2
2021-01-20,24,20.0,,0.2,4.800000000000001
2021-01-21,51,20.0,,0.2,10.200000000000001
2021-01-22,46,20.0,,0.2,9.200000000000001
2021-01-23,30,20.0,,0.2,6.0
2021-01-24,37,19.0,False,0.19,7.03
2021-01-25,40,19.0,,0.19,7.6
2021-01-26,34,19.0,,0.19,6.46
2021-01-27,28,19.0,,0.19,5.32
2021-01-28,33,19.0,,0.19,6.2700000000000005
2021-01-29,65,19.0,,0.19,12.35
2021-01-30,47,19.0,,0.19,8.93
2021-01-31,39,17.0,False,0.17,6.630000000000001
2021-02-01,39,17.0,,0.17,6.630000000000001
2021-02-02,32,17.0,,0.17,5.44
2021-02-03,30,17.0,,0.17,5.1000000000000005
2021-02-04,49,17.0,,0.17,8.33
2021-02-05,40,17.0,,0.17,6.800000000000001
2021-02-06,29,17.0,,0.17,4.930000000000001
2021-02-07,46,26.0,False,0.26,11.96
2021-02-08,75,26.0,,0.26,19.5
2021-02-09,84,26.0,,0.26,21.84
2021-02-10,60,26.0,,0.26,15.600000000000001
2021-02-11,56,26.0,,0.26,14.56
2021-02-12,60,26.0,,0.26,15.600000000000001
2021-02-13,48,26.0,,0.26,12.48
2021-02-14,53,26.0,False,0.26,13.780000000000001
2021-02-15,51,26.0,,0.26,13.26
2021-02-16,47,26.0,,0.26,12.22
2021-02-17,69,26.0,,0.26,17.94
2021-02-18,53,26.0,,0.26,13.780000000000001
2021-02-19,70,26.0,,0.26,18.2
2021-02-20,86,26.0,,0.26,22.36
2021-02-21,60,29.0,False,0.29,17.4
2021-02-22,74,29.0,,0.29,21.459999999999997
2021-02-23,100,29.0,,0.29,28.999999999999996
2021-02-24,54,29.0,,0.29,15.659999999999998
2021-02-25,63,29.0,,0.29,18.27
2021-02-26,51,29.0,,0.29,14.79
2021-02-27,49,29.0,,0.29,14.209999999999999
2021-02-28,53,19.0,False,0.19,10.07
2021-03-01,75,19.0,,0.19,14.25
2021-03-02,54,19.0,,0.19,10.26
2021-03-03,80,19.0,,0.19,15.2
2021-03-04,54,19.0,,0.19,10.26
2021-03-05,72,19.0,,0.19,13.68
2021-03-06,67,19.0,,0.19,12.73
2021-03-07,48,18.0,False,0.18,8.64
2021-03-08,52,18.0,,0.18,9.36
2021-03-09,77,18.0,,0.18,13.86
2021-03-10,77,18.0,,0.18,13.86
2021-03-11,87,18.0,,0.18,15.66
2021-03-12,65,18.0,,0.18,11.7
2021-03-13,100,18.0,,0.18,18.0
2021-03-14,69,17.0,False,0.17,11.73
2021-03-15,85,17.0,,0.17,14.450000000000001
2021-03-16,57,17.0,,0.17,9.690000000000001
2021-03-17,75,17.0,,0.17,12.750000000000002
2021-03-18,77,17.0,,0.17,13.090000000000002
2021-03-19,67,17.0,,0.17,11.39
2021-03-20,67,17.0,,0.17,11.39
2021-03-21,63,13.0,False,0.13,8.19
2021-03-22,46,13.0,,0.13,5.98
2021-03-23,81,13.0,,0.13,10.530000000000001
2021-03-24,83,13.0,,0.13,10.790000000000001
2021-03-25,79,13.0,,0.13,10.27
2021-03-26,53,13.0,,0.13,6.890000000000001
2021-03-27,65,13.0,,0.13,8.450000000000001
2021-03-28,23,16.0,False,0.16,3.68
2021-03-29,53,16.0,,0.16,8.48
2021-03-30,53,16.0,,0.16,8.48
2021-03-31,58,16.0,,0.16,9.28
2021-04-01,40,16.0,,0.16,6.4
2021-04-02,36,16.0,,0.16,5.76
2021-04-03,35,16.0,,0.16,5.6000000000000005
2021-04-04,32,12.0,False,0.12,3.84
2021-04-05,36,12.0,,0.12,4.32
2021-04-06,29,12.0,,0.12,3.48
2021-04-07,30,12.0,,0.12,3.5999999999999996
2021-04-08,28,12.0,,0.12,3.36
2021-04-09,24,12.0,,0.12,2.88
2021-04-10,48,12.0,,0.12,5.76
2021-04-11,32,19.0,False,0.19,6.08
2021-04-12,42,19.0,,0.19,7.98
2021-04-13,34,19.0,,0.19,6.46
2021-04-14,68,19.0,,0.19,12.92
2021-04-15,50,19.0,,0.19,9.5
2021-04-16,57,19.0,,0.19,10.83
2021-04-17,64,19.0,,0.19,12.16
2021-04-18,85,27.0,False,0.27,22.950000000000003
2021-04-19,74,27.0,,0.27,19.98
2021-04-20,44,27.0,,0.27,11.88
2021-04-21,59,27.0,,0.27,15.930000000000001
2021-04-22,59,27.0,,0.27,15.930000000000001
2021-04-23,100,27.0,,0.27,27.0
2021-04-24,50,27.0,,0.27,13.5
2021-04-25,41,18.0,False,0.18,7.38
2021-04-26,56,18.0,,0.18,10.08
2021-04-27,52,18.0,,0.18,9.36
2021-04-28,44,18.0,,0.18,7.92
2021-04-29,44,18.0,,0.18,7.92
2021-04-30,50,18.0,,0.18,9.0
2021-05-01,16,18.0,,0.18,2.88
2021-05-02,13,19.0,False,0.19,2.47
2021-05-03,31,19.0,,0.19,5.89
2021-05-04,25,19.0,,0.19,4.75
2021-05-05,25,19.0,,0.19,4.75
2021-05-06,27,19.0,,0.19,5.13
2021-05-07,17,19.0,,0.19,3.23
2021-05-08,35,19.0,,0.19,6.65
2021-05-09,26,24.0,False,0.24,6.24
2021-05-10,35,24.0,,0.24,8.4
2021-05-11,21,24.0,,0.24,5.04
2021-05-12,30,24.0,,0.24,7.199999999999999
2021-05-13,70,24.0,,0.24,16.8
2021-05-14,36,24.0,,0.24,8.64
2021-05-15,40,24.0,,0.24,9.6
2021-05-16,38,43.0,False,0.43,16.34
2021-05-17,50,43.0,,0.43,21.5
2021-05-18,36,43.0,,0.43,15.48
2021-05-19,100,43.0,,0.43,43.0
2021-05-20,89,43.0,,0.43,38.269999999999996
2021-05-21,54,43.0,,0.43,23.22
2021-05-22,54,43.0,,0.43,23.22
2021-05-23,83,37.0,False,0.37,30.71
2021-05-24,63,37.0,,0.37,23.31
2021-05-25,42,37.0,,0.37,15.54
2021-05-26,42,37.0,,0.37,15.54
2021-05-27,41,37.0,,0.37,15.17
2021-05-28,28,37.0,,0.37,10.36
2021-05-29,32,37.0,,0.37,11.84
2021-05-30,42,41.0,False,0.41,17.22
2021-05-31,39,41.0,,0.41,15.989999999999998
2021-06-01,63,41.0,,0.41,25.83
2021-06-02,81,41.0,,0.41,33.21
2021-06-03,100,41.0,,0.41,41.0
2021-06-04,73,41.0,,0.41,29.93
2021-06-05,62,41.0,,0.41,25.419999999999998
2021-06-06,52,23.0,False,0.23,11.96
2021-06-07,46,23.0,,0.23,10.58
2021-06-08,42,23.0,,0.23,9.66
2021-06-09,21,23.0,,0.23,4.83
2021-06-10,42,23.0,,0.23,9.66
2021-06-11,33,23.0,,0.23,7.590000000000001
2021-06-12,32,23.0,,0.23,7.36
2021-06-13,35,15.0,False,0.15,5.25
2021-06-14,30,15.0,,0.15,4.5
2021-06-15,27,15.0,,0.15,4.05
2021-06-16,25,15.0,,0.15,3.75
2021-06-17,22,15.0,,0.15,3.3
2021-06-18,25,15.0,,0.15,3.75
2021-06-19,27,15.0,,0.15,4.05
2021-06-20,35,21.0,False,0.21,7.35
2021-06-21,43,21.0,,0.21,9.03
2021-06-22,48,21.0,,0.21,10.08
2021-06-23,30,21.0,,0.21,6.3
2021-06-24,17,21.0,,0.21,3.57
2021-06-25,26,21.0,,0.21,5.46
2021-06-26,34,21.0,,0.21,7.14
2021-06-27,27,15.0,False,0.15,4.05
2021-06-28,25,15.0,,0.15,3.75
2021-06-29,18,15.0,,0.15,2.6999999999999997
2021-06-30,25,15.0,,0.15,3.75
2021-07-01,56,15.0,,0.15,8.4
2021-07-02,78,15.0,,0.15,11.7
2021-07-03,27,15.0,,0.15,4.05
2021-07-04,52,12.0,False,0.12,6.24
2021-07-05,35,12.0,,0.12,4.2
2021-07-06,59,12.0,,0.12,7.08
2021-07-07,42,12.0,,0.12,5.04
2021-07-08,62,12.0,,0.12,7.4399999999999995
2021-07-09,51,12.0,,0.12,6.12
2021-07-10,66,12.0,,0.12,7.92
2021-07-11,47,12.0,False,0.12,5.64
2021-07-12,59,12.0,,0.12,7.08
2021-07-13,50,12.0,,0.12,6.0
2021-07-14,56,12.0,,0.12,6.72
2021-07-15,62,12.0,,0.12,7.4399999999999995
2021-07-16,65,12.0,,0.12,7.8
2021-07-17,52,12.0,,0.12,6.24
2021-07-18,43,11.0,False,0.11,4.73
2021-07-19,46,11.0,,0.11,5.06
2021-07-20,83,11.0,,0.11,9.13
2021-07-21,47,11.0,,0.11,5.17
2021-07-22,42,11.0,,0.11,4.62
2021-07-23,48,11.0,,0.11,5.28
2021-07-24,52,11.0,,0.11,5.72
2021-07-25,72,16.0,False,0.16,11.52
2021-07-26,100,16.0,,0.16,16.0
2021-07-27,66,16.0,,0.16,10.56
2021-07-28,80,16.0,,0.16,12.8
2021-07-29,57,16.0,,0.16,9.120000000000001
2021-07-30,82,16.0,,0.16,13.120000000000001
2021-07-31,61,16.0,,0.16,9.76
2021-08-01,70,11.0,False,0.11,7.7
2021-08-02,73,11.0,,0.11,8.03
2021-08-03,79,11.0,,0.11,8.69
2021-08-04,56,11.0,,0.11,6.16
2021-08-05,70,11.0,,0.11,7.7
2021-08-06,64,11.0,,0.11,7.04
2021-08-07,100,11.0,,0.11,11.0
2021-08-08,98,12.0,False,0.12,11.76
2021-08-09,98,12.0,,0.12,11.76
2021-08-10,82,12.0,,0.12,9.84
2021-08-11,87,12.0,,0.12,10.44
2021-08-12,86,12.0,,0.12,10.32
2021-08-13,98,12.0,,0.12,11.76
2021-08-14,66,12.0,,0.12,7.92
2021-08-15,87,11.0,False,0.11,9.57
2021-08-16,80,11.0,,0.11,8.8
2021-08-17,72,11.0,,0.11,7.92
2021-08-18,56,11.0,,0.11,6.16
2021-08-19,56,11.0,,0.11,6.16
2021-08-20,90,11.0,,0.11,9.9
2021-08-21,73,11.0,,0.11,8.03
2021-08-22,79,11.0,False,0.11,8.69
2021-08-23,93,11.0,,0.11,10.23
2021-08-24,94,11.0,,0.11,10.34
2021-08-25,72,11.0,,0.11,7.92
2021-08-26,55,11.0,,0.11,6.05
2021-08-27,60,11.0,,0.11,6.6
2021-08-28,31,11.0,,0.11,3.41
2021-08-29,73,8.0,False,0.08,5.84
2021-08-30,55,8.0,,0.08,4.4
2021-08-31,60,8.0,,0.08,4.8
2021-09-01,60,8.0,,0.08,4.8
2021-09-02,54,8.0,,0.08,4.32
2021-09-03,53,8.0,,0.08,4.24
2021-09-04,41,8.0,,0.08,3.2800000000000002
2021-09-05,63,13.0,False,0.13,8.19
2021-09-06,74,13.0,,0.13,9.620000000000001
2021-09-07,78,13.0,,0.13,10.14
2021-09-08,85,13.0,,0.13,11.05
2021-09-09,38,13.0,,0.13,4.94
2021-09-10,64,13.0,,0.13,8.32
2021-09-11,43,13.0,,0.13,5.59
2021-09-12,75,12.0,False,0.12,9.0
2021-09-13,57,12.0,,0.12,6.84
2021-09-14,74,12.0,,0.12,8.879999999999999
2021-09-15,55,12.0,,0.12,6.6
2021-09-16,57,12.0,,0.12,6.84
2021-09-17,43,12.0,,0.12,5.16
2021-09-18,61,12.0,,0.12,7.319999999999999
2021-09-19,46,13.0,False,0.13,5.98
2021-09-20,100,13.0,,0.13,13.0
2021-09-21,97,13.0,,0.13,12.610000000000001
2021-09-22,71,13.0,,0.13,9.23
2021-09-23,44,13.0,,0.13,5.720000000000001
2021-09-24,79,13.0,,0.13,10.27
2021-09-25,75,13.0,,0.13,9.75
2021-09-26,80,11.0,False,0.11,8.8
2021-09-27,53,11.0,,0.11,5.83
2021-09-28,52,11.0,,0.11,5.72
2021-09-29,73,11.0,,0.11,8.03
2021-09-30,60,11.0,,0.11,6.6
2021-10-01,61,11.0,,0.11,6.71
2021-10-02,41,11.0,,0.11,4.51
2021-10-03,47,11.0,False,0.11,5.17
2021-10-04,66,11.0,,0.11,7.26
2021-10-05,61,11.0,,0.11,6.71
2021-10-06,44,11.0,,0.11,4.84
2021-10-07,35,11.0,,0.11,3.85
2021-10-08,46,11.0,,0.11,5.06
2021-10-09,65,11.0,,0.11,7.15
2021-10-10,46,9.0,False,0.09,4.14
2021-10-11,69,9.0,,0.09,6.21
2021-10-12,75,9.0,,0.09,6.75
2021-10-13,61,9.0,,0.09,5.49
2021-10-14,49,9.0,,0.09,4.41
2021-10-15,72,9.0,,0.09,6.4799999999999995
2021-10-16,61,9.0,,0.09,5.49
2021-10-17,43,14.0,False,0.14,6.0200000000000005
2021-10-18,80,14.0,,0.14,11.200000000000001
2021-10-19,73,14.0,,0.14,10.22
2021-10-20,100,14.0,,0.14,14.000000000000002
2021-10-21,81,14.0,,0.14,11.340000000000002
2021-10-22,78,14.0,,0.14,10.920000000000002
2021-10-23,43,14.0,,0.14,6.0200000000000005
2021-10-24,41,10.0,False,0.1,4.1000000000000005
2021-10-25,50,10.0,,0.1,5.0
2021-10-26,65,10.0,,0.1,6.5
2021-10-27,59,10.0,,0.1,5.9
2021-10-28,86,10.0,,0.1,8.6
2021-10-29,48,10.0,,0.1,4.800000000000001
2021-10-30,57,10.0,,0.1,5.7
2021-10-31,42,9.0,False,0.09,3.78
2021-11-01,73,9.0,,0.09,6.569999999999999
2021-11-02,57,9.0,,0.09,5.13
2021-11-03,42,9.0,,0.09,3.78
2021-11-04,48,9.0,,0.09,4.32
2021-11-05,73,9.0,,0.09,6.569999999999999
2021-11-06,62,9.0,,0.09,5.58
2021-11-07,45,9.0,False,0.09,4.05
2021-11-08,66,9.0,,0.09,5.9399999999999995
2021-11-09,70,9.0,,0.09,6.3
2021-11-10,60,9.0,,0.09,5.3999999999999995
2021-11-11,52,9.0,,0.09,4.68
2021-11-12,33,9.0,,0.09,2.9699999999999998
2021-11-13,54,9.0,,0.09,4.859999999999999
2021-11-14,76,12.0,False,0.12,9.12
2021-11-15,30,12.0,,0.12,3.5999999999999996
2021-11-16,91,12.0,,0.12,10.92
2021-11-17,92,12.0,,0.12,11.04
2021-11-18,100,12.0,,0.12,12.0
2021-11-19,81,12.0,,0.12,9.719999999999999
2021-11-20,89,12.0,,0.12,10.68
2021-11-21,61,10.0,False,0.1,6.1000000000000005
2021-11-22,39,10.0,,0.1,3.9000000000000004
2021-11-23,71,10.0,,0.1,7.1000000000000005
2021-11-24,64,10.0,,0.1,6.4
2021-11-25,61,10.0,,0.1,6.1000000000000005
2021-11-26,82,10.0,,0.1,8.200000000000001
2021-11-27,51,10.0,,0.1,5.1000000000000005
2021-11-28,60,9.0,True,0.09,5.3999999999999995
2021-11-29,43,9.0,,0.09,3.8699999999999997
2021-11-30,74,9.0,,0.09,6.66
2021-12-01,100,9.0,,0.09,9.0
2021-12-02,91,9.0,,0.09,8.19
