date,bitcoin dollar_unscaled,bitcoin dollar_monthly,isPartial,scale,bitcoin dollar
2017-08-01,77,,,,
2017-08-02,65,,,,
2017-08-03,27,,,,
2017-08-04,24,,,,
2017-08-05,48,,,,
2017-08-06,32,11.0,False,0.11,3.52
2017-08-07,35,11.0,,0.11,3.85
2017-08-08,86,11.0,,0.11,9.46
2017-08-09,45,11.0,,0.11,4.95
2017-08-10,74,11.0,,0.11,8.14
2017-08-11,38,11.0,,0.11,4.18
2017-08-12,26,11.0,,0.11,2.86
2017-08-13,100,15.0,False,0.15,15.0
2017-08-14,42,15.0,,0.15,6.3
2017-08-15,89,15.0,,0.15,13.35
2017-08-16,82,15.0,,0.15,12.299999999999999
2017-08-17,96,15.0,,0.15,14.399999999999999
2017-08-18,61,15.0,,0.15,9.15
2017-08-19,73,15.0,,0.15,10.95
2017-08-20,61,10.0,False,0.1,6.1000000000000005
2017-08-21,44,10.0,,0.1,4.4
2017-08-22,41,10.0,,0.1,4.1000000000000005
2017-08-23,63,10.0,,0.1,6.300000000000001
2017-08-24,32,10.0,,0.1,3.2
2017-08-25,53,10.0,,0.1,5.300000000000001
2017-08-26,26,10.0,,0.1,2.6
2017-08-27,86,11.0,False,0.11,9.46
2017-08-28,27,11.0,,0.11,2.97
2017-08-29,53,11.0,,0.11,5.83
2017-08-30,72,11.0,,0.11,7.92
2017-08-31,59,11.0,,0.11,6.49
2017-09-01,60,11.0,,0.11,6.6
2017-09-02,58,11.0,,0.11,6.38
2017-09-03,23,10.0,False,0.1,2.3000000000000003
2017-09-04,62,10.0,,0.1,6.2
2017-09-05,59,10.0,,0.1,5.9
2017-09-06,39,10.0,,0.1,3.9000000000000004
2017-09-07,54,10.0,,0.1,5.4
2017-09-08,41,10.0,,0.1,4.1000000000000005
2017-09-09,19,10.0,,0.1,1.9000000000000001
2017-09-10,52,15.0,False,0.15,7.8
2017-09-11,26,15.0,,0.15,3.9
2017-09-12,39,15.0,,0.15,5.85
2017-09-13,75,15.0,,0.15,11.25
2017-09-14,82,15.0,,0.15,12.299999999999999
2017-09-15,100,15.0,,0.15,15.0
2017-09-16,38,15.0,,0.15,5.7
2017-09-17,45,10.0,False,0.1,4.5
2017-09-18,36,10.0,,0.1,3.6
2017-09-19,22,10.0,,0.1,2.2
2017-09-20,29,10.0,,0.1,2.9000000000000004
2017-09-21,53,10.0,,0.1,5.300000000000001
2017-09-22,51,10.0,,0.1,5.1000000000000005
2017-09-23,23,10.0,,0.1,2.3000000000000003
2017-09-24,48,11.0,False,0.11,5.28
2017-09-25,55,11.0,,0.11,6.05
2017-09-26,49,11.0,,0.11,5.39
2017-09-27,23,11.0,,0.11,2.53
2017-09-28,30,11.0,,0.11,3.3
2017-09-29,28,11.0,,0.11,3.08
2017-09-30,38,11.0,,0.11,4.18
2017-10-01,47,10.0,False,0.1,4.7
2017-10-02,48,10.0,,0.1,4.800000000000001
2017-10-03,45,10.0,,0.1,4.5
2017-10-04,45,10.0,,0.1,4.5
2017-10-05,38,10.0,,0.1,3.8000000000000003
2017-10-06,36,10.0,,0.1,3.6
2017-10-07,20,10.0,,0.1,2.0
2017-10-08,20,14.0,False,0.14,2.8000000000000003
2017-10-09,61,14.0,,0.14,8.540000000000001
2017-10-10,37,14.0,,0.14,5.180000000000001
2017-10-11,51,14.0,,0.14,7.140000000000001
2017-10-12,91,14.0,,0.14,12.740000000000002
2017-10-13,100,14.0,,0.14,14.000000000000002
2017-10-14,52,14.0,,0.14,7.280000000000001
2017-10-15,31,12.0,False,0.12,3.7199999999999998
2017-10-16,64,12.0,,0.12,7.68
2017-10-17,27,12.0,,0.12,3.2399999999999998
2017-10-18,45,12.0,,0.12,5.3999999999999995
2017-10-19,49,12.0,,0.12,5.88
2017-10-20,65,12.0,,0.12,7.8
2017-10-21,71,12.0,,0.12,8.52
2017-10-22,41,13.0,False,0.13,5.33
2017-10-23,81,13.0,,0.13,10.530000000000001
2017-10-24,81,13.0,,0.13,10.530000000000001
2017-10-25,71,13.0,,0.13,9.23
2017-10-26,27,13.0,,0.13,3.5100000000000002
2017-10-27,61,13.0,,0.13,7.930000000000001
2017-10-28,24,13.0,,0.13,3.12
2017-10-29,50,20.0,False,0.2,10.0
2017-10-30,71,20.0,,0.2,14.200000000000001
2017-10-31,42,20.0,,0.2,8.4
2017-11-01,35,20.0,,0.2,7.0
2017-11-02,38,20.0,,0.2,7.6000000000000005
2017-11-03,32,20.0,,0.2,6.4
2017-11-04,25,20.0,,0.2,5.0
2017-11-05,29,22.0,False,0.22,6.38
2017-11-06,30,22.0,,0.22,6.6
2017-11-07,37,22.0,,0.22,8.14
2017-11-08,20,22.0,,0.22,4.4
2017-11-09,26,22.0,,0.22,5.72
2017-11-10,44,22.0,,0.22,9.68
2017-11-11,24,22.0,,0.22,5.28
2017-11-12,40,18.0,False,0.18,7.199999999999999
2017-11-13,35,18.0,,0.18,6.3
2017-11-14,23,18.0,,0.18,4.14
2017-11-15,27,18.0,,0.18,4.859999999999999
2017-11-16,23,18.0,,0.18,4.14
2017-11-17,36,18.0,,0.18,6.4799999999999995
2017-11-18,38,18.0,,0.18,6.84
2017-11-19,31,20.0,False,0.2,6.2
2017-11-20,27,20.0,,0.2,5.4
2017-11-21,39,20.0,,0.2,7.800000000000001
2017-11-22,20,20.0,,0.2,4.0
2017-11-23,37,20.0,,0.2,7.4
2017-11-24,29,20.0,,0.2,5.800000000000001
2017-11-25,34,20.0,,0.2,6.800000000000001
2017-11-26,45,46.0,False,0.46,20.7
2017-11-27,73,46.0,,0.46,33.58
2017-11-28,58,46.0,,0.46,26.68
2017-11-29,100,46.0,,0.46,46.0
2017-11-30,81,46.0,,0.46,37.260000000000005
2017-12-01,44,46.0,,0.46,20.240000000000002
2017-12-02,34,46.0,,0.46,15.64
2017-12-03,38,62.0,False,0.62,23.56
2017-12-04,38,62.0,,0.62,23.56
2017-12-05,51,62.0,,0.62,31.62
2017-12-06,74,62.0,,0.62,45.88
2017-12-07,96,62.0,,0.62,59.519999999999996
2017-12-08,100,62.0,,0.62,62.0
2017-12-09,76,62.0,,0.62,47.12
2017-12-10,44,57.0,False,0.57,25.08
2017-12-11,77,57.0,,0.57,43.88999999999999
2017-12-12,53,57.0,,0.57,30.209999999999997
2017-12-13,40,57.0,,0.57,22.799999999999997
2017-12-14,57,57.0,,0.57,32.489999999999995
2017-12-15,39,57.0,,0.57,22.229999999999997
2017-12-16,42,57.0,,0.57,23.939999999999998
2017-12-17,60,58.0,False,0.58,34.8
2017-12-18,58,58.0,,0.58,33.64
2017-12-19,58,58.0,,0.58,33.64
2017-12-20,55,58.0,,0.58,31.9
2017-12-21,51,58.0,,0.58,29.58
2017-12-22,100,58.0,,0.58,57.99999999999999
2017-12-23,63,58.0,,0.58,36.54
2017-12-24,47,43.0,False,0.43,20.21
2017-12-25,57,43.0,,0.43,24.509999999999998
2017-12-26,44,43.0,,0.43,18.919999999999998
2017-12-27,50,43.0,,0.43,21.5
2017-12-28,52,43.0,,0.43,22.36
2017-12-29,46,43.0,,0.43,19.78
2017-12-30,38,43.0,,0.43,16.34
2017-12-31,38,35.0,False,0.35,13.299999999999999
2018-01-01,35,35.0,,0.35,12.25
2018-01-02,66,35.0,,0.35,23.099999999999998
2018-01-03,61,35.0,,0.35,21.349999999999998
2018-01-04,57,35.0,,0.35,19.95
2018-01-05,65,35.0,,0.35,22.75
2018-01-06,57,35.0,,0.35,19.95
2018-01-07,51,30.0,False,0.3,15.299999999999999
2018-01-08,56,30.0,,0.3,16.8
2018-01-09,40,30.0,,0.3,12.0
2018-01-10,55,30.0,,0.3,16.5
2018-01-11,63,30.0,,0.3,18.9
2018-01-12,54,30.0,,0.3,16.2
2018-01-13,41,30.0,,0.3,12.299999999999999
2018-01-14,28,39.0,False,0.39,10.92
2018-01-15,34,39.0,,0.39,13.26
2018-01-16,70,39.0,,0.39,27.3
2018-01-17,100,39.0,,0.39,39.0
2018-01-18,81,39.0,,0.39,31.59
2018-01-19,57,39.0,,0.39,22.23
2018-01-20,56,39.0,,0.39,21.84
2018-01-21,33,26.0,False,0.26,8.58
2018-01-22,52,26.0,,0.26,13.52
2018-01-23,37,26.0,,0.26,9.620000000000001
2018-01-24,40,26.0,,0.26,10.4
2018-01-25,45,26.0,,0.26,11.700000000000001
2018-01-26,37,26.0,,0.26,9.620000000000001
2018-01-27,32,26.0,,0.26,8.32
2018-01-28,26,29.0,False,0.29,7.539999999999999
2018-01-29,38,29.0,,0.29,11.02
2018-01-30,36,29.0,,0.29,10.44
2018-01-31,53,29.0,,0.29,15.37
2018-02-01,43,29.0,,0.29,12.469999999999999
2018-02-02,70,29.0,,0.29,20.299999999999997
2018-02-03,43,29.0,,0.29,12.469999999999999
2018-02-04,25,36.0,False,0.36,9.0
2018-02-05,62,36.0,,0.36,22.32
2018-02-06,100,36.0,,0.36,36.0
2018-02-07,54,36.0,,0.36,19.439999999999998
2018-02-08,45,36.0,,0.36,16.2
2018-02-09,42,36.0,,0.36,15.12
2018-02-10,29,36.0,,0.36,10.44
2018-02-11,17,25.0,False,0.25,4.25
2018-02-12,32,25.0,,0.25,8.0
2018-02-13,33,25.0,,0.25,8.25
2018-02-14,33,25.0,,0.25,8.25
2018-02-15,44,25.0,,0.25,11.0
2018-02-16,32,25.0,,0.25,8.0
2018-02-17,26,25.0,,0.25,6.5
2018-02-18,32,18.0,False,0.18,5.76
2018-02-19,29,18.0,,0.18,5.22
2018-02-20,26,18.0,,0.18,4.68
2018-02-21,34,18.0,,0.18,6.12
2018-02-22,37,18.0,,0.18,6.66
2018-02-23,16,18.0,,0.18,2.88
2018-02-24,28,18.0,,0.18,5.04
2018-02-25,32,16.0,False,0.16,5.12
2018-02-26,29,16.0,,0.16,4.64
2018-02-27,26,16.0,,0.16,4.16
2018-02-28,23,16.0,,0.16,3.68
2018-03-01,80,16.0,,0.16,12.8
2018-03-02,62,16.0,,0.16,9.92
2018-03-03,43,16.0,,0.16,6.88
2018-03-04,63,14.0,False,0.14,8.82
2018-03-05,29,14.0,,0.14,4.0600000000000005
2018-03-06,74,14.0,,0.14,10.360000000000001
2018-03-07,79,14.0,,0.14,11.06
2018-03-08,79,14.0,,0.14,11.06
2018-03-09,63,14.0,,0.14,8.82
2018-03-10,86,14.0,,0.14,12.040000000000001
2018-03-11,42,13.0,False,0.13,5.46
2018-03-12,67,13.0,,0.13,8.71
2018-03-13,67,13.0,,0.13,8.71
2018-03-14,63,13.0,,0.13,8.19
2018-03-15,60,13.0,,0.13,7.800000000000001
2018-03-16,46,13.0,,0.13,5.98
2018-03-17,34,13.0,,0.13,4.42
2018-03-18,80,12.0,False,0.12,9.6
2018-03-19,79,12.0,,0.12,9.48
2018-03-20,90,12.0,,0.12,10.799999999999999
2018-03-21,60,12.0,,0.12,7.199999999999999
2018-03-22,68,12.0,,0.12,8.16
2018-03-23,77,12.0,,0.12,9.24
2018-03-24,53,12.0,,0.12,6.359999999999999
2018-03-25,26,13.0,False,0.13,3.38
2018-03-26,53,13.0,,0.13,6.890000000000001
2018-03-27,49,13.0,,0.13,6.37
2018-03-28,70,13.0,,0.13,9.1
2018-03-29,100,13.0,,0.13,13.0
2018-03-30,55,13.0,,0.13,7.15
2018-03-31,59,13.0,,0.13,7.67
2018-04-01,26,11.0,False,0.11,2.86
2018-04-02,61,11.0,,0.11,6.71
2018-04-03,40,11.0,,0.11,4.4
2018-04-04,44,11.0,,0.11,4.84
2018-04-05,54,11.0,,0.11,5.94
2018-04-06,70,11.0,,0.11,7.7
2018-04-07,51,11.0,,0.11,5.61
2018-04-08,55,14.0,False,0.14,7.700000000000001
2018-04-09,84,14.0,,0.14,11.760000000000002
2018-04-10,44,14.0,,0.14,6.16
2018-04-11,57,14.0,,0.14,7.98
2018-04-12,75,14.0,,0.14,10.500000000000002
2018-04-13,65,14.0,,0.14,9.100000000000001
2018-04-14,52,14.0,,0.14,7.280000000000001
2018-04-15,45,10.0,False,0.1,4.5
2018-04-16,26,10.0,,0.1,2.6
2018-04-17,67,10.0,,0.1,6.7
2018-04-18,71,10.0,,0.1,7.1000000000000005
2018-04-19,37,10.0,,0.1,3.7
2018-04-20,47,10.0,,0.1,4.7
2018-04-21,47,10.0,,0.1,4.7
2018-04-22,41,13.0,False,0.13,5.33
2018-04-23,43,13.0,,0.13,5.59
2018-04-24,86,13.0,,0.13,11.18
2018-04-25,88,13.0,,0.13,11.440000000000001
2018-04-26,45,13.0,,0.13,5.8500000000000005
2018-04-27,100,13.0,,0.13,13.0
2018-04-28,42,13.0,,0.13,5.46
2018-04-29,15,10.0,False,0.1,1.5
2018-04-30,59,10.0,,0.1,5.9
2018-05-01,69,10.0,,0.1,6.9
2018-05-02,55,10.0,,0.1,5.5
2018-05-03,80,10.0,,0.1,8.0
2018-05-04,63,10.0,,0.1,6.300000000000001
2018-05-05,70,10.0,,0.1,7.0
2018-05-06,81,10.0,False,0.1,8.1
2018-05-07,45,10.0,,0.1,4.5
2018-05-08,100,10.0,,0.1,10.0
2018-05-09,76,10.0,,0.1,7.6000000000000005
2018-05-10,46,10.0,,0.1,4.6000000000000005
2018-05-11,52,10.0,,0.1,5.2
2018-05-12,52,10.0,,0.1,5.2
2018-05-13,64,10.0,False,0.1,6.4
2018-05-14,50,10.0,,0.1,5.0
2018-05-15,54,10.0,,0.1,5.4
2018-05-16,60,10.0,,0.1,6.0
2018-05-17,76,10.0,,0.1,7.6000000000000005
2018-05-18,43,10.0,,0.1,4.3
2018-05-19,64,10.0,,0.1,6.4
2018-05-20,29,9.0,False,0.09,2.61
2018-05-21,56,9.0,,0.09,5.04
2018-05-22,50,9.0,,0.09,4.5
2018-05-23,71,9.0,,0.09,6.39
2018-05-24,76,9.0,,0.09,6.84
2018-05-25,32,9.0,,0.09,2.88
2018-05-26,29,9.0,,0.09,2.61
2018-05-27,35,8.0,False,0.08,2.8000000000000003
2018-05-28,46,8.0,,0.08,3.68
2018-05-29,55,8.0,,0.08,4.4
2018-05-30,50,8.0,,0.08,4.0
2018-05-31,51,8.0,,0.08,4.08
2018-06-01,36,8.0,,0.08,2.88
2018-06-02,40,8.0,,0.08,3.2
2018-06-03,34,7.0,False,0.07,2.3800000000000003
2018-06-04,49,7.0,,0.07,3.43
2018-06-05,49,7.0,,0.07,3.43
2018-06-06,34,7.0,,0.07,2.3800000000000003
2018-06-07,64,7.0,,0.07,4.48
2018-06-08,57,7.0,,0.07,3.99
2018-06-09,6,7.0,,0.07,0.42000000000000004
2018-06-10,40,10.0,False,0.1,4.0
2018-06-11,62,10.0,,0.1,6.2
2018-06-12,67,10.0,,0.1,6.7
2018-06-13,100,10.0,,0.1,10.0
2018-06-14,62,10.0,,0.1,6.2
2018-06-15,41,10.0,,0.1,4.1000000000000005
2018-06-16,57,10.0,,0.1,5.7
2018-06-17,61,10.0,False,0.1,6.1000000000000005
2018-06-18,92,10.0,,0.1,9.200000000000001
2018-06-19,77,10.0,,0.1,7.7
2018-06-20,29,10.0,,0.1,2.9000000000000004
2018-06-21,48,10.0,,0.1,4.800000000000001
2018-06-22,71,10.0,,0.1,7.1000000000000005
2018-06-23,44,10.0,,0.1,4.4
2018-06-24,50,8.0,False,0.08,4.0
2018-06-25,67,8.0,,0.08,5.36
2018-06-26,38,8.0,,0.08,3.04
2018-06-27,57,8.0,,0.08,4.5600000000000005
2018-06-28,73,8.0,,0.08,5.84
2018-06-29,36,8.0,,0.08,2.88
2018-06-30,68,8.0,,0.08,5.44
2018-07-01,32,8.0,False,0.08,2.56
2018-07-02,75,8.0,,0.08,6.0
2018-07-03,46,8.0,,0.08,3.68
2018-07-04,67,8.0,,0.08,5.36
2018-07-05,72,8.0,,0.08,5.76
2018-07-06,35,8.0,,0.08,2.8000000000000003
2018-07-07,59,8.0,,0.08,4.72
2018-07-08,86,7.0,False,0.07,6.0200000000000005
2018-07-09,46,7.0,,0.07,3.22
2018-07-10,67,7.0,,0.07,4.69
2018-07-11,38,7.0,,0.07,2.66
2018-07-12,60,7.0,,0.07,4.2
2018-07-13,88,7.0,,0.07,6.16
2018-07-14,27,7.0,,0.07,1.8900000000000001
2018-07-15,60,9.0,False,0.09,5.3999999999999995
2018-07-16,66,9.0,,0.09,5.9399999999999995
2018-07-17,100,9.0,,0.09,9.0
2018-07-18,84,9.0,,0.09,7.56
2018-07-19,90,9.0,,0.09,8.1
2018-07-20,56,9.0,,0.09,5.04
2018-07-21,41,9.0,,0.09,3.69
2018-07-22,54,9.0,False,0.09,4.859999999999999
2018-07-23,66,9.0,,0.09,5.9399999999999995
2018-07-24,94,9.0,,0.09,8.459999999999999
2018-07-25,77,9.0,,0.09,6.93
2018-07-26,48,9.0,,0.09,4.32
2018-07-27,49,9.0,,0.09,4.41
2018-07-28,40,9.0,,0.09,3.5999999999999996
2018-07-29,41,9.0,False,0.09,3.69
2018-07-30,81,9.0,,0.09,7.29
2018-07-31,52,9.0,,0.09,4.68
2018-08-01,78,9.0,,0.09,7.02
2018-08-02,53,9.0,,0.09,4.77
2018-08-03,58,9.0,,0.09,5.22
2018-08-04,58,9.0,,0.09,5.22
2018-08-05,44,9.0,False,0.09,3.96
2018-08-06,71,9.0,,0.09,6.39
2018-08-07,37,9.0,,0.09,3.33
2018-08-08,70,9.0,,0.09,6.3
2018-08-09,60,9.0,,0.09,5.3999999999999995
2018-08-10,68,9.0,,0.09,6.12
2018-08-11,63,9.0,,0.09,5.67
2018-08-12,43,9.0,False,0.09,3.8699999999999997
2018-08-13,61,9.0,,0.09,5.49
2018-08-14,100,9.0,,0.09,9.0
2018-08-15,74,9.0,,0.09,6.66
2018-08-16,45,9.0,,0.09,4.05
2018-08-17,62,9.0,,0.09,5.58
2018-08-18,39,9.0,,0.09,3.51
2018-08-19,78,11.0,False,0.11,8.58
2018-08-20,63,11.0,,0.11,6.93
2018-08-21,68,11.0,,0.11,7.48
2018-08-22,46,11.0,,0.11,5.06
2018-08-23,79,11.0,,0.11,8.69
2018-08-24,52,11.0,,0.11,5.72
2018-08-25,64,11.0,,0.11,7.04
2018-08-26,64,8.0,False,0.08,5.12
2018-08-27,61,8.0,,0.08,4.88
2018-08-28,49,8.0,,0.08,3.92
2018-08-29,77,8.0,,0.08,6.16
2018-08-30,60,8.0,,0.08,4.8
2018-08-31,51,8.0,,0.08,4.08
2018-09-01,71,8.0,,0.08,5.68
2018-09-02,66,12.0,False,0.12,7.92
2018-09-03,100,12.0,,0.12,12.0
2018-09-04,38,12.0,,0.12,4.56
2018-09-05,86,12.0,,0.12,10.32
2018-09-06,77,12.0,,0.12,9.24
2018-09-07,66,12.0,,0.12,7.92
2018-09-08,50,12.0,,0.12,6.0
2018-09-09,27,9.0,False,0.09,2.4299999999999997
2018-09-10,71,9.0,,0.09,6.39
2018-09-11,86,9.0,,0.09,7.739999999999999
2018-09-12,71,9.0,,0.09,6.39
2018-09-13,73,9.0,,0.09,6.569999999999999
2018-09-14,69,9.0,,0.09,6.21
2018-09-15,39,9.0,,0.09,3.51
2018-09-16,33,7.0,False,0.07,2.31
2018-09-17,49,7.0,,0.07,3.43
2018-09-18,48,7.0,,0.07,3.3600000000000003
2018-09-19,48,7.0,,0.07,3.3600000000000003
2018-09-20,62,7.0,,0.07,4.340000000000001
2018-09-21,50,7.0,,0.07,3.5000000000000004
2018-09-22,50,7.0,,0.07,3.5000000000000004
2018-09-23,43,7.0,False,0.07,3.0100000000000002
2018-09-24,29,7.0,,0.07,2.0300000000000002
2018-09-25,43,7.0,,0.07,3.0100000000000002
2018-09-26,66,7.0,,0.07,4.62
2018-09-27,49,7.0,,0.07,3.43
2018-09-28,50,7.0,,0.07,3.5000000000000004
2018-09-29,45,7.0,,0.07,3.1500000000000004
2018-09-30,38,7.0,False,0.07,2.66
2018-10-01,54,7.0,,0.07,3.7800000000000002
2018-10-02,92,7.0,,0.07,6.44
2018-10-03,61,7.0,,0.07,4.2700000000000005
2018-10-04,47,7.0,,0.07,3.2900000000000005
2018-10-05,65,7.0,,0.07,4.550000000000001
2018-10-06,44,7.0,,0.07,3.08
2018-10-07,68,7.0,False,0.07,4.760000000000001
2018-10-08,62,7.0,,0.07,4.340000000000001
2018-10-09,82,7.0,,0.07,5.74
2018-10-10,70,7.0,,0.07,4.9
2018-10-11,88,7.0,,0.07,6.16
2018-10-12,50,7.0,,0.07,3.5000000000000004
2018-10-13,100,7.0,,0.07,7.000000000000001
2018-10-14,72,5.0,False,0.05,3.6
2018-10-15,55,5.0,,0.05,2.75
2018-10-16,47,5.0,,0.05,2.35
2018-10-17,24,5.0,,0.05,1.2000000000000002
2018-10-18,72,5.0,,0.05,3.6
2018-10-19,66,5.0,,0.05,3.3000000000000003
2018-10-20,63,5.0,,0.05,3.1500000000000004
2018-10-21,35,7.0,False,0.07,2.45
2018-10-22,31,7.0,,0.07,2.1700000000000004
2018-10-23,77,7.0,,0.07,5.390000000000001
2018-10-24,23,7.0,,0.07,1.61
2018-10-25,63,7.0,,0.07,4.41
2018-10-26,57,7.0,,0.07,3.99
2018-10-27,35,7.0,,0.07,2.45
2018-10-28,94,5.0,False,0.05,4.7
2018-10-29,81,5.0,,0.05,4.05
2018-10-30,92,5.0,,0.05,4.6000000000000005
2018-10-31,40,5.0,,0.05,2.0
2018-11-01,24,5.0,,0.05,1.2000000000000002
2018-11-02,29,5.0,,0.05,1.4500000000000002
2018-11-03,16,5.0,,0.05,0.8
2018-11-04,20,5.0,False,0.05,1.0
2018-11-05,40,5.0,,0.05,2.0
2018-11-06,32,5.0,,0.05,1.6
2018-11-07,40,5.0,,0.05,2.0
2018-11-08,41,5.0,,0.05,2.0500000000000003
2018-11-09,43,5.0,,0.05,2.15
2018-11-10,21,5.0,,0.05,1.05
2018-11-11,15,7.0,False,0.07,1.05
2018-11-12,32,7.0,,0.07,2.24
2018-11-13,46,7.0,,0.07,3.22
2018-11-14,46,7.0,,0.07,3.22
2018-11-15,42,7.0,,0.07,2.9400000000000004
2018-11-16,15,7.0,,0.07,1.05
2018-11-17,27,7.0,,0.07,1.8900000000000001
2018-11-18,42,10.0,False,0.1,4.2
2018-11-19,61,10.0,,0.1,6.1000000000000005
2018-11-20,93,10.0,,0.1,9.3
2018-11-21,70,10.0,,0.1,7.0
2018-11-22,39,10.0,,0.1,3.9000000000000004
2018-11-23,82,10.0,,0.1,8.200000000000001
2018-11-24,52,10.0,,0.1,5.2
2018-11-25,72,12.0,False,0.12,8.64
2018-11-26,100,12.0,,0.12,12.0
2018-11-27,73,12.0,,0.12,8.76
2018-11-28,55,12.0,,0.12,6.6
2018-11-29,56,12.0,,0.12,6.72
2018-11-30,85,12.0,,0.12,10.2
2018-12-01,43,12.0,,0.12,5.16
2018-12-02,33,11.0,False,0.11,3.63
2018-12-03,100,11.0,,0.11,11.0
2018-12-04,50,11.0,,0.11,5.5
2018-12-05,37,11.0,,0.11,4.07
2018-12-06,81,11.0,,0.11,8.91
2018-12-07,62,11.0,,0.11,6.82
2018-12-08,74,11.0,,0.11,8.14
2018-12-09,42,9.0,False,0.09,3.78
2018-12-10,55,9.0,,0.09,4.95
2018-12-11,42,9.0,,0.09,3.78
2018-12-12,17,9.0,,0.09,1.53
2018-12-13,35,9.0,,0.09,3.15
2018-12-14,60,9.0,,0.09,5.3999999999999995
2018-12-15,50,9.0,,0.09,4.5
2018-12-16,34,10.0,False,0.1,3.4000000000000004
2018-12-17,71,10.0,,0.1,7.1000000000000005
2018-12-18,41,10.0,,0.1,4.1000000000000005
2018-12-19,54,10.0,,0.1,5.4
2018-12-20,59,10.0,,0.1,5.9
2018-12-21,66,10.0,,0.1,6.6000000000000005
2018-12-22,46,10.0,,0.1,4.6000000000000005
2018-12-23,57,10.0,False,0.1,5.7
2018-12-24,56,10.0,,0.1,5.6000000000000005
2018-12-25,43,10.0,,0.1,4.3
2018-12-26,85,10.0,,0.1,8.5
2018-12-27,50,10.0,,0.1,5.0
2018-12-28,46,10.0,,0.1,4.6000000000000005
2018-12-29,45,10.0,,0.1,4.5
2018-12-30,40,9.0,False,0.09,3.5999999999999996
2018-12-31,49,9.0,,0.09,4.41
2019-01-01,64,9.0,,0.09,5.76
2019-01-02,100,9.0,,0.09,9.0
2019-01-03,59,9.0,,0.09,5.31
2019-01-04,49,9.0,,0.09,4.41
2019-01-05,36,9.0,,0.09,3.2399999999999998
2019-01-06,47,9.0,False,0.09,4.2299999999999995
2019-01-07,58,9.0,,0.09,5.22
2019-01-08,73,9.0,,0.09,6.569999999999999
2019-01-09,63,9.0,,0.09,5.67
2019-01-10,74,9.0,,0.09,6.66
2019-01-11,49,9.0,,0.09,4.41
2019-01-12,24,9.0,,0.09,2.16
2019-01-13,64,8.0,False,0.08,5.12
2019-01-14,62,8.0,,0.08,4.96
2019-01-15,62,8.0,,0.08,4.96
2019-01-16,94,8.0,,0.08,7.5200000000000005
2019-01-17,31,8.0,,0.08,2.48
2019-01-18,49,8.0,,0.08,3.92
2019-01-19,29,8.0,,0.08,2.32
2019-01-20,6,5.0,False,0.05,0.30000000000000004
2019-01-21,47,5.0,,0.05,2.35
2019-01-22,41,5.0,,0.05,2.0500000000000003
2019-01-23,35,5.0,,0.05,1.75
2019-01-24,51,5.0,,0.05,2.5500000000000003
2019-01-25,42,5.0,,0.05,2.1
2019-01-26,77,5.0,,0.05,3.85
2019-01-27,29,7.0,False,0.07,2.0300000000000002
2019-01-28,72,7.0,,0.07,5.040000000000001
2019-01-29,41,7.0,,0.07,2.87
2019-01-30,36,7.0,,0.07,2.5200000000000005
2019-01-31,26,7.0,,0.07,1.8200000000000003
2019-02-01,40,7.0,,0.07,2.8000000000000003
2019-02-02,19,7.0,,0.07,1.33
2019-02-03,43,6.0,False,0.06,2.58
2019-02-04,22,6.0,,0.06,1.3199999999999998
2019-02-05,39,6.0,,0.06,2.34
2019-02-06,22,6.0,,0.06,1.3199999999999998
2019-02-07,65,6.0,,0.06,3.9
2019-02-08,28,6.0,,0.06,1.68
2019-02-09,19,6.0,,0.06,1.14
2019-02-10,18,7.0,False,0.07,1.2600000000000002
2019-02-11,37,7.0,,0.07,2.5900000000000003
2019-02-12,43,7.0,,0.07,3.0100000000000002
2019-02-13,43,7.0,,0.07,3.0100000000000002
2019-02-14,44,7.0,,0.07,3.08
2019-02-15,74,7.0,,0.07,5.180000000000001
2019-02-16,44,7.0,,0.07,3.08
2019-02-17,31,7.0,False,0.07,2.1700000000000004
2019-02-18,66,7.0,,0.07,4.62
2019-02-19,54,7.0,,0.07,3.7800000000000002
2019-02-20,38,7.0,,0.07,2.66
2019-02-21,44,7.0,,0.07,3.08
2019-02-22,51,7.0,,0.07,3.5700000000000003
2019-02-23,100,7.0,,0.07,7.000000000000001
2019-02-24,62,8.0,False,0.08,4.96
2019-02-25,75,8.0,,0.08,6.0
2019-02-26,87,8.0,,0.08,6.96
2019-02-27,74,8.0,,0.08,5.92
2019-02-28,50,8.0,,0.08,4.0
2019-03-01,53,8.0,,0.08,4.24
2019-03-02,50,8.0,,0.08,4.0
2019-03-03,25,6.0,False,0.06,1.5
2019-03-04,67,6.0,,0.06,4.02
2019-03-05,81,6.0,,0.06,4.859999999999999
2019-03-06,100,6.0,,0.06,6.0
2019-03-07,52,6.0,,0.06,3.12
2019-03-08,31,6.0,,0.06,1.8599999999999999
2019-03-09,68,6.0,,0.06,4.08
2019-03-10,33,5.0,False,0.05,1.6500000000000001
2019-03-11,44,5.0,,0.05,2.2
2019-03-12,44,5.0,,0.05,2.2
2019-03-13,58,5.0,,0.05,2.9000000000000004
2019-03-14,51,5.0,,0.05,2.5500000000000003
2019-03-15,38,5.0,,0.05,1.9000000000000001
2019-03-16,25,5.0,,0.05,1.25
2019-03-17,33,6.0,False,0.06,1.98
2019-03-18,74,6.0,,0.06,4.4399999999999995
2019-03-19,42,6.0,,0.06,2.52
2019-03-20,37,6.0,,0.06,2.2199999999999998
2019-03-21,99,6.0,,0.06,5.9399999999999995
2019-03-22,85,6.0,,0.06,5.1
2019-03-23,42,6.0,,0.06,2.52
2019-03-24,46,6.0,False,0.06,2.76
2019-03-25,37,6.0,,0.06,2.2199999999999998
2019-03-26,66,6.0,,0.06,3.96
2019-03-27,45,6.0,,0.06,2.6999999999999997
2019-03-28,45,6.0,,0.06,2.6999999999999997
2019-03-29,71,6.0,,0.06,4.26
2019-03-30,60,6.0,,0.06,3.5999999999999996
2019-03-31,17,11.0,False,0.11,1.87
2019-04-01,68,11.0,,0.11,7.48
2019-04-02,37,11.0,,0.11,4.07
2019-04-03,100,11.0,,0.11,11.0
2019-04-04,95,11.0,,0.11,10.45
2019-04-05,71,11.0,,0.11,7.81
2019-04-06,54,11.0,,0.11,5.94
2019-04-07,42,8.0,False,0.08,3.36
2019-04-08,73,8.0,,0.08,5.84
2019-04-09,42,8.0,,0.08,3.36
2019-04-10,57,8.0,,0.08,4.5600000000000005
2019-04-11,32,8.0,,0.08,2.56
2019-04-12,73,8.0,,0.08,5.84
2019-04-13,75,8.0,,0.08,6.0
2019-04-14,42,6.0,False,0.06,2.52
2019-04-15,16,6.0,,0.06,0.96
2019-04-16,37,6.0,,0.06,2.2199999999999998
2019-04-17,61,6.0,,0.06,3.6599999999999997
2019-04-18,34,6.0,,0.06,2.04
2019-04-19,48,6.0,,0.06,2.88
2019-04-20,32,6.0,,0.06,1.92
2019-04-21,83,7.0,False,0.07,5.8100000000000005
2019-04-22,33,7.0,,0.07,2.31
2019-04-23,80,7.0,,0.07,5.6000000000000005
2019-04-24,42,7.0,,0.07,2.9400000000000004
2019-04-25,37,7.0,,0.07,2.5900000000000003
2019-04-26,66,7.0,,0.07,4.62
2019-04-27,36,7.0,,0.07,2.5200000000000005
2019-04-28,41,7.0,False,0.07,2.87
2019-04-29,41,7.0,,0.07,2.87
2019-04-30,37,7.0,,0.07,2.5900000000000003
2019-05-01,19,7.0,,0.07,1.33
2019-05-02,43,7.0,,0.07,3.0100000000000002
2019-05-03,49,7.0,,0.07,3.43
2019-05-04,33,7.0,,0.07,2.31
2019-05-05,48,9.0,False,0.09,4.32
2019-05-06,25,9.0,,0.09,2.25
2019-05-07,29,9.0,,0.09,2.61
2019-05-08,47,9.0,,0.09,4.2299999999999995
2019-05-09,55,9.0,,0.09,4.95
2019-05-10,57,9.0,,0.09,5.13
2019-05-11,69,9.0,,0.09,6.21
2019-05-12,100,18.0,False,0.18,18.0
2019-05-13,84,18.0,,0.18,15.12
2019-05-14,79,18.0,,0.18,14.219999999999999
2019-05-15,73,18.0,,0.18,13.139999999999999
2019-05-16,70,18.0,,0.18,12.6
2019-05-17,76,18.0,,0.18,13.68
2019-05-18,63,18.0,,0.18,11.34
2019-05-19,78,14.0,False,0.14,10.920000000000002
2019-05-20,57,14.0,,0.14,7.98
2019-05-21,60,14.0,,0.14,8.4
2019-05-22,46,14.0,,0.14,6.44
2019-05-23,98,14.0,,0.14,13.72
2019-05-24,56,14.0,,0.14,7.840000000000001
2019-05-25,42,14.0,,0.14,5.880000000000001
2019-05-26,41,14.0,False,0.14,5.74
2019-05-27,77,14.0,,0.14,10.780000000000001
2019-05-28,53,14.0,,0.14,7.420000000000001
2019-05-29,84,14.0,,0.14,11.760000000000002
2019-05-30,61,14.0,,0.14,8.540000000000001
2019-05-31,49,14.0,,0.14,6.86
2019-06-01,24,14.0,,0.14,3.3600000000000003
2019-06-02,11,11.0,False,0.11,1.21
2019-06-03,34,11.0,,0.11,3.74
2019-06-04,37,11.0,,0.11,4.07
2019-06-05,24,11.0,,0.11,2.64
2019-06-06,31,11.0,,0.11,3.41
2019-06-07,26,11.0,,0.11,2.86
2019-06-08,23,11.0,,0.11,2.53
2019-06-09,26,11.0,False,0.11,2.86
2019-06-10,26,11.0,,0.11,2.86
2019-06-11,30,11.0,,0.11,3.3
2019-06-12,33,11.0,,0.11,3.63
2019-06-13,33,11.0,,0.11,3.63
2019-06-14,25,11.0,,0.11,2.75
2019-06-15,30,11.0,,0.11,3.3
2019-06-16,60,17.0,False,0.17,10.200000000000001
2019-06-17,37,17.0,,0.17,6.29
2019-06-18,35,17.0,,0.17,5.95
2019-06-19,41,17.0,,0.17,6.970000000000001
2019-06-20,59,17.0,,0.17,10.030000000000001
2019-06-21,47,17.0,,0.17,7.99
2019-06-22,59,17.0,,0.17,10.030000000000001
2019-06-23,50,23.0,False,0.23,11.5
2019-06-24,66,23.0,,0.23,15.180000000000001
2019-06-25,61,23.0,,0.23,14.030000000000001
2019-06-26,100,23.0,,0.23,23.0
2019-06-27,76,23.0,,0.23,17.48
2019-06-28,71,23.0,,0.23,16.330000000000002
2019-06-29,38,23.0,,0.23,8.74
2019-06-30,54,17.0,False,0.17,9.180000000000001
2019-07-01,78,17.0,,0.17,13.260000000000002
2019-07-02,82,17.0,,0.17,13.940000000000001
2019-07-03,75,17.0,,0.17,12.750000000000002
2019-07-04,68,17.0,,0.17,11.56
2019-07-05,100,17.0,,0.17,17.0
2019-07-06,45,17.0,,0.17,7.65
2019-07-07,69,16.0,False,0.16,11.040000000000001
2019-07-08,62,16.0,,0.16,9.92
2019-07-09,64,16.0,,0.16,10.24
2019-07-10,77,16.0,,0.16,12.32
2019-07-11,93,16.0,,0.16,14.88
2019-07-12,47,16.0,,0.16,7.5200000000000005
2019-07-13,60,16.0,,0.16,9.6
2019-07-14,62,17.0,False,0.17,10.540000000000001
2019-07-15,68,17.0,,0.17,11.56
2019-07-16,32,17.0,,0.17,5.44
2019-07-17,75,17.0,,0.17,12.750000000000002
2019-07-18,34,17.0,,0.17,5.78
2019-07-19,53,17.0,,0.17,9.01
2019-07-20,76,17.0,,0.17,12.920000000000002
2019-07-21,46,13.0,False,0.13,5.98
2019-07-22,46,13.0,,0.13,5.98
2019-07-23,66,13.0,,0.13,8.58
2019-07-24,48,13.0,,0.13,6.24
2019-07-25,41,13.0,,0.13,5.33
2019-07-26,38,13.0,,0.13,4.94
2019-07-27,53,13.0,,0.13,6.890000000000001
2019-07-28,64,15.0,False,0.15,9.6
2019-07-29,50,15.0,,0.15,7.5
2019-07-30,47,15.0,,0.15,7.05
2019-07-31,64,15.0,,0.15,9.6
2019-08-01,64,15.0,,0.15,9.6
2019-08-02,56,15.0,,0.15,8.4
2019-08-03,76,15.0,,0.15,11.4
2019-08-04,72,18.0,False,0.18,12.959999999999999
2019-08-05,100,18.0,,0.18,18.0
2019-08-06,60,18.0,,0.18,10.799999999999999
2019-08-07,78,18.0,,0.18,14.04
2019-08-08,53,18.0,,0.18,9.54
2019-08-09,76,18.0,,0.18,13.68
2019-08-10,98,18.0,,0.18,17.64
2019-08-11,56,17.0,False,0.17,9.520000000000001
2019-08-12,74,17.0,,0.17,12.58
2019-08-13,93,17.0,,0.17,15.81
2019-08-14,46,17.0,,0.17,7.82
2019-08-15,89,17.0,,0.17,15.13
2019-08-16,61,17.0,,0.17,10.370000000000001
2019-08-17,52,17.0,,0.17,8.84
2019-08-18,51,12.0,False,0.12,6.12
2019-08-19,41,12.0,,0.12,4.92
2019-08-20,62,12.0,,0.12,7.4399999999999995
2019-08-21,79,12.0,,0.12,9.48
2019-08-22,52,12.0,,0.12,6.24
2019-08-23,51,12.0,,0.12,6.12
2019-08-24,43,12.0,,0.12,5.16
2019-08-25,60,12.0,False,0.12,7.199999999999999
2019-08-26,72,12.0,,0.12,8.64
2019-08-27,40,12.0,,0.12,4.8
2019-08-28,37,12.0,,0.12,4.4399999999999995
2019-08-29,57,12.0,,0.12,6.84
2019-08-30,45,12.0,,0.12,5.3999999999999995
2019-08-31,38,12.0,,0.12,4.56
2019-09-01,42,9.0,False,0.09,3.78
2019-09-02,49,9.0,,0.09,4.41
2019-09-03,51,9.0,,0.09,4.59
2019-09-04,88,9.0,,0.09,7.92
2019-09-05,81,9.0,,0.09,7.29
2019-09-06,83,9.0,,0.09,7.47
2019-09-07,34,9.0,,0.09,3.06
2019-09-08,37,13.0,False,0.13,4.8100000000000005
2019-09-09,58,13.0,,0.13,7.54
2019-09-10,37,13.0,,0.13,4.8100000000000005
2019-09-11,43,13.0,,0.13,5.59
2019-09-12,55,13.0,,0.13,7.15
2019-09-13,34,13.0,,0.13,4.42
2019-09-14,100,13.0,,0.13,13.0
2019-09-15,37,12.0,False,0.12,4.4399999999999995
2019-09-16,54,12.0,,0.12,6.4799999999999995
2019-09-17,47,12.0,,0.12,5.64
2019-09-18,43,12.0,,0.12,5.16
2019-09-19,47,12.0,,0.12,5.64
2019-09-20,42,12.0,,0.12,5.04
2019-09-21,53,12.0,,0.12,6.359999999999999
2019-09-22,44,12.0,False,0.12,5.279999999999999
2019-09-23,49,12.0,,0.12,5.88
2019-09-24,71,12.0,,0.12,8.52
2019-09-25,53,12.0,,0.12,6.359999999999999
2019-09-26,51,12.0,,0.12,6.12
2019-09-27,60,12.0,,0.12,7.199999999999999
2019-09-28,37,12.0,,0.12,4.4399999999999995
2019-09-29,62,10.0,False,0.1,6.2
2019-09-30,40,10.0,,0.1,4.0
2019-10-01,37,10.0,,0.1,3.7
2019-10-02,53,10.0,,0.1,5.300000000000001
2019-10-03,17,10.0,,0.1,1.7000000000000002
2019-10-04,60,10.0,,0.1,6.0
2019-10-05,46,10.0,,0.1,4.6000000000000005
2019-10-06,27,9.0,False,0.09,2.4299999999999997
2019-10-07,61,9.0,,0.09,5.49
2019-10-08,34,9.0,,0.09,3.06
2019-10-09,79,9.0,,0.09,7.109999999999999
2019-10-10,27,9.0,,0.09,2.4299999999999997
2019-10-11,34,9.0,,0.09,3.06
2019-10-12,61,9.0,,0.09,5.49
2019-10-13,45,8.0,False,0.08,3.6
2019-10-14,47,8.0,,0.08,3.7600000000000002
2019-10-15,59,8.0,,0.08,4.72
2019-10-16,33,8.0,,0.08,2.64
2019-10-17,41,8.0,,0.08,3.2800000000000002
2019-10-18,39,8.0,,0.08,3.12
2019-10-19,31,8.0,,0.08,2.48
2019-10-20,19,10.0,False,0.1,1.9000000000000001
2019-10-21,52,10.0,,0.1,5.2
2019-10-22,42,10.0,,0.1,4.2
2019-10-23,56,10.0,,0.1,5.6000000000000005
2019-10-24,72,10.0,,0.1,7.2
2019-10-25,53,10.0,,0.1,5.300000000000001
2019-10-26,100,10.0,,0.1,10.0
2019-10-27,56,13.0,False,0.13,7.28
2019-10-28,36,13.0,,0.13,4.68
2019-10-29,77,13.0,,0.13,10.01
2019-10-30,73,13.0,,0.13,9.49
2019-10-31,58,13.0,,0.13,7.54
2019-11-01,59,13.0,,0.13,7.67
2019-11-02,100,13.0,,0.13,13.0
2019-11-03,61,8.0,False,0.08,4.88
2019-11-04,25,8.0,,0.08,2.0
2019-11-05,64,8.0,,0.08,5.12
2019-11-06,63,8.0,,0.08,5.04
2019-11-07,69,8.0,,0.08,5.5200000000000005
2019-11-08,56,8.0,,0.08,4.48
2019-11-09,61,8.0,,0.08,4.88
2019-11-10,44,8.0,False,0.08,3.52
2019-11-11,44,8.0,,0.08,3.52
2019-11-12,73,8.0,,0.08,5.84
2019-11-13,79,8.0,,0.08,6.32
2019-11-14,78,8.0,,0.08,6.24
2019-11-15,36,8.0,,0.08,2.88
2019-11-16,40,8.0,,0.08,3.2
2019-11-17,44,10.0,False,0.1,4.4
2019-11-18,40,10.0,,0.1,4.0
2019-11-19,40,10.0,,0.1,4.0
2019-11-20,90,10.0,,0.1,9.0
2019-11-21,91,10.0,,0.1,9.1
2019-11-22,47,10.0,,0.1,4.7
2019-11-23,61,10.0,,0.1,6.1000000000000005
2019-11-24,44,10.0,False,0.1,4.4
2019-11-25,88,10.0,,0.1,8.8
2019-11-26,64,10.0,,0.1,6.4
2019-11-27,49,10.0,,0.1,4.9
2019-11-28,66,10.0,,0.1,6.6000000000000005
2019-11-29,46,10.0,,0.1,4.6000000000000005
2019-11-30,55,10.0,,0.1,5.5
2019-12-01,29,9.0,False,0.09,2.61
2019-12-02,51,9.0,,0.09,4.59
2019-12-03,72,9.0,,0.09,6.4799999999999995
2019-12-04,57,9.0,,0.09,5.13
2019-12-05,47,9.0,,0.09,4.2299999999999995
2019-12-06,87,9.0,,0.09,7.83
2019-12-07,54,9.0,,0.09,4.859999999999999
2019-12-08,36,8.0,False,0.08,2.88
2019-12-09,63,8.0,,0.08,5.04
2019-12-10,43,8.0,,0.08,3.44
2019-12-11,78,8.0,,0.08,6.24
2019-12-12,74,8.0,,0.08,5.92
2019-12-13,87,8.0,,0.08,6.96
2019-12-14,35,8.0,,0.08,2.8000000000000003
2019-12-15,59,7.0,False,0.07,4.130000000000001
2019-12-16,56,7.0,,0.07,3.9200000000000004
2019-12-17,52,7.0,,0.07,3.6400000000000006
2019-12-18,62,7.0,,0.07,4.340000000000001
2019-12-19,60,7.0,,0.07,4.2
2019-12-20,51,7.0,,0.07,3.5700000000000003
2019-12-21,84,7.0,,0.07,5.880000000000001
2019-12-22,60,9.0,False,0.09,5.3999999999999995
2019-12-23,100,9.0,,0.09,9.0
2019-12-24,60,9.0,,0.09,5.3999999999999995
2019-12-25,78,9.0,,0.09,7.02
2019-12-26,63,9.0,,0.09,5.67
2019-12-27,90,9.0,,0.09,8.1
2019-12-28,54,9.0,,0.09,4.859999999999999
2019-12-29,30,9.0,False,0.09,2.6999999999999997
2019-12-30,65,9.0,,0.09,5.85
2019-12-31,89,9.0,,0.09,8.01
2020-01-01,53,9.0,,0.09,4.77
2020-01-02,50,9.0,,0.09,4.5
2020-01-03,56,9.0,,0.09,5.04
2020-01-04,55,9.0,,0.09,4.95
2020-01-05,41,11.0,False,0.11,4.51
2020-01-06,47,11.0,,0.11,5.17
2020-01-07,69,11.0,,0.11,7.59
2020-01-08,100,11.0,,0.11,11.0
2020-01-09,50,11.0,,0.11,5.5
2020-01-10,66,11.0,,0.11,7.26
2020-01-11,40,11.0,,0.11,4.4
2020-01-12,44,11.0,False,0.11,4.84
2020-01-13,36,11.0,,0.11,3.96
2020-01-14,53,11.0,,0.11,5.83
2020-01-15,62,11.0,,0.11,6.82
2020-01-16,54,11.0,,0.11,5.94
2020-01-17,48,11.0,,0.11,5.28
2020-01-18,80,11.0,,0.11,8.8
2020-01-19,39,11.0,False,0.11,4.29
2020-01-20,65,11.0,,0.11,7.15
2020-01-21,57,11.0,,0.11,6.2700000000000005
2020-01-22,46,11.0,,0.11,5.06
2020-01-23,57,11.0,,0.11,6.2700000000000005
2020-01-24,77,11.0,,0.11,8.47
2020-01-25,77,11.0,,0.11,8.47
2020-01-26,27,13.0,False,0.13,3.5100000000000002
2020-01-27,58,13.0,,0.13,7.54
2020-01-28,63,13.0,,0.13,8.19
2020-01-29,57,13.0,,0.13,7.41
2020-01-30,76,13.0,,0.13,9.88
2020-01-31,56,13.0,,0.13,7.28
2020-02-01,50,13.0,,0.13,6.5
2020-02-02,49,12.0,False,0.12,5.88
2020-02-03,58,12.0,,0.12,6.96
2020-02-04,70,12.0,,0.12,8.4
2020-02-05,41,12.0,,0.12,4.92
2020-02-06,77,12.0,,0.12,9.24
2020-02-07,88,12.0,,0.12,10.559999999999999
2020-02-08,62,12.0,,0.12,7.4399999999999995
2020-02-09,88,16.0,False,0.16,14.08
2020-02-10,90,16.0,,0.16,14.4
2020-02-11,100,16.0,,0.16,16.0
2020-02-12,87,16.0,,0.16,13.92
2020-02-13,89,16.0,,0.16,14.24
2020-02-14,65,16.0,,0.16,10.4
2020-02-15,75,16.0,,0.16,12.0
2020-02-16,73,14.0,False,0.14,10.22
2020-02-17,55,14.0,,0.14,7.700000000000001
2020-02-18,71,14.0,,0.14,9.940000000000001
2020-02-19,79,14.0,,0.14,11.06
2020-02-20,72,14.0,,0.14,10.080000000000002
2020-02-21,52,14.0,,0.14,7.280000000000001
2020-02-22,65,14.0,,0.14,9.100000000000001
2020-02-23,48,12.0,False,0.12,5.76
2020-02-24,40,12.0,,0.12,4.8
2020-02-25,75,12.0,,0.12,9.0
2020-02-26,69,12.0,,0.12,8.28
2020-02-27,66,12.0,,0.12,7.92
2020-02-28,88,12.0,,0.12,10.559999999999999
2020-02-29,36,12.0,,0.12,4.32
2020-03-01,32,14.0,False,0.14,4.48
2020-03-02,36,14.0,,0.14,5.040000000000001
2020-03-03,27,14.0,,0.14,3.7800000000000002
2020-03-04,39,14.0,,0.14,5.460000000000001
2020-03-05,47,14.0,,0.14,6.580000000000001
2020-03-06,38,14.0,,0.14,5.32
2020-03-07,35,14.0,,0.14,4.9
2020-03-08,25,23.0,False,0.23,5.75
2020-03-09,60,23.0,,0.23,13.8
2020-03-10,34,23.0,,0.23,7.82
2020-03-11,31,23.0,,0.23,7.13
2020-03-12,68,23.0,,0.23,15.64
2020-03-13,100,23.0,,0.23,23.0
2020-03-14,67,23.0,,0.23,15.41
2020-03-15,70,26.0,False,0.26,18.2
2020-03-16,72,26.0,,0.26,18.72
2020-03-17,54,26.0,,0.26,14.040000000000001
2020-03-18,60,26.0,,0.26,15.600000000000001
2020-03-19,67,26.0,,0.26,17.42
2020-03-20,57,26.0,,0.26,14.82
2020-03-21,52,26.0,,0.26,13.52
2020-03-22,44,22.0,False,0.22,9.68
2020-03-23,69,22.0,,0.22,15.18
2020-03-24,45,22.0,,0.22,9.9
2020-03-25,61,22.0,,0.22,13.42
2020-03-26,34,22.0,,0.22,7.48
2020-03-27,39,22.0,,0.22,8.58
2020-03-28,41,22.0,,0.22,9.02
2020-03-29,39,18.0,False,0.18,7.02
2020-03-30,37,18.0,,0.18,6.66
2020-03-31,32,18.0,,0.18,5.76
2020-04-01,63,18.0,,0.18,11.34
2020-04-02,57,18.0,,0.18,10.26
2020-04-03,52,18.0,,0.18,9.36
2020-04-04,64,18.0,,0.18,11.52
2020-04-05,45,18.0,False,0.18,8.1
2020-04-06,64,18.0,,0.18,11.52
2020-04-07,66,18.0,,0.18,11.879999999999999
2020-04-08,52,18.0,,0.18,9.36
2020-04-09,48,18.0,,0.18,8.64
2020-04-10,45,18.0,,0.18,8.1
2020-04-11,31,18.0,,0.18,5.58
2020-04-12,65,16.0,False,0.16,10.4
2020-04-13,46,16.0,,0.16,7.36
2020-04-14,48,16.0,,0.16,7.68
2020-04-15,59,16.0,,0.16,9.44
2020-04-16,52,16.0,,0.16,8.32
2020-04-17,62,16.0,,0.16,9.92
2020-04-18,35,16.0,,0.16,5.6000000000000005
2020-04-19,48,15.0,False,0.15,7.199999999999999
2020-04-20,62,15.0,,0.15,9.299999999999999
2020-04-21,50,15.0,,0.15,7.5
2020-04-22,55,15.0,,0.15,8.25
2020-04-23,61,15.0,,0.15,9.15
2020-04-24,49,15.0,,0.15,7.35
2020-04-25,38,15.0,,0.15,5.7
2020-04-26,43,21.0,False,0.21,9.03
2020-04-27,53,21.0,,0.21,11.129999999999999
2020-04-28,53,21.0,,0.21,11.129999999999999
2020-04-29,54,21.0,,0.21,11.34
2020-04-30,100,21.0,,0.21,21.0
2020-05-01,50,21.0,,0.21,10.5
2020-05-02,61,21.0,,0.21,12.809999999999999
2020-05-03,38,20.0,False,0.2,7.6000000000000005
2020-05-04,56,20.0,,0.2,11.200000000000001
2020-05-05,60,20.0,,0.2,12.0
2020-05-06,74,20.0,,0.2,14.8
2020-05-07,99,20.0,,0.2,19.8
2020-05-08,61,20.0,,0.2,12.200000000000001
2020-05-09,79,20.0,,0.2,15.8
2020-05-10,83,26.0,False,0.26,21.580000000000002
2020-05-11,93,26.0,,0.26,24.18
2020-05-12,79,26.0,,0.26,20.54
2020-05-13,59,26.0,,0.26,15.34
2020-05-14,100,26.0,,0.26,26.0
2020-05-15,98,26.0,,0.26,25.48
2020-05-16,52,26.0,,0.26,13.52
2020-05-17,81,19.0,False,0.19,15.39
2020-05-18,65,19.0,,0.19,12.35
2020-05-19,73,19.0,,0.19,13.870000000000001
2020-05-20,66,19.0,,0.19,12.540000000000001
2020-05-21,86,19.0,,0.19,16.34
2020-05-22,59,19.0,,0.19,11.21
2020-05-23,38,19.0,,0.19,7.22
2020-05-24,64,19.0,False,0.19,12.16
2020-05-25,61,19.0,,0.19,11.59
2020-05-26,52,19.0,,0.19,9.88
2020-05-27,69,19.0,,0.19,13.11
2020-05-28,66,19.0,,0.19,12.540000000000001
2020-05-29,52,19.0,,0.19,9.88
2020-05-30,55,19.0,,0.19,10.45
2020-05-31,48,18.0,False,0.18,8.64
2020-06-01,67,18.0,,0.18,12.059999999999999
2020-06-02,86,18.0,,0.18,15.479999999999999
2020-06-03,74,18.0,,0.18,13.32
2020-06-04,100,18.0,,0.18,18.0
2020-06-05,82,18.0,,0.18,14.76
2020-06-06,53,18.0,,0.18,9.54
2020-06-07,61,16.0,False,0.16,9.76
2020-06-08,54,16.0,,0.16,8.64
2020-06-09,26,16.0,,0.16,4.16
2020-06-10,61,16.0,,0.16,9.76
2020-06-11,42,16.0,,0.16,6.72
2020-06-12,62,16.0,,0.16,9.92
2020-06-13,35,16.0,,0.16,5.6000000000000005
2020-06-14,59,15.0,False,0.15,8.85
2020-06-15,67,15.0,,0.15,10.049999999999999
2020-06-16,59,15.0,,0.15,8.85
2020-06-17,60,15.0,,0.15,9.0
2020-06-18,61,15.0,,0.15,9.15
2020-06-19,52,15.0,,0.15,7.8
2020-06-20,43,15.0,,0.15,6.45
2020-06-21,48,13.0,False,0.13,6.24
2020-06-22,48,13.0,,0.13,6.24
2020-06-23,50,13.0,,0.13,6.5
2020-06-24,67,13.0,,0.13,8.71
2020-06-25,36,13.0,,0.13,4.68
2020-06-26,50,13.0,,0.13,6.5
2020-06-27,40,13.0,,0.13,5.2
2020-06-28,39,11.0,False,0.11,4.29
2020-06-29,43,11.0,,0.11,4.73
2020-06-30,48,11.0,,0.11,5.28
2020-07-01,27,11.0,,0.11,2.97
2020-07-02,35,11.0,,0.11,3.85
2020-07-03,46,11.0,,0.11,5.06
2020-07-04,29,11.0,,0.11,3.19
2020-07-05,30,14.0,False,0.14,4.2
2020-07-06,41,14.0,,0.14,5.74
2020-07-07,33,14.0,,0.14,4.62
2020-07-08,30,14.0,,0.14,4.2
2020-07-09,56,14.0,,0.14,7.840000000000001
2020-07-10,41,14.0,,0.14,5.74
2020-07-11,38,14.0,,0.14,5.32
2020-07-12,26,14.0,False,0.14,3.6400000000000006
2020-07-13,30,14.0,,0.14,4.2
2020-07-14,17,14.0,,0.14,2.3800000000000003
2020-07-15,39,14.0,,0.14,5.460000000000001
2020-07-16,50,14.0,,0.14,7.000000000000001
2020-07-17,39,14.0,,0.14,5.460000000000001
2020-07-18,39,14.0,,0.14,5.460000000000001
2020-07-19,41,17.0,False,0.17,6.970000000000001
2020-07-20,29,17.0,,0.17,4.930000000000001
2020-07-21,50,17.0,,0.17,8.5
2020-07-22,47,17.0,,0.17,7.99
2020-07-23,47,17.0,,0.17,7.99
2020-07-24,37,17.0,,0.17,6.29
2020-07-25,35,17.0,,0.17,5.95
2020-07-26,45,26.0,False,0.26,11.700000000000001
2020-07-27,85,26.0,,0.26,22.1
2020-07-28,100,26.0,,0.26,26.0
2020-07-29,81,26.0,,0.26,21.060000000000002
2020-07-30,52,26.0,,0.26,13.52
2020-07-31,52,26.0,,0.26,13.52
2020-08-01,100,26.0,,0.26,26.0
2020-08-02,81,24.0,False,0.24,19.439999999999998
2020-08-03,49,24.0,,0.24,11.76
2020-08-04,76,24.0,,0.24,18.24
2020-08-05,81,24.0,,0.24,19.439999999999998
2020-08-06,61,24.0,,0.24,14.639999999999999
2020-08-07,84,24.0,,0.24,20.16
2020-08-08,85,24.0,,0.24,20.4
2020-08-09,68,20.0,False,0.2,13.600000000000001
2020-08-10,73,20.0,,0.2,14.600000000000001
2020-08-11,68,20.0,,0.2,13.600000000000001
2020-08-12,68,20.0,,0.2,13.600000000000001
2020-08-13,77,20.0,,0.2,15.4
2020-08-14,53,20.0,,0.2,10.600000000000001
2020-08-15,59,20.0,,0.2,11.8
2020-08-16,56,18.0,False,0.18,10.08
2020-08-17,58,18.0,,0.18,10.44
2020-08-18,59,18.0,,0.18,10.62
2020-08-19,49,18.0,,0.18,8.82
2020-08-20,68,18.0,,0.18,12.24
2020-08-21,47,18.0,,0.18,8.459999999999999
2020-08-22,61,18.0,,0.18,10.98
2020-08-23,56,14.0,False,0.14,7.840000000000001
2020-08-24,41,14.0,,0.14,5.74
2020-08-25,51,14.0,,0.14,7.140000000000001
2020-08-26,54,14.0,,0.14,7.5600000000000005
2020-08-27,43,14.0,,0.14,6.0200000000000005
2020-08-28,47,14.0,,0.14,6.580000000000001
2020-08-29,70,14.0,,0.14,9.8
2020-08-30,45,17.0,False,0.17,7.65
2020-08-31,50,17.0,,0.17,8.5
2020-09-01,93,17.0,,0.17,15.81
2020-09-02,100,17.0,,0.17,17.0
2020-09-03,77,17.0,,0.17,13.090000000000002
2020-09-04,91,17.0,,0.17,15.47
2020-09-05,84,17.0,,0.17,14.280000000000001
2020-09-06,78,16.0,False,0.16,12.48
2020-09-07,61,16.0,,0.16,9.76
2020-09-08,73,16.0,,0.16,11.68
2020-09-09,61,16.0,,0.16,9.76
2020-09-10,97,16.0,,0.16,15.52
2020-09-11,70,16.0,,0.16,11.200000000000001
2020-09-12,51,16.0,,0.16,8.16
2020-09-13,68,12.0,False,0.12,8.16
2020-09-14,58,12.0,,0.12,6.96
2020-09-15,88,12.0,,0.12,10.559999999999999
2020-09-16,55,12.0,,0.12,6.6
2020-09-17,67,12.0,,0.12,8.04
2020-09-18,43,12.0,,0.12,5.16
2020-09-19,71,12.0,,0.12,8.52
2020-09-20,74,13.0,False,0.13,9.620000000000001
2020-09-21,65,13.0,,0.13,8.450000000000001
2020-09-22,40,13.0,,0.13,5.2
2020-09-23,52,13.0,,0.13,6.76
2020-09-24,46,13.0,,0.13,5.98
2020-09-25,53,13.0,,0.13,6.890000000000001
2020-09-26,38,13.0,,0.13,4.94
2020-09-27,54,11.0,False,0.11,5.94
2020-09-28,60,11.0,,0.11,6.6
2020-09-29,36,11.0,,0.11,3.96
2020-09-30,80,11.0,,0.11,8.8
2020-10-01,63,11.0,,0.11,6.93
2020-10-02,46,11.0,,0.11,5.06
2020-10-03,46,11.0,,0.11,5.06
2020-10-04,25,11.0,False,0.11,2.75
2020-10-05,26,11.0,,0.11,2.86
2020-10-06,42,11.0,,0.11,4.62
2020-10-07,40,11.0,,0.11,4.4
2020-10-08,44,11.0,,0.11,4.84
2020-10-09,66,11.0,,0.11,7.26
2020-10-10,43,11.0,,0.11,4.73
2020-10-11,40,12.0,False,0.12,4.8
2020-10-12,46,12.0,,0.12,5.52
2020-10-13,55,12.0,,0.12,6.6
2020-10-14,46,12.0,,0.12,5.52
2020-10-15,26,12.0,,0.12,3.12
2020-10-16,46,12.0,,0.12,5.52
2020-10-17,37,12.0,,0.12,4.4399999999999995
2020-10-18,40,18.0,False,0.18,7.199999999999999
2020-10-19,45,18.0,,0.18,8.1
2020-10-20,66,18.0,,0.18,11.879999999999999
2020-10-21,77,18.0,,0.18,13.86
2020-10-22,87,18.0,,0.18,15.66
2020-10-23,94,18.0,,0.18,16.919999999999998
2020-10-24,57,18.0,,0.18,10.26
2020-10-25,52,23.0,False,0.23,11.96
2020-10-26,68,23.0,,0.23,15.64
2020-10-27,72,23.0,,0.23,16.560000000000002
2020-10-28,91,23.0,,0.23,20.93
2020-10-29,59,23.0,,0.23,13.57
2020-10-30,66,23.0,,0.23,15.180000000000001
2020-10-31,100,23.0,,0.23,23.0
2020-11-01,24,23.0,False,0.23,5.5200000000000005
2020-11-02,38,23.0,,0.23,8.74
2020-11-03,43,23.0,,0.23,9.89
2020-11-04,46,23.0,,0.23,10.58
2020-11-05,56,23.0,,0.23,12.88
2020-11-06,66,23.0,,0.23,15.180000000000001
2020-11-07,46,23.0,,0.23,10.58
2020-11-08,25,24.0,False,0.24,6.0
2020-11-09,47,24.0,,0.24,11.28
2020-11-10,38,24.0,,0.24,9.12
2020-11-11,45,24.0,,0.24,10.799999999999999
2020-11-12,59,24.0,,0.24,14.16
2020-11-13,47,24.0,,0.24,11.28
2020-11-14,57,24.0,,0.24,13.68
2020-11-15,46,34.0,False,0.34,15.64
2020-11-16,46,34.0,,0.34,15.64
2020-11-17,71,34.0,,0.34,24.14
2020-11-18,100,34.0,,0.34,34.0
2020-11-19,46,34.0,,0.34,15.64
2020-11-20,71,34.0,,0.34,24.14
2020-11-21,52,34.0,,0.34,17.68
2020-11-22,48,35.0,False,0.35,16.799999999999997
2020-11-23,59,35.0,,0.35,20.65
2020-11-24,93,35.0,,0.35,32.55
2020-11-25,67,35.0,,0.35,23.45
2020-11-26,82,35.0,,0.35,28.7
2020-11-27,69,35.0,,0.35,24.15
2020-11-28,53,35.0,,0.35,18.549999999999997
2020-11-29,54,34.0,False,0.34,18.360000000000003
2020-11-30,89,34.0,,0.34,30.26
2020-12-01,62,34.0,,0.34,21.080000000000002
2020-12-02,28,34.0,,0.34,9.520000000000001
2020-12-03,49,34.0,,0.34,16.66
2020-12-04,32,34.0,,0.34,10.88
2020-12-05,33,34.0,,0.34,11.22
2020-12-06,34,26.0,False,0.26,8.84
2020-12-07,29,26.0,,0.26,7.54
2020-12-08,38,26.0,,0.26,9.88
2020-12-09,35,26.0,,0.26,9.1
2020-12-10,30,26.0,,0.26,7.800000000000001
2020-12-11,34,26.0,,0.26,8.84
2020-12-12,21,26.0,,0.26,5.46
2020-12-13,33,45.0,False,0.45,14.85
2020-12-14,27,45.0,,0.45,12.15
2020-12-15,31,45.0,,0.45,13.950000000000001
2020-12-16,46,45.0,,0.45,20.7
2020-12-17,99,45.0,,0.45,44.550000000000004
2020-12-18,72,45.0,,0.45,32.4
2020-12-19,50,45.0,,0.45,22.5
2020-12-20,49,41.0,False,0.41,20.09
2020-12-21,60,41.0,,0.41,24.599999999999998
2020-12-22,39,41.0,,0.41,15.989999999999998
2020-12-23,42,41.0,,0.41,17.22
2020-12-24,42,41.0,,0.41,17.22
2020-12-25,47,41.0,,0.41,19.27
2020-12-26,60,41.0,,0.41,24.599999999999998
2020-12-27,100,66.0,False,0.66,66.0
2020-12-28,70,66.0,,0.66,46.2
2020-12-29,46,66.0,,0.66,30.360000000000003
2020-12-30,67,66.0,,0.66,44.22
2020-12-31,86,66.0,,0.66,56.760000000000005
2021-01-01,49,66.0,,0.66,32.34
2021-01-02,73,66.0,,0.66,48.18
2021-01-03,73,100.0,False,1.0,73.0
2021-01-04,65,100.0,,1.0,65.0
2021-01-05,50,100.0,,1.0,50.0
2021-01-06,68,100.0,,1.0,68.0
2021-01-07,88,100.0,,1.0,88.0
2021-01-08,74,100.0,,1.0,74.0
2021-01-09,64,100.0,,1.0,64.0
2021-01-10,62,85.0,False,0.85,52.699999999999996
2021-01-11,100,85.0,,0.85,85.0
2021-01-12,79,85.0,,0.85,67.14999999999999
2021-01-13,56,85.0,,0.85,47.6
2021-01-14,66,85.0,,0.85,56.1
2021-01-15,56,85.0,,0.85,47.6
2021-01-16,46,85.0,,0.85,39.1
2021-01-17,44,58.0,False,0.58,25.52
2021-01-18,33,58.0,,0.58,19.139999999999997
2021-01-19,37,58.0,,0.58,21.459999999999997
2021-01-20,44,58.0,,0.58,25.52
2021-01-21,43,58.0,,0.58,24.939999999999998
2021-01-22,52,58.0,,0.58,30.159999999999997
2021-01-23,48,58.0,,0.58,27.839999999999996
2021-01-24,45,53.0,False,0.53,23.85
2021-01-25,37,53.0,,0.53,19.61
2021-01-26,35,53.0,,0.53,18.55
2021-01-27,38,53.0,,0.53,20.14
2021-01-28,35,53.0,,0.53,18.55
2021-01-29,56,53.0,,0.53,29.68
2021-01-30,37,53.0,,0.53,19.61
2021-01-31,31,51.0,False,0.51,15.81
2021-02-01,38,51.0,,0.51,19.38
2021-02-02,39,51.0,,0.51,19.89
2021-02-03,43,51.0,,0.51,21.93
2021-02-04,46,51.0,,0.51,23.46
2021-02-05,38,51.0,,0.51,19.38
2021-02-06,48,51.0,,0.51,24.48
2021-02-07,49,71.0,False,0.71,34.79
2021-02-08,68,71.0,,0.71,48.28
2021-02-09,85,71.0,,0.71,60.349999999999994
2021-02-10,61,71.0,,0.71,43.309999999999995
2021-02-11,72,71.0,,0.71,51.12
2021-02-12,50,71.0,,0.71,35.5
2021-02-13,42,71.0,,0.71,29.82
2021-02-14,53,84.0,False,0.84,44.519999999999996
2021-02-15,46,84.0,,0.84,38.64
2021-02-16,70,84.0,,0.84,58.8
2021-02-17,80,84.0,,0.84,67.2
2021-02-18,57,84.0,,0.84,47.879999999999995
2021-02-19,73,84.0,,0.84,61.32
2021-02-20,92,84.0,,0.84,77.28
2021-02-21,77,90.0,False,0.9,69.3
2021-02-22,77,90.0,,0.9,69.3
2021-02-23,100,90.0,,0.9,90.0
2021-02-24,80,90.0,,0.9,72.0
2021-02-25,53,90.0,,0.9,47.7
2021-02-26,60,90.0,,0.9,54.0
2021-02-27,61,90.0,,0.9,54.9
2021-02-28,69,62.0,False,0.62,42.78
2021-03-01,76,62.0,,0.62,47.12
2021-03-02,71,62.0,,0.62,44.02
2021-03-03,77,62.0,,0.62,47.74
2021-03-04,57,62.0,,0.62,35.339999999999996
2021-03-05,69,62.0,,0.62,42.78
2021-03-06,71,62.0,,0.62,44.02
2021-03-07,70,70.0,False,0.7,49.0
2021-03-08,80,70.0,,0.7,56.0
2021-03-09,82,70.0,,0.7,57.4
2021-03-10,78,70.0,,0.7,54.599999999999994
2021-03-11,79,70.0,,0.7,55.3
2021-03-12,95,70.0,,0.7,66.5
2021-03-13,100,70.0,,0.7,70.0
2021-03-14,79,59.0,False,0.59,46.61
2021-03-15,90,59.0,,0.59,53.099999999999994
2021-03-16,73,59.0,,0.59,43.07
2021-03-17,62,59.0,,0.59,36.58
2021-03-18,67,59.0,,0.59,39.53
2021-03-19,58,59.0,,0.59,34.22
2021-03-20,61,59.0,,0.59,35.989999999999995
2021-03-21,52,55.0,False,0.55,28.6
2021-03-22,61,55.0,,0.55,33.550000000000004
2021-03-23,55,55.0,,0.55,30.250000000000004
2021-03-24,70,55.0,,0.55,38.5
2021-03-25,75,55.0,,0.55,41.25
2021-03-26,63,55.0,,0.55,34.650000000000006
2021-03-27,67,55.0,,0.55,36.85
2021-03-28,59,53.0,False,0.53,31.270000000000003
2021-03-29,64,53.0,,0.53,33.92
2021-03-30,56,53.0,,0.53,29.68
2021-03-31,63,53.0,,0.53,33.39
2021-04-01,61,53.0,,0.53,32.33
2021-04-02,56,53.0,,0.53,29.68
2021-04-03,53,53.0,,0.53,28.09
2021-04-04,51,44.0,False,0.44,22.44
2021-04-05,54,44.0,,0.44,23.76
2021-04-06,60,44.0,,0.44,26.4
2021-04-07,46,44.0,,0.44,20.24
2021-04-08,59,44.0,,0.44,25.96
2021-04-09,59,44.0,,0.44,25.96
2021-04-10,83,44.0,,0.44,36.52
2021-04-11,55,55.0,False,0.55,30.250000000000004
2021-04-12,60,55.0,,0.55,33.0
2021-04-13,84,55.0,,0.55,46.2
2021-04-14,95,55.0,,0.55,52.25000000000001
2021-04-15,69,55.0,,0.55,37.95
2021-04-16,68,55.0,,0.55,37.400000000000006
2021-04-17,58,55.0,,0.55,31.900000000000002
2021-04-18,94,62.0,False,0.62,58.28
2021-04-19,77,62.0,,0.62,47.74
2021-04-20,89,62.0,,0.62,55.18
2021-04-21,59,62.0,,0.62,36.58
2021-04-22,65,62.0,,0.62,40.3
2021-04-23,100,62.0,,0.62,62.0
2021-04-24,75,62.0,,0.62,46.5
2021-04-25,72,56.0,False,0.56,40.32000000000001
2021-04-26,75,56.0,,0.56,42.00000000000001
2021-04-27,76,56.0,,0.56,42.56
2021-04-28,71,56.0,,0.56,39.760000000000005
2021-04-29,56,56.0,,0.56,31.360000000000003
2021-04-30,58,56.0,,0.56,32.480000000000004
2021-05-01,38,56.0,,0.56,21.28
2021-05-02,26,47.0,False,0.47,12.219999999999999
2021-05-03,37,47.0,,0.47,17.39
2021-05-04,34,47.0,,0.47,15.979999999999999
2021-05-05,33,47.0,,0.47,15.51
2021-05-06,36,47.0,,0.47,16.919999999999998
2021-05-07,25,47.0,,0.47,11.75
2021-05-08,34,47.0,,0.47,15.979999999999999
2021-05-09,28,52.0,False,0.52,14.56
2021-05-10,27,52.0,,0.52,14.040000000000001
2021-05-11,33,52.0,,0.52,17.16
2021-05-12,37,52.0,,0.52,19.240000000000002
2021-05-13,63,52.0,,0.52,32.76
2021-05-14,50,52.0,,0.52,26.0
2021-05-15,33,52.0,,0.52,17.16
2021-05-16,42,89.0,False,0.89,37.38
2021-05-17,53,89.0,,0.89,47.17
2021-05-18,41,89.0,,0.89,36.49
2021-05-19,100,89.0,,0.89,89.0
2021-05-20,80,89.0,,0.89,71.2
2021-05-21,72,89.0,,0.89,64.08
2021-05-22,51,89.0,,0.89,45.39
2021-05-23,82,80.0,False,0.8,65.60000000000001
2021-05-24,70,80.0,,0.8,56.0
2021-05-25,54,80.0,,0.8,43.2
2021-05-26,62,80.0,,0.8,49.6
2021-05-27,50,80.0,,0.8,40.0
2021-05-28,43,80.0,,0.8,34.4
2021-05-29,48,80.0,,0.8,38.400000000000006
2021-05-30,31,56.0,False,0.56,17.360000000000003
2021-05-31,37,56.0,,0.56,20.720000000000002
2021-06-01,59,56.0,,0.56,33.040000000000006
2021-06-02,61,56.0,,0.56,34.160000000000004
2021-06-03,67,56.0,,0.56,37.52
2021-06-04,69,56.0,,0.56,38.64
2021-06-05,47,56.0,,0.56,26.320000000000004
2021-06-06,78,56.0,False,0.56,43.68000000000001
2021-06-07,76,56.0,,0.56,42.56
2021-06-08,88,56.0,,0.56,49.28
2021-06-09,69,56.0,,0.56,38.64
2021-06-10,66,56.0,,0.56,36.96
2021-06-11,50,56.0,,0.56,28.000000000000004
2021-06-12,57,56.0,,0.56,31.92
2021-06-13,52,48.0,False,0.48,24.96
2021-06-14,78,48.0,,0.48,37.44
2021-06-15,62,48.0,,0.48,29.759999999999998
2021-06-16,61,48.0,,0.48,29.279999999999998
2021-06-17,66,48.0,,0.48,31.68
2021-06-18,57,48.0,,0.48,27.36
2021-06-19,44,48.0,,0.48,21.119999999999997
2021-06-20,63,58.0,False,0.58,36.54
2021-06-21,79,58.0,,0.58,45.82
2021-06-22,100,58.0,,0.58,57.99999999999999
2021-06-23,74,58.0,,0.58,42.919999999999995
2021-06-24,69,58.0,,0.58,40.019999999999996
2021-06-25,62,58.0,,0.58,35.96
2021-06-26,44,58.0,,0.58,25.52
2021-06-27,60,43.0,False,0.43,25.8
2021-06-28,54,43.0,,0.43,23.22
2021-06-29,48,43.0,,0.43,20.64
2021-06-30,63,43.0,,0.43,27.09
2021-07-01,51,43.0,,0.43,21.93
2021-07-02,34,43.0,,0.43,14.62
2021-07-03,41,43.0,,0.43,17.63
2021-07-04,45,37.0,False,0.37,16.65
2021-07-05,51,37.0,,0.37,18.87
2021-07-06,47,37.0,,0.37,17.39
2021-07-07,51,37.0,,0.37,18.87
2021-07-08,50,37.0,,0.37,18.5
2021-07-09,55,37.0,,0.37,20.35
2021-07-10,40,37.0,,0.37,14.8
2021-07-11,41,31.0,False,0.31,12.709999999999999
2021-07-12,42,31.0,,0.31,13.02
2021-07-13,39,31.0,,0.31,12.09
2021-07-14,60,31.0,,0.31,18.6
2021-07-15,52,31.0,,0.31,16.12
2021-07-16,51,31.0,,0.31,15.81
2021-07-17,62,31.0,,0.31,19.22
2021-07-18,39,45.0,False,0.45,17.55
2021-07-19,66,45.0,,0.45,29.7
2021-07-20,78,45.0,,0.45,35.1
2021-07-21,67,45.0,,0.45,30.150000000000002
2021-07-22,61,45.0,,0.45,27.45
2021-07-23,64,45.0,,0.45,28.8
2021-07-24,55,45.0,,0.45,24.75
2021-07-25,73,50.0,False,0.5,36.5
2021-07-26,100,50.0,,0.5,50.0
2021-07-27,69,50.0,,0.5,34.5
2021-07-28,75,50.0,,0.5,37.5
2021-07-29,79,50.0,,0.5,39.5
2021-07-30,64,50.0,,0.5,32.0
2021-07-31,75,50.0,,0.5,37.5
2021-08-01,65,47.0,False,0.47,30.549999999999997
2021-08-02,73,47.0,,0.47,34.309999999999995
2021-08-03,45,47.0,,0.47,21.15
2021-08-04,66,47.0,,0.47,31.02
2021-08-05,64,47.0,,0.47,30.08
2021-08-06,86,47.0,,0.47,40.419999999999995
2021-08-07,100,47.0,,0.47,47.0
2021-08-08,97,49.0,False,0.49,47.53
2021-08-09,87,49.0,,0.49,42.63
2021-08-10,80,49.0,,0.49,39.2
2021-08-11,80,49.0,,0.49,39.2
2021-08-12,78,49.0,,0.49,38.22
2021-08-13,79,49.0,,0.49,38.71
2021-08-14,60,49.0,,0.49,29.4
2021-08-15,67,43.0,False,0.43,28.81
2021-08-16,67,43.0,,0.43,28.81
2021-08-17,56,43.0,,0.43,24.08
2021-08-18,72,43.0,,0.43,30.96
2021-08-19,54,43.0,,0.43,23.22
2021-08-20,89,43.0,,0.43,38.269999999999996
2021-08-21,72,43.0,,0.43,30.96
2021-08-22,86,50.0,False,0.5,43.0
2021-08-23,89,50.0,,0.5,44.5
2021-08-24,64,50.0,,0.5,32.0
2021-08-25,67,50.0,,0.5,33.5
2021-08-26,52,50.0,,0.5,26.0
2021-08-27,67,50.0,,0.5,33.5
2021-08-28,49,50.0,,0.5,24.5
2021-08-29,41,37.0,False,0.37,15.17
2021-08-30,57,37.0,,0.37,21.09
2021-08-31,53,37.0,,0.37,19.61
2021-09-01,56,37.0,,0.37,20.72
2021-09-02,81,37.0,,0.37,29.97
2021-09-03,87,37.0,,0.37,32.19
2021-09-04,57,37.0,,0.37,21.09
2021-09-05,74,48.0,False,0.48,35.519999999999996
2021-09-06,95,48.0,,0.48,45.6
2021-09-07,100,48.0,,0.48,48.0
2021-09-08,97,48.0,,0.48,46.559999999999995
2021-09-09,85,48.0,,0.48,40.8
2021-09-10,63,48.0,,0.48,30.24
2021-09-11,61,48.0,,0.48,29.279999999999998
2021-09-12,68,36.0,False,0.36,24.48
2021-09-13,68,36.0,,0.36,24.48
2021-09-14,63,36.0,,0.36,22.68
2021-09-15,99,36.0,,0.36,35.64
2021-09-16,78,36.0,,0.36,28.08
2021-09-17,52,36.0,,0.36,18.72
2021-09-18,65,36.0,,0.36,23.4
2021-09-19,66,41.0,False,0.41,27.06
2021-09-20,75,41.0,,0.41,30.749999999999996
2021-09-21,85,41.0,,0.41,34.85
2021-09-22,61,41.0,,0.41,25.009999999999998
2021-09-23,86,41.0,,0.41,35.26
2021-09-24,55,41.0,,0.41,22.549999999999997
2021-09-25,61,41.0,,0.41,25.009999999999998
2021-09-26,65,32.0,False,0.32,20.8
2021-09-27,60,32.0,,0.32,19.2
2021-09-28,52,32.0,,0.32,16.64
2021-09-29,64,32.0,,0.32,20.48
2021-09-30,60,32.0,,0.32,19.2
2021-10-01,55,32.0,,0.32,17.6
2021-10-02,53,32.0,,0.32,16.96
2021-10-03,58,39.0,False,0.39,22.62
2021-10-04,75,39.0,,0.39,29.25
2021-10-05,78,39.0,,0.39,30.42
2021-10-06,89,39.0,,0.39,34.71
2021-10-07,69,39.0,,0.39,26.91
2021-10-08,55,39.0,,0.39,21.45
2021-10-09,52,39.0,,0.39,20.28
2021-10-10,69,41.0,False,0.41,28.29
2021-10-11,79,41.0,,0.41,32.39
2021-10-12,55,41.0,,0.41,22.549999999999997
2021-10-13,52,41.0,,0.41,21.32
2021-10-14,66,41.0,,0.41,27.06
2021-10-15,93,41.0,,0.41,38.129999999999995
2021-10-16,91,41.0,,0.41,37.309999999999995
2021-10-17,65,45.0,False,0.45,29.25
2021-10-18,82,45.0,,0.45,36.9
2021-10-19,93,45.0,,0.45,41.85
2021-10-20,100,45.0,,0.45,45.0
2021-10-21,86,45.0,,0.45,38.7
2021-10-22,88,45.0,,0.45,39.6
2021-10-23,61,45.0,,0.45,27.45
2021-10-24,51,36.0,False,0.36,18.36
2021-10-25,62,36.0,,0.36,22.32
2021-10-26,60,36.0,,0.36,21.599999999999998
2021-10-27,77,36.0,,0.36,27.72
2021-10-28,60,36.0,,0.36,21.599999999999998
2021-10-29,69,36.0,,0.36,24.84
2021-10-30,71,36.0,,0.36,25.56
2021-10-31,54,32.0,False,0.32,17.28
2021-11-01,60,32.0,,0.32,19.2
2021-11-02,78,32.0,,0.32,24.96
2021-11-03,68,32.0,,0.32,21.76
2021-11-04,62,32.0,,0.32,19.84
2021-11-05,46,32.0,,0.32,14.72
2021-11-06,50,32.0,,0.32,16.0
2021-11-07,60,37.0,False,0.37,22.2
2021-11-08,82,37.0,,0.37,30.34
2021-11-09,100,37.0,,0.37,37.0
2021-11-10,63,37.0,,0.37,23.31
2021-11-11,63,37.0,,0.37,23.31
2021-11-12,62,37.0,,0.37,22.94
2021-11-13,64,37.0,,0.37,23.68
2021-11-14,57,37.0,False,0.37,21.09
2021-11-15,70,37.0,,0.37,25.9
2021-11-16,82,37.0,,0.37,30.34
2021-11-17,83,37.0,,0.37,30.71
2021-11-18,66,37.0,,0.37,24.419999999999998
2021-11-19,54,37.0,,0.37,19.98
2021-11-20,56,37.0,,0.37,20.72
2021-11-21,59,34.0,False,0.34,20.060000000000002
2021-11-22,59,34.0,,0.34,20.060000000000002
2021-11-23,67,34.0,,0.34,22.78
2021-11-24,57,34.0,,0.34,19.380000000000003
2021-11-25,51,34.0,,0.34,17.34
2021-11-26,79,34.0,,0.34,26.860000000000003
2021-11-27,60,34.0,,0.34,20.400000000000002
2021-11-28,50,28.0,True,0.28,14.000000000000002
2021-11-29,64,28.0,,0.28,17.92
2021-11-30,54,28.0,,0.28,15.120000000000001
2021-12-01,100,28.0,,0.28,28.000000000000004
2021-12-02,89,28.0,,0.28,24.92
