date,bitcoin wallet_unscaled,bitcoin wallet_monthly,isPartial,scale,bitcoin wallet
2017-08-01,74,,,,
2017-08-02,100,,,,
2017-08-03,71,,,,
2017-08-04,62,,,,
2017-08-05,56,,,,
2017-08-06,59,24.0,False,0.24,14.16
2017-08-07,60,24.0,,0.24,14.399999999999999
2017-08-08,50,24.0,,0.24,12.0
2017-08-09,53,24.0,,0.24,12.719999999999999
2017-08-10,55,24.0,,0.24,13.2
2017-08-11,64,24.0,,0.24,15.36
2017-08-12,65,24.0,,0.24,15.6
2017-08-13,69,28.0,False,0.28,19.32
2017-08-14,75,28.0,,0.28,21.000000000000004
2017-08-15,83,28.0,,0.28,23.240000000000002
2017-08-16,56,28.0,,0.28,15.680000000000001
2017-08-17,59,28.0,,0.28,16.520000000000003
2017-08-18,78,28.0,,0.28,21.840000000000003
2017-08-19,79,28.0,,0.28,22.12
2017-08-20,88,24.0,False,0.24,21.119999999999997
2017-08-21,68,24.0,,0.24,16.32
2017-08-22,55,24.0,,0.24,13.2
2017-08-23,53,24.0,,0.24,12.719999999999999
2017-08-24,44,24.0,,0.24,10.559999999999999
2017-08-25,57,24.0,,0.24,13.68
2017-08-26,41,24.0,,0.24,9.84
2017-08-27,44,25.0,False,0.25,11.0
2017-08-28,63,25.0,,0.25,15.75
2017-08-29,60,25.0,,0.25,15.0
2017-08-30,68,25.0,,0.25,17.0
2017-08-31,82,25.0,,0.25,20.5
2017-09-01,75,25.0,,0.25,18.75
2017-09-02,100,25.0,,0.25,25.0
2017-09-03,86,20.0,False,0.2,17.2
2017-09-04,60,20.0,,0.2,12.0
2017-09-05,53,20.0,,0.2,10.600000000000001
2017-09-06,71,20.0,,0.2,14.200000000000001
2017-09-07,82,20.0,,0.2,16.400000000000002
2017-09-08,88,20.0,,0.2,17.6
2017-09-09,64,20.0,,0.2,12.8
2017-09-10,63,21.0,False,0.21,13.229999999999999
2017-09-11,47,21.0,,0.21,9.87
2017-09-12,65,21.0,,0.21,13.65
2017-09-13,77,21.0,,0.21,16.169999999999998
2017-09-14,78,21.0,,0.21,16.38
2017-09-15,91,21.0,,0.21,19.11
2017-09-16,66,21.0,,0.21,13.86
2017-09-17,56,14.0,False,0.14,7.840000000000001
2017-09-18,31,14.0,,0.14,4.340000000000001
2017-09-19,46,14.0,,0.14,6.44
2017-09-20,57,14.0,,0.14,7.98
2017-09-21,62,14.0,,0.14,8.680000000000001
2017-09-22,54,14.0,,0.14,7.5600000000000005
2017-09-23,57,14.0,,0.14,7.98
2017-09-24,34,15.0,False,0.15,5.1
2017-09-25,59,15.0,,0.15,8.85
2017-09-26,47,15.0,,0.15,7.05
2017-09-27,47,15.0,,0.15,7.05
2017-09-28,35,15.0,,0.15,5.25
2017-09-29,45,15.0,,0.15,6.75
2017-09-30,60,15.0,,0.15,9.0
2017-10-01,33,17.0,False,0.17,5.61
2017-10-02,40,17.0,,0.17,6.800000000000001
2017-10-03,47,17.0,,0.17,7.99
2017-10-04,34,17.0,,0.17,5.78
2017-10-05,33,17.0,,0.17,5.61
2017-10-06,47,17.0,,0.17,7.99
2017-10-07,36,17.0,,0.17,6.12
2017-10-08,51,22.0,False,0.22,11.22
2017-10-09,45,22.0,,0.22,9.9
2017-10-10,65,22.0,,0.22,14.3
2017-10-11,55,22.0,,0.22,12.1
2017-10-12,86,22.0,,0.22,18.92
2017-10-13,88,22.0,,0.22,19.36
2017-10-14,91,22.0,,0.22,20.02
2017-10-15,56,25.0,False,0.25,14.0
2017-10-16,90,25.0,,0.25,22.5
2017-10-17,55,25.0,,0.25,13.75
2017-10-18,54,25.0,,0.25,13.5
2017-10-19,71,25.0,,0.25,17.75
2017-10-20,80,25.0,,0.25,20.0
2017-10-21,87,25.0,,0.25,21.75
2017-10-22,66,32.0,False,0.32,21.12
2017-10-23,100,32.0,,0.32,32.0
2017-10-24,96,32.0,,0.32,30.72
2017-10-25,100,32.0,,0.32,32.0
2017-10-26,69,32.0,,0.32,22.080000000000002
2017-10-27,64,32.0,,0.32,20.48
2017-10-28,69,32.0,,0.32,22.080000000000002
2017-10-29,62,32.0,False,0.32,19.84
2017-10-30,67,32.0,,0.32,21.44
2017-10-31,61,32.0,,0.32,19.52
2017-11-01,43,32.0,,0.32,13.76
2017-11-02,50,32.0,,0.32,16.0
2017-11-03,45,32.0,,0.32,14.4
2017-11-04,36,32.0,,0.32,11.52
2017-11-05,43,36.0,False,0.36,15.479999999999999
2017-11-06,36,36.0,,0.36,12.959999999999999
2017-11-07,33,36.0,,0.36,11.879999999999999
2017-11-08,40,36.0,,0.36,14.399999999999999
2017-11-09,39,36.0,,0.36,14.04
2017-11-10,45,36.0,,0.36,16.2
2017-11-11,41,36.0,,0.36,14.76
2017-11-12,71,35.0,False,0.35,24.849999999999998
2017-11-13,51,35.0,,0.35,17.849999999999998
2017-11-14,31,35.0,,0.35,10.85
2017-11-15,38,35.0,,0.35,13.299999999999999
2017-11-16,32,35.0,,0.35,11.2
2017-11-17,39,35.0,,0.35,13.649999999999999
2017-11-18,33,35.0,,0.35,11.549999999999999
2017-11-19,34,38.0,False,0.38,12.92
2017-11-20,45,38.0,,0.38,17.1
2017-11-21,44,38.0,,0.38,16.72
2017-11-22,47,38.0,,0.38,17.86
2017-11-23,48,38.0,,0.38,18.240000000000002
2017-11-24,35,38.0,,0.38,13.3
2017-11-25,44,38.0,,0.38,16.72
2017-11-26,53,64.0,False,0.64,33.92
2017-11-27,82,64.0,,0.64,52.480000000000004
2017-11-28,80,64.0,,0.64,51.2
2017-11-29,100,64.0,,0.64,64.0
2017-11-30,90,64.0,,0.64,57.6
2017-12-01,46,64.0,,0.64,29.44
2017-12-02,46,64.0,,0.64,29.44
2017-12-03,53,100.0,False,1.0,53.0
2017-12-04,45,100.0,,1.0,45.0
2017-12-05,51,100.0,,1.0,51.0
2017-12-06,66,100.0,,1.0,66.0
2017-12-07,95,100.0,,1.0,95.0
2017-12-08,100,100.0,,1.0,100.0
2017-12-09,75,100.0,,1.0,75.0
2017-12-10,58,89.0,False,0.89,51.62
2017-12-11,67,89.0,,0.89,59.63
2017-12-12,72,89.0,,0.89,64.08
2017-12-13,73,89.0,,0.89,64.97
2017-12-14,55,89.0,,0.89,48.95
2017-12-15,57,89.0,,0.89,50.730000000000004
2017-12-16,65,89.0,,0.89,57.85
2017-12-17,70,87.0,False,0.87,60.9
2017-12-18,62,87.0,,0.87,53.94
2017-12-19,65,87.0,,0.87,56.55
2017-12-20,78,87.0,,0.87,67.86
2017-12-21,53,87.0,,0.87,46.11
2017-12-22,55,87.0,,0.87,47.85
2017-12-23,59,87.0,,0.87,51.33
2017-12-24,40,52.0,False,0.52,20.8
2017-12-25,31,52.0,,0.52,16.12
2017-12-26,38,52.0,,0.52,19.76
2017-12-27,45,52.0,,0.52,23.400000000000002
2017-12-28,32,52.0,,0.52,16.64
2017-12-29,39,52.0,,0.52,20.28
2017-12-30,34,52.0,,0.52,17.68
2017-12-31,33,50.0,False,0.5,16.5
2018-01-01,64,50.0,,0.5,32.0
2018-01-02,64,50.0,,0.5,32.0
2018-01-03,67,50.0,,0.5,33.5
2018-01-04,88,50.0,,0.5,44.0
2018-01-05,100,50.0,,0.5,50.0
2018-01-06,90,50.0,,0.5,45.0
2018-01-07,77,45.0,False,0.45,34.65
2018-01-08,77,45.0,,0.45,34.65
2018-01-09,76,45.0,,0.45,34.2
2018-01-10,72,45.0,,0.45,32.4
2018-01-11,62,45.0,,0.45,27.900000000000002
2018-01-12,50,45.0,,0.45,22.5
2018-01-13,52,45.0,,0.45,23.400000000000002
2018-01-14,71,35.0,False,0.35,24.849999999999998
2018-01-15,43,35.0,,0.35,15.049999999999999
2018-01-16,58,35.0,,0.35,20.299999999999997
2018-01-17,55,35.0,,0.35,19.25
2018-01-18,50,35.0,,0.35,17.5
2018-01-19,49,35.0,,0.35,17.15
2018-01-20,66,35.0,,0.35,23.099999999999998
2018-01-21,46,24.0,False,0.24,11.04
2018-01-22,37,24.0,,0.24,8.879999999999999
2018-01-23,33,24.0,,0.24,7.92
2018-01-24,33,24.0,,0.24,7.92
2018-01-25,37,24.0,,0.24,8.879999999999999
2018-01-26,39,24.0,,0.24,9.36
2018-01-27,39,24.0,,0.24,9.36
2018-01-28,26,22.0,False,0.22,5.72
2018-01-29,38,22.0,,0.22,8.36
2018-01-30,36,22.0,,0.22,7.92
2018-01-31,26,22.0,,0.22,5.72
2018-02-01,94,22.0,,0.22,20.68
2018-02-02,95,22.0,,0.22,20.9
2018-02-03,80,22.0,,0.22,17.6
2018-02-04,97,19.0,False,0.19,18.43
2018-02-05,86,19.0,,0.19,16.34
2018-02-06,100,19.0,,0.19,19.0
2018-02-07,99,19.0,,0.19,18.81
2018-02-08,67,19.0,,0.19,12.73
2018-02-09,97,19.0,,0.19,18.43
2018-02-10,43,19.0,,0.19,8.17
2018-02-11,59,18.0,False,0.18,10.62
2018-02-12,77,18.0,,0.18,13.86
2018-02-13,80,18.0,,0.18,14.399999999999999
2018-02-14,60,18.0,,0.18,10.799999999999999
2018-02-15,87,18.0,,0.18,15.66
2018-02-16,100,18.0,,0.18,18.0
2018-02-17,87,18.0,,0.18,15.66
2018-02-18,65,18.0,False,0.18,11.7
2018-02-19,79,18.0,,0.18,14.219999999999999
2018-02-20,95,18.0,,0.18,17.099999999999998
2018-02-21,66,18.0,,0.18,11.879999999999999
2018-02-22,69,18.0,,0.18,12.42
2018-02-23,52,18.0,,0.18,9.36
2018-02-24,43,18.0,,0.18,7.739999999999999
2018-02-25,56,13.0,False,0.13,7.28
2018-02-26,63,13.0,,0.13,8.19
2018-02-27,53,13.0,,0.13,6.890000000000001
2018-02-28,65,13.0,,0.13,8.450000000000001
2018-03-01,69,13.0,,0.13,8.97
2018-03-02,99,13.0,,0.13,12.870000000000001
2018-03-03,81,13.0,,0.13,10.530000000000001
2018-03-04,100,14.0,False,0.14,14.000000000000002
2018-03-05,64,14.0,,0.14,8.96
2018-03-06,73,14.0,,0.14,10.22
2018-03-07,93,14.0,,0.14,13.020000000000001
2018-03-08,56,14.0,,0.14,7.840000000000001
2018-03-09,82,14.0,,0.14,11.48
2018-03-10,46,14.0,,0.14,6.44
2018-03-11,73,10.0,False,0.1,7.300000000000001
2018-03-12,56,10.0,,0.1,5.6000000000000005
2018-03-13,58,10.0,,0.1,5.800000000000001
2018-03-14,64,10.0,,0.1,6.4
2018-03-15,56,10.0,,0.1,5.6000000000000005
2018-03-16,61,10.0,,0.1,6.1000000000000005
2018-03-17,63,10.0,,0.1,6.300000000000001
2018-03-18,62,10.0,False,0.1,6.2
2018-03-19,43,10.0,,0.1,4.3
2018-03-20,50,10.0,,0.1,5.0
2018-03-21,71,10.0,,0.1,7.1000000000000005
2018-03-22,65,10.0,,0.1,6.5
2018-03-23,45,10.0,,0.1,4.5
2018-03-24,65,10.0,,0.1,6.5
2018-03-25,61,10.0,False,0.1,6.1000000000000005
2018-03-26,53,10.0,,0.1,5.300000000000001
2018-03-27,47,10.0,,0.1,4.7
2018-03-28,61,10.0,,0.1,6.1000000000000005
2018-03-29,56,10.0,,0.1,5.6000000000000005
2018-03-30,49,10.0,,0.1,4.9
2018-03-31,56,10.0,,0.1,5.6000000000000005
2018-04-01,62,7.0,False,0.07,4.340000000000001
2018-04-02,48,7.0,,0.07,3.3600000000000003
2018-04-03,85,7.0,,0.07,5.95
2018-04-04,81,7.0,,0.07,5.670000000000001
2018-04-05,66,7.0,,0.07,4.62
2018-04-06,73,7.0,,0.07,5.11
2018-04-07,23,7.0,,0.07,1.61
2018-04-08,83,8.0,False,0.08,6.640000000000001
2018-04-09,49,8.0,,0.08,3.92
2018-04-10,100,8.0,,0.08,8.0
2018-04-11,60,8.0,,0.08,4.8
2018-04-12,61,8.0,,0.08,4.88
2018-04-13,63,8.0,,0.08,5.04
2018-04-14,95,8.0,,0.08,7.6000000000000005
2018-04-15,51,9.0,False,0.09,4.59
2018-04-16,73,9.0,,0.09,6.569999999999999
2018-04-17,77,9.0,,0.09,6.93
2018-04-18,57,9.0,,0.09,5.13
2018-04-19,93,9.0,,0.09,8.37
2018-04-20,78,9.0,,0.09,7.02
2018-04-21,57,9.0,,0.09,5.13
2018-04-22,65,9.0,False,0.09,5.85
2018-04-23,59,9.0,,0.09,5.31
2018-04-24,71,9.0,,0.09,6.39
2018-04-25,97,9.0,,0.09,8.73
2018-04-26,66,9.0,,0.09,5.9399999999999995
2018-04-27,65,9.0,,0.09,5.85
2018-04-28,76,9.0,,0.09,6.84
2018-04-29,75,12.0,False,0.12,9.0
2018-04-30,83,12.0,,0.12,9.959999999999999
2018-05-01,77,12.0,,0.12,9.24
2018-05-02,84,12.0,,0.12,10.08
2018-05-03,57,12.0,,0.12,6.84
2018-05-04,100,12.0,,0.12,12.0
2018-05-05,80,12.0,,0.12,9.6
2018-05-06,53,9.0,False,0.09,4.77
2018-05-07,57,9.0,,0.09,5.13
2018-05-08,61,9.0,,0.09,5.49
2018-05-09,58,9.0,,0.09,5.22
2018-05-10,73,9.0,,0.09,6.569999999999999
2018-05-11,51,9.0,,0.09,4.59
2018-05-12,44,9.0,,0.09,3.96
2018-05-13,49,8.0,False,0.08,3.92
2018-05-14,64,8.0,,0.08,5.12
2018-05-15,60,8.0,,0.08,4.8
2018-05-16,30,8.0,,0.08,2.4
2018-05-17,66,8.0,,0.08,5.28
2018-05-18,57,8.0,,0.08,4.5600000000000005
2018-05-19,88,8.0,,0.08,7.04
2018-05-20,62,9.0,False,0.09,5.58
2018-05-21,62,9.0,,0.09,5.58
2018-05-22,65,9.0,,0.09,5.85
2018-05-23,73,9.0,,0.09,6.569999999999999
2018-05-24,43,9.0,,0.09,3.8699999999999997
2018-05-25,53,9.0,,0.09,4.77
2018-05-26,89,9.0,,0.09,8.01
2018-05-27,80,8.0,False,0.08,6.4
2018-05-28,78,8.0,,0.08,6.24
2018-05-29,53,8.0,,0.08,4.24
2018-05-30,46,8.0,,0.08,3.68
2018-05-31,74,8.0,,0.08,5.92
2018-06-01,81,8.0,,0.08,6.48
2018-06-02,60,8.0,,0.08,4.8
2018-06-03,71,7.0,False,0.07,4.970000000000001
2018-06-04,56,7.0,,0.07,3.9200000000000004
2018-06-05,76,7.0,,0.07,5.32
2018-06-06,45,7.0,,0.07,3.1500000000000004
2018-06-07,71,7.0,,0.07,4.970000000000001
2018-06-08,54,7.0,,0.07,3.7800000000000002
2018-06-09,54,7.0,,0.07,3.7800000000000002
2018-06-10,77,8.0,False,0.08,6.16
2018-06-11,59,8.0,,0.08,4.72
2018-06-12,64,8.0,,0.08,5.12
2018-06-13,66,8.0,,0.08,5.28
2018-06-14,49,8.0,,0.08,3.92
2018-06-15,75,8.0,,0.08,6.0
2018-06-16,47,8.0,,0.08,3.7600000000000002
2018-06-17,52,7.0,False,0.07,3.6400000000000006
2018-06-18,100,7.0,,0.07,7.000000000000001
2018-06-19,89,7.0,,0.07,6.23
2018-06-20,50,7.0,,0.07,3.5000000000000004
2018-06-21,85,7.0,,0.07,5.95
2018-06-22,58,7.0,,0.07,4.0600000000000005
2018-06-23,75,7.0,,0.07,5.250000000000001
2018-06-24,68,7.0,False,0.07,4.760000000000001
2018-06-25,54,7.0,,0.07,3.7800000000000002
2018-06-26,74,7.0,,0.07,5.180000000000001
2018-06-27,88,7.0,,0.07,6.16
2018-06-28,66,7.0,,0.07,4.62
2018-06-29,80,7.0,,0.07,5.6000000000000005
2018-06-30,82,7.0,,0.07,5.74
2018-07-01,33,7.0,False,0.07,2.31
2018-07-02,56,7.0,,0.07,3.9200000000000004
2018-07-03,49,7.0,,0.07,3.43
2018-07-04,35,7.0,,0.07,2.45
2018-07-05,35,7.0,,0.07,2.45
2018-07-06,83,7.0,,0.07,5.8100000000000005
2018-07-07,38,7.0,,0.07,2.66
2018-07-08,43,7.0,False,0.07,3.0100000000000002
2018-07-09,49,7.0,,0.07,3.43
2018-07-10,47,7.0,,0.07,3.2900000000000005
2018-07-11,45,7.0,,0.07,3.1500000000000004
2018-07-12,47,7.0,,0.07,3.2900000000000005
2018-07-13,57,7.0,,0.07,3.99
2018-07-14,53,7.0,,0.07,3.7100000000000004
2018-07-15,87,8.0,False,0.08,6.96
2018-07-16,58,8.0,,0.08,4.64
2018-07-17,53,8.0,,0.08,4.24
2018-07-18,69,8.0,,0.08,5.5200000000000005
2018-07-19,70,8.0,,0.08,5.6000000000000005
2018-07-20,48,8.0,,0.08,3.84
2018-07-21,49,8.0,,0.08,3.92
2018-07-22,62,9.0,False,0.09,5.58
2018-07-23,42,9.0,,0.09,3.78
2018-07-24,92,9.0,,0.09,8.28
2018-07-25,100,9.0,,0.09,9.0
2018-07-26,47,9.0,,0.09,4.2299999999999995
2018-07-27,51,9.0,,0.09,4.59
2018-07-28,70,9.0,,0.09,6.3
2018-07-29,40,9.0,False,0.09,3.5999999999999996
2018-07-30,64,9.0,,0.09,5.76
2018-07-31,53,9.0,,0.09,4.77
2018-08-01,67,9.0,,0.09,6.029999999999999
2018-08-02,72,9.0,,0.09,6.4799999999999995
2018-08-03,100,9.0,,0.09,9.0
2018-08-04,87,9.0,,0.09,7.83
2018-08-05,99,10.0,False,0.1,9.9
2018-08-06,57,10.0,,0.1,5.7
2018-08-07,76,10.0,,0.1,7.6000000000000005
2018-08-08,81,10.0,,0.1,8.1
2018-08-09,99,10.0,,0.1,9.9
2018-08-10,72,10.0,,0.1,7.2
2018-08-11,95,10.0,,0.1,9.5
2018-08-12,47,7.0,False,0.07,3.2900000000000005
2018-08-13,74,7.0,,0.07,5.180000000000001
2018-08-14,50,7.0,,0.07,3.5000000000000004
2018-08-15,72,7.0,,0.07,5.040000000000001
2018-08-16,51,7.0,,0.07,3.5700000000000003
2018-08-17,81,7.0,,0.07,5.670000000000001
2018-08-18,64,7.0,,0.07,4.48
2018-08-19,59,8.0,False,0.08,4.72
2018-08-20,60,8.0,,0.08,4.8
2018-08-21,47,8.0,,0.08,3.7600000000000002
2018-08-22,47,8.0,,0.08,3.7600000000000002
2018-08-23,38,8.0,,0.08,3.04
2018-08-24,65,8.0,,0.08,5.2
2018-08-25,53,8.0,,0.08,4.24
2018-08-26,43,8.0,False,0.08,3.44
2018-08-27,75,8.0,,0.08,6.0
2018-08-28,74,8.0,,0.08,5.92
2018-08-29,66,8.0,,0.08,5.28
2018-08-30,33,8.0,,0.08,2.64
2018-08-31,77,8.0,,0.08,6.16
2018-09-01,68,8.0,,0.08,5.44
2018-09-02,49,8.0,False,0.08,3.92
2018-09-03,75,8.0,,0.08,6.0
2018-09-04,67,8.0,,0.08,5.36
2018-09-05,63,8.0,,0.08,5.04
2018-09-06,67,8.0,,0.08,5.36
2018-09-07,72,8.0,,0.08,5.76
2018-09-08,73,8.0,,0.08,5.84
2018-09-09,53,8.0,False,0.08,4.24
2018-09-10,50,8.0,,0.08,4.0
2018-09-11,71,8.0,,0.08,5.68
2018-09-12,100,8.0,,0.08,8.0
2018-09-13,60,8.0,,0.08,4.8
2018-09-14,87,8.0,,0.08,6.96
2018-09-15,49,8.0,,0.08,3.92
2018-09-16,91,10.0,False,0.1,9.1
2018-09-17,86,10.0,,0.1,8.6
2018-09-18,63,10.0,,0.1,6.300000000000001
2018-09-19,80,10.0,,0.1,8.0
2018-09-20,63,10.0,,0.1,6.300000000000001
2018-09-21,71,10.0,,0.1,7.1000000000000005
2018-09-22,58,10.0,,0.1,5.800000000000001
2018-09-23,94,8.0,False,0.08,7.5200000000000005
2018-09-24,59,8.0,,0.08,4.72
2018-09-25,38,8.0,,0.08,3.04
2018-09-26,42,8.0,,0.08,3.36
2018-09-27,73,8.0,,0.08,5.84
2018-09-28,75,8.0,,0.08,6.0
2018-09-29,74,8.0,,0.08,5.92
2018-09-30,43,8.0,False,0.08,3.44
2018-10-01,46,8.0,,0.08,3.68
2018-10-02,42,8.0,,0.08,3.36
2018-10-03,65,8.0,,0.08,5.2
2018-10-04,58,8.0,,0.08,4.64
2018-10-05,45,8.0,,0.08,3.6
2018-10-06,53,8.0,,0.08,4.24
2018-10-07,34,8.0,False,0.08,2.72
2018-10-08,58,8.0,,0.08,4.64
2018-10-09,37,8.0,,0.08,2.96
2018-10-10,51,8.0,,0.08,4.08
2018-10-11,40,8.0,,0.08,3.2
2018-10-12,75,8.0,,0.08,6.0
2018-10-13,100,8.0,,0.08,8.0
2018-10-14,36,7.0,False,0.07,2.5200000000000005
2018-10-15,79,7.0,,0.07,5.53
2018-10-16,35,7.0,,0.07,2.45
2018-10-17,55,7.0,,0.07,3.8500000000000005
2018-10-18,60,7.0,,0.07,4.2
2018-10-19,29,7.0,,0.07,2.0300000000000002
2018-10-20,50,7.0,,0.07,3.5000000000000004
2018-10-21,48,8.0,False,0.08,3.84
2018-10-22,70,8.0,,0.08,5.6000000000000005
2018-10-23,85,8.0,,0.08,6.8
2018-10-24,47,8.0,,0.08,3.7600000000000002
2018-10-25,63,8.0,,0.08,5.04
2018-10-26,29,8.0,,0.08,2.32
2018-10-27,69,8.0,,0.08,5.5200000000000005
2018-10-28,51,7.0,False,0.07,3.5700000000000003
2018-10-29,63,7.0,,0.07,4.41
2018-10-30,42,7.0,,0.07,2.9400000000000004
2018-10-31,28,7.0,,0.07,1.9600000000000002
2018-11-01,36,7.0,,0.07,2.5200000000000005
2018-11-02,31,7.0,,0.07,2.1700000000000004
2018-11-03,51,7.0,,0.07,3.5700000000000003
2018-11-04,74,9.0,False,0.09,6.66
2018-11-05,74,9.0,,0.09,6.66
2018-11-06,77,9.0,,0.09,6.93
2018-11-07,56,9.0,,0.09,5.04
2018-11-08,86,9.0,,0.09,7.739999999999999
2018-11-09,70,9.0,,0.09,6.3
2018-11-10,100,9.0,,0.09,9.0
2018-11-11,80,7.0,False,0.07,5.6000000000000005
2018-11-12,72,7.0,,0.07,5.040000000000001
2018-11-13,43,7.0,,0.07,3.0100000000000002
2018-11-14,82,7.0,,0.07,5.74
2018-11-15,59,7.0,,0.07,4.130000000000001
2018-11-16,46,7.0,,0.07,3.22
2018-11-17,90,7.0,,0.07,6.300000000000001
2018-11-18,88,7.0,False,0.07,6.16
2018-11-19,93,7.0,,0.07,6.510000000000001
2018-11-20,63,7.0,,0.07,4.41
2018-11-21,68,7.0,,0.07,4.760000000000001
2018-11-22,91,7.0,,0.07,6.370000000000001
2018-11-23,51,7.0,,0.07,3.5700000000000003
2018-11-24,38,7.0,,0.07,2.66
2018-11-25,80,7.0,False,0.07,5.6000000000000005
2018-11-26,76,7.0,,0.07,5.32
2018-11-27,71,7.0,,0.07,4.970000000000001
2018-11-28,81,7.0,,0.07,5.670000000000001
2018-11-29,39,7.0,,0.07,2.7300000000000004
2018-11-30,49,7.0,,0.07,3.43
2018-12-01,73,7.0,,0.07,5.11
2018-12-02,66,7.0,False,0.07,4.62
2018-12-03,44,7.0,,0.07,3.08
2018-12-04,97,7.0,,0.07,6.790000000000001
2018-12-05,77,7.0,,0.07,5.390000000000001
2018-12-06,89,7.0,,0.07,6.23
2018-12-07,46,7.0,,0.07,3.22
2018-12-08,52,7.0,,0.07,3.6400000000000006
2018-12-09,55,5.0,False,0.05,2.75
2018-12-10,39,5.0,,0.05,1.9500000000000002
2018-12-11,53,5.0,,0.05,2.6500000000000004
2018-12-12,55,5.0,,0.05,2.75
2018-12-13,46,5.0,,0.05,2.3000000000000003
2018-12-14,99,5.0,,0.05,4.95
2018-12-15,70,5.0,,0.05,3.5
2018-12-16,57,6.0,False,0.06,3.42
2018-12-17,60,6.0,,0.06,3.5999999999999996
2018-12-18,100,6.0,,0.06,6.0
2018-12-19,63,6.0,,0.06,3.78
2018-12-20,85,6.0,,0.06,5.1
2018-12-21,61,6.0,,0.06,3.6599999999999997
2018-12-22,42,6.0,,0.06,2.52
2018-12-23,48,7.0,False,0.07,3.3600000000000003
2018-12-24,65,7.0,,0.07,4.550000000000001
2018-12-25,69,7.0,,0.07,4.83
2018-12-26,72,7.0,,0.07,5.040000000000001
2018-12-27,75,7.0,,0.07,5.250000000000001
2018-12-28,49,7.0,,0.07,3.43
2018-12-29,29,7.0,,0.07,2.0300000000000002
2018-12-30,35,6.0,False,0.06,2.1
2018-12-31,46,6.0,,0.06,2.76
2019-01-01,58,6.0,,0.06,3.48
2019-01-02,100,6.0,,0.06,6.0
2019-01-03,73,6.0,,0.06,4.38
2019-01-04,80,6.0,,0.06,4.8
2019-01-05,54,6.0,,0.06,3.2399999999999998
2019-01-06,53,6.0,False,0.06,3.1799999999999997
2019-01-07,84,6.0,,0.06,5.04
2019-01-08,77,6.0,,0.06,4.62
2019-01-09,95,6.0,,0.06,5.7
2019-01-10,72,6.0,,0.06,4.32
2019-01-11,31,6.0,,0.06,1.8599999999999999
2019-01-12,73,6.0,,0.06,4.38
2019-01-13,66,7.0,False,0.07,4.62
2019-01-14,64,7.0,,0.07,4.48
2019-01-15,52,7.0,,0.07,3.6400000000000006
2019-01-16,83,7.0,,0.07,5.8100000000000005
2019-01-17,71,7.0,,0.07,4.970000000000001
2019-01-18,73,7.0,,0.07,5.11
2019-01-19,60,7.0,,0.07,4.2
2019-01-20,82,6.0,False,0.06,4.92
2019-01-21,64,6.0,,0.06,3.84
2019-01-22,58,6.0,,0.06,3.48
2019-01-23,85,6.0,,0.06,5.1
2019-01-24,64,6.0,,0.06,3.84
2019-01-25,53,6.0,,0.06,3.1799999999999997
2019-01-26,60,6.0,,0.06,3.5999999999999996
2019-01-27,52,7.0,False,0.07,3.6400000000000006
2019-01-28,99,7.0,,0.07,6.930000000000001
2019-01-29,52,7.0,,0.07,3.6400000000000006
2019-01-30,58,7.0,,0.07,4.0600000000000005
2019-01-31,71,7.0,,0.07,4.970000000000001
2019-02-01,50,7.0,,0.07,3.5000000000000004
2019-02-02,83,7.0,,0.07,5.8100000000000005
2019-02-03,27,7.0,False,0.07,1.8900000000000001
2019-02-04,73,7.0,,0.07,5.11
2019-02-05,78,7.0,,0.07,5.460000000000001
2019-02-06,53,7.0,,0.07,3.7100000000000004
2019-02-07,67,7.0,,0.07,4.69
2019-02-08,90,7.0,,0.07,6.300000000000001
2019-02-09,39,7.0,,0.07,2.7300000000000004
2019-02-10,49,7.0,False,0.07,3.43
2019-02-11,57,7.0,,0.07,3.99
2019-02-12,52,7.0,,0.07,3.6400000000000006
2019-02-13,47,7.0,,0.07,3.2900000000000005
2019-02-14,49,7.0,,0.07,3.43
2019-02-15,56,7.0,,0.07,3.9200000000000004
2019-02-16,61,7.0,,0.07,4.2700000000000005
2019-02-17,100,7.0,False,0.07,7.000000000000001
2019-02-18,54,7.0,,0.07,3.7800000000000002
2019-02-19,57,7.0,,0.07,3.99
2019-02-20,38,7.0,,0.07,2.66
2019-02-21,77,7.0,,0.07,5.390000000000001
2019-02-22,55,7.0,,0.07,3.8500000000000005
2019-02-23,66,7.0,,0.07,4.62
2019-02-24,93,7.0,False,0.07,6.510000000000001
2019-02-25,57,7.0,,0.07,3.99
2019-02-26,82,7.0,,0.07,5.74
2019-02-27,52,7.0,,0.07,3.6400000000000006
2019-02-28,24,7.0,,0.07,1.6800000000000002
2019-03-01,76,7.0,,0.07,5.32
2019-03-02,54,7.0,,0.07,3.7800000000000002
2019-03-03,65,7.0,False,0.07,4.550000000000001
2019-03-04,58,7.0,,0.07,4.0600000000000005
2019-03-05,100,7.0,,0.07,7.000000000000001
2019-03-06,41,7.0,,0.07,2.87
2019-03-07,43,7.0,,0.07,3.0100000000000002
2019-03-08,82,7.0,,0.07,5.74
2019-03-09,85,7.0,,0.07,5.95
2019-03-10,59,7.0,False,0.07,4.130000000000001
2019-03-11,47,7.0,,0.07,3.2900000000000005
2019-03-12,73,7.0,,0.07,5.11
2019-03-13,36,7.0,,0.07,2.5200000000000005
2019-03-14,42,7.0,,0.07,2.9400000000000004
2019-03-15,54,7.0,,0.07,3.7800000000000002
2019-03-16,60,7.0,,0.07,4.2
2019-03-17,30,6.0,False,0.06,1.7999999999999998
2019-03-18,42,6.0,,0.06,2.52
2019-03-19,80,6.0,,0.06,4.8
2019-03-20,48,6.0,,0.06,2.88
2019-03-21,49,6.0,,0.06,2.94
2019-03-22,66,6.0,,0.06,3.96
2019-03-23,61,6.0,,0.06,3.6599999999999997
2019-03-24,49,5.0,False,0.05,2.45
2019-03-25,42,5.0,,0.05,2.1
2019-03-26,79,5.0,,0.05,3.95
2019-03-27,74,5.0,,0.05,3.7
2019-03-28,54,5.0,,0.05,2.7
2019-03-29,28,5.0,,0.05,1.4000000000000001
2019-03-30,31,5.0,,0.05,1.55
2019-03-31,42,7.0,False,0.07,2.9400000000000004
2019-04-01,63,7.0,,0.07,4.41
2019-04-02,83,7.0,,0.07,5.8100000000000005
2019-04-03,67,7.0,,0.07,4.69
2019-04-04,63,7.0,,0.07,4.41
2019-04-05,40,7.0,,0.07,2.8000000000000003
2019-04-06,44,7.0,,0.07,3.08
2019-04-07,83,8.0,False,0.08,6.640000000000001
2019-04-08,67,8.0,,0.08,5.36
2019-04-09,100,8.0,,0.08,8.0
2019-04-10,57,8.0,,0.08,4.5600000000000005
2019-04-11,58,8.0,,0.08,4.64
2019-04-12,97,8.0,,0.08,7.76
2019-04-13,51,8.0,,0.08,4.08
2019-04-14,55,6.0,False,0.06,3.3
2019-04-15,29,6.0,,0.06,1.74
2019-04-16,54,6.0,,0.06,3.2399999999999998
2019-04-17,70,6.0,,0.06,4.2
2019-04-18,93,6.0,,0.06,5.58
2019-04-19,44,6.0,,0.06,2.6399999999999997
2019-04-20,70,6.0,,0.06,4.2
2019-04-21,53,8.0,False,0.08,4.24
2019-04-22,61,8.0,,0.08,4.88
2019-04-23,78,8.0,,0.08,6.24
2019-04-24,83,8.0,,0.08,6.640000000000001
2019-04-25,34,8.0,,0.08,2.72
2019-04-26,70,8.0,,0.08,5.6000000000000005
2019-04-27,83,8.0,,0.08,6.640000000000001
2019-04-28,70,9.0,False,0.09,6.3
2019-04-29,57,9.0,,0.09,5.13
2019-04-30,77,9.0,,0.09,6.93
2019-05-01,37,9.0,,0.09,3.33
2019-05-02,69,9.0,,0.09,6.21
2019-05-03,59,9.0,,0.09,5.31
2019-05-04,69,9.0,,0.09,6.21
2019-05-05,60,9.0,False,0.09,5.3999999999999995
2019-05-06,50,9.0,,0.09,4.5
2019-05-07,45,9.0,,0.09,4.05
2019-05-08,65,9.0,,0.09,5.85
2019-05-09,70,9.0,,0.09,6.3
2019-05-10,53,9.0,,0.09,4.77
2019-05-11,95,9.0,,0.09,8.549999999999999
2019-05-12,66,10.0,False,0.1,6.6000000000000005
2019-05-13,46,10.0,,0.1,4.6000000000000005
2019-05-14,61,10.0,,0.1,6.1000000000000005
2019-05-15,61,10.0,,0.1,6.1000000000000005
2019-05-16,46,10.0,,0.1,4.6000000000000005
2019-05-17,89,10.0,,0.1,8.9
2019-05-18,67,10.0,,0.1,6.7
2019-05-19,100,9.0,False,0.09,9.0
2019-05-20,46,9.0,,0.09,4.14
2019-05-21,49,9.0,,0.09,4.41
2019-05-22,38,9.0,,0.09,3.42
2019-05-23,52,9.0,,0.09,4.68
2019-05-24,51,9.0,,0.09,4.59
2019-05-25,40,9.0,,0.09,3.5999999999999996
2019-05-26,66,9.0,False,0.09,5.9399999999999995
2019-05-27,69,9.0,,0.09,6.21
2019-05-28,78,9.0,,0.09,7.02
2019-05-29,74,9.0,,0.09,6.66
2019-05-30,76,9.0,,0.09,6.84
2019-05-31,40,9.0,,0.09,3.5999999999999996
2019-06-01,63,9.0,,0.09,5.67
2019-06-02,60,10.0,False,0.1,6.0
2019-06-03,60,10.0,,0.1,6.0
2019-06-04,72,10.0,,0.1,7.2
2019-06-05,57,10.0,,0.1,5.7
2019-06-06,79,10.0,,0.1,7.9
2019-06-07,56,10.0,,0.1,5.6000000000000005
2019-06-08,41,10.0,,0.1,4.1000000000000005
2019-06-09,66,10.0,False,0.1,6.6000000000000005
2019-06-10,54,10.0,,0.1,5.4
2019-06-11,32,10.0,,0.1,3.2
2019-06-12,51,10.0,,0.1,5.1000000000000005
2019-06-13,65,10.0,,0.1,6.5
2019-06-14,48,10.0,,0.1,4.800000000000001
2019-06-15,58,10.0,,0.1,5.800000000000001
2019-06-16,45,11.0,False,0.11,4.95
2019-06-17,54,11.0,,0.11,5.94
2019-06-18,69,11.0,,0.11,7.59
2019-06-19,72,11.0,,0.11,7.92
2019-06-20,78,11.0,,0.11,8.58
2019-06-21,69,11.0,,0.11,7.59
2019-06-22,29,11.0,,0.11,3.19
2019-06-23,100,14.0,False,0.14,14.000000000000002
2019-06-24,95,14.0,,0.14,13.3
2019-06-25,94,14.0,,0.14,13.160000000000002
2019-06-26,90,14.0,,0.14,12.600000000000001
2019-06-27,94,14.0,,0.14,13.160000000000002
2019-06-28,80,14.0,,0.14,11.200000000000001
2019-06-29,71,14.0,,0.14,9.940000000000001
2019-06-30,83,11.0,False,0.11,9.13
2019-07-01,50,11.0,,0.11,5.5
2019-07-02,55,11.0,,0.11,6.05
2019-07-03,72,11.0,,0.11,7.92
2019-07-04,81,11.0,,0.11,8.91
2019-07-05,40,11.0,,0.11,4.4
2019-07-06,75,11.0,,0.11,8.25
2019-07-07,49,9.0,False,0.09,4.41
2019-07-08,47,9.0,,0.09,4.2299999999999995
2019-07-09,37,9.0,,0.09,3.33
2019-07-10,59,9.0,,0.09,5.31
2019-07-11,43,9.0,,0.09,3.8699999999999997
2019-07-12,74,9.0,,0.09,6.66
2019-07-13,62,9.0,,0.09,5.58
2019-07-14,63,9.0,False,0.09,5.67
2019-07-15,43,9.0,,0.09,3.8699999999999997
2019-07-16,100,9.0,,0.09,9.0
2019-07-17,53,9.0,,0.09,4.77
2019-07-18,33,9.0,,0.09,2.9699999999999998
2019-07-19,57,9.0,,0.09,5.13
2019-07-20,29,9.0,,0.09,2.61
2019-07-21,70,8.0,False,0.08,5.6000000000000005
2019-07-22,54,8.0,,0.08,4.32
2019-07-23,45,8.0,,0.08,3.6
2019-07-24,43,8.0,,0.08,3.44
2019-07-25,50,8.0,,0.08,4.0
2019-07-26,40,8.0,,0.08,3.2
2019-07-27,51,8.0,,0.08,4.08
2019-07-28,36,8.0,False,0.08,2.88
2019-07-29,52,8.0,,0.08,4.16
2019-07-30,94,8.0,,0.08,7.5200000000000005
2019-07-31,61,8.0,,0.08,4.88
2019-08-01,62,8.0,,0.08,4.96
2019-08-02,32,8.0,,0.08,2.56
2019-08-03,39,8.0,,0.08,3.12
2019-08-04,78,10.0,False,0.1,7.800000000000001
2019-08-05,77,10.0,,0.1,7.7
2019-08-06,61,10.0,,0.1,6.1000000000000005
2019-08-07,84,10.0,,0.1,8.4
2019-08-08,61,10.0,,0.1,6.1000000000000005
2019-08-09,47,10.0,,0.1,4.7
2019-08-10,70,10.0,,0.1,7.0
2019-08-11,61,11.0,False,0.11,6.71
2019-08-12,30,11.0,,0.11,3.3
2019-08-13,78,11.0,,0.11,8.58
2019-08-14,72,11.0,,0.11,7.92
2019-08-15,100,11.0,,0.11,11.0
2019-08-16,55,11.0,,0.11,6.05
2019-08-17,99,11.0,,0.11,10.89
2019-08-18,34,9.0,False,0.09,3.06
2019-08-19,78,9.0,,0.09,7.02
2019-08-20,67,9.0,,0.09,6.029999999999999
2019-08-21,67,9.0,,0.09,6.029999999999999
2019-08-22,79,9.0,,0.09,7.109999999999999
2019-08-23,71,9.0,,0.09,6.39
2019-08-24,34,9.0,,0.09,3.06
2019-08-25,78,9.0,False,0.09,7.02
2019-08-26,63,9.0,,0.09,5.67
2019-08-27,69,9.0,,0.09,6.21
2019-08-28,65,9.0,,0.09,5.85
2019-08-29,29,9.0,,0.09,2.61
2019-08-30,44,9.0,,0.09,3.96
2019-08-31,50,9.0,,0.09,4.5
2019-09-01,53,8.0,False,0.08,4.24
2019-09-02,74,8.0,,0.08,5.92
2019-09-03,60,8.0,,0.08,4.8
2019-09-04,47,8.0,,0.08,3.7600000000000002
2019-09-05,72,8.0,,0.08,5.76
2019-09-06,89,8.0,,0.08,7.12
2019-09-07,66,8.0,,0.08,5.28
2019-09-08,77,9.0,False,0.09,6.93
2019-09-09,64,9.0,,0.09,5.76
2019-09-10,54,9.0,,0.09,4.859999999999999
2019-09-11,71,9.0,,0.09,6.39
2019-09-12,46,9.0,,0.09,4.14
2019-09-13,82,9.0,,0.09,7.38
2019-09-14,53,9.0,,0.09,4.77
2019-09-15,76,8.0,False,0.08,6.08
2019-09-16,53,8.0,,0.08,4.24
2019-09-17,63,8.0,,0.08,5.04
2019-09-18,59,8.0,,0.08,4.72
2019-09-19,64,8.0,,0.08,5.12
2019-09-20,71,8.0,,0.08,5.68
2019-09-21,44,8.0,,0.08,3.52
2019-09-22,63,9.0,False,0.09,5.67
2019-09-23,55,9.0,,0.09,4.95
2019-09-24,48,9.0,,0.09,4.32
2019-09-25,55,9.0,,0.09,4.95
2019-09-26,43,9.0,,0.09,3.8699999999999997
2019-09-27,100,9.0,,0.09,9.0
2019-09-28,65,9.0,,0.09,5.85
2019-09-29,44,8.0,False,0.08,3.52
2019-09-30,82,8.0,,0.08,6.5600000000000005
2019-10-01,43,8.0,,0.08,3.44
2019-10-02,82,8.0,,0.08,6.5600000000000005
2019-10-03,67,8.0,,0.08,5.36
2019-10-04,74,8.0,,0.08,5.92
2019-10-05,27,8.0,,0.08,2.16
2019-10-06,49,8.0,False,0.08,3.92
2019-10-07,67,8.0,,0.08,5.36
2019-10-08,51,8.0,,0.08,4.08
2019-10-09,52,8.0,,0.08,4.16
2019-10-10,79,8.0,,0.08,6.32
2019-10-11,52,8.0,,0.08,4.16
2019-10-12,67,8.0,,0.08,5.36
2019-10-13,88,8.0,False,0.08,7.04
2019-10-14,59,8.0,,0.08,4.72
2019-10-15,77,8.0,,0.08,6.16
2019-10-16,43,8.0,,0.08,3.44
2019-10-17,44,8.0,,0.08,3.52
2019-10-18,25,8.0,,0.08,2.0
2019-10-19,54,8.0,,0.08,4.32
2019-10-20,75,9.0,False,0.09,6.75
2019-10-21,65,9.0,,0.09,5.85
2019-10-22,75,9.0,,0.09,6.75
2019-10-23,62,9.0,,0.09,5.58
2019-10-24,100,9.0,,0.09,9.0
2019-10-25,78,9.0,,0.09,7.02
2019-10-26,81,9.0,,0.09,7.29
2019-10-27,61,9.0,False,0.09,5.49
2019-10-28,46,9.0,,0.09,4.14
2019-10-29,63,9.0,,0.09,5.67
2019-10-30,58,9.0,,0.09,5.22
2019-10-31,40,9.0,,0.09,3.5999999999999996
2019-11-01,37,9.0,,0.09,3.33
2019-11-02,81,9.0,,0.09,7.29
2019-11-03,59,7.0,False,0.07,4.130000000000001
2019-11-04,58,7.0,,0.07,4.0600000000000005
2019-11-05,42,7.0,,0.07,2.9400000000000004
2019-11-06,45,7.0,,0.07,3.1500000000000004
2019-11-07,34,7.0,,0.07,2.3800000000000003
2019-11-08,55,7.0,,0.07,3.8500000000000005
2019-11-09,89,7.0,,0.07,6.23
2019-11-10,46,8.0,False,0.08,3.68
2019-11-11,45,8.0,,0.08,3.6
2019-11-12,71,8.0,,0.08,5.68
2019-11-13,49,8.0,,0.08,3.92
2019-11-14,52,8.0,,0.08,4.16
2019-11-15,79,8.0,,0.08,6.32
2019-11-16,100,8.0,,0.08,8.0
2019-11-17,51,9.0,False,0.09,4.59
2019-11-18,68,9.0,,0.09,6.12
2019-11-19,88,9.0,,0.09,7.92
2019-11-20,54,9.0,,0.09,4.859999999999999
2019-11-21,70,9.0,,0.09,6.3
2019-11-22,80,9.0,,0.09,7.199999999999999
2019-11-23,43,9.0,,0.09,3.8699999999999997
2019-11-24,71,9.0,False,0.09,6.39
2019-11-25,53,9.0,,0.09,4.77
2019-11-26,57,9.0,,0.09,5.13
2019-11-27,76,9.0,,0.09,6.84
2019-11-28,50,9.0,,0.09,4.5
2019-11-29,74,9.0,,0.09,6.66
2019-11-30,89,9.0,,0.09,8.01
2019-12-01,45,9.0,False,0.09,4.05
2019-12-02,62,9.0,,0.09,5.58
2019-12-03,58,9.0,,0.09,5.22
2019-12-04,63,9.0,,0.09,5.67
2019-12-05,50,9.0,,0.09,4.5
2019-12-06,57,9.0,,0.09,5.13
2019-12-07,100,9.0,,0.09,9.0
2019-12-08,94,8.0,False,0.08,7.5200000000000005
2019-12-09,77,8.0,,0.08,6.16
2019-12-10,56,8.0,,0.08,4.48
2019-12-11,41,8.0,,0.08,3.2800000000000002
2019-12-12,51,8.0,,0.08,4.08
2019-12-13,99,8.0,,0.08,7.92
2019-12-14,81,8.0,,0.08,6.48
2019-12-15,87,9.0,False,0.09,7.83
2019-12-16,45,9.0,,0.09,4.05
2019-12-17,82,9.0,,0.09,7.38
2019-12-18,95,9.0,,0.09,8.549999999999999
2019-12-19,52,9.0,,0.09,4.68
2019-12-20,54,9.0,,0.09,4.859999999999999
2019-12-21,57,9.0,,0.09,5.13
2019-12-22,73,8.0,False,0.08,5.84
2019-12-23,68,8.0,,0.08,5.44
2019-12-24,47,8.0,,0.08,3.7600000000000002
2019-12-25,80,8.0,,0.08,6.4
2019-12-26,55,8.0,,0.08,4.4
2019-12-27,58,8.0,,0.08,4.64
2019-12-28,95,8.0,,0.08,7.6000000000000005
2019-12-29,62,7.0,False,0.07,4.340000000000001
2019-12-30,52,7.0,,0.07,3.6400000000000006
2019-12-31,57,7.0,,0.07,3.99
2020-01-01,64,7.0,,0.07,4.48
2020-01-02,55,7.0,,0.07,3.8500000000000005
2020-01-03,41,7.0,,0.07,2.87
2020-01-04,57,7.0,,0.07,3.99
2020-01-05,77,8.0,False,0.08,6.16
2020-01-06,48,8.0,,0.08,3.84
2020-01-07,68,8.0,,0.08,5.44
2020-01-08,91,8.0,,0.08,7.28
2020-01-09,44,8.0,,0.08,3.52
2020-01-10,77,8.0,,0.08,6.16
2020-01-11,89,8.0,,0.08,7.12
2020-01-12,75,9.0,False,0.09,6.75
2020-01-13,40,9.0,,0.09,3.5999999999999996
2020-01-14,45,9.0,,0.09,4.05
2020-01-15,57,9.0,,0.09,5.13
2020-01-16,44,9.0,,0.09,3.96
2020-01-17,77,9.0,,0.09,6.93
2020-01-18,89,9.0,,0.09,8.01
2020-01-19,78,9.0,False,0.09,7.02
2020-01-20,100,9.0,,0.09,9.0
2020-01-21,75,9.0,,0.09,6.75
2020-01-22,59,9.0,,0.09,5.31
2020-01-23,55,9.0,,0.09,4.95
2020-01-24,86,9.0,,0.09,7.739999999999999
2020-01-25,63,9.0,,0.09,5.67
2020-01-26,61,8.0,False,0.08,4.88
2020-01-27,46,8.0,,0.08,3.68
2020-01-28,98,8.0,,0.08,7.84
2020-01-29,67,8.0,,0.08,5.36
2020-01-30,76,8.0,,0.08,6.08
2020-01-31,82,8.0,,0.08,6.5600000000000005
2020-02-01,79,8.0,,0.08,6.32
2020-02-02,73,9.0,False,0.09,6.569999999999999
2020-02-03,73,9.0,,0.09,6.569999999999999
2020-02-04,70,9.0,,0.09,6.3
2020-02-05,86,9.0,,0.09,7.739999999999999
2020-02-06,62,9.0,,0.09,5.58
2020-02-07,79,9.0,,0.09,7.109999999999999
2020-02-08,63,9.0,,0.09,5.67
2020-02-09,86,10.0,False,0.1,8.6
2020-02-10,100,10.0,,0.1,10.0
2020-02-11,80,10.0,,0.1,8.0
2020-02-12,84,10.0,,0.1,8.4
2020-02-13,33,10.0,,0.1,3.3000000000000003
2020-02-14,54,10.0,,0.1,5.4
2020-02-15,86,10.0,,0.1,8.6
2020-02-16,54,11.0,False,0.11,5.94
2020-02-17,72,11.0,,0.11,7.92
2020-02-18,86,11.0,,0.11,9.46
2020-02-19,32,11.0,,0.11,3.52
2020-02-20,52,11.0,,0.11,5.72
2020-02-21,54,11.0,,0.11,5.94
2020-02-22,87,11.0,,0.11,9.57
2020-02-23,61,9.0,False,0.09,5.49
2020-02-24,59,9.0,,0.09,5.31
2020-02-25,61,9.0,,0.09,5.49
2020-02-26,71,9.0,,0.09,6.39
2020-02-27,53,9.0,,0.09,4.77
2020-02-28,59,9.0,,0.09,5.31
2020-02-29,43,9.0,,0.09,3.8699999999999997
2020-03-01,48,9.0,False,0.09,4.32
2020-03-02,75,9.0,,0.09,6.75
2020-03-03,64,9.0,,0.09,5.76
2020-03-04,70,9.0,,0.09,6.3
2020-03-05,55,9.0,,0.09,4.95
2020-03-06,97,9.0,,0.09,8.73
2020-03-07,87,9.0,,0.09,7.83
2020-03-08,52,8.0,False,0.08,4.16
2020-03-09,43,8.0,,0.08,3.44
2020-03-10,71,8.0,,0.08,5.68
2020-03-11,56,8.0,,0.08,4.48
2020-03-12,66,8.0,,0.08,5.28
2020-03-13,95,8.0,,0.08,7.6000000000000005
2020-03-14,84,8.0,,0.08,6.72
2020-03-15,56,9.0,False,0.09,5.04
2020-03-16,91,9.0,,0.09,8.19
2020-03-17,66,9.0,,0.09,5.9399999999999995
2020-03-18,86,9.0,,0.09,7.739999999999999
2020-03-19,78,9.0,,0.09,7.02
2020-03-20,95,9.0,,0.09,8.549999999999999
2020-03-21,83,9.0,,0.09,7.47
2020-03-22,62,9.0,False,0.09,5.58
2020-03-23,71,9.0,,0.09,6.39
2020-03-24,72,9.0,,0.09,6.4799999999999995
2020-03-25,49,9.0,,0.09,4.41
2020-03-26,92,9.0,,0.09,8.28
2020-03-27,72,9.0,,0.09,6.4799999999999995
2020-03-28,77,9.0,,0.09,6.93
2020-03-29,65,10.0,False,0.1,6.5
2020-03-30,44,10.0,,0.1,4.4
2020-03-31,100,10.0,,0.1,10.0
2020-04-01,38,10.0,,0.1,3.8000000000000003
2020-04-02,51,10.0,,0.1,5.1000000000000005
2020-04-03,66,10.0,,0.1,6.6000000000000005
2020-04-04,52,10.0,,0.1,5.2
2020-04-05,55,11.0,False,0.11,6.05
2020-04-06,81,11.0,,0.11,8.91
2020-04-07,85,11.0,,0.11,9.35
2020-04-08,58,11.0,,0.11,6.38
2020-04-09,72,11.0,,0.11,7.92
2020-04-10,36,11.0,,0.11,3.96
2020-04-11,44,11.0,,0.11,4.84
2020-04-12,74,12.0,False,0.12,8.879999999999999
2020-04-13,53,12.0,,0.12,6.359999999999999
2020-04-14,77,12.0,,0.12,9.24
2020-04-15,66,12.0,,0.12,7.92
2020-04-16,51,12.0,,0.12,6.12
2020-04-17,100,12.0,,0.12,12.0
2020-04-18,95,12.0,,0.12,11.4
2020-04-19,84,12.0,False,0.12,10.08
2020-04-20,68,12.0,,0.12,8.16
2020-04-21,81,12.0,,0.12,9.719999999999999
2020-04-22,70,12.0,,0.12,8.4
2020-04-23,73,12.0,,0.12,8.76
2020-04-24,87,12.0,,0.12,10.44
2020-04-25,61,12.0,,0.12,7.319999999999999
2020-04-26,90,14.0,False,0.14,12.600000000000001
2020-04-27,49,14.0,,0.14,6.86
2020-04-28,60,14.0,,0.14,8.4
2020-04-29,79,14.0,,0.14,11.06
2020-04-30,83,14.0,,0.14,11.620000000000001
2020-05-01,86,14.0,,0.14,12.040000000000001
2020-05-02,67,14.0,,0.14,9.38
2020-05-03,60,15.0,False,0.15,9.0
2020-05-04,57,15.0,,0.15,8.549999999999999
2020-05-05,69,15.0,,0.15,10.35
2020-05-06,76,15.0,,0.15,11.4
2020-05-07,78,15.0,,0.15,11.7
2020-05-08,100,15.0,,0.15,15.0
2020-05-09,87,15.0,,0.15,13.049999999999999
2020-05-10,82,14.0,False,0.14,11.48
2020-05-11,80,14.0,,0.14,11.200000000000001
2020-05-12,66,14.0,,0.14,9.24
2020-05-13,44,14.0,,0.14,6.16
2020-05-14,56,14.0,,0.14,7.840000000000001
2020-05-15,40,14.0,,0.14,5.6000000000000005
2020-05-16,65,14.0,,0.14,9.100000000000001
2020-05-17,87,13.0,False,0.13,11.31
2020-05-18,70,13.0,,0.13,9.1
2020-05-19,70,13.0,,0.13,9.1
2020-05-20,63,13.0,,0.13,8.19
2020-05-21,59,13.0,,0.13,7.67
2020-05-22,60,13.0,,0.13,7.800000000000001
2020-05-23,70,13.0,,0.13,9.1
2020-05-24,51,13.0,False,0.13,6.63
2020-05-25,64,13.0,,0.13,8.32
2020-05-26,59,13.0,,0.13,7.67
2020-05-27,47,13.0,,0.13,6.11
2020-05-28,61,13.0,,0.13,7.930000000000001
2020-05-29,48,13.0,,0.13,6.24
2020-05-30,48,13.0,,0.13,6.24
2020-05-31,68,11.0,False,0.11,7.48
2020-06-01,70,11.0,,0.11,7.7
2020-06-02,56,11.0,,0.11,6.16
2020-06-03,48,11.0,,0.11,5.28
2020-06-04,83,11.0,,0.11,9.13
2020-06-05,62,11.0,,0.11,6.82
2020-06-06,66,11.0,,0.11,7.26
2020-06-07,54,12.0,False,0.12,6.4799999999999995
2020-06-08,65,12.0,,0.12,7.8
2020-06-09,65,12.0,,0.12,7.8
2020-06-10,98,12.0,,0.12,11.76
2020-06-11,54,12.0,,0.12,6.4799999999999995
2020-06-12,98,12.0,,0.12,11.76
2020-06-13,84,12.0,,0.12,10.08
2020-06-14,89,11.0,False,0.11,9.790000000000001
2020-06-15,61,11.0,,0.11,6.71
2020-06-16,87,11.0,,0.11,9.57
2020-06-17,67,11.0,,0.11,7.37
2020-06-18,79,11.0,,0.11,8.69
2020-06-19,50,11.0,,0.11,5.5
2020-06-20,83,11.0,,0.11,9.13
2020-06-21,86,13.0,False,0.13,11.18
2020-06-22,72,13.0,,0.13,9.36
2020-06-23,76,13.0,,0.13,9.88
2020-06-24,100,13.0,,0.13,13.0
2020-06-25,80,13.0,,0.13,10.4
2020-06-26,60,13.0,,0.13,7.800000000000001
2020-06-27,87,13.0,,0.13,11.31
2020-06-28,88,11.0,False,0.11,9.68
2020-06-29,58,11.0,,0.11,6.38
2020-06-30,85,11.0,,0.11,9.35
2020-07-01,53,11.0,,0.11,5.83
2020-07-02,85,11.0,,0.11,9.35
2020-07-03,63,11.0,,0.11,6.93
2020-07-04,78,11.0,,0.11,8.58
2020-07-05,61,13.0,False,0.13,7.930000000000001
2020-07-06,64,13.0,,0.13,8.32
2020-07-07,86,13.0,,0.13,11.18
2020-07-08,77,13.0,,0.13,10.01
2020-07-09,62,13.0,,0.13,8.06
2020-07-10,78,13.0,,0.13,10.14
2020-07-11,74,13.0,,0.13,9.620000000000001
2020-07-12,68,14.0,False,0.14,9.520000000000001
2020-07-13,60,14.0,,0.14,8.4
2020-07-14,64,14.0,,0.14,8.96
2020-07-15,81,14.0,,0.14,11.340000000000002
2020-07-16,74,14.0,,0.14,10.360000000000001
2020-07-17,79,14.0,,0.14,11.06
2020-07-18,66,14.0,,0.14,9.24
2020-07-19,72,14.0,False,0.14,10.080000000000002
2020-07-20,63,14.0,,0.14,8.82
2020-07-21,90,14.0,,0.14,12.600000000000001
2020-07-22,71,14.0,,0.14,9.940000000000001
2020-07-23,71,14.0,,0.14,9.940000000000001
2020-07-24,50,14.0,,0.14,7.000000000000001
2020-07-25,59,14.0,,0.14,8.260000000000002
2020-07-26,87,15.0,False,0.15,13.049999999999999
2020-07-27,81,15.0,,0.15,12.15
2020-07-28,95,15.0,,0.15,14.25
2020-07-29,100,15.0,,0.15,15.0
2020-07-30,74,15.0,,0.15,11.1
2020-07-31,64,15.0,,0.15,9.6
2020-08-01,59,15.0,,0.15,8.85
2020-08-02,76,15.0,False,0.15,11.4
2020-08-03,60,15.0,,0.15,9.0
2020-08-04,75,15.0,,0.15,11.25
2020-08-05,66,15.0,,0.15,9.9
2020-08-06,80,15.0,,0.15,12.0
2020-08-07,54,15.0,,0.15,8.1
2020-08-08,77,15.0,,0.15,11.549999999999999
2020-08-09,58,13.0,False,0.13,7.54
2020-08-10,80,13.0,,0.13,10.4
2020-08-11,54,13.0,,0.13,7.0200000000000005
2020-08-12,81,13.0,,0.13,10.530000000000001
2020-08-13,73,13.0,,0.13,9.49
2020-08-14,72,13.0,,0.13,9.36
2020-08-15,70,13.0,,0.13,9.1
2020-08-16,100,15.0,False,0.15,15.0
2020-08-17,62,15.0,,0.15,9.299999999999999
2020-08-18,53,15.0,,0.15,7.949999999999999
2020-08-19,65,15.0,,0.15,9.75
2020-08-20,74,15.0,,0.15,11.1
2020-08-21,54,15.0,,0.15,8.1
2020-08-22,69,15.0,,0.15,10.35
2020-08-23,67,14.0,False,0.14,9.38
2020-08-24,60,14.0,,0.14,8.4
2020-08-25,76,14.0,,0.14,10.64
2020-08-26,84,14.0,,0.14,11.760000000000002
2020-08-27,52,14.0,,0.14,7.280000000000001
2020-08-28,63,14.0,,0.14,8.82
2020-08-29,87,14.0,,0.14,12.180000000000001
2020-08-30,41,12.0,False,0.12,4.92
2020-08-31,53,12.0,,0.12,6.359999999999999
2020-09-01,66,12.0,,0.12,7.92
2020-09-02,48,12.0,,0.12,5.76
2020-09-03,50,12.0,,0.12,6.0
2020-09-04,56,12.0,,0.12,6.72
2020-09-05,49,12.0,,0.12,5.88
2020-09-06,49,12.0,False,0.12,5.88
2020-09-07,59,12.0,,0.12,7.08
2020-09-08,57,12.0,,0.12,6.84
2020-09-09,88,12.0,,0.12,10.559999999999999
2020-09-10,67,12.0,,0.12,8.04
2020-09-11,72,12.0,,0.12,8.64
2020-09-12,78,12.0,,0.12,9.36
2020-09-13,71,13.0,False,0.13,9.23
2020-09-14,49,13.0,,0.13,6.37
2020-09-15,69,13.0,,0.13,8.97
2020-09-16,45,13.0,,0.13,5.8500000000000005
2020-09-17,80,13.0,,0.13,10.4
2020-09-18,42,13.0,,0.13,5.46
2020-09-19,55,13.0,,0.13,7.15
2020-09-20,52,10.0,False,0.1,5.2
2020-09-21,60,10.0,,0.1,6.0
2020-09-22,42,10.0,,0.1,4.2
2020-09-23,100,10.0,,0.1,10.0
2020-09-24,49,10.0,,0.1,4.9
2020-09-25,41,10.0,,0.1,4.1000000000000005
2020-09-26,59,10.0,,0.1,5.9
2020-09-27,77,11.0,False,0.11,8.47
2020-09-28,53,11.0,,0.11,5.83
2020-09-29,64,11.0,,0.11,7.04
2020-09-30,41,11.0,,0.11,4.51
2020-10-01,48,11.0,,0.11,5.28
2020-10-02,55,11.0,,0.11,6.05
2020-10-03,40,11.0,,0.11,4.4
2020-10-04,57,11.0,False,0.11,6.2700000000000005
2020-10-05,59,11.0,,0.11,6.49
2020-10-06,68,11.0,,0.11,7.48
2020-10-07,56,11.0,,0.11,6.16
2020-10-08,60,11.0,,0.11,6.6
2020-10-09,75,11.0,,0.11,8.25
2020-10-10,64,11.0,,0.11,7.04
2020-10-11,63,10.0,False,0.1,6.300000000000001
2020-10-12,80,10.0,,0.1,8.0
2020-10-13,36,10.0,,0.1,3.6
2020-10-14,41,10.0,,0.1,4.1000000000000005
2020-10-15,64,10.0,,0.1,6.4
2020-10-16,49,10.0,,0.1,4.9
2020-10-17,60,10.0,,0.1,6.0
2020-10-18,72,12.0,False,0.12,8.64
2020-10-19,61,12.0,,0.12,7.319999999999999
2020-10-20,80,12.0,,0.12,9.6
2020-10-21,72,12.0,,0.12,8.64
2020-10-22,88,12.0,,0.12,10.559999999999999
2020-10-23,70,12.0,,0.12,8.4
2020-10-24,52,12.0,,0.12,6.24
2020-10-25,96,12.0,False,0.12,11.52
2020-10-26,72,12.0,,0.12,8.64
2020-10-27,69,12.0,,0.12,8.28
2020-10-28,61,12.0,,0.12,7.319999999999999
2020-10-29,88,12.0,,0.12,10.559999999999999
2020-10-30,67,12.0,,0.12,8.04
2020-10-31,100,12.0,,0.12,12.0
2020-11-01,28,12.0,False,0.12,3.36
2020-11-02,36,12.0,,0.12,4.32
2020-11-03,30,12.0,,0.12,3.5999999999999996
2020-11-04,24,12.0,,0.12,2.88
2020-11-05,33,12.0,,0.12,3.96
2020-11-06,33,12.0,,0.12,3.96
2020-11-07,41,12.0,,0.12,4.92
2020-11-08,45,12.0,False,0.12,5.3999999999999995
2020-11-09,32,12.0,,0.12,3.84
2020-11-10,44,12.0,,0.12,5.279999999999999
2020-11-11,38,12.0,,0.12,4.56
2020-11-12,40,12.0,,0.12,4.8
2020-11-13,43,12.0,,0.12,5.16
2020-11-14,55,12.0,,0.12,6.6
2020-11-15,32,17.0,False,0.17,5.44
2020-11-16,50,17.0,,0.17,8.5
2020-11-17,56,17.0,,0.17,9.520000000000001
2020-11-18,46,17.0,,0.17,7.82
2020-11-19,45,17.0,,0.17,7.65
2020-11-20,59,17.0,,0.17,10.030000000000001
2020-11-21,60,17.0,,0.17,10.200000000000001
2020-11-22,39,19.0,False,0.19,7.41
2020-11-23,49,19.0,,0.19,9.31
2020-11-24,100,19.0,,0.19,19.0
2020-11-25,57,19.0,,0.19,10.83
2020-11-26,57,19.0,,0.19,10.83
2020-11-27,59,19.0,,0.19,11.21
2020-11-28,52,19.0,,0.19,9.88
2020-11-29,33,14.0,False,0.14,4.62
2020-11-30,66,14.0,,0.14,9.24
2020-12-01,47,14.0,,0.14,6.580000000000001
2020-12-02,43,14.0,,0.14,6.0200000000000005
2020-12-03,61,14.0,,0.14,8.540000000000001
2020-12-04,56,14.0,,0.14,7.840000000000001
2020-12-05,65,14.0,,0.14,9.100000000000001
2020-12-06,55,13.0,False,0.13,7.15
2020-12-07,79,13.0,,0.13,10.27
2020-12-08,44,13.0,,0.13,5.720000000000001
2020-12-09,49,13.0,,0.13,6.37
2020-12-10,57,13.0,,0.13,7.41
2020-12-11,47,13.0,,0.13,6.11
2020-12-12,48,13.0,,0.13,6.24
2020-12-13,67,16.0,False,0.16,10.72
2020-12-14,45,16.0,,0.16,7.2
2020-12-15,51,16.0,,0.16,8.16
2020-12-16,73,16.0,,0.16,11.68
2020-12-17,76,16.0,,0.16,12.16
2020-12-18,69,16.0,,0.16,11.040000000000001
2020-12-19,47,16.0,,0.16,7.5200000000000005
2020-12-20,87,17.0,False,0.17,14.790000000000001
2020-12-21,80,17.0,,0.17,13.600000000000001
2020-12-22,66,17.0,,0.17,11.22
2020-12-23,44,17.0,,0.17,7.48
2020-12-24,69,17.0,,0.17,11.73
2020-12-25,49,17.0,,0.17,8.33
2020-12-26,71,17.0,,0.17,12.07
2020-12-27,100,23.0,False,0.23,23.0
2020-12-28,60,23.0,,0.23,13.8
2020-12-29,75,23.0,,0.23,17.25
2020-12-30,83,23.0,,0.23,19.09
2020-12-31,87,23.0,,0.23,20.01
2021-01-01,49,23.0,,0.23,11.270000000000001
2021-01-02,79,23.0,,0.23,18.17
2021-01-03,88,37.0,False,0.37,32.56
2021-01-04,73,37.0,,0.37,27.009999999999998
2021-01-05,57,37.0,,0.37,21.09
2021-01-06,80,37.0,,0.37,29.6
2021-01-07,100,37.0,,0.37,37.0
2021-01-08,87,37.0,,0.37,32.19
2021-01-09,100,37.0,,0.37,37.0
2021-01-10,79,32.0,False,0.32,25.28
2021-01-11,78,32.0,,0.32,24.96
2021-01-12,45,32.0,,0.32,14.4
2021-01-13,75,32.0,,0.32,24.0
2021-01-14,85,32.0,,0.32,27.2
2021-01-15,74,32.0,,0.32,23.68
2021-01-16,58,32.0,,0.32,18.56
2021-01-17,73,23.0,False,0.23,16.79
2021-01-18,61,23.0,,0.23,14.030000000000001
2021-01-19,63,23.0,,0.23,14.49
2021-01-20,52,23.0,,0.23,11.96
2021-01-21,78,23.0,,0.23,17.94
2021-01-22,36,23.0,,0.23,8.280000000000001
2021-01-23,65,23.0,,0.23,14.950000000000001
2021-01-24,42,23.0,False,0.23,9.66
2021-01-25,44,23.0,,0.23,10.120000000000001
2021-01-26,42,23.0,,0.23,9.66
2021-01-27,38,23.0,,0.23,8.74
2021-01-28,46,23.0,,0.23,10.58
2021-01-29,88,23.0,,0.23,20.240000000000002
2021-01-30,77,23.0,,0.23,17.71
2021-01-31,53,26.0,False,0.26,13.780000000000001
2021-02-01,52,26.0,,0.26,13.52
2021-02-02,50,26.0,,0.26,13.0
2021-02-03,49,26.0,,0.26,12.74
2021-02-04,53,26.0,,0.26,13.780000000000001
2021-02-05,45,26.0,,0.26,11.700000000000001
2021-02-06,58,26.0,,0.26,15.08
2021-02-07,61,34.0,False,0.34,20.740000000000002
2021-02-08,90,34.0,,0.34,30.6
2021-02-09,100,34.0,,0.34,34.0
2021-02-10,78,34.0,,0.34,26.520000000000003
2021-02-11,71,34.0,,0.34,24.14
2021-02-12,68,34.0,,0.34,23.12
2021-02-13,67,34.0,,0.34,22.78
2021-02-14,66,31.0,False,0.31,20.46
2021-02-15,66,31.0,,0.31,20.46
2021-02-16,60,31.0,,0.31,18.6
2021-02-17,84,31.0,,0.31,26.04
2021-02-18,73,31.0,,0.31,22.63
2021-02-19,71,31.0,,0.31,22.01
2021-02-20,82,31.0,,0.31,25.419999999999998
2021-02-21,57,27.0,False,0.27,15.39
2021-02-22,70,27.0,,0.27,18.900000000000002
2021-02-23,64,27.0,,0.27,17.28
2021-02-24,57,27.0,,0.27,15.39
2021-02-25,53,27.0,,0.27,14.31
2021-02-26,49,27.0,,0.27,13.23
2021-02-27,39,27.0,,0.27,10.530000000000001
2021-02-28,49,20.0,False,0.2,9.8
2021-03-01,66,20.0,,0.2,13.200000000000001
2021-03-02,89,20.0,,0.2,17.8
2021-03-03,81,20.0,,0.2,16.2
2021-03-04,69,20.0,,0.2,13.8
2021-03-05,67,20.0,,0.2,13.4
2021-03-06,70,20.0,,0.2,14.0
2021-03-07,56,18.0,False,0.18,10.08
2021-03-08,71,18.0,,0.18,12.78
2021-03-09,79,18.0,,0.18,14.219999999999999
2021-03-10,71,18.0,,0.18,12.78
2021-03-11,88,18.0,,0.18,15.84
2021-03-12,81,18.0,,0.18,14.58
2021-03-13,100,18.0,,0.18,18.0
2021-03-14,98,20.0,False,0.2,19.6
2021-03-15,78,20.0,,0.2,15.600000000000001
2021-03-16,84,20.0,,0.2,16.8
2021-03-17,73,20.0,,0.2,14.600000000000001
2021-03-18,58,20.0,,0.2,11.600000000000001
2021-03-19,90,20.0,,0.2,18.0
2021-03-20,55,20.0,,0.2,11.0
2021-03-21,79,18.0,False,0.18,14.219999999999999
2021-03-22,70,18.0,,0.18,12.6
2021-03-23,50,18.0,,0.18,9.0
2021-03-24,67,18.0,,0.18,12.059999999999999
2021-03-25,85,18.0,,0.18,15.299999999999999
2021-03-26,69,18.0,,0.18,12.42
2021-03-27,75,18.0,,0.18,13.5
2021-03-28,56,18.0,False,0.18,10.08
2021-03-29,41,18.0,,0.18,7.38
2021-03-30,63,18.0,,0.18,11.34
2021-03-31,66,18.0,,0.18,11.879999999999999
2021-04-01,41,18.0,,0.18,7.38
2021-04-02,55,18.0,,0.18,9.9
2021-04-03,59,18.0,,0.18,10.62
2021-04-04,56,18.0,False,0.18,10.08
2021-04-05,53,18.0,,0.18,9.54
2021-04-06,86,18.0,,0.18,15.479999999999999
2021-04-07,51,18.0,,0.18,9.18
2021-04-08,48,18.0,,0.18,8.64
2021-04-09,59,18.0,,0.18,10.62
2021-04-10,65,18.0,,0.18,11.7
2021-04-11,59,27.0,False,0.27,15.930000000000001
2021-04-12,67,27.0,,0.27,18.09
2021-04-13,71,27.0,,0.27,19.17
2021-04-14,82,27.0,,0.27,22.14
2021-04-15,77,27.0,,0.27,20.790000000000003
2021-04-16,100,27.0,,0.27,27.0
2021-04-17,74,27.0,,0.27,19.98
2021-04-18,91,29.0,False,0.29,26.389999999999997
2021-04-19,86,29.0,,0.29,24.939999999999998
2021-04-20,88,29.0,,0.29,25.52
2021-04-21,74,29.0,,0.29,21.459999999999997
2021-04-22,76,29.0,,0.29,22.04
2021-04-23,84,29.0,,0.29,24.36
2021-04-24,65,29.0,,0.29,18.849999999999998
2021-04-25,59,19.0,False,0.19,11.21
2021-04-26,64,19.0,,0.19,12.16
2021-04-27,80,19.0,,0.19,15.2
2021-04-28,68,19.0,,0.19,12.92
2021-04-29,59,19.0,,0.19,11.21
2021-04-30,35,19.0,,0.19,6.65
2021-05-01,57,19.0,,0.19,10.83
2021-05-02,63,20.0,False,0.2,12.600000000000001
2021-05-03,88,20.0,,0.2,17.6
2021-05-04,68,20.0,,0.2,13.600000000000001
2021-05-05,69,20.0,,0.2,13.8
2021-05-06,90,20.0,,0.2,18.0
2021-05-07,75,20.0,,0.2,15.0
2021-05-08,79,20.0,,0.2,15.8
2021-05-09,100,24.0,False,0.24,24.0
2021-05-10,91,24.0,,0.24,21.84
2021-05-11,97,24.0,,0.24,23.279999999999998
2021-05-12,64,24.0,,0.24,15.36
2021-05-13,87,24.0,,0.24,20.88
2021-05-14,88,24.0,,0.24,21.119999999999997
2021-05-15,80,24.0,,0.24,19.2
2021-05-16,75,20.0,False,0.2,15.0
2021-05-17,70,20.0,,0.2,14.0
2021-05-18,59,20.0,,0.2,11.8
2021-05-19,75,20.0,,0.2,15.0
2021-05-20,77,20.0,,0.2,15.4
2021-05-21,53,20.0,,0.2,10.600000000000001
2021-05-22,52,20.0,,0.2,10.4
2021-05-23,71,18.0,False,0.18,12.78
2021-05-24,42,18.0,,0.18,7.56
2021-05-25,63,18.0,,0.18,11.34
2021-05-26,63,18.0,,0.18,11.34
2021-05-27,55,18.0,,0.18,9.9
2021-05-28,45,18.0,,0.18,8.1
2021-05-29,58,18.0,,0.18,10.44
2021-05-30,53,20.0,False,0.2,10.600000000000001
2021-05-31,58,20.0,,0.2,11.600000000000001
2021-06-01,84,20.0,,0.2,16.8
2021-06-02,90,20.0,,0.2,18.0
2021-06-03,89,20.0,,0.2,17.8
2021-06-04,84,20.0,,0.2,16.8
2021-06-05,100,20.0,,0.2,20.0
2021-06-06,67,16.0,False,0.16,10.72
2021-06-07,64,16.0,,0.16,10.24
2021-06-08,100,16.0,,0.16,16.0
2021-06-09,76,16.0,,0.16,12.16
2021-06-10,50,16.0,,0.16,8.0
2021-06-11,76,16.0,,0.16,12.16
2021-06-12,62,16.0,,0.16,9.92
2021-06-13,69,12.0,False,0.12,8.28
2021-06-14,59,12.0,,0.12,7.08
2021-06-15,69,12.0,,0.12,8.28
2021-06-16,60,12.0,,0.12,7.199999999999999
2021-06-17,68,12.0,,0.12,8.16
2021-06-18,38,12.0,,0.12,4.56
2021-06-19,58,12.0,,0.12,6.96
2021-06-20,65,15.0,False,0.15,9.75
2021-06-21,52,15.0,,0.15,7.8
2021-06-22,59,15.0,,0.15,8.85
2021-06-23,62,15.0,,0.15,9.299999999999999
2021-06-24,71,15.0,,0.15,10.65
2021-06-25,79,15.0,,0.15,11.85
2021-06-26,73,15.0,,0.15,10.95
2021-06-27,82,14.0,False,0.14,11.48
2021-06-28,48,14.0,,0.14,6.720000000000001
2021-06-29,72,14.0,,0.14,10.080000000000002
2021-06-30,48,14.0,,0.14,6.720000000000001
2021-07-01,85,14.0,,0.14,11.9
2021-07-02,79,14.0,,0.14,11.06
2021-07-03,100,14.0,,0.14,14.000000000000002
2021-07-04,77,10.0,False,0.1,7.7
2021-07-05,68,10.0,,0.1,6.800000000000001
2021-07-06,70,10.0,,0.1,7.0
2021-07-07,63,10.0,,0.1,6.300000000000001
2021-07-08,58,10.0,,0.1,5.800000000000001
2021-07-09,71,10.0,,0.1,7.1000000000000005
2021-07-10,86,10.0,,0.1,8.6
2021-07-11,60,11.0,False,0.11,6.6
2021-07-12,77,11.0,,0.11,8.47
2021-07-13,76,11.0,,0.11,8.36
2021-07-14,76,11.0,,0.11,8.36
2021-07-15,72,11.0,,0.11,7.92
2021-07-16,39,11.0,,0.11,4.29
2021-07-17,84,11.0,,0.11,9.24
2021-07-18,49,10.0,False,0.1,4.9
2021-07-19,59,10.0,,0.1,5.9
2021-07-20,54,10.0,,0.1,5.4
2021-07-21,67,10.0,,0.1,6.7
2021-07-22,41,10.0,,0.1,4.1000000000000005
2021-07-23,67,10.0,,0.1,6.7
2021-07-24,73,10.0,,0.1,7.300000000000001
2021-07-25,96,11.0,False,0.11,10.56
2021-07-26,78,11.0,,0.11,8.58
2021-07-27,85,11.0,,0.11,9.35
2021-07-28,70,11.0,,0.11,7.7
2021-07-29,71,11.0,,0.11,7.81
2021-07-30,69,11.0,,0.11,7.59
2021-07-31,84,11.0,,0.11,9.24
2021-08-01,60,12.0,False,0.12,7.199999999999999
2021-08-02,56,12.0,,0.12,6.72
2021-08-03,58,12.0,,0.12,6.96
2021-08-04,67,12.0,,0.12,8.04
2021-08-05,34,12.0,,0.12,4.08
2021-08-06,69,12.0,,0.12,8.28
2021-08-07,53,12.0,,0.12,6.359999999999999
2021-08-08,89,13.0,False,0.13,11.57
2021-08-09,96,13.0,,0.13,12.48
2021-08-10,75,13.0,,0.13,9.75
2021-08-11,65,13.0,,0.13,8.450000000000001
2021-08-12,78,13.0,,0.13,10.14
2021-08-13,59,13.0,,0.13,7.67
2021-08-14,75,13.0,,0.13,9.75
2021-08-15,83,13.0,False,0.13,10.790000000000001
2021-08-16,73,13.0,,0.13,9.49
2021-08-17,61,13.0,,0.13,7.930000000000001
2021-08-18,68,13.0,,0.13,8.84
2021-08-19,93,13.0,,0.13,12.09
2021-08-20,65,13.0,,0.13,8.450000000000001
2021-08-21,100,13.0,,0.13,13.0
2021-08-22,67,11.0,False,0.11,7.37
2021-08-23,96,11.0,,0.11,10.56
2021-08-24,72,11.0,,0.11,7.92
2021-08-25,64,11.0,,0.11,7.04
2021-08-26,53,11.0,,0.11,5.83
2021-08-27,74,11.0,,0.11,8.14
2021-08-28,56,11.0,,0.11,6.16
2021-08-29,68,12.0,False,0.12,8.16
2021-08-30,47,12.0,,0.12,5.64
2021-08-31,72,12.0,,0.12,8.64
2021-09-01,46,12.0,,0.12,5.52
2021-09-02,79,12.0,,0.12,9.48
2021-09-03,73,12.0,,0.12,8.76
2021-09-04,67,12.0,,0.12,8.04
2021-09-05,89,17.0,False,0.17,15.13
2021-09-06,86,17.0,,0.17,14.620000000000001
2021-09-07,100,17.0,,0.17,17.0
2021-09-08,75,17.0,,0.17,12.750000000000002
2021-09-09,90,17.0,,0.17,15.3
2021-09-10,38,17.0,,0.17,6.460000000000001
2021-09-11,64,17.0,,0.17,10.88
2021-09-12,76,15.0,False,0.15,11.4
2021-09-13,57,15.0,,0.15,8.549999999999999
2021-09-14,74,15.0,,0.15,11.1
2021-09-15,92,15.0,,0.15,13.799999999999999
2021-09-16,49,15.0,,0.15,7.35
2021-09-17,84,15.0,,0.15,12.6
2021-09-18,82,15.0,,0.15,12.299999999999999
2021-09-19,84,15.0,False,0.15,12.6
2021-09-20,53,15.0,,0.15,7.949999999999999
2021-09-21,78,15.0,,0.15,11.7
2021-09-22,79,15.0,,0.15,11.85
2021-09-23,76,15.0,,0.15,11.4
2021-09-24,67,15.0,,0.15,10.049999999999999
2021-09-25,73,15.0,,0.15,10.95
2021-09-26,54,11.0,False,0.11,5.94
2021-09-27,61,11.0,,0.11,6.71
2021-09-28,55,11.0,,0.11,6.05
2021-09-29,52,11.0,,0.11,5.72
2021-09-30,62,11.0,,0.11,6.82
2021-10-01,100,11.0,,0.11,11.0
2021-10-02,68,11.0,,0.11,7.48
2021-10-03,69,11.0,False,0.11,7.59
2021-10-04,81,11.0,,0.11,8.91
2021-10-05,62,11.0,,0.11,6.82
2021-10-06,50,11.0,,0.11,5.5
2021-10-07,46,11.0,,0.11,5.06
2021-10-08,40,11.0,,0.11,4.4
2021-10-09,50,11.0,,0.11,5.5
2021-10-10,49,10.0,False,0.1,4.9
2021-10-11,57,10.0,,0.1,5.7
2021-10-12,60,10.0,,0.1,6.0
2021-10-13,48,10.0,,0.1,4.800000000000001
2021-10-14,49,10.0,,0.1,4.9
2021-10-15,59,10.0,,0.1,5.9
2021-10-16,83,10.0,,0.1,8.3
2021-10-17,60,12.0,False,0.12,7.199999999999999
2021-10-18,59,12.0,,0.12,7.08
2021-10-19,57,12.0,,0.12,6.84
2021-10-20,83,12.0,,0.12,9.959999999999999
2021-10-21,68,12.0,,0.12,8.16
2021-10-22,58,12.0,,0.12,6.96
2021-10-23,53,12.0,,0.12,6.359999999999999
2021-10-24,57,11.0,False,0.11,6.2700000000000005
2021-10-25,44,11.0,,0.11,4.84
2021-10-26,47,11.0,,0.11,5.17
2021-10-27,76,11.0,,0.11,8.36
2021-10-28,63,11.0,,0.11,6.93
2021-10-29,79,11.0,,0.11,8.69
2021-10-30,72,11.0,,0.11,7.92
2021-10-31,73,11.0,False,0.11,8.03
2021-11-01,86,11.0,,0.11,9.46
2021-11-02,95,11.0,,0.11,10.45
2021-11-03,93,11.0,,0.11,10.23
2021-11-04,73,11.0,,0.11,8.03
2021-11-05,86,11.0,,0.11,9.46
2021-11-06,99,11.0,,0.11,10.89
2021-11-07,89,11.0,False,0.11,9.790000000000001
2021-11-08,83,11.0,,0.11,9.13
2021-11-09,93,11.0,,0.11,10.23
2021-11-10,88,11.0,,0.11,9.68
2021-11-11,50,11.0,,0.11,5.5
2021-11-12,87,11.0,,0.11,9.57
2021-11-13,100,11.0,,0.11,11.0
2021-11-14,93,12.0,False,0.12,11.16
2021-11-15,83,12.0,,0.12,9.959999999999999
2021-11-16,65,12.0,,0.12,7.8
2021-11-17,82,12.0,,0.12,9.84
2021-11-18,82,12.0,,0.12,9.84
2021-11-19,89,12.0,,0.12,10.68
2021-11-20,46,12.0,,0.12,5.52
2021-11-21,63,10.0,False,0.1,6.300000000000001
2021-11-22,92,10.0,,0.1,9.200000000000001
2021-11-23,80,10.0,,0.1,8.0
2021-11-24,89,10.0,,0.1,8.9
2021-11-25,69,10.0,,0.1,6.9
2021-11-26,74,10.0,,0.1,7.4
2021-11-27,53,10.0,,0.1,5.300000000000001
2021-11-28,74,11.0,True,0.11,8.14
2021-11-29,74,11.0,,0.11,8.14
2021-11-30,86,11.0,,0.11,9.46
2021-12-01,55,11.0,,0.11,6.05
2021-12-02,100,11.0,,0.11,11.0
