date,bitcoin mining_unscaled,bitcoin mining_monthly,isPartial,scale,bitcoin mining
2017-08-01,57,,,,
2017-08-02,79,,,,
2017-08-03,62,,,,
2017-08-04,57,,,,
2017-08-05,47,,,,
2017-08-06,58,22.0,False,0.22,12.76
2017-08-07,75,22.0,,0.22,16.5
2017-08-08,60,22.0,,0.22,13.2
2017-08-09,70,22.0,,0.22,15.4
2017-08-10,72,22.0,,0.22,15.84
2017-08-11,37,22.0,,0.22,8.14
2017-08-12,67,22.0,,0.22,14.74
2017-08-13,80,27.0,False,0.27,21.6
2017-08-14,93,27.0,,0.27,25.110000000000003
2017-08-15,100,27.0,,0.27,27.0
2017-08-16,91,27.0,,0.27,24.57
2017-08-17,61,27.0,,0.27,16.470000000000002
2017-08-18,85,27.0,,0.27,22.950000000000003
2017-08-19,82,27.0,,0.27,22.14
2017-08-20,99,26.0,False,0.26,25.740000000000002
2017-08-21,66,26.0,,0.26,17.16
2017-08-22,76,26.0,,0.26,19.76
2017-08-23,87,26.0,,0.26,22.62
2017-08-24,72,26.0,,0.26,18.72
2017-08-25,74,26.0,,0.26,19.240000000000002
2017-08-26,72,26.0,,0.26,18.72
2017-08-27,72,27.0,False,0.27,19.44
2017-08-28,76,27.0,,0.27,20.520000000000003
2017-08-29,66,27.0,,0.27,17.82
2017-08-30,89,27.0,,0.27,24.03
2017-08-31,64,27.0,,0.27,17.28
2017-09-01,89,27.0,,0.27,24.03
2017-09-02,100,27.0,,0.27,27.0
2017-09-03,67,29.0,False,0.29,19.43
2017-09-04,80,29.0,,0.29,23.2
2017-09-05,95,29.0,,0.29,27.549999999999997
2017-09-06,60,29.0,,0.29,17.4
2017-09-07,80,29.0,,0.29,23.2
2017-09-08,66,29.0,,0.29,19.139999999999997
2017-09-09,46,29.0,,0.29,13.34
2017-09-10,57,22.0,False,0.22,12.540000000000001
2017-09-11,63,22.0,,0.22,13.86
2017-09-12,51,22.0,,0.22,11.22
2017-09-13,60,22.0,,0.22,13.2
2017-09-14,65,22.0,,0.22,14.3
2017-09-15,57,22.0,,0.22,12.540000000000001
2017-09-16,52,22.0,,0.22,11.44
2017-09-17,53,21.0,False,0.21,11.129999999999999
2017-09-18,52,21.0,,0.21,10.92
2017-09-19,69,21.0,,0.21,14.49
2017-09-20,53,21.0,,0.21,11.129999999999999
2017-09-21,56,21.0,,0.21,11.76
2017-09-22,38,21.0,,0.21,7.9799999999999995
2017-09-23,64,21.0,,0.21,13.44
2017-09-24,52,19.0,False,0.19,9.88
2017-09-25,44,19.0,,0.19,8.36
2017-09-26,44,19.0,,0.19,8.36
2017-09-27,67,19.0,,0.19,12.73
2017-09-28,67,19.0,,0.19,12.73
2017-09-29,57,19.0,,0.19,10.83
2017-09-30,50,19.0,,0.19,9.5
2017-10-01,52,19.0,False,0.19,9.88
2017-10-02,48,19.0,,0.19,9.120000000000001
2017-10-03,45,19.0,,0.19,8.55
2017-10-04,51,19.0,,0.19,9.69
2017-10-05,50,19.0,,0.19,9.5
2017-10-06,39,19.0,,0.19,7.41
2017-10-07,50,19.0,,0.19,9.5
2017-10-08,51,26.0,False,0.26,13.26
2017-10-09,47,26.0,,0.26,12.22
2017-10-10,49,26.0,,0.26,12.74
2017-10-11,33,26.0,,0.26,8.58
2017-10-12,98,26.0,,0.26,25.48
2017-10-13,87,26.0,,0.26,22.62
2017-10-14,52,26.0,,0.26,13.52
2017-10-15,89,28.0,False,0.28,24.92
2017-10-16,69,28.0,,0.28,19.32
2017-10-17,59,28.0,,0.28,16.520000000000003
2017-10-18,84,28.0,,0.28,23.520000000000003
2017-10-19,71,28.0,,0.28,19.880000000000003
2017-10-20,67,28.0,,0.28,18.76
2017-10-21,67,28.0,,0.28,18.76
2017-10-22,74,32.0,False,0.32,23.68
2017-10-23,93,32.0,,0.32,29.76
2017-10-24,99,32.0,,0.32,31.68
2017-10-25,73,32.0,,0.32,23.36
2017-10-26,84,32.0,,0.32,26.88
2017-10-27,70,32.0,,0.32,22.400000000000002
2017-10-28,66,32.0,,0.32,21.12
2017-10-29,79,40.0,False,0.4,31.6
2017-10-30,64,40.0,,0.4,25.6
2017-10-31,100,40.0,,0.4,40.0
2017-11-01,47,40.0,,0.4,18.8
2017-11-02,48,40.0,,0.4,19.200000000000003
2017-11-03,59,40.0,,0.4,23.6
2017-11-04,47,40.0,,0.4,18.8
2017-11-05,51,39.0,False,0.39,19.89
2017-11-06,50,39.0,,0.39,19.5
2017-11-07,44,39.0,,0.39,17.16
2017-11-08,38,39.0,,0.39,14.82
2017-11-09,40,39.0,,0.39,15.600000000000001
2017-11-10,46,39.0,,0.39,17.94
2017-11-11,49,39.0,,0.39,19.11
2017-11-12,62,39.0,False,0.39,24.18
2017-11-13,57,39.0,,0.39,22.23
2017-11-14,47,39.0,,0.39,18.330000000000002
2017-11-15,42,39.0,,0.39,16.38
2017-11-16,41,39.0,,0.39,15.99
2017-11-17,39,39.0,,0.39,15.21
2017-11-18,45,39.0,,0.39,17.55
2017-11-19,39,39.0,False,0.39,15.21
2017-11-20,52,39.0,,0.39,20.28
2017-11-21,52,39.0,,0.39,20.28
2017-11-22,45,39.0,,0.39,17.55
2017-11-23,50,39.0,,0.39,19.5
2017-11-24,43,39.0,,0.39,16.77
2017-11-25,52,39.0,,0.39,20.28
2017-11-26,53,69.0,False,0.69,36.57
2017-11-27,81,69.0,,0.69,55.88999999999999
2017-11-28,91,69.0,,0.69,62.78999999999999
2017-11-29,97,69.0,,0.69,66.92999999999999
2017-11-30,100,69.0,,0.69,69.0
2017-12-01,55,69.0,,0.69,37.949999999999996
2017-12-02,57,69.0,,0.69,39.33
2017-12-03,46,100.0,False,1.0,46.0
2017-12-04,53,100.0,,1.0,53.0
2017-12-05,56,100.0,,1.0,56.0
2017-12-06,72,100.0,,1.0,72.0
2017-12-07,100,100.0,,1.0,100.0
2017-12-08,94,100.0,,1.0,94.0
2017-12-09,79,100.0,,1.0,79.0
2017-12-10,66,93.0,False,0.93,61.38
2017-12-11,58,93.0,,0.93,53.940000000000005
2017-12-12,74,93.0,,0.93,68.82000000000001
2017-12-13,72,93.0,,0.93,66.96000000000001
2017-12-14,72,93.0,,0.93,66.96000000000001
2017-12-15,56,93.0,,0.93,52.080000000000005
2017-12-16,62,93.0,,0.93,57.660000000000004
2017-12-17,64,78.0,False,0.78,49.92
2017-12-18,69,78.0,,0.78,53.82
2017-12-19,68,78.0,,0.78,53.04
2017-12-20,62,78.0,,0.78,48.36
2017-12-21,57,78.0,,0.78,44.46
2017-12-22,64,78.0,,0.78,49.92
2017-12-23,48,78.0,,0.78,37.44
2017-12-24,41,56.0,False,0.56,22.96
2017-12-25,42,56.0,,0.56,23.520000000000003
2017-12-26,46,56.0,,0.56,25.76
2017-12-27,43,56.0,,0.56,24.080000000000002
2017-12-28,43,56.0,,0.56,24.080000000000002
2017-12-29,34,56.0,,0.56,19.040000000000003
2017-12-30,29,56.0,,0.56,16.240000000000002
2017-12-31,36,49.0,False,0.49,17.64
2018-01-01,76,49.0,,0.49,37.24
2018-01-02,68,49.0,,0.49,33.32
2018-01-03,78,49.0,,0.49,38.22
2018-01-04,70,49.0,,0.49,34.3
2018-01-05,78,49.0,,0.49,38.22
2018-01-06,73,49.0,,0.49,35.769999999999996
2018-01-07,66,58.0,False,0.58,38.279999999999994
2018-01-08,77,58.0,,0.58,44.66
2018-01-09,72,58.0,,0.58,41.76
2018-01-10,76,58.0,,0.58,44.08
2018-01-11,100,58.0,,0.58,57.99999999999999
2018-01-12,87,58.0,,0.58,50.459999999999994
2018-01-13,73,58.0,,0.58,42.339999999999996
2018-01-14,60,46.0,False,0.46,27.6
2018-01-15,70,46.0,,0.46,32.2
2018-01-16,67,46.0,,0.46,30.82
2018-01-17,80,46.0,,0.46,36.800000000000004
2018-01-18,61,46.0,,0.46,28.060000000000002
2018-01-19,57,46.0,,0.46,26.220000000000002
2018-01-20,56,46.0,,0.46,25.76
2018-01-21,50,38.0,False,0.38,19.0
2018-01-22,64,38.0,,0.38,24.32
2018-01-23,56,38.0,,0.38,21.28
2018-01-24,64,38.0,,0.38,24.32
2018-01-25,57,38.0,,0.38,21.66
2018-01-26,55,38.0,,0.38,20.9
2018-01-27,55,38.0,,0.38,20.9
2018-01-28,55,31.0,False,0.31,17.05
2018-01-29,50,31.0,,0.31,15.5
2018-01-30,43,31.0,,0.31,13.33
2018-01-31,47,31.0,,0.31,14.57
2018-02-01,92,31.0,,0.31,28.52
2018-02-02,100,31.0,,0.31,31.0
2018-02-03,90,31.0,,0.31,27.9
2018-02-04,77,29.0,False,0.29,22.33
2018-02-05,98,29.0,,0.29,28.419999999999998
2018-02-06,74,29.0,,0.29,21.459999999999997
2018-02-07,69,29.0,,0.29,20.009999999999998
2018-02-08,81,29.0,,0.29,23.49
2018-02-09,77,29.0,,0.29,22.33
2018-02-10,88,29.0,,0.29,25.52
2018-02-11,73,30.0,False,0.3,21.9
2018-02-12,100,30.0,,0.3,30.0
2018-02-13,84,30.0,,0.3,25.2
2018-02-14,82,30.0,,0.3,24.599999999999998
2018-02-15,66,30.0,,0.3,19.8
2018-02-16,73,30.0,,0.3,21.9
2018-02-17,93,30.0,,0.3,27.9
2018-02-18,68,22.0,False,0.22,14.96
2018-02-19,73,22.0,,0.22,16.06
2018-02-20,77,22.0,,0.22,16.94
2018-02-21,81,22.0,,0.22,17.82
2018-02-22,66,22.0,,0.22,14.52
2018-02-23,61,22.0,,0.22,13.42
2018-02-24,60,22.0,,0.22,13.2
2018-02-25,62,19.0,False,0.19,11.78
2018-02-26,57,19.0,,0.19,10.83
2018-02-27,52,19.0,,0.19,9.88
2018-02-28,76,19.0,,0.19,14.44
2018-03-01,98,19.0,,0.19,18.62
2018-03-02,92,19.0,,0.19,17.48
2018-03-03,85,19.0,,0.19,16.15
2018-03-04,74,18.0,False,0.18,13.32
2018-03-05,73,18.0,,0.18,13.139999999999999
2018-03-06,69,18.0,,0.18,12.42
2018-03-07,83,18.0,,0.18,14.94
2018-03-08,85,18.0,,0.18,15.299999999999999
2018-03-09,72,18.0,,0.18,12.959999999999999
2018-03-10,100,18.0,,0.18,18.0
2018-03-11,78,19.0,False,0.19,14.82
2018-03-12,100,19.0,,0.19,19.0
2018-03-13,80,19.0,,0.19,15.2
2018-03-14,78,19.0,,0.19,14.82
2018-03-15,58,19.0,,0.19,11.02
2018-03-16,83,19.0,,0.19,15.77
2018-03-17,90,19.0,,0.19,17.1
2018-03-18,88,14.0,False,0.14,12.32
2018-03-19,73,14.0,,0.14,10.22
2018-03-20,69,14.0,,0.14,9.66
2018-03-21,64,14.0,,0.14,8.96
2018-03-22,87,14.0,,0.14,12.180000000000001
2018-03-23,58,14.0,,0.14,8.120000000000001
2018-03-24,63,14.0,,0.14,8.82
2018-03-25,74,13.0,False,0.13,9.620000000000001
2018-03-26,89,13.0,,0.13,11.57
2018-03-27,58,13.0,,0.13,7.54
2018-03-28,64,13.0,,0.13,8.32
2018-03-29,75,13.0,,0.13,9.75
2018-03-30,37,13.0,,0.13,4.8100000000000005
2018-03-31,42,13.0,,0.13,5.46
2018-04-01,86,13.0,False,0.13,11.18
2018-04-02,57,13.0,,0.13,7.41
2018-04-03,100,13.0,,0.13,13.0
2018-04-04,88,13.0,,0.13,11.440000000000001
2018-04-05,59,13.0,,0.13,7.67
2018-04-06,44,13.0,,0.13,5.720000000000001
2018-04-07,43,13.0,,0.13,5.59
2018-04-08,64,11.0,False,0.11,7.04
2018-04-09,49,11.0,,0.11,5.39
2018-04-10,50,11.0,,0.11,5.5
2018-04-11,41,11.0,,0.11,4.51
2018-04-12,75,11.0,,0.11,8.25
2018-04-13,66,11.0,,0.11,7.26
2018-04-14,44,11.0,,0.11,4.84
2018-04-15,80,12.0,False,0.12,9.6
2018-04-16,70,12.0,,0.12,8.4
2018-04-17,80,12.0,,0.12,9.6
2018-04-18,63,12.0,,0.12,7.56
2018-04-19,66,12.0,,0.12,7.92
2018-04-20,67,12.0,,0.12,8.04
2018-04-21,36,12.0,,0.12,4.32
2018-04-22,59,12.0,False,0.12,7.08
2018-04-23,52,12.0,,0.12,6.24
2018-04-24,78,12.0,,0.12,9.36
2018-04-25,74,12.0,,0.12,8.879999999999999
2018-04-26,59,12.0,,0.12,7.08
2018-04-27,63,12.0,,0.12,7.56
2018-04-28,58,12.0,,0.12,6.96
2018-04-29,84,11.0,False,0.11,9.24
2018-04-30,38,11.0,,0.11,4.18
2018-05-01,86,11.0,,0.11,9.46
2018-05-02,70,11.0,,0.11,7.7
2018-05-03,64,11.0,,0.11,7.04
2018-05-04,70,11.0,,0.11,7.7
2018-05-05,48,11.0,,0.11,5.28
2018-05-06,64,13.0,False,0.13,8.32
2018-05-07,67,13.0,,0.13,8.71
2018-05-08,78,13.0,,0.13,10.14
2018-05-09,59,13.0,,0.13,7.67
2018-05-10,97,13.0,,0.13,12.610000000000001
2018-05-11,66,13.0,,0.13,8.58
2018-05-12,78,13.0,,0.13,10.14
2018-05-13,37,10.0,False,0.1,3.7
2018-05-14,87,10.0,,0.1,8.700000000000001
2018-05-15,51,10.0,,0.1,5.1000000000000005
2018-05-16,64,10.0,,0.1,6.4
2018-05-17,68,10.0,,0.1,6.800000000000001
2018-05-18,40,10.0,,0.1,4.0
2018-05-19,71,10.0,,0.1,7.1000000000000005
2018-05-20,85,10.0,False,0.1,8.5
2018-05-21,86,10.0,,0.1,8.6
2018-05-22,81,10.0,,0.1,8.1
2018-05-23,100,10.0,,0.1,10.0
2018-05-24,53,10.0,,0.1,5.300000000000001
2018-05-25,65,10.0,,0.1,6.5
2018-05-26,51,10.0,,0.1,5.1000000000000005
2018-05-27,71,10.0,False,0.1,7.1000000000000005
2018-05-28,86,10.0,,0.1,8.6
2018-05-29,55,10.0,,0.1,5.5
2018-05-30,44,10.0,,0.1,4.4
2018-05-31,59,10.0,,0.1,5.9
2018-06-01,64,10.0,,0.1,6.4
2018-06-02,61,10.0,,0.1,6.1000000000000005
2018-06-03,49,9.0,False,0.09,4.41
2018-06-04,76,9.0,,0.09,6.84
2018-06-05,66,9.0,,0.09,5.9399999999999995
2018-06-06,66,9.0,,0.09,5.9399999999999995
2018-06-07,70,9.0,,0.09,6.3
2018-06-08,80,9.0,,0.09,7.199999999999999
2018-06-09,64,9.0,,0.09,5.76
2018-06-10,60,9.0,False,0.09,5.3999999999999995
2018-06-11,100,9.0,,0.09,9.0
2018-06-12,66,9.0,,0.09,5.9399999999999995
2018-06-13,67,9.0,,0.09,6.029999999999999
2018-06-14,59,9.0,,0.09,5.31
2018-06-15,64,9.0,,0.09,5.76
2018-06-16,77,9.0,,0.09,6.93
2018-06-17,79,9.0,False,0.09,7.109999999999999
2018-06-18,30,9.0,,0.09,2.6999999999999997
2018-06-19,71,9.0,,0.09,6.39
2018-06-20,72,9.0,,0.09,6.4799999999999995
2018-06-21,80,9.0,,0.09,7.199999999999999
2018-06-22,59,9.0,,0.09,5.31
2018-06-23,72,9.0,,0.09,6.4799999999999995
2018-06-24,61,8.0,False,0.08,4.88
2018-06-25,62,8.0,,0.08,4.96
2018-06-26,50,8.0,,0.08,4.0
2018-06-27,56,8.0,,0.08,4.48
2018-06-28,48,8.0,,0.08,3.84
2018-06-29,58,8.0,,0.08,4.64
2018-06-30,49,8.0,,0.08,3.92
2018-07-01,67,8.0,False,0.08,5.36
2018-07-02,49,8.0,,0.08,3.92
2018-07-03,71,8.0,,0.08,5.68
2018-07-04,71,8.0,,0.08,5.68
2018-07-05,70,8.0,,0.08,5.6000000000000005
2018-07-06,57,8.0,,0.08,4.5600000000000005
2018-07-07,89,8.0,,0.08,7.12
2018-07-08,77,10.0,False,0.1,7.7
2018-07-09,67,10.0,,0.1,6.7
2018-07-10,65,10.0,,0.1,6.5
2018-07-11,69,10.0,,0.1,6.9
2018-07-12,74,10.0,,0.1,7.4
2018-07-13,46,10.0,,0.1,4.6000000000000005
2018-07-14,42,10.0,,0.1,4.2
2018-07-15,70,9.0,False,0.09,6.3
2018-07-16,51,9.0,,0.09,4.59
2018-07-17,76,9.0,,0.09,6.84
2018-07-18,66,9.0,,0.09,5.9399999999999995
2018-07-19,66,9.0,,0.09,5.9399999999999995
2018-07-20,72,9.0,,0.09,6.4799999999999995
2018-07-21,50,9.0,,0.09,4.5
2018-07-22,100,9.0,False,0.09,9.0
2018-07-23,55,9.0,,0.09,4.95
2018-07-24,65,9.0,,0.09,5.85
2018-07-25,73,9.0,,0.09,6.569999999999999
2018-07-26,81,9.0,,0.09,7.29
2018-07-27,59,9.0,,0.09,5.31
2018-07-28,87,9.0,,0.09,7.83
2018-07-29,79,10.0,False,0.1,7.9
2018-07-30,60,10.0,,0.1,6.0
2018-07-31,64,10.0,,0.1,6.4
2018-08-01,83,10.0,,0.1,8.3
2018-08-02,77,10.0,,0.1,7.7
2018-08-03,52,10.0,,0.1,5.2
2018-08-04,35,10.0,,0.1,3.5
2018-08-05,71,10.0,False,0.1,7.1000000000000005
2018-08-06,72,10.0,,0.1,7.2
2018-08-07,83,10.0,,0.1,8.3
2018-08-08,90,10.0,,0.1,9.0
2018-08-09,59,10.0,,0.1,5.9
2018-08-10,51,10.0,,0.1,5.1000000000000005
2018-08-11,57,10.0,,0.1,5.7
2018-08-12,60,9.0,False,0.09,5.3999999999999995
2018-08-13,63,9.0,,0.09,5.67
2018-08-14,83,9.0,,0.09,7.47
2018-08-15,41,9.0,,0.09,3.69
2018-08-16,71,9.0,,0.09,6.39
2018-08-17,68,9.0,,0.09,6.12
2018-08-18,82,9.0,,0.09,7.38
2018-08-19,94,8.0,False,0.08,7.5200000000000005
2018-08-20,72,8.0,,0.08,5.76
2018-08-21,81,8.0,,0.08,6.48
2018-08-22,61,8.0,,0.08,4.88
2018-08-23,44,8.0,,0.08,3.52
2018-08-24,100,8.0,,0.08,8.0
2018-08-25,50,8.0,,0.08,4.0
2018-08-26,80,9.0,False,0.09,7.199999999999999
2018-08-27,60,9.0,,0.09,5.3999999999999995
2018-08-28,72,9.0,,0.09,6.4799999999999995
2018-08-29,49,9.0,,0.09,4.41
2018-08-30,46,9.0,,0.09,4.14
2018-08-31,65,9.0,,0.09,5.85
2018-09-01,87,9.0,,0.09,7.83
2018-09-02,63,8.0,False,0.08,5.04
2018-09-03,75,8.0,,0.08,6.0
2018-09-04,54,8.0,,0.08,4.32
2018-09-05,65,8.0,,0.08,5.2
2018-09-06,62,8.0,,0.08,4.96
2018-09-07,62,8.0,,0.08,4.96
2018-09-08,54,8.0,,0.08,4.32
2018-09-09,70,8.0,False,0.08,5.6000000000000005
2018-09-10,72,8.0,,0.08,5.76
2018-09-11,51,8.0,,0.08,4.08
2018-09-12,46,8.0,,0.08,3.68
2018-09-13,70,8.0,,0.08,5.6000000000000005
2018-09-14,71,8.0,,0.08,5.68
2018-09-15,71,8.0,,0.08,5.68
2018-09-16,49,8.0,False,0.08,3.92
2018-09-17,66,8.0,,0.08,5.28
2018-09-18,65,8.0,,0.08,5.2
2018-09-19,65,8.0,,0.08,5.2
2018-09-20,72,8.0,,0.08,5.76
2018-09-21,76,8.0,,0.08,6.08
2018-09-22,71,8.0,,0.08,5.68
2018-09-23,24,8.0,False,0.08,1.92
2018-09-24,69,8.0,,0.08,5.5200000000000005
2018-09-25,80,8.0,,0.08,6.4
2018-09-26,100,8.0,,0.08,8.0
2018-09-27,59,8.0,,0.08,4.72
2018-09-28,72,8.0,,0.08,5.76
2018-09-29,38,8.0,,0.08,3.04
2018-09-30,78,8.0,False,0.08,6.24
2018-10-01,82,8.0,,0.08,6.5600000000000005
2018-10-02,61,8.0,,0.08,4.88
2018-10-03,77,8.0,,0.08,6.16
2018-10-04,82,8.0,,0.08,6.5600000000000005
2018-10-05,73,8.0,,0.08,5.84
2018-10-06,47,8.0,,0.08,3.7600000000000002
2018-10-07,54,8.0,False,0.08,4.32
2018-10-08,45,8.0,,0.08,3.6
2018-10-09,67,8.0,,0.08,5.36
2018-10-10,58,8.0,,0.08,4.64
2018-10-11,72,8.0,,0.08,5.76
2018-10-12,67,8.0,,0.08,5.36
2018-10-13,58,8.0,,0.08,4.64
2018-10-14,67,9.0,False,0.09,6.029999999999999
2018-10-15,84,9.0,,0.09,7.56
2018-10-16,66,9.0,,0.09,5.9399999999999995
2018-10-17,100,9.0,,0.09,9.0
2018-10-18,51,9.0,,0.09,4.59
2018-10-19,66,9.0,,0.09,5.9399999999999995
2018-10-20,77,9.0,,0.09,6.93
2018-10-21,56,7.0,False,0.07,3.9200000000000004
2018-10-22,62,7.0,,0.07,4.340000000000001
2018-10-23,57,7.0,,0.07,3.99
2018-10-24,62,7.0,,0.07,4.340000000000001
2018-10-25,50,7.0,,0.07,3.5000000000000004
2018-10-26,48,7.0,,0.07,3.3600000000000003
2018-10-27,88,7.0,,0.07,6.16
2018-10-28,45,8.0,False,0.08,3.6
2018-10-29,63,8.0,,0.08,5.04
2018-10-30,78,8.0,,0.08,6.24
2018-10-31,76,8.0,,0.08,6.08
2018-11-01,45,8.0,,0.08,3.6
2018-11-02,80,8.0,,0.08,6.4
2018-11-03,73,8.0,,0.08,5.84
2018-11-04,58,9.0,False,0.09,5.22
2018-11-05,41,9.0,,0.09,3.69
2018-11-06,49,9.0,,0.09,4.41
2018-11-07,72,9.0,,0.09,6.4799999999999995
2018-11-08,65,9.0,,0.09,5.85
2018-11-09,78,9.0,,0.09,7.02
2018-11-10,53,9.0,,0.09,4.77
2018-11-11,51,8.0,False,0.08,4.08
2018-11-12,46,8.0,,0.08,3.68
2018-11-13,78,8.0,,0.08,6.24
2018-11-14,56,8.0,,0.08,4.48
2018-11-15,89,8.0,,0.08,7.12
2018-11-16,45,8.0,,0.08,3.6
2018-11-17,76,8.0,,0.08,6.08
2018-11-18,52,8.0,False,0.08,4.16
2018-11-19,90,8.0,,0.08,7.2
2018-11-20,76,8.0,,0.08,6.08
2018-11-21,59,8.0,,0.08,4.72
2018-11-22,65,8.0,,0.08,5.2
2018-11-23,45,8.0,,0.08,3.6
2018-11-24,77,8.0,,0.08,6.16
2018-11-25,62,7.0,False,0.07,4.340000000000001
2018-11-26,61,7.0,,0.07,4.2700000000000005
2018-11-27,100,7.0,,0.07,7.000000000000001
2018-11-28,62,7.0,,0.07,4.340000000000001
2018-11-29,47,7.0,,0.07,3.2900000000000005
2018-11-30,44,7.0,,0.07,3.08
2018-12-01,65,7.0,,0.07,4.550000000000001
2018-12-02,38,7.0,False,0.07,2.66
2018-12-03,67,7.0,,0.07,4.69
2018-12-04,100,7.0,,0.07,7.000000000000001
2018-12-05,63,7.0,,0.07,4.41
2018-12-06,57,7.0,,0.07,3.99
2018-12-07,83,7.0,,0.07,5.8100000000000005
2018-12-08,53,7.0,,0.07,3.7100000000000004
2018-12-09,42,7.0,False,0.07,2.9400000000000004
2018-12-10,60,7.0,,0.07,4.2
2018-12-11,30,7.0,,0.07,2.1
2018-12-12,73,7.0,,0.07,5.11
2018-12-13,55,7.0,,0.07,3.8500000000000005
2018-12-14,68,7.0,,0.07,4.760000000000001
2018-12-15,31,7.0,,0.07,2.1700000000000004
2018-12-16,66,7.0,False,0.07,4.62
2018-12-17,81,7.0,,0.07,5.670000000000001
2018-12-18,73,7.0,,0.07,5.11
2018-12-19,68,7.0,,0.07,4.760000000000001
2018-12-20,57,7.0,,0.07,3.99
2018-12-21,72,7.0,,0.07,5.040000000000001
2018-12-22,36,7.0,,0.07,2.5200000000000005
2018-12-23,18,6.0,False,0.06,1.08
2018-12-24,36,6.0,,0.06,2.16
2018-12-25,19,6.0,,0.06,1.14
2018-12-26,34,6.0,,0.06,2.04
2018-12-27,41,6.0,,0.06,2.46
2018-12-28,41,6.0,,0.06,2.46
2018-12-29,53,6.0,,0.06,3.1799999999999997
2018-12-30,58,5.0,False,0.05,2.9000000000000004
2018-12-31,40,5.0,,0.05,2.0
2019-01-01,70,5.0,,0.05,3.5
2019-01-02,55,5.0,,0.05,2.75
2019-01-03,80,5.0,,0.05,4.0
2019-01-04,43,5.0,,0.05,2.15
2019-01-05,77,5.0,,0.05,3.85
2019-01-06,47,7.0,False,0.07,3.2900000000000005
2019-01-07,74,7.0,,0.07,5.180000000000001
2019-01-08,52,7.0,,0.07,3.6400000000000006
2019-01-09,47,7.0,,0.07,3.2900000000000005
2019-01-10,100,7.0,,0.07,7.000000000000001
2019-01-11,81,7.0,,0.07,5.670000000000001
2019-01-12,53,7.0,,0.07,3.7100000000000004
2019-01-13,76,6.0,False,0.06,4.56
2019-01-14,67,6.0,,0.06,4.02
2019-01-15,56,6.0,,0.06,3.36
2019-01-16,68,6.0,,0.06,4.08
2019-01-17,73,6.0,,0.06,4.38
2019-01-18,75,6.0,,0.06,4.5
2019-01-19,64,6.0,,0.06,3.84
2019-01-20,56,5.0,False,0.05,2.8000000000000003
2019-01-21,93,5.0,,0.05,4.65
2019-01-22,61,5.0,,0.05,3.0500000000000003
2019-01-23,90,5.0,,0.05,4.5
2019-01-24,97,5.0,,0.05,4.8500000000000005
2019-01-25,58,5.0,,0.05,2.9000000000000004
2019-01-26,53,5.0,,0.05,2.6500000000000004
2019-01-27,97,6.0,False,0.06,5.819999999999999
2019-01-28,51,6.0,,0.06,3.06
2019-01-29,67,6.0,,0.06,4.02
2019-01-30,77,6.0,,0.06,4.62
2019-01-31,83,6.0,,0.06,4.9799999999999995
2019-02-01,52,6.0,,0.06,3.12
2019-02-02,31,6.0,,0.06,1.8599999999999999
2019-02-03,52,6.0,False,0.06,3.12
2019-02-04,55,6.0,,0.06,3.3
2019-02-05,82,6.0,,0.06,4.92
2019-02-06,62,6.0,,0.06,3.7199999999999998
2019-02-07,50,6.0,,0.06,3.0
2019-02-08,56,6.0,,0.06,3.36
2019-02-09,80,6.0,,0.06,4.8
2019-02-10,100,7.0,False,0.07,7.000000000000001
2019-02-11,68,7.0,,0.07,4.760000000000001
2019-02-12,42,7.0,,0.07,2.9400000000000004
2019-02-13,57,7.0,,0.07,3.99
2019-02-14,86,7.0,,0.07,6.0200000000000005
2019-02-15,73,7.0,,0.07,5.11
2019-02-16,57,7.0,,0.07,3.99
2019-02-17,45,7.0,False,0.07,3.1500000000000004
2019-02-18,39,7.0,,0.07,2.7300000000000004
2019-02-19,57,7.0,,0.07,3.99
2019-02-20,27,7.0,,0.07,1.8900000000000001
2019-02-21,39,7.0,,0.07,2.7300000000000004
2019-02-22,36,7.0,,0.07,2.5200000000000005
2019-02-23,53,7.0,,0.07,3.7100000000000004
2019-02-24,40,6.0,False,0.06,2.4
2019-02-25,54,6.0,,0.06,3.2399999999999998
2019-02-26,43,6.0,,0.06,2.58
2019-02-27,53,6.0,,0.06,3.1799999999999997
2019-02-28,47,6.0,,0.06,2.82
2019-03-01,24,6.0,,0.06,1.44
2019-03-02,84,6.0,,0.06,5.04
2019-03-03,68,6.0,False,0.06,4.08
2019-03-04,61,6.0,,0.06,3.6599999999999997
2019-03-05,42,6.0,,0.06,2.52
2019-03-06,67,6.0,,0.06,4.02
2019-03-07,42,6.0,,0.06,2.52
2019-03-08,87,6.0,,0.06,5.22
2019-03-09,48,6.0,,0.06,2.88
2019-03-10,57,5.0,False,0.05,2.85
2019-03-11,27,5.0,,0.05,1.35
2019-03-12,69,5.0,,0.05,3.45
2019-03-13,68,5.0,,0.05,3.4000000000000004
2019-03-14,28,5.0,,0.05,1.4000000000000001
2019-03-15,100,5.0,,0.05,5.0
2019-03-16,32,5.0,,0.05,1.6
2019-03-17,58,6.0,False,0.06,3.48
2019-03-18,56,6.0,,0.06,3.36
2019-03-19,44,6.0,,0.06,2.6399999999999997
2019-03-20,61,6.0,,0.06,3.6599999999999997
2019-03-21,57,6.0,,0.06,3.42
2019-03-22,82,6.0,,0.06,4.92
2019-03-23,53,6.0,,0.06,3.1799999999999997
2019-03-24,58,5.0,False,0.05,2.9000000000000004
2019-03-25,65,5.0,,0.05,3.25
2019-03-26,46,5.0,,0.05,2.3000000000000003
2019-03-27,66,5.0,,0.05,3.3000000000000003
2019-03-28,47,5.0,,0.05,2.35
2019-03-29,64,5.0,,0.05,3.2
2019-03-30,38,5.0,,0.05,1.9000000000000001
2019-03-31,53,6.0,False,0.06,3.1799999999999997
2019-04-01,39,6.0,,0.06,2.34
2019-04-02,74,6.0,,0.06,4.4399999999999995
2019-04-03,82,6.0,,0.06,4.92
2019-04-04,100,6.0,,0.06,6.0
2019-04-05,63,6.0,,0.06,3.78
2019-04-06,39,6.0,,0.06,2.34
2019-04-07,59,7.0,False,0.07,4.130000000000001
2019-04-08,86,7.0,,0.07,6.0200000000000005
2019-04-09,64,7.0,,0.07,4.48
2019-04-10,98,7.0,,0.07,6.86
2019-04-11,44,7.0,,0.07,3.08
2019-04-12,32,7.0,,0.07,2.24
2019-04-13,51,7.0,,0.07,3.5700000000000003
2019-04-14,25,5.0,False,0.05,1.25
2019-04-15,61,5.0,,0.05,3.0500000000000003
2019-04-16,40,5.0,,0.05,2.0
2019-04-17,73,5.0,,0.05,3.6500000000000004
2019-04-18,65,5.0,,0.05,3.25
2019-04-19,50,5.0,,0.05,2.5
2019-04-20,47,5.0,,0.05,2.35
2019-04-21,42,6.0,False,0.06,2.52
2019-04-22,55,6.0,,0.06,3.3
2019-04-23,74,6.0,,0.06,4.4399999999999995
2019-04-24,39,6.0,,0.06,2.34
2019-04-25,70,6.0,,0.06,4.2
2019-04-26,41,6.0,,0.06,2.46
2019-04-27,55,6.0,,0.06,3.3
2019-04-28,73,6.0,False,0.06,4.38
2019-04-29,64,6.0,,0.06,3.84
2019-04-30,48,6.0,,0.06,2.88
2019-05-01,60,6.0,,0.06,3.5999999999999996
2019-05-02,24,6.0,,0.06,1.44
2019-05-03,49,6.0,,0.06,2.94
2019-05-04,72,6.0,,0.06,4.32
2019-05-05,44,7.0,False,0.07,3.08
2019-05-06,44,7.0,,0.07,3.08
2019-05-07,59,7.0,,0.07,4.130000000000001
2019-05-08,99,7.0,,0.07,6.930000000000001
2019-05-09,48,7.0,,0.07,3.3600000000000003
2019-05-10,59,7.0,,0.07,4.130000000000001
2019-05-11,70,7.0,,0.07,4.9
2019-05-12,41,8.0,False,0.08,3.2800000000000002
2019-05-13,56,8.0,,0.08,4.48
2019-05-14,67,8.0,,0.08,5.36
2019-05-15,71,8.0,,0.08,5.68
2019-05-16,36,8.0,,0.08,2.88
2019-05-17,46,8.0,,0.08,3.68
2019-05-18,46,8.0,,0.08,3.68
2019-05-19,54,6.0,False,0.06,3.2399999999999998
2019-05-20,51,6.0,,0.06,3.06
2019-05-21,81,6.0,,0.06,4.859999999999999
2019-05-22,74,6.0,,0.06,4.4399999999999995
2019-05-23,23,6.0,,0.06,1.38
2019-05-24,49,6.0,,0.06,2.94
2019-05-25,65,6.0,,0.06,3.9
2019-05-26,73,7.0,False,0.07,5.11
2019-05-27,56,7.0,,0.07,3.9200000000000004
2019-05-28,50,7.0,,0.07,3.5000000000000004
2019-05-29,100,7.0,,0.07,7.000000000000001
2019-05-30,51,7.0,,0.07,3.5700000000000003
2019-05-31,82,7.0,,0.07,5.74
2019-06-01,68,7.0,,0.07,4.760000000000001
2019-06-02,65,5.0,False,0.05,3.25
2019-06-03,39,5.0,,0.05,1.9500000000000002
2019-06-04,61,5.0,,0.05,3.0500000000000003
2019-06-05,43,5.0,,0.05,2.15
2019-06-06,65,5.0,,0.05,3.25
2019-06-07,53,5.0,,0.05,2.6500000000000004
2019-06-08,46,5.0,,0.05,2.3000000000000003
2019-06-09,17,7.0,False,0.07,1.1900000000000002
2019-06-10,72,7.0,,0.07,5.040000000000001
2019-06-11,50,7.0,,0.07,3.5000000000000004
2019-06-12,65,7.0,,0.07,4.550000000000001
2019-06-13,61,7.0,,0.07,4.2700000000000005
2019-06-14,45,7.0,,0.07,3.1500000000000004
2019-06-15,70,7.0,,0.07,4.9
2019-06-16,57,8.0,False,0.08,4.5600000000000005
2019-06-17,55,8.0,,0.08,4.4
2019-06-18,54,8.0,,0.08,4.32
2019-06-19,54,8.0,,0.08,4.32
2019-06-20,97,8.0,,0.08,7.76
2019-06-21,31,8.0,,0.08,2.48
2019-06-22,42,8.0,,0.08,3.36
2019-06-23,71,11.0,False,0.11,7.81
2019-06-24,92,11.0,,0.11,10.12
2019-06-25,87,11.0,,0.11,9.57
2019-06-26,94,11.0,,0.11,10.34
2019-06-27,87,11.0,,0.11,9.57
2019-06-28,100,11.0,,0.11,11.0
2019-06-29,88,11.0,,0.11,9.68
2019-06-30,96,9.0,False,0.09,8.64
2019-07-01,92,9.0,,0.09,8.28
2019-07-02,60,9.0,,0.09,5.3999999999999995
2019-07-03,72,9.0,,0.09,6.4799999999999995
2019-07-04,95,9.0,,0.09,8.549999999999999
2019-07-05,38,9.0,,0.09,3.42
2019-07-06,64,9.0,,0.09,5.76
2019-07-07,48,8.0,False,0.08,3.84
2019-07-08,56,8.0,,0.08,4.48
2019-07-09,100,8.0,,0.08,8.0
2019-07-10,61,8.0,,0.08,4.88
2019-07-11,45,8.0,,0.08,3.6
2019-07-12,71,8.0,,0.08,5.68
2019-07-13,53,8.0,,0.08,4.24
2019-07-14,62,8.0,False,0.08,4.96
2019-07-15,52,8.0,,0.08,4.16
2019-07-16,85,8.0,,0.08,6.8
2019-07-17,59,8.0,,0.08,4.72
2019-07-18,51,8.0,,0.08,4.08
2019-07-19,46,8.0,,0.08,3.68
2019-07-20,66,8.0,,0.08,5.28
2019-07-21,66,7.0,False,0.07,4.62
2019-07-22,43,7.0,,0.07,3.0100000000000002
2019-07-23,50,7.0,,0.07,3.5000000000000004
2019-07-24,55,7.0,,0.07,3.8500000000000005
2019-07-25,80,7.0,,0.07,5.6000000000000005
2019-07-26,52,7.0,,0.07,3.6400000000000006
2019-07-27,38,7.0,,0.07,2.66
2019-07-28,45,8.0,False,0.08,3.6
2019-07-29,51,8.0,,0.08,4.08
2019-07-30,54,8.0,,0.08,4.32
2019-07-31,68,8.0,,0.08,5.44
2019-08-01,49,8.0,,0.08,3.92
2019-08-02,32,8.0,,0.08,2.56
2019-08-03,82,8.0,,0.08,6.5600000000000005
2019-08-04,76,9.0,False,0.09,6.84
2019-08-05,68,9.0,,0.09,6.12
2019-08-06,42,9.0,,0.09,3.78
2019-08-07,55,9.0,,0.09,4.95
2019-08-08,39,9.0,,0.09,3.51
2019-08-09,100,9.0,,0.09,9.0
2019-08-10,56,9.0,,0.09,5.04
2019-08-11,38,7.0,False,0.07,2.66
2019-08-12,57,7.0,,0.07,3.99
2019-08-13,41,7.0,,0.07,2.87
2019-08-14,51,7.0,,0.07,3.5700000000000003
2019-08-15,58,7.0,,0.07,4.0600000000000005
2019-08-16,22,7.0,,0.07,1.54
2019-08-17,45,7.0,,0.07,3.1500000000000004
2019-08-18,54,7.0,False,0.07,3.7800000000000002
2019-08-19,62,7.0,,0.07,4.340000000000001
2019-08-20,44,7.0,,0.07,3.08
2019-08-21,41,7.0,,0.07,2.87
2019-08-22,39,7.0,,0.07,2.7300000000000004
2019-08-23,41,7.0,,0.07,2.87
2019-08-24,71,7.0,,0.07,4.970000000000001
2019-08-25,45,6.0,False,0.06,2.6999999999999997
2019-08-26,50,6.0,,0.06,3.0
2019-08-27,52,6.0,,0.06,3.12
2019-08-28,32,6.0,,0.06,1.92
2019-08-29,49,6.0,,0.06,2.94
2019-08-30,24,6.0,,0.06,1.44
2019-08-31,30,6.0,,0.06,1.7999999999999998
2019-09-01,78,7.0,False,0.07,5.460000000000001
2019-09-02,57,7.0,,0.07,3.99
2019-09-03,85,7.0,,0.07,5.95
2019-09-04,73,7.0,,0.07,5.11
2019-09-05,86,7.0,,0.07,6.0200000000000005
2019-09-06,85,7.0,,0.07,5.95
2019-09-07,63,7.0,,0.07,4.41
2019-09-08,88,7.0,False,0.07,6.16
2019-09-09,82,7.0,,0.07,5.74
2019-09-10,77,7.0,,0.07,5.390000000000001
2019-09-11,67,7.0,,0.07,4.69
2019-09-12,95,7.0,,0.07,6.65
2019-09-13,24,7.0,,0.07,1.6800000000000002
2019-09-14,88,7.0,,0.07,6.16
2019-09-15,91,6.0,False,0.06,5.46
2019-09-16,59,6.0,,0.06,3.54
2019-09-17,76,6.0,,0.06,4.56
2019-09-18,75,6.0,,0.06,4.5
2019-09-19,100,6.0,,0.06,6.0
2019-09-20,80,6.0,,0.06,4.8
2019-09-21,76,6.0,,0.06,4.56
2019-09-22,90,7.0,False,0.07,6.300000000000001
2019-09-23,83,7.0,,0.07,5.8100000000000005
2019-09-24,92,7.0,,0.07,6.44
2019-09-25,53,7.0,,0.07,3.7100000000000004
2019-09-26,54,7.0,,0.07,3.7800000000000002
2019-09-27,56,7.0,,0.07,3.9200000000000004
2019-09-28,57,7.0,,0.07,3.99
2019-09-29,71,7.0,False,0.07,4.970000000000001
2019-09-30,81,7.0,,0.07,5.670000000000001
2019-10-01,54,7.0,,0.07,3.7800000000000002
2019-10-02,58,7.0,,0.07,4.0600000000000005
2019-10-03,54,7.0,,0.07,3.7800000000000002
2019-10-04,100,7.0,,0.07,7.000000000000001
2019-10-05,62,7.0,,0.07,4.340000000000001
2019-10-06,66,7.0,False,0.07,4.62
2019-10-07,50,7.0,,0.07,3.5000000000000004
2019-10-08,97,7.0,,0.07,6.790000000000001
2019-10-09,64,7.0,,0.07,4.48
2019-10-10,92,7.0,,0.07,6.44
2019-10-11,38,7.0,,0.07,2.66
2019-10-12,71,7.0,,0.07,4.970000000000001
2019-10-13,47,6.0,False,0.06,2.82
2019-10-14,50,6.0,,0.06,3.0
2019-10-15,37,6.0,,0.06,2.2199999999999998
2019-10-16,29,6.0,,0.06,1.74
2019-10-17,55,6.0,,0.06,3.3
2019-10-18,61,6.0,,0.06,3.6599999999999997
2019-10-19,66,6.0,,0.06,3.96
2019-10-20,75,6.0,False,0.06,4.5
2019-10-21,36,6.0,,0.06,2.16
2019-10-22,99,6.0,,0.06,5.9399999999999995
2019-10-23,49,6.0,,0.06,2.94
2019-10-24,57,6.0,,0.06,3.42
2019-10-25,74,6.0,,0.06,4.4399999999999995
2019-10-26,67,6.0,,0.06,4.02
2019-10-27,55,7.0,False,0.07,3.8500000000000005
2019-10-28,32,7.0,,0.07,2.24
2019-10-29,54,7.0,,0.07,3.7800000000000002
2019-10-30,58,7.0,,0.07,4.0600000000000005
2019-10-31,68,7.0,,0.07,4.760000000000001
2019-11-01,89,7.0,,0.07,6.23
2019-11-02,67,7.0,,0.07,4.69
2019-11-03,77,6.0,False,0.06,4.62
2019-11-04,97,6.0,,0.06,5.819999999999999
2019-11-05,59,6.0,,0.06,3.54
2019-11-06,68,6.0,,0.06,4.08
2019-11-07,59,6.0,,0.06,3.54
2019-11-08,56,6.0,,0.06,3.36
2019-11-09,72,6.0,,0.06,4.32
2019-11-10,56,6.0,False,0.06,3.36
2019-11-11,100,6.0,,0.06,6.0
2019-11-12,45,6.0,,0.06,2.6999999999999997
2019-11-13,50,6.0,,0.06,3.0
2019-11-14,49,6.0,,0.06,2.94
2019-11-15,81,6.0,,0.06,4.859999999999999
2019-11-16,79,6.0,,0.06,4.74
2019-11-17,61,6.0,False,0.06,3.6599999999999997
2019-11-18,73,6.0,,0.06,4.38
2019-11-19,78,6.0,,0.06,4.68
2019-11-20,74,6.0,,0.06,4.4399999999999995
2019-11-21,75,6.0,,0.06,4.5
2019-11-22,58,6.0,,0.06,3.48
2019-11-23,62,6.0,,0.06,3.7199999999999998
2019-11-24,81,6.0,False,0.06,4.859999999999999
2019-11-25,100,6.0,,0.06,6.0
2019-11-26,68,6.0,,0.06,4.08
2019-11-27,46,6.0,,0.06,2.76
2019-11-28,51,6.0,,0.06,3.06
2019-11-29,52,6.0,,0.06,3.12
2019-11-30,41,6.0,,0.06,2.46
2019-12-01,81,6.0,False,0.06,4.859999999999999
2019-12-02,73,6.0,,0.06,4.38
2019-12-03,49,6.0,,0.06,2.94
2019-12-04,28,6.0,,0.06,1.68
2019-12-05,66,6.0,,0.06,3.96
2019-12-06,81,6.0,,0.06,4.859999999999999
2019-12-07,43,6.0,,0.06,2.58
2019-12-08,47,6.0,False,0.06,2.82
2019-12-09,78,6.0,,0.06,4.68
2019-12-10,75,6.0,,0.06,4.5
2019-12-11,49,6.0,,0.06,2.94
2019-12-12,46,6.0,,0.06,2.76
2019-12-13,81,6.0,,0.06,4.859999999999999
2019-12-14,60,6.0,,0.06,3.5999999999999996
2019-12-15,65,6.0,False,0.06,3.9
2019-12-16,77,6.0,,0.06,4.62
2019-12-17,74,6.0,,0.06,4.4399999999999995
2019-12-18,49,6.0,,0.06,2.94
2019-12-19,81,6.0,,0.06,4.859999999999999
2019-12-20,49,6.0,,0.06,2.94
2019-12-21,52,6.0,,0.06,3.12
2019-12-22,61,6.0,False,0.06,3.6599999999999997
2019-12-23,35,6.0,,0.06,2.1
2019-12-24,52,6.0,,0.06,3.12
2019-12-25,67,6.0,,0.06,4.02
2019-12-26,94,6.0,,0.06,5.64
2019-12-27,44,6.0,,0.06,2.6399999999999997
2019-12-28,100,6.0,,0.06,6.0
2019-12-29,42,6.0,False,0.06,2.52
2019-12-30,39,6.0,,0.06,2.34
2019-12-31,56,6.0,,0.06,3.36
2020-01-01,55,6.0,,0.06,3.3
2020-01-02,55,6.0,,0.06,3.3
2020-01-03,60,6.0,,0.06,3.5999999999999996
2020-01-04,34,6.0,,0.06,2.04
2020-01-05,47,8.0,False,0.08,3.7600000000000002
2020-01-06,66,8.0,,0.08,5.28
2020-01-07,100,8.0,,0.08,8.0
2020-01-08,78,8.0,,0.08,6.24
2020-01-09,59,8.0,,0.08,4.72
2020-01-10,74,8.0,,0.08,5.92
2020-01-11,73,8.0,,0.08,5.84
2020-01-12,76,7.0,False,0.07,5.32
2020-01-13,78,7.0,,0.07,5.460000000000001
2020-01-14,69,7.0,,0.07,4.83
2020-01-15,43,7.0,,0.07,3.0100000000000002
2020-01-16,96,7.0,,0.07,6.720000000000001
2020-01-17,77,7.0,,0.07,5.390000000000001
2020-01-18,50,7.0,,0.07,3.5000000000000004
2020-01-19,67,8.0,False,0.08,5.36
2020-01-20,52,8.0,,0.08,4.16
2020-01-21,58,8.0,,0.08,4.64
2020-01-22,54,8.0,,0.08,4.32
2020-01-23,44,8.0,,0.08,3.52
2020-01-24,67,8.0,,0.08,5.36
2020-01-25,69,8.0,,0.08,5.5200000000000005
2020-01-26,56,6.0,False,0.06,3.36
2020-01-27,95,6.0,,0.06,5.7
2020-01-28,50,6.0,,0.06,3.0
2020-01-29,74,6.0,,0.06,4.4399999999999995
2020-01-30,52,6.0,,0.06,3.12
2020-01-31,32,6.0,,0.06,1.92
2020-02-01,69,6.0,,0.06,4.14
2020-02-02,71,7.0,False,0.07,4.970000000000001
2020-02-03,49,7.0,,0.07,3.43
2020-02-04,49,7.0,,0.07,3.43
2020-02-05,69,7.0,,0.07,4.83
2020-02-06,53,7.0,,0.07,3.7100000000000004
2020-02-07,55,7.0,,0.07,3.8500000000000005
2020-02-08,81,7.0,,0.07,5.670000000000001
2020-02-09,91,7.0,False,0.07,6.370000000000001
2020-02-10,70,7.0,,0.07,4.9
2020-02-11,37,7.0,,0.07,2.5900000000000003
2020-02-12,97,7.0,,0.07,6.790000000000001
2020-02-13,72,7.0,,0.07,5.040000000000001
2020-02-14,55,7.0,,0.07,3.8500000000000005
2020-02-15,94,7.0,,0.07,6.580000000000001
2020-02-16,100,7.0,False,0.07,7.000000000000001
2020-02-17,56,7.0,,0.07,3.9200000000000004
2020-02-18,55,7.0,,0.07,3.8500000000000005
2020-02-19,70,7.0,,0.07,4.9
2020-02-20,52,7.0,,0.07,3.6400000000000006
2020-02-21,54,7.0,,0.07,3.7800000000000002
2020-02-22,58,7.0,,0.07,4.0600000000000005
2020-02-23,70,7.0,False,0.07,4.9
2020-02-24,98,7.0,,0.07,6.86
2020-02-25,51,7.0,,0.07,3.5700000000000003
2020-02-26,32,7.0,,0.07,2.24
2020-02-27,68,7.0,,0.07,4.760000000000001
2020-02-28,75,7.0,,0.07,5.250000000000001
2020-02-29,78,7.0,,0.07,5.460000000000001
2020-03-01,71,8.0,False,0.08,5.68
2020-03-02,46,8.0,,0.08,3.68
2020-03-03,63,8.0,,0.08,5.04
2020-03-04,100,8.0,,0.08,8.0
2020-03-05,68,8.0,,0.08,5.44
2020-03-06,84,8.0,,0.08,6.72
2020-03-07,81,8.0,,0.08,6.48
2020-03-08,59,7.0,False,0.07,4.130000000000001
2020-03-09,70,7.0,,0.07,4.9
2020-03-10,59,7.0,,0.07,4.130000000000001
2020-03-11,76,7.0,,0.07,5.32
2020-03-12,82,7.0,,0.07,5.74
2020-03-13,93,7.0,,0.07,6.510000000000001
2020-03-14,71,7.0,,0.07,4.970000000000001
2020-03-15,66,7.0,False,0.07,4.62
2020-03-16,75,7.0,,0.07,5.250000000000001
2020-03-17,51,7.0,,0.07,3.5700000000000003
2020-03-18,66,7.0,,0.07,4.62
2020-03-19,56,7.0,,0.07,3.9200000000000004
2020-03-20,51,7.0,,0.07,3.5700000000000003
2020-03-21,85,7.0,,0.07,5.95
2020-03-22,65,6.0,False,0.06,3.9
2020-03-23,57,6.0,,0.06,3.42
2020-03-24,70,6.0,,0.06,4.2
2020-03-25,31,6.0,,0.06,1.8599999999999999
2020-03-26,35,6.0,,0.06,2.1
2020-03-27,64,6.0,,0.06,3.84
2020-03-28,71,6.0,,0.06,4.26
2020-03-29,86,6.0,False,0.06,5.16
2020-03-30,66,6.0,,0.06,3.96
2020-03-31,49,6.0,,0.06,2.94
2020-04-01,64,6.0,,0.06,3.84
2020-04-02,58,6.0,,0.06,3.48
2020-04-03,84,6.0,,0.06,5.04
2020-04-04,66,6.0,,0.06,3.96
2020-04-05,63,9.0,False,0.09,5.67
2020-04-06,75,9.0,,0.09,6.75
2020-04-07,79,9.0,,0.09,7.109999999999999
2020-04-08,69,9.0,,0.09,6.21
2020-04-09,100,9.0,,0.09,9.0
2020-04-10,44,9.0,,0.09,3.96
2020-04-11,63,9.0,,0.09,5.67
2020-04-12,77,9.0,False,0.09,6.93
2020-04-13,63,9.0,,0.09,5.67
2020-04-14,79,9.0,,0.09,7.109999999999999
2020-04-15,55,9.0,,0.09,4.95
2020-04-16,67,9.0,,0.09,6.029999999999999
2020-04-17,72,9.0,,0.09,6.4799999999999995
2020-04-18,66,9.0,,0.09,5.9399999999999995
2020-04-19,93,7.0,False,0.07,6.510000000000001
2020-04-20,58,7.0,,0.07,4.0600000000000005
2020-04-21,58,7.0,,0.07,4.0600000000000005
2020-04-22,44,7.0,,0.07,3.08
2020-04-23,54,7.0,,0.07,3.7800000000000002
2020-04-24,77,7.0,,0.07,5.390000000000001
2020-04-25,66,7.0,,0.07,4.62
2020-04-26,66,11.0,False,0.11,7.26
2020-04-27,71,11.0,,0.11,7.81
2020-04-28,68,11.0,,0.11,7.48
2020-04-29,72,11.0,,0.11,7.92
2020-04-30,89,11.0,,0.11,9.790000000000001
2020-05-01,83,11.0,,0.11,9.13
2020-05-02,100,11.0,,0.11,11.0
2020-05-03,64,11.0,False,0.11,7.04
2020-05-04,50,11.0,,0.11,5.5
2020-05-05,40,11.0,,0.11,4.4
2020-05-06,79,11.0,,0.11,8.69
2020-05-07,79,11.0,,0.11,8.69
2020-05-08,75,11.0,,0.11,8.25
2020-05-09,89,11.0,,0.11,9.790000000000001
2020-05-10,94,11.0,False,0.11,10.34
2020-05-11,98,11.0,,0.11,10.78
2020-05-12,82,11.0,,0.11,9.02
2020-05-13,78,11.0,,0.11,8.58
2020-05-14,73,11.0,,0.11,8.03
2020-05-15,50,11.0,,0.11,5.5
2020-05-16,73,11.0,,0.11,8.03
2020-05-17,57,10.0,False,0.1,5.7
2020-05-18,39,10.0,,0.1,3.9000000000000004
2020-05-19,60,10.0,,0.1,6.0
2020-05-20,57,10.0,,0.1,5.7
2020-05-21,72,10.0,,0.1,7.2
2020-05-22,68,10.0,,0.1,6.800000000000001
2020-05-23,79,10.0,,0.1,7.9
2020-05-24,57,9.0,False,0.09,5.13
2020-05-25,77,9.0,,0.09,6.93
2020-05-26,72,9.0,,0.09,6.4799999999999995
2020-05-27,70,9.0,,0.09,6.3
2020-05-28,72,9.0,,0.09,6.4799999999999995
2020-05-29,57,9.0,,0.09,5.13
2020-05-30,68,9.0,,0.09,6.12
2020-05-31,45,10.0,False,0.1,4.5
2020-06-01,93,10.0,,0.1,9.3
2020-06-02,70,10.0,,0.1,7.0
2020-06-03,72,10.0,,0.1,7.2
2020-06-04,51,10.0,,0.1,5.1000000000000005
2020-06-05,59,10.0,,0.1,5.9
2020-06-06,76,10.0,,0.1,7.6000000000000005
2020-06-07,83,9.0,False,0.09,7.47
2020-06-08,79,9.0,,0.09,7.109999999999999
2020-06-09,79,9.0,,0.09,7.109999999999999
2020-06-10,67,9.0,,0.09,6.029999999999999
2020-06-11,100,9.0,,0.09,9.0
2020-06-12,61,9.0,,0.09,5.49
2020-06-13,94,9.0,,0.09,8.459999999999999
2020-06-14,70,9.0,False,0.09,6.3
2020-06-15,71,9.0,,0.09,6.39
2020-06-16,92,9.0,,0.09,8.28
2020-06-17,97,9.0,,0.09,8.73
2020-06-18,65,9.0,,0.09,5.85
2020-06-19,97,9.0,,0.09,8.73
2020-06-20,74,9.0,,0.09,6.66
2020-06-21,66,10.0,False,0.1,6.6000000000000005
2020-06-22,79,10.0,,0.1,7.9
2020-06-23,85,10.0,,0.1,8.5
2020-06-24,67,10.0,,0.1,6.7
2020-06-25,66,10.0,,0.1,6.6000000000000005
2020-06-26,96,10.0,,0.1,9.600000000000001
2020-06-27,63,10.0,,0.1,6.300000000000001
2020-06-28,98,11.0,False,0.11,10.78
2020-06-29,89,11.0,,0.11,9.790000000000001
2020-06-30,79,11.0,,0.11,8.69
2020-07-01,78,11.0,,0.11,8.58
2020-07-02,68,11.0,,0.11,7.48
2020-07-03,70,11.0,,0.11,7.7
2020-07-04,21,11.0,,0.11,2.31
2020-07-05,66,9.0,False,0.09,5.9399999999999995
2020-07-06,53,9.0,,0.09,4.77
2020-07-07,67,9.0,,0.09,6.029999999999999
2020-07-08,90,9.0,,0.09,8.1
2020-07-09,50,9.0,,0.09,4.5
2020-07-10,77,9.0,,0.09,6.93
2020-07-11,67,9.0,,0.09,6.029999999999999
2020-07-12,61,11.0,False,0.11,6.71
2020-07-13,56,11.0,,0.11,6.16
2020-07-14,74,11.0,,0.11,8.14
2020-07-15,58,11.0,,0.11,6.38
2020-07-16,100,11.0,,0.11,11.0
2020-07-17,56,11.0,,0.11,6.16
2020-07-18,68,11.0,,0.11,7.48
2020-07-19,77,9.0,False,0.09,6.93
2020-07-20,32,9.0,,0.09,2.88
2020-07-21,65,9.0,,0.09,5.85
2020-07-22,75,9.0,,0.09,6.75
2020-07-23,83,9.0,,0.09,7.47
2020-07-24,55,9.0,,0.09,4.95
2020-07-25,77,9.0,,0.09,6.93
2020-07-26,58,11.0,False,0.11,6.38
2020-07-27,88,11.0,,0.11,9.68
2020-07-28,88,11.0,,0.11,9.68
2020-07-29,60,11.0,,0.11,6.6
2020-07-30,82,11.0,,0.11,9.02
2020-07-31,69,11.0,,0.11,7.59
2020-08-01,100,11.0,,0.11,11.0
2020-08-02,46,9.0,False,0.09,4.14
2020-08-03,39,9.0,,0.09,3.51
2020-08-04,58,9.0,,0.09,5.22
2020-08-05,47,9.0,,0.09,4.2299999999999995
2020-08-06,68,9.0,,0.09,6.12
2020-08-07,62,9.0,,0.09,5.58
2020-08-08,53,9.0,,0.09,4.77
2020-08-09,91,11.0,False,0.11,10.01
2020-08-10,67,11.0,,0.11,7.37
2020-08-11,77,11.0,,0.11,8.47
2020-08-12,68,11.0,,0.11,7.48
2020-08-13,60,11.0,,0.11,6.6
2020-08-14,84,11.0,,0.11,9.24
2020-08-15,58,11.0,,0.11,6.38
2020-08-16,68,9.0,False,0.09,6.12
2020-08-17,79,9.0,,0.09,7.109999999999999
2020-08-18,55,9.0,,0.09,4.95
2020-08-19,59,9.0,,0.09,5.31
2020-08-20,46,9.0,,0.09,4.14
2020-08-21,60,9.0,,0.09,5.3999999999999995
2020-08-22,96,9.0,,0.09,8.64
2020-08-23,63,10.0,False,0.1,6.300000000000001
2020-08-24,66,10.0,,0.1,6.6000000000000005
2020-08-25,77,10.0,,0.1,7.7
2020-08-26,60,10.0,,0.1,6.0
2020-08-27,66,10.0,,0.1,6.6000000000000005
2020-08-28,41,10.0,,0.1,4.1000000000000005
2020-08-29,48,10.0,,0.1,4.800000000000001
2020-08-30,76,10.0,False,0.1,7.6000000000000005
2020-08-31,47,10.0,,0.1,4.7
2020-09-01,76,10.0,,0.1,7.6000000000000005
2020-09-02,70,10.0,,0.1,7.0
2020-09-03,86,10.0,,0.1,8.6
2020-09-04,82,10.0,,0.1,8.200000000000001
2020-09-05,77,10.0,,0.1,7.7
2020-09-06,91,9.0,False,0.09,8.19
2020-09-07,92,9.0,,0.09,8.28
2020-09-08,63,9.0,,0.09,5.67
2020-09-09,92,9.0,,0.09,8.28
2020-09-10,86,9.0,,0.09,7.739999999999999
2020-09-11,66,9.0,,0.09,5.9399999999999995
2020-09-12,82,9.0,,0.09,7.38
2020-09-13,95,10.0,False,0.1,9.5
2020-09-14,69,10.0,,0.1,6.9
2020-09-15,82,10.0,,0.1,8.200000000000001
2020-09-16,69,10.0,,0.1,6.9
2020-09-17,57,10.0,,0.1,5.7
2020-09-18,76,10.0,,0.1,7.6000000000000005
2020-09-19,70,10.0,,0.1,7.0
2020-09-20,47,9.0,False,0.09,4.2299999999999995
2020-09-21,68,9.0,,0.09,6.12
2020-09-22,75,9.0,,0.09,6.75
2020-09-23,71,9.0,,0.09,6.39
2020-09-24,47,9.0,,0.09,4.2299999999999995
2020-09-25,96,9.0,,0.09,8.64
2020-09-26,64,9.0,,0.09,5.76
2020-09-27,40,8.0,False,0.08,3.2
2020-09-28,68,8.0,,0.08,5.44
2020-09-29,62,8.0,,0.08,4.96
2020-09-30,100,8.0,,0.08,8.0
2020-10-01,92,8.0,,0.08,7.36
2020-10-02,71,8.0,,0.08,5.68
2020-10-03,55,8.0,,0.08,4.4
2020-10-04,54,7.0,False,0.07,3.7800000000000002
2020-10-05,80,7.0,,0.07,5.6000000000000005
2020-10-06,67,7.0,,0.07,4.69
2020-10-07,75,7.0,,0.07,5.250000000000001
2020-10-08,71,7.0,,0.07,4.970000000000001
2020-10-09,89,7.0,,0.07,6.23
2020-10-10,87,7.0,,0.07,6.090000000000001
2020-10-11,49,7.0,False,0.07,3.43
2020-10-12,70,7.0,,0.07,4.9
2020-10-13,64,7.0,,0.07,4.48
2020-10-14,57,7.0,,0.07,3.99
2020-10-15,61,7.0,,0.07,4.2700000000000005
2020-10-16,89,7.0,,0.07,6.23
2020-10-17,28,7.0,,0.07,1.9600000000000002
2020-10-18,94,8.0,False,0.08,7.5200000000000005
2020-10-19,54,8.0,,0.08,4.32
2020-10-20,93,8.0,,0.08,7.44
2020-10-21,82,8.0,,0.08,6.5600000000000005
2020-10-22,85,8.0,,0.08,6.8
2020-10-23,61,8.0,,0.08,4.88
2020-10-24,52,8.0,,0.08,4.16
2020-10-25,100,8.0,False,0.08,8.0
2020-10-26,90,8.0,,0.08,7.2
2020-10-27,89,8.0,,0.08,7.12
2020-10-28,72,8.0,,0.08,5.76
2020-10-29,73,8.0,,0.08,5.84
2020-10-30,64,8.0,,0.08,5.12
2020-10-31,93,8.0,,0.08,7.44
2020-11-01,24,7.0,False,0.07,1.6800000000000002
2020-11-02,37,7.0,,0.07,2.5900000000000003
2020-11-03,24,7.0,,0.07,1.6800000000000002
2020-11-04,23,7.0,,0.07,1.61
2020-11-05,27,7.0,,0.07,1.8900000000000001
2020-11-06,27,7.0,,0.07,1.8900000000000001
2020-11-07,58,7.0,,0.07,4.0600000000000005
2020-11-08,43,9.0,False,0.09,3.8699999999999997
2020-11-09,47,9.0,,0.09,4.2299999999999995
2020-11-10,38,9.0,,0.09,3.42
2020-11-11,51,9.0,,0.09,4.59
2020-11-12,54,9.0,,0.09,4.859999999999999
2020-11-13,31,9.0,,0.09,2.79
2020-11-14,39,9.0,,0.09,3.51
2020-11-15,31,10.0,False,0.1,3.1
2020-11-16,43,10.0,,0.1,4.3
2020-11-17,55,10.0,,0.1,5.5
2020-11-18,63,10.0,,0.1,6.300000000000001
2020-11-19,33,10.0,,0.1,3.3000000000000003
2020-11-20,41,10.0,,0.1,4.1000000000000005
2020-11-21,45,10.0,,0.1,4.5
2020-11-22,55,13.0,False,0.13,7.15
2020-11-23,59,13.0,,0.13,7.67
2020-11-24,100,13.0,,0.13,13.0
2020-11-25,42,13.0,,0.13,5.46
2020-11-26,59,13.0,,0.13,7.67
2020-11-27,44,13.0,,0.13,5.720000000000001
2020-11-28,37,13.0,,0.13,4.8100000000000005
2020-11-29,52,11.0,False,0.11,5.72
2020-11-30,59,11.0,,0.11,6.49
2020-12-01,61,11.0,,0.11,6.71
2020-12-02,43,11.0,,0.11,4.73
2020-12-03,53,11.0,,0.11,5.83
2020-12-04,43,11.0,,0.11,4.73
2020-12-05,53,11.0,,0.11,5.83
2020-12-06,43,10.0,False,0.1,4.3
2020-12-07,32,10.0,,0.1,3.2
2020-12-08,37,10.0,,0.1,3.7
2020-12-09,39,10.0,,0.1,3.9000000000000004
2020-12-10,39,10.0,,0.1,3.9000000000000004
2020-12-11,42,10.0,,0.1,4.2
2020-12-12,37,10.0,,0.1,3.7
2020-12-13,30,15.0,False,0.15,4.5
2020-12-14,42,15.0,,0.15,6.3
2020-12-15,40,15.0,,0.15,6.0
2020-12-16,69,15.0,,0.15,10.35
2020-12-17,65,15.0,,0.15,9.75
2020-12-18,71,15.0,,0.15,10.65
2020-12-19,51,15.0,,0.15,7.6499999999999995
2020-12-20,78,13.0,False,0.13,10.14
2020-12-21,68,13.0,,0.13,8.84
2020-12-22,52,13.0,,0.13,6.76
2020-12-23,54,13.0,,0.13,7.0200000000000005
2020-12-24,45,13.0,,0.13,5.8500000000000005
2020-12-25,69,13.0,,0.13,8.97
2020-12-26,69,13.0,,0.13,8.97
2020-12-27,98,20.0,False,0.2,19.6
2020-12-28,82,20.0,,0.2,16.400000000000002
2020-12-29,83,20.0,,0.2,16.6
2020-12-30,100,20.0,,0.2,20.0
2020-12-31,90,20.0,,0.2,18.0
2021-01-01,47,20.0,,0.2,9.4
2021-01-02,73,20.0,,0.2,14.600000000000001
2021-01-03,89,33.0,False,0.33,29.37
2021-01-04,70,33.0,,0.33,23.1
2021-01-05,59,33.0,,0.33,19.470000000000002
2021-01-06,77,33.0,,0.33,25.41
2021-01-07,100,33.0,,0.33,33.0
2021-01-08,92,33.0,,0.33,30.360000000000003
2021-01-09,92,33.0,,0.33,30.360000000000003
2021-01-10,92,31.0,False,0.31,28.52
2021-01-11,83,31.0,,0.31,25.73
2021-01-12,77,31.0,,0.31,23.87
2021-01-13,63,31.0,,0.31,19.53
2021-01-14,89,31.0,,0.31,27.59
2021-01-15,75,31.0,,0.31,23.25
2021-01-16,64,31.0,,0.31,19.84
2021-01-17,73,26.0,False,0.26,18.98
2021-01-18,67,26.0,,0.26,17.42
2021-01-19,59,26.0,,0.26,15.34
2021-01-20,51,26.0,,0.26,13.26
2021-01-21,54,26.0,,0.26,14.040000000000001
2021-01-22,74,26.0,,0.26,19.240000000000002
2021-01-23,54,26.0,,0.26,14.040000000000001
2021-01-24,59,26.0,False,0.26,15.34
2021-01-25,63,26.0,,0.26,16.38
2021-01-26,44,26.0,,0.26,11.440000000000001
2021-01-27,50,26.0,,0.26,13.0
2021-01-28,41,26.0,,0.26,10.66
2021-01-29,81,26.0,,0.26,21.060000000000002
2021-01-30,72,26.0,,0.26,18.72
2021-01-31,56,24.0,False,0.24,13.44
2021-02-01,40,24.0,,0.24,9.6
2021-02-02,34,24.0,,0.24,8.16
2021-02-03,39,24.0,,0.24,9.36
2021-02-04,42,24.0,,0.24,10.08
2021-02-05,40,24.0,,0.24,9.6
2021-02-06,48,24.0,,0.24,11.52
2021-02-07,49,38.0,False,0.38,18.62
2021-02-08,67,38.0,,0.38,25.46
2021-02-09,90,38.0,,0.38,34.2
2021-02-10,48,38.0,,0.38,18.240000000000002
2021-02-11,69,38.0,,0.38,26.22
2021-02-12,62,38.0,,0.38,23.56
2021-02-13,65,38.0,,0.38,24.7
2021-02-14,64,43.0,False,0.43,27.52
2021-02-15,63,43.0,,0.43,27.09
2021-02-16,86,43.0,,0.43,36.98
2021-02-17,69,43.0,,0.43,29.669999999999998
2021-02-18,73,43.0,,0.43,31.39
2021-02-19,81,43.0,,0.43,34.83
2021-02-20,100,43.0,,0.43,43.0
2021-02-21,88,36.0,False,0.36,31.68
2021-02-22,83,36.0,,0.36,29.88
2021-02-23,69,36.0,,0.36,24.84
2021-02-24,56,36.0,,0.36,20.16
2021-02-25,47,36.0,,0.36,16.919999999999998
2021-02-26,51,36.0,,0.36,18.36
2021-02-27,58,36.0,,0.36,20.88
2021-02-28,61,28.0,False,0.28,17.080000000000002
2021-03-01,66,28.0,,0.28,18.48
2021-03-02,88,28.0,,0.28,24.64
2021-03-03,64,28.0,,0.28,17.92
2021-03-04,67,28.0,,0.28,18.76
2021-03-05,56,28.0,,0.28,15.680000000000001
2021-03-06,60,28.0,,0.28,16.8
2021-03-07,65,27.0,False,0.27,17.55
2021-03-08,50,27.0,,0.27,13.5
2021-03-09,61,27.0,,0.27,16.470000000000002
2021-03-10,73,27.0,,0.27,19.71
2021-03-11,70,27.0,,0.27,18.900000000000002
2021-03-12,59,27.0,,0.27,15.930000000000001
2021-03-13,70,27.0,,0.27,18.900000000000002
2021-03-14,100,31.0,False,0.31,31.0
2021-03-15,67,31.0,,0.31,20.77
2021-03-16,64,31.0,,0.31,19.84
2021-03-17,61,31.0,,0.31,18.91
2021-03-18,74,31.0,,0.31,22.94
2021-03-19,62,31.0,,0.31,19.22
2021-03-20,70,31.0,,0.31,21.7
2021-03-21,69,23.0,False,0.23,15.870000000000001
2021-03-22,52,23.0,,0.23,11.96
2021-03-23,56,23.0,,0.23,12.88
2021-03-24,57,23.0,,0.23,13.110000000000001
2021-03-25,46,23.0,,0.23,10.58
2021-03-26,53,23.0,,0.23,12.190000000000001
2021-03-27,66,23.0,,0.23,15.180000000000001
2021-03-28,44,24.0,False,0.24,10.559999999999999
2021-03-29,58,24.0,,0.24,13.92
2021-03-30,65,24.0,,0.24,15.6
2021-03-31,56,24.0,,0.24,13.44
2021-04-01,69,24.0,,0.24,16.56
2021-04-02,86,24.0,,0.24,20.64
2021-04-03,58,24.0,,0.24,13.92
2021-04-04,83,24.0,False,0.24,19.919999999999998
2021-04-05,65,24.0,,0.24,15.6
2021-04-06,67,24.0,,0.24,16.08
2021-04-07,77,24.0,,0.24,18.48
2021-04-08,84,24.0,,0.24,20.16
2021-04-09,70,24.0,,0.24,16.8
2021-04-10,62,24.0,,0.24,14.879999999999999
2021-04-11,78,27.0,False,0.27,21.060000000000002
2021-04-12,52,27.0,,0.27,14.040000000000001
2021-04-13,82,27.0,,0.27,22.14
2021-04-14,90,27.0,,0.27,24.3
2021-04-15,85,27.0,,0.27,22.950000000000003
2021-04-16,100,27.0,,0.27,27.0
2021-04-17,90,27.0,,0.27,24.3
2021-04-18,82,28.0,False,0.28,22.96
2021-04-19,68,28.0,,0.28,19.040000000000003
2021-04-20,79,28.0,,0.28,22.12
2021-04-21,80,28.0,,0.28,22.400000000000002
2021-04-22,73,28.0,,0.28,20.44
2021-04-23,71,28.0,,0.28,19.880000000000003
2021-04-24,69,28.0,,0.28,19.32
2021-04-25,61,22.0,False,0.22,13.42
2021-04-26,58,22.0,,0.22,12.76
2021-04-27,71,22.0,,0.22,15.62
2021-04-28,80,22.0,,0.22,17.6
2021-04-29,73,22.0,,0.22,16.06
2021-04-30,59,22.0,,0.22,12.98
2021-05-01,20,22.0,,0.22,4.4
2021-05-02,24,26.0,False,0.26,6.24
2021-05-03,21,26.0,,0.26,5.46
2021-05-04,25,26.0,,0.26,6.5
2021-05-05,24,26.0,,0.26,6.24
2021-05-06,27,26.0,,0.26,7.0200000000000005
2021-05-07,32,26.0,,0.26,8.32
2021-05-08,27,26.0,,0.26,7.0200000000000005
2021-05-09,27,48.0,False,0.48,12.959999999999999
2021-05-10,21,48.0,,0.48,10.08
2021-05-11,27,48.0,,0.48,12.959999999999999
2021-05-12,36,48.0,,0.48,17.28
2021-05-13,100,48.0,,0.48,48.0
2021-05-14,52,48.0,,0.48,24.96
2021-05-15,44,48.0,,0.48,21.119999999999997
2021-05-16,38,34.0,False,0.34,12.920000000000002
2021-05-17,37,34.0,,0.34,12.58
2021-05-18,28,34.0,,0.34,9.520000000000001
2021-05-19,34,34.0,,0.34,11.56
2021-05-20,32,34.0,,0.34,10.88
2021-05-21,33,34.0,,0.34,11.22
2021-05-22,34,34.0,,0.34,11.56
2021-05-23,28,35.0,False,0.35,9.799999999999999
2021-05-24,37,35.0,,0.35,12.95
2021-05-25,38,35.0,,0.35,13.299999999999999
2021-05-26,28,35.0,,0.35,9.799999999999999
2021-05-27,22,35.0,,0.35,7.699999999999999
2021-05-28,34,35.0,,0.35,11.899999999999999
2021-05-29,42,35.0,,0.35,14.7
2021-05-30,27,26.0,False,0.26,7.0200000000000005
2021-05-31,20,26.0,,0.26,5.2
2021-06-01,81,26.0,,0.26,21.060000000000002
2021-06-02,100,26.0,,0.26,26.0
2021-06-03,80,26.0,,0.26,20.8
2021-06-04,82,26.0,,0.26,21.32
2021-06-05,88,26.0,,0.26,22.880000000000003
2021-06-06,78,21.0,False,0.21,16.38
2021-06-07,79,21.0,,0.21,16.59
2021-06-08,62,21.0,,0.21,13.02
2021-06-09,83,21.0,,0.21,17.43
2021-06-10,65,21.0,,0.21,13.65
2021-06-11,56,21.0,,0.21,11.76
2021-06-12,52,21.0,,0.21,10.92
2021-06-13,56,19.0,False,0.19,10.64
2021-06-14,75,19.0,,0.19,14.25
2021-06-15,61,19.0,,0.19,11.59
2021-06-16,68,19.0,,0.19,12.92
2021-06-17,60,19.0,,0.19,11.4
2021-06-18,45,19.0,,0.19,8.55
2021-06-19,45,19.0,,0.19,8.55
2021-06-20,55,22.0,False,0.22,12.1
2021-06-21,92,22.0,,0.22,20.24
2021-06-22,79,22.0,,0.22,17.38
2021-06-23,51,22.0,,0.22,11.22
2021-06-24,67,22.0,,0.22,14.74
2021-06-25,74,22.0,,0.22,16.28
2021-06-26,59,22.0,,0.22,12.98
2021-06-27,56,18.0,False,0.18,10.08
2021-06-28,64,18.0,,0.18,11.52
2021-06-29,63,18.0,,0.18,11.34
2021-06-30,39,18.0,,0.18,7.02
2021-07-01,54,18.0,,0.18,9.719999999999999
2021-07-02,47,18.0,,0.18,8.459999999999999
2021-07-03,100,18.0,,0.18,18.0
2021-07-04,63,17.0,False,0.17,10.71
2021-07-05,61,17.0,,0.17,10.370000000000001
2021-07-06,56,17.0,,0.17,9.520000000000001
2021-07-07,43,17.0,,0.17,7.3100000000000005
2021-07-08,46,17.0,,0.17,7.82
2021-07-09,56,17.0,,0.17,9.520000000000001
2021-07-10,46,17.0,,0.17,7.82
2021-07-11,55,14.0,False,0.14,7.700000000000001
2021-07-12,47,14.0,,0.14,6.580000000000001
2021-07-13,45,14.0,,0.14,6.300000000000001
2021-07-14,45,14.0,,0.14,6.300000000000001
2021-07-15,44,14.0,,0.14,6.16
2021-07-16,33,14.0,,0.14,4.62
2021-07-17,37,14.0,,0.14,5.180000000000001
2021-07-18,50,19.0,False,0.19,9.5
2021-07-19,57,19.0,,0.19,10.83
2021-07-20,85,19.0,,0.19,16.15
2021-07-21,47,19.0,,0.19,8.93
2021-07-22,49,19.0,,0.19,9.31
2021-07-23,42,19.0,,0.19,7.98
2021-07-24,61,19.0,,0.19,11.59
2021-07-25,24,16.0,False,0.16,3.84
2021-07-26,54,16.0,,0.16,8.64
2021-07-27,37,16.0,,0.16,5.92
2021-07-28,42,16.0,,0.16,6.72
2021-07-29,35,16.0,,0.16,5.6000000000000005
2021-07-30,37,16.0,,0.16,5.92
2021-07-31,38,16.0,,0.16,6.08
2021-08-01,76,14.0,False,0.14,10.64
2021-08-02,65,14.0,,0.14,9.100000000000001
2021-08-03,50,14.0,,0.14,7.000000000000001
2021-08-04,47,14.0,,0.14,6.580000000000001
2021-08-05,43,14.0,,0.14,6.0200000000000005
2021-08-06,37,14.0,,0.14,5.180000000000001
2021-08-07,50,14.0,,0.14,7.000000000000001
2021-08-08,61,16.0,False,0.16,9.76
2021-08-09,72,16.0,,0.16,11.52
2021-08-10,59,16.0,,0.16,9.44
2021-08-11,100,16.0,,0.16,16.0
2021-08-12,56,16.0,,0.16,8.96
2021-08-13,50,16.0,,0.16,8.0
2021-08-14,50,16.0,,0.16,8.0
2021-08-15,68,15.0,False,0.15,10.2
2021-08-16,62,15.0,,0.15,9.299999999999999
2021-08-17,58,15.0,,0.15,8.7
2021-08-18,58,15.0,,0.15,8.7
2021-08-19,64,15.0,,0.15,9.6
2021-08-20,65,15.0,,0.15,9.75
2021-08-21,55,15.0,,0.15,8.25
2021-08-22,68,16.0,False,0.16,10.88
2021-08-23,76,16.0,,0.16,12.16
2021-08-24,56,16.0,,0.16,8.96
2021-08-25,67,16.0,,0.16,10.72
2021-08-26,45,16.0,,0.16,7.2
2021-08-27,46,16.0,,0.16,7.36
2021-08-28,48,16.0,,0.16,7.68
2021-08-29,38,15.0,False,0.15,5.7
2021-08-30,53,15.0,,0.15,7.949999999999999
2021-08-31,42,15.0,,0.15,6.3
2021-09-01,53,15.0,,0.15,7.949999999999999
2021-09-02,66,15.0,,0.15,9.9
2021-09-03,76,15.0,,0.15,11.4
2021-09-04,72,15.0,,0.15,10.799999999999999
2021-09-05,100,18.0,False,0.18,18.0
2021-09-06,78,18.0,,0.18,14.04
2021-09-07,96,18.0,,0.18,17.28
2021-09-08,69,18.0,,0.18,12.42
2021-09-09,78,18.0,,0.18,14.04
2021-09-10,72,18.0,,0.18,12.959999999999999
2021-09-11,58,18.0,,0.18,10.44
2021-09-12,60,13.0,False,0.13,7.800000000000001
2021-09-13,39,13.0,,0.13,5.07
2021-09-14,55,13.0,,0.13,7.15
2021-09-15,50,13.0,,0.13,6.5
2021-09-16,52,13.0,,0.13,6.76
2021-09-17,44,13.0,,0.13,5.720000000000001
2021-09-18,42,13.0,,0.13,5.46
2021-09-19,41,13.0,False,0.13,5.33
2021-09-20,47,13.0,,0.13,6.11
2021-09-21,44,13.0,,0.13,5.720000000000001
2021-09-22,46,13.0,,0.13,5.98
2021-09-23,55,13.0,,0.13,7.15
2021-09-24,66,13.0,,0.13,8.58
2021-09-25,70,13.0,,0.13,9.1
2021-09-26,43,15.0,False,0.15,6.45
2021-09-27,47,15.0,,0.15,7.05
2021-09-28,46,15.0,,0.15,6.8999999999999995
2021-09-29,58,15.0,,0.15,8.7
2021-09-30,61,15.0,,0.15,9.15
2021-10-01,100,15.0,,0.15,15.0
2021-10-02,92,15.0,,0.15,13.799999999999999
2021-10-03,66,12.0,False,0.12,7.92
2021-10-04,87,12.0,,0.12,10.44
2021-10-05,72,12.0,,0.12,8.64
2021-10-06,61,12.0,,0.12,7.319999999999999
2021-10-07,86,12.0,,0.12,10.32
2021-10-08,57,12.0,,0.12,6.84
2021-10-09,72,12.0,,0.12,8.64
2021-10-10,57,13.0,False,0.13,7.41
2021-10-11,58,13.0,,0.13,7.54
2021-10-12,83,13.0,,0.13,10.790000000000001
2021-10-13,77,13.0,,0.13,10.01
2021-10-14,62,13.0,,0.13,8.06
2021-10-15,69,13.0,,0.13,8.97
2021-10-16,82,13.0,,0.13,10.66
2021-10-17,60,13.0,False,0.13,7.800000000000001
2021-10-18,94,13.0,,0.13,12.22
2021-10-19,94,13.0,,0.13,12.22
2021-10-20,93,13.0,,0.13,12.09
2021-10-21,88,13.0,,0.13,11.440000000000001
2021-10-22,60,13.0,,0.13,7.800000000000001
2021-10-23,87,13.0,,0.13,11.31
2021-10-24,69,12.0,False,0.12,8.28
2021-10-25,69,12.0,,0.12,8.28
2021-10-26,72,12.0,,0.12,8.64
2021-10-27,78,12.0,,0.12,9.36
2021-10-28,82,12.0,,0.12,9.84
2021-10-29,95,12.0,,0.12,11.4
2021-10-30,82,12.0,,0.12,9.84
2021-10-31,73,12.0,False,0.12,8.76
2021-11-01,80,12.0,,0.12,9.6
2021-11-02,62,12.0,,0.12,7.4399999999999995
2021-11-03,64,12.0,,0.12,7.68
2021-11-04,66,12.0,,0.12,7.92
2021-11-05,47,12.0,,0.12,5.64
2021-11-06,64,12.0,,0.12,7.68
2021-11-07,81,15.0,False,0.15,12.15
2021-11-08,74,15.0,,0.15,11.1
2021-11-09,72,15.0,,0.15,10.799999999999999
2021-11-10,66,15.0,,0.15,9.9
2021-11-11,79,15.0,,0.15,11.85
2021-11-12,80,15.0,,0.15,12.0
2021-11-13,100,15.0,,0.15,15.0
2021-11-14,90,14.0,False,0.14,12.600000000000001
2021-11-15,85,14.0,,0.14,11.9
2021-11-16,63,14.0,,0.14,8.82
2021-11-17,61,14.0,,0.14,8.540000000000001
2021-11-18,63,14.0,,0.14,8.82
2021-11-19,68,14.0,,0.14,9.520000000000001
2021-11-20,77,14.0,,0.14,10.780000000000001
2021-11-21,59,12.0,False,0.12,7.08
2021-11-22,59,12.0,,0.12,7.08
2021-11-23,67,12.0,,0.12,8.04
2021-11-24,72,12.0,,0.12,8.64
2021-11-25,58,12.0,,0.12,6.96
2021-11-26,53,12.0,,0.12,6.359999999999999
2021-11-27,69,12.0,,0.12,8.28
2021-11-28,60,13.0,True,0.13,7.800000000000001
2021-11-29,77,13.0,,0.13,10.01
2021-11-30,65,13.0,,0.13,8.450000000000001
2021-12-01,100,13.0,,0.13,13.0
2021-12-02,79,13.0,,0.13,10.27
