date,buy bitcoin_unscaled,buy bitcoin_monthly,isPartial,scale,buy bitcoin
2017-08-01,44,,,,
2017-08-02,79,,,,
2017-08-03,39,,,,
2017-08-04,36,,,,
2017-08-05,32,,,,
2017-08-06,44,17.0,False,0.17,7.48
2017-08-07,61,17.0,,0.17,10.370000000000001
2017-08-08,49,17.0,,0.17,8.33
2017-08-09,41,17.0,,0.17,6.970000000000001
2017-08-10,37,17.0,,0.17,6.29
2017-08-11,48,17.0,,0.17,8.16
2017-08-12,66,17.0,,0.17,11.22
2017-08-13,82,24.0,False,0.24,19.68
2017-08-14,100,24.0,,0.24,24.0
2017-08-15,62,24.0,,0.24,14.879999999999999
2017-08-16,53,24.0,,0.24,12.719999999999999
2017-08-17,53,24.0,,0.24,12.719999999999999
2017-08-18,76,24.0,,0.24,18.24
2017-08-19,67,24.0,,0.24,16.08
2017-08-20,65,16.0,False,0.16,10.4
2017-08-21,52,16.0,,0.16,8.32
2017-08-22,52,16.0,,0.16,8.32
2017-08-23,52,16.0,,0.16,8.32
2017-08-24,51,16.0,,0.16,8.16
2017-08-25,58,16.0,,0.16,9.28
2017-08-26,43,16.0,,0.16,6.88
2017-08-27,51,19.0,False,0.19,9.69
2017-08-28,40,19.0,,0.19,7.6
2017-08-29,52,19.0,,0.19,9.88
2017-08-30,62,19.0,,0.19,11.78
2017-08-31,51,19.0,,0.19,9.69
2017-09-01,100,19.0,,0.19,19.0
2017-09-02,93,19.0,,0.19,17.67
2017-09-03,85,16.0,False,0.16,13.6
2017-09-04,84,16.0,,0.16,13.44
2017-09-05,76,16.0,,0.16,12.16
2017-09-06,67,16.0,,0.16,10.72
2017-09-07,76,16.0,,0.16,12.16
2017-09-08,83,16.0,,0.16,13.280000000000001
2017-09-09,72,16.0,,0.16,11.52
2017-09-10,65,16.0,False,0.16,10.4
2017-09-11,64,16.0,,0.16,10.24
2017-09-12,60,16.0,,0.16,9.6
2017-09-13,73,16.0,,0.16,11.68
2017-09-14,72,16.0,,0.16,11.52
2017-09-15,97,16.0,,0.16,15.52
2017-09-16,71,16.0,,0.16,11.36
2017-09-17,54,12.0,False,0.12,6.4799999999999995
2017-09-18,51,12.0,,0.12,6.12
2017-09-19,35,12.0,,0.12,4.2
2017-09-20,41,12.0,,0.12,4.92
2017-09-21,46,12.0,,0.12,5.52
2017-09-22,44,12.0,,0.12,5.279999999999999
2017-09-23,28,12.0,,0.12,3.36
2017-09-24,58,11.0,False,0.11,6.38
2017-09-25,36,11.0,,0.11,3.96
2017-09-26,40,11.0,,0.11,4.4
2017-09-27,42,11.0,,0.11,4.62
2017-09-28,58,11.0,,0.11,6.38
2017-09-29,58,11.0,,0.11,6.38
2017-09-30,56,11.0,,0.11,6.16
2017-10-01,49,11.0,False,0.11,5.39
2017-10-02,32,11.0,,0.11,3.52
2017-10-03,38,11.0,,0.11,4.18
2017-10-04,46,11.0,,0.11,5.06
2017-10-05,45,11.0,,0.11,4.95
2017-10-06,30,11.0,,0.11,3.3
2017-10-07,38,11.0,,0.11,4.18
2017-10-08,36,15.0,False,0.15,5.3999999999999995
2017-10-09,41,15.0,,0.15,6.1499999999999995
2017-10-10,40,15.0,,0.15,6.0
2017-10-11,44,15.0,,0.15,6.6
2017-10-12,57,15.0,,0.15,8.549999999999999
2017-10-13,87,15.0,,0.15,13.049999999999999
2017-10-14,74,15.0,,0.15,11.1
2017-10-15,68,17.0,False,0.17,11.56
2017-10-16,68,17.0,,0.17,11.56
2017-10-17,59,17.0,,0.17,10.030000000000001
2017-10-18,70,17.0,,0.17,11.9
2017-10-19,59,17.0,,0.17,10.030000000000001
2017-10-20,84,17.0,,0.17,14.280000000000001
2017-10-21,100,17.0,,0.17,17.0
2017-10-22,77,18.0,False,0.18,13.86
2017-10-23,77,18.0,,0.18,13.86
2017-10-24,45,18.0,,0.18,8.1
2017-10-25,76,18.0,,0.18,13.68
2017-10-26,57,18.0,,0.18,10.26
2017-10-27,73,18.0,,0.18,13.139999999999999
2017-10-28,64,18.0,,0.18,11.52
2017-10-29,74,28.0,False,0.28,20.720000000000002
2017-10-30,57,28.0,,0.28,15.96
2017-10-31,88,28.0,,0.28,24.64
2017-11-01,26,28.0,,0.28,7.280000000000001
2017-11-02,35,28.0,,0.28,9.8
2017-11-03,28,28.0,,0.28,7.840000000000001
2017-11-04,16,28.0,,0.28,4.48
2017-11-05,21,28.0,False,0.28,5.880000000000001
2017-11-06,19,28.0,,0.28,5.32
2017-11-07,23,28.0,,0.28,6.44
2017-11-08,20,28.0,,0.28,5.6000000000000005
2017-11-09,17,28.0,,0.28,4.760000000000001
2017-11-10,23,28.0,,0.28,6.44
2017-11-11,23,28.0,,0.28,6.44
2017-11-12,35,28.0,False,0.28,9.8
2017-11-13,23,28.0,,0.28,6.44
2017-11-14,22,28.0,,0.28,6.16
2017-11-15,22,28.0,,0.28,6.16
2017-11-16,21,28.0,,0.28,5.880000000000001
2017-11-17,19,28.0,,0.28,5.32
2017-11-18,21,28.0,,0.28,5.880000000000001
2017-11-19,21,30.0,False,0.3,6.3
2017-11-20,23,30.0,,0.3,6.8999999999999995
2017-11-21,30,30.0,,0.3,9.0
2017-11-22,19,30.0,,0.3,5.7
2017-11-23,18,30.0,,0.3,5.3999999999999995
2017-11-24,22,30.0,,0.3,6.6
2017-11-25,23,30.0,,0.3,6.8999999999999995
2017-11-26,38,70.0,False,0.7,26.599999999999998
2017-11-27,49,70.0,,0.7,34.3
2017-11-28,50,70.0,,0.7,35.0
2017-11-29,100,70.0,,0.7,70.0
2017-11-30,66,70.0,,0.7,46.199999999999996
2017-12-01,38,70.0,,0.7,26.599999999999998
2017-12-02,37,70.0,,0.7,25.9
2017-12-03,37,99.0,False,0.99,36.63
2017-12-04,36,99.0,,0.99,35.64
2017-12-05,40,99.0,,0.99,39.6
2017-12-06,53,99.0,,0.99,52.47
2017-12-07,100,99.0,,0.99,99.0
2017-12-08,94,99.0,,0.99,93.06
2017-12-09,65,99.0,,0.99,64.35
2017-12-10,49,100.0,False,1.0,49.0
2017-12-11,65,100.0,,1.0,65.0
2017-12-12,77,100.0,,1.0,77.0
2017-12-13,63,100.0,,1.0,63.0
2017-12-14,58,100.0,,1.0,58.0
2017-12-15,52,100.0,,1.0,52.0
2017-12-16,45,100.0,,1.0,45.0
2017-12-17,52,86.0,False,0.86,44.72
2017-12-18,48,86.0,,0.86,41.28
2017-12-19,54,86.0,,0.86,46.44
2017-12-20,71,86.0,,0.86,61.06
2017-12-21,54,86.0,,0.86,46.44
2017-12-22,58,86.0,,0.86,49.88
2017-12-23,47,86.0,,0.86,40.42
2017-12-24,36,47.0,False,0.47,16.919999999999998
2017-12-25,26,47.0,,0.47,12.219999999999999
2017-12-26,29,47.0,,0.47,13.629999999999999
2017-12-27,28,47.0,,0.47,13.16
2017-12-28,32,47.0,,0.47,15.04
2017-12-29,34,47.0,,0.47,15.979999999999999
2017-12-30,35,47.0,,0.47,16.45
2017-12-31,22,47.0,False,0.47,10.34
2018-01-01,38,47.0,,0.47,17.86
2018-01-02,60,47.0,,0.47,28.2
2018-01-03,93,47.0,,0.47,43.71
2018-01-04,100,47.0,,0.47,47.0
2018-01-05,74,47.0,,0.47,34.78
2018-01-06,82,47.0,,0.47,38.54
2018-01-07,78,40.0,False,0.4,31.200000000000003
2018-01-08,77,40.0,,0.4,30.8
2018-01-09,54,40.0,,0.4,21.6
2018-01-10,56,40.0,,0.4,22.400000000000002
2018-01-11,58,40.0,,0.4,23.200000000000003
2018-01-12,53,40.0,,0.4,21.200000000000003
2018-01-13,60,40.0,,0.4,24.0
2018-01-14,58,38.0,False,0.38,22.04
2018-01-15,38,38.0,,0.38,14.44
2018-01-16,54,38.0,,0.38,20.52
2018-01-17,72,38.0,,0.38,27.36
2018-01-18,59,38.0,,0.38,22.42
2018-01-19,37,38.0,,0.38,14.06
2018-01-20,41,38.0,,0.38,15.58
2018-01-21,37,23.0,False,0.23,8.51
2018-01-22,38,23.0,,0.23,8.74
2018-01-23,40,23.0,,0.23,9.200000000000001
2018-01-24,34,23.0,,0.23,7.82
2018-01-25,33,23.0,,0.23,7.590000000000001
2018-01-26,35,23.0,,0.23,8.05
2018-01-27,36,23.0,,0.23,8.280000000000001
2018-01-28,28,21.0,False,0.21,5.88
2018-01-29,27,21.0,,0.21,5.67
2018-01-30,25,21.0,,0.21,5.25
2018-01-31,34,21.0,,0.21,7.14
2018-02-01,64,21.0,,0.21,13.44
2018-02-02,83,21.0,,0.21,17.43
2018-02-03,66,21.0,,0.21,13.86
2018-02-04,70,21.0,False,0.21,14.7
2018-02-05,70,21.0,,0.21,14.7
2018-02-06,94,21.0,,0.21,19.74
2018-02-07,100,21.0,,0.21,21.0
2018-02-08,51,21.0,,0.21,10.709999999999999
2018-02-09,46,21.0,,0.21,9.66
2018-02-10,68,21.0,,0.21,14.28
2018-02-11,30,14.0,False,0.14,4.2
2018-02-12,50,14.0,,0.14,7.000000000000001
2018-02-13,40,14.0,,0.14,5.6000000000000005
2018-02-14,35,14.0,,0.14,4.9
2018-02-15,51,14.0,,0.14,7.140000000000001
2018-02-16,50,14.0,,0.14,7.000000000000001
2018-02-17,56,14.0,,0.14,7.840000000000001
2018-02-18,43,14.0,False,0.14,6.0200000000000005
2018-02-19,31,14.0,,0.14,4.340000000000001
2018-02-20,36,14.0,,0.14,5.040000000000001
2018-02-21,54,14.0,,0.14,7.5600000000000005
2018-02-22,55,14.0,,0.14,7.700000000000001
2018-02-23,29,14.0,,0.14,4.0600000000000005
2018-02-24,34,14.0,,0.14,4.760000000000001
2018-02-25,31,10.0,False,0.1,3.1
2018-02-26,38,10.0,,0.1,3.8000000000000003
2018-02-27,40,10.0,,0.1,4.0
2018-02-28,31,10.0,,0.1,3.1
2018-03-01,91,10.0,,0.1,9.1
2018-03-02,58,10.0,,0.1,5.800000000000001
2018-03-03,50,10.0,,0.1,5.0
2018-03-04,95,8.0,False,0.08,7.6000000000000005
2018-03-05,51,8.0,,0.08,4.08
2018-03-06,64,8.0,,0.08,5.12
2018-03-07,100,8.0,,0.08,8.0
2018-03-08,77,8.0,,0.08,6.16
2018-03-09,58,8.0,,0.08,4.64
2018-03-10,75,8.0,,0.08,6.0
2018-03-11,75,9.0,False,0.09,6.75
2018-03-12,67,9.0,,0.09,6.029999999999999
2018-03-13,81,9.0,,0.09,7.29
2018-03-14,76,9.0,,0.09,6.84
2018-03-15,71,9.0,,0.09,6.39
2018-03-16,70,9.0,,0.09,6.3
2018-03-17,76,9.0,,0.09,6.84
2018-03-18,75,10.0,False,0.1,7.5
2018-03-19,70,10.0,,0.1,7.0
2018-03-20,70,10.0,,0.1,7.0
2018-03-21,73,10.0,,0.1,7.300000000000001
2018-03-22,74,10.0,,0.1,7.4
2018-03-23,76,10.0,,0.1,7.6000000000000005
2018-03-24,72,10.0,,0.1,7.2
2018-03-25,47,8.0,False,0.08,3.7600000000000002
2018-03-26,47,8.0,,0.08,3.7600000000000002
2018-03-27,53,8.0,,0.08,4.24
2018-03-28,48,8.0,,0.08,3.84
2018-03-29,78,8.0,,0.08,6.24
2018-03-30,98,8.0,,0.08,7.84
2018-03-31,56,8.0,,0.08,4.48
2018-04-01,58,7.0,False,0.07,4.0600000000000005
2018-04-02,63,7.0,,0.07,4.41
2018-04-03,59,7.0,,0.07,4.130000000000001
2018-04-04,52,7.0,,0.07,3.6400000000000006
2018-04-05,46,7.0,,0.07,3.22
2018-04-06,63,7.0,,0.07,4.41
2018-04-07,56,7.0,,0.07,3.9200000000000004
2018-04-08,52,7.0,False,0.07,3.6400000000000006
2018-04-09,48,7.0,,0.07,3.3600000000000003
2018-04-10,58,7.0,,0.07,4.0600000000000005
2018-04-11,77,7.0,,0.07,5.390000000000001
2018-04-12,49,7.0,,0.07,3.43
2018-04-13,77,7.0,,0.07,5.390000000000001
2018-04-14,53,7.0,,0.07,3.7100000000000004
2018-04-15,36,7.0,False,0.07,2.5200000000000005
2018-04-16,77,7.0,,0.07,5.390000000000001
2018-04-17,73,7.0,,0.07,5.11
2018-04-18,56,7.0,,0.07,3.9200000000000004
2018-04-19,75,7.0,,0.07,5.250000000000001
2018-04-20,75,7.0,,0.07,5.250000000000001
2018-04-21,100,7.0,,0.07,7.000000000000001
2018-04-22,80,8.0,False,0.08,6.4
2018-04-23,64,8.0,,0.08,5.12
2018-04-24,90,8.0,,0.08,7.2
2018-04-25,70,8.0,,0.08,5.6000000000000005
2018-04-26,53,8.0,,0.08,4.24
2018-04-27,63,8.0,,0.08,5.04
2018-04-28,50,8.0,,0.08,4.0
2018-04-29,40,7.0,False,0.07,2.8000000000000003
2018-04-30,40,7.0,,0.07,2.8000000000000003
2018-05-01,40,7.0,,0.07,2.8000000000000003
2018-05-02,52,7.0,,0.07,3.6400000000000006
2018-05-03,68,7.0,,0.07,4.760000000000001
2018-05-04,59,7.0,,0.07,4.130000000000001
2018-05-05,84,7.0,,0.07,5.880000000000001
2018-05-06,69,8.0,False,0.08,5.5200000000000005
2018-05-07,49,8.0,,0.08,3.92
2018-05-08,100,8.0,,0.08,8.0
2018-05-09,53,8.0,,0.08,4.24
2018-05-10,57,8.0,,0.08,4.5600000000000005
2018-05-11,55,8.0,,0.08,4.4
2018-05-12,79,8.0,,0.08,6.32
2018-05-13,39,6.0,False,0.06,2.34
2018-05-14,45,6.0,,0.06,2.6999999999999997
2018-05-15,48,6.0,,0.06,2.88
2018-05-16,53,6.0,,0.06,3.1799999999999997
2018-05-17,31,6.0,,0.06,1.8599999999999999
2018-05-18,51,6.0,,0.06,3.06
2018-05-19,48,6.0,,0.06,2.88
2018-05-20,62,7.0,False,0.07,4.340000000000001
2018-05-21,80,7.0,,0.07,5.6000000000000005
2018-05-22,68,7.0,,0.07,4.760000000000001
2018-05-23,72,7.0,,0.07,5.040000000000001
2018-05-24,23,7.0,,0.07,1.61
2018-05-25,60,7.0,,0.07,4.2
2018-05-26,70,7.0,,0.07,4.9
2018-05-27,52,7.0,False,0.07,3.6400000000000006
2018-05-28,50,7.0,,0.07,3.5000000000000004
2018-05-29,67,7.0,,0.07,4.69
2018-05-30,75,7.0,,0.07,5.250000000000001
2018-05-31,61,7.0,,0.07,4.2700000000000005
2018-06-01,73,7.0,,0.07,5.11
2018-06-02,72,7.0,,0.07,5.040000000000001
2018-06-03,50,5.0,False,0.05,2.5
2018-06-04,47,5.0,,0.05,2.35
2018-06-05,69,5.0,,0.05,3.45
2018-06-06,74,5.0,,0.05,3.7
2018-06-07,35,5.0,,0.05,1.75
2018-06-08,64,5.0,,0.05,3.2
2018-06-09,71,5.0,,0.05,3.5500000000000003
2018-06-10,71,5.0,False,0.05,3.5500000000000003
2018-06-11,97,5.0,,0.05,4.8500000000000005
2018-06-12,67,5.0,,0.05,3.35
2018-06-13,48,5.0,,0.05,2.4000000000000004
2018-06-14,51,5.0,,0.05,2.5500000000000003
2018-06-15,32,5.0,,0.05,1.6
2018-06-16,45,5.0,,0.05,2.25
2018-06-17,59,6.0,False,0.06,3.54
2018-06-18,60,6.0,,0.06,3.5999999999999996
2018-06-19,72,6.0,,0.06,4.32
2018-06-20,43,6.0,,0.06,2.58
2018-06-21,95,6.0,,0.06,5.7
2018-06-22,50,6.0,,0.06,3.0
2018-06-23,50,6.0,,0.06,3.0
2018-06-24,54,5.0,False,0.05,2.7
2018-06-25,63,5.0,,0.05,3.1500000000000004
2018-06-26,72,5.0,,0.05,3.6
2018-06-27,76,5.0,,0.05,3.8000000000000003
2018-06-28,56,5.0,,0.05,2.8000000000000003
2018-06-29,74,5.0,,0.05,3.7
2018-06-30,100,5.0,,0.05,5.0
2018-07-01,44,6.0,False,0.06,2.6399999999999997
2018-07-02,62,6.0,,0.06,3.7199999999999998
2018-07-03,47,6.0,,0.06,2.82
2018-07-04,57,6.0,,0.06,3.42
2018-07-05,49,6.0,,0.06,2.94
2018-07-06,51,6.0,,0.06,3.06
2018-07-07,54,6.0,,0.06,3.2399999999999998
2018-07-08,40,6.0,False,0.06,2.4
2018-07-09,66,6.0,,0.06,3.96
2018-07-10,60,6.0,,0.06,3.5999999999999996
2018-07-11,44,6.0,,0.06,2.6399999999999997
2018-07-12,73,6.0,,0.06,4.38
2018-07-13,42,6.0,,0.06,2.52
2018-07-14,79,6.0,,0.06,4.74
2018-07-15,50,7.0,False,0.07,3.5000000000000004
2018-07-16,57,7.0,,0.07,3.99
2018-07-17,80,7.0,,0.07,5.6000000000000005
2018-07-18,36,7.0,,0.07,2.5200000000000005
2018-07-19,70,7.0,,0.07,4.9
2018-07-20,55,7.0,,0.07,3.8500000000000005
2018-07-21,70,7.0,,0.07,4.9
2018-07-22,60,8.0,False,0.08,4.8
2018-07-23,97,8.0,,0.08,7.76
2018-07-24,81,8.0,,0.08,6.48
2018-07-25,61,8.0,,0.08,4.88
2018-07-26,48,8.0,,0.08,3.84
2018-07-27,65,8.0,,0.08,5.2
2018-07-28,100,8.0,,0.08,8.0
2018-07-29,55,6.0,False,0.06,3.3
2018-07-30,48,6.0,,0.06,2.88
2018-07-31,47,6.0,,0.06,2.82
2018-08-01,91,6.0,,0.06,5.46
2018-08-02,48,6.0,,0.06,2.88
2018-08-03,95,6.0,,0.06,5.7
2018-08-04,52,6.0,,0.06,3.12
2018-08-05,98,7.0,False,0.07,6.86
2018-08-06,62,7.0,,0.07,4.340000000000001
2018-08-07,56,7.0,,0.07,3.9200000000000004
2018-08-08,81,7.0,,0.07,5.670000000000001
2018-08-09,78,7.0,,0.07,5.460000000000001
2018-08-10,47,7.0,,0.07,3.2900000000000005
2018-08-11,43,7.0,,0.07,3.0100000000000002
2018-08-12,37,7.0,False,0.07,2.5900000000000003
2018-08-13,75,7.0,,0.07,5.250000000000001
2018-08-14,41,7.0,,0.07,2.87
2018-08-15,59,7.0,,0.07,4.130000000000001
2018-08-16,100,7.0,,0.07,7.000000000000001
2018-08-17,59,7.0,,0.07,4.130000000000001
2018-08-18,92,7.0,,0.07,6.44
2018-08-19,53,6.0,False,0.06,3.1799999999999997
2018-08-20,68,6.0,,0.06,4.08
2018-08-21,68,6.0,,0.06,4.08
2018-08-22,34,6.0,,0.06,2.04
2018-08-23,67,6.0,,0.06,4.02
2018-08-24,99,6.0,,0.06,5.9399999999999995
2018-08-25,81,6.0,,0.06,4.859999999999999
2018-08-26,57,6.0,False,0.06,3.42
2018-08-27,49,6.0,,0.06,2.94
2018-08-28,62,6.0,,0.06,3.7199999999999998
2018-08-29,85,6.0,,0.06,5.1
2018-08-30,41,6.0,,0.06,2.46
2018-08-31,64,6.0,,0.06,3.84
2018-09-01,58,6.0,,0.06,3.48
2018-09-02,34,5.0,False,0.05,1.7000000000000002
2018-09-03,52,5.0,,0.05,2.6
2018-09-04,79,5.0,,0.05,3.95
2018-09-05,62,5.0,,0.05,3.1
2018-09-06,75,5.0,,0.05,3.75
2018-09-07,66,5.0,,0.05,3.3000000000000003
2018-09-08,72,5.0,,0.05,3.6
2018-09-09,100,6.0,False,0.06,6.0
2018-09-10,70,6.0,,0.06,4.2
2018-09-11,54,6.0,,0.06,3.2399999999999998
2018-09-12,71,6.0,,0.06,4.26
2018-09-13,47,6.0,,0.06,2.82
2018-09-14,47,6.0,,0.06,2.82
2018-09-15,53,6.0,,0.06,3.1799999999999997
2018-09-16,52,5.0,False,0.05,2.6
2018-09-17,46,5.0,,0.05,2.3000000000000003
2018-09-18,83,5.0,,0.05,4.15
2018-09-19,55,5.0,,0.05,2.75
2018-09-20,46,5.0,,0.05,2.3000000000000003
2018-09-21,43,5.0,,0.05,2.15
2018-09-22,67,5.0,,0.05,3.35
2018-09-23,61,5.0,False,0.05,3.0500000000000003
2018-09-24,79,5.0,,0.05,3.95
2018-09-25,66,5.0,,0.05,3.3000000000000003
2018-09-26,70,5.0,,0.05,3.5
2018-09-27,63,5.0,,0.05,3.1500000000000004
2018-09-28,61,5.0,,0.05,3.0500000000000003
2018-09-29,33,5.0,,0.05,1.6500000000000001
2018-09-30,94,5.0,False,0.05,4.7
2018-10-01,25,5.0,,0.05,1.25
2018-10-02,67,5.0,,0.05,3.35
2018-10-03,84,5.0,,0.05,4.2
2018-10-04,47,5.0,,0.05,2.35
2018-10-05,71,5.0,,0.05,3.5500000000000003
2018-10-06,44,5.0,,0.05,2.2
2018-10-07,61,6.0,False,0.06,3.6599999999999997
2018-10-08,64,6.0,,0.06,3.84
2018-10-09,12,6.0,,0.06,0.72
2018-10-10,77,6.0,,0.06,4.62
2018-10-11,70,6.0,,0.06,4.2
2018-10-12,32,6.0,,0.06,1.92
2018-10-13,70,6.0,,0.06,4.2
2018-10-14,80,5.0,False,0.05,4.0
2018-10-15,30,5.0,,0.05,1.5
2018-10-16,77,5.0,,0.05,3.85
2018-10-17,39,5.0,,0.05,1.9500000000000002
2018-10-18,57,5.0,,0.05,2.85
2018-10-19,92,5.0,,0.05,4.6000000000000005
2018-10-20,44,5.0,,0.05,2.2
2018-10-21,34,5.0,False,0.05,1.7000000000000002
2018-10-22,60,5.0,,0.05,3.0
2018-10-23,68,5.0,,0.05,3.4000000000000004
2018-10-24,34,5.0,,0.05,1.7000000000000002
2018-10-25,73,5.0,,0.05,3.6500000000000004
2018-10-26,32,5.0,,0.05,1.6
2018-10-27,71,5.0,,0.05,3.5500000000000003
2018-10-28,42,5.0,False,0.05,2.1
2018-10-29,45,5.0,,0.05,2.25
2018-10-30,34,5.0,,0.05,1.7000000000000002
2018-10-31,100,5.0,,0.05,5.0
2018-11-01,43,5.0,,0.05,2.15
2018-11-02,95,5.0,,0.05,4.75
2018-11-03,42,5.0,,0.05,2.1
2018-11-04,49,6.0,False,0.06,2.94
2018-11-05,78,6.0,,0.06,4.68
2018-11-06,44,6.0,,0.06,2.6399999999999997
2018-11-07,62,6.0,,0.06,3.7199999999999998
2018-11-08,44,6.0,,0.06,2.6399999999999997
2018-11-09,59,6.0,,0.06,3.54
2018-11-10,69,6.0,,0.06,4.14
2018-11-11,31,5.0,False,0.05,1.55
2018-11-12,61,5.0,,0.05,3.0500000000000003
2018-11-13,60,5.0,,0.05,3.0
2018-11-14,81,5.0,,0.05,4.05
2018-11-15,25,5.0,,0.05,1.25
2018-11-16,81,5.0,,0.05,4.05
2018-11-17,60,5.0,,0.05,3.0
2018-11-18,55,6.0,False,0.06,3.3
2018-11-19,73,6.0,,0.06,4.38
2018-11-20,81,6.0,,0.06,4.859999999999999
2018-11-21,49,6.0,,0.06,2.94
2018-11-22,100,6.0,,0.06,6.0
2018-11-23,64,6.0,,0.06,3.84
2018-11-24,68,6.0,,0.06,4.08
2018-11-25,71,5.0,False,0.05,3.5500000000000003
2018-11-26,70,5.0,,0.05,3.5
2018-11-27,43,5.0,,0.05,2.15
2018-11-28,44,5.0,,0.05,2.2
2018-11-29,69,5.0,,0.05,3.45
2018-11-30,54,5.0,,0.05,2.7
2018-12-01,50,5.0,,0.05,2.5
2018-12-02,49,5.0,False,0.05,2.45
2018-12-03,79,5.0,,0.05,3.95
2018-12-04,58,5.0,,0.05,2.9000000000000004
2018-12-05,73,5.0,,0.05,3.6500000000000004
2018-12-06,65,5.0,,0.05,3.25
2018-12-07,82,5.0,,0.05,4.1000000000000005
2018-12-08,28,5.0,,0.05,1.4000000000000001
2018-12-09,78,5.0,False,0.05,3.9000000000000004
2018-12-10,65,5.0,,0.05,3.25
2018-12-11,88,5.0,,0.05,4.4
2018-12-12,40,5.0,,0.05,2.0
2018-12-13,56,5.0,,0.05,2.8000000000000003
2018-12-14,60,5.0,,0.05,3.0
2018-12-15,100,5.0,,0.05,5.0
2018-12-16,58,6.0,False,0.06,3.48
2018-12-17,92,6.0,,0.06,5.52
2018-12-18,28,6.0,,0.06,1.68
2018-12-19,53,6.0,,0.06,3.1799999999999997
2018-12-20,91,6.0,,0.06,5.46
2018-12-21,39,6.0,,0.06,2.34
2018-12-22,53,6.0,,0.06,3.1799999999999997
2018-12-23,72,4.0,False,0.04,2.88
2018-12-24,83,4.0,,0.04,3.3200000000000003
2018-12-25,82,4.0,,0.04,3.2800000000000002
2018-12-26,93,4.0,,0.04,3.72
2018-12-27,48,4.0,,0.04,1.92
2018-12-28,76,4.0,,0.04,3.04
2018-12-29,34,4.0,,0.04,1.36
2018-12-30,76,5.0,False,0.05,3.8000000000000003
2018-12-31,35,5.0,,0.05,1.75
2019-01-01,65,5.0,,0.05,3.25
2019-01-02,50,5.0,,0.05,2.5
2019-01-03,64,5.0,,0.05,3.2
2019-01-04,55,5.0,,0.05,2.75
2019-01-05,70,5.0,,0.05,3.5
2019-01-06,38,5.0,False,0.05,1.9000000000000001
2019-01-07,34,5.0,,0.05,1.7000000000000002
2019-01-08,76,5.0,,0.05,3.8000000000000003
2019-01-09,43,5.0,,0.05,2.15
2019-01-10,48,5.0,,0.05,2.4000000000000004
2019-01-11,69,5.0,,0.05,3.45
2019-01-12,79,5.0,,0.05,3.95
2019-01-13,37,5.0,False,0.05,1.85
2019-01-14,61,5.0,,0.05,3.0500000000000003
2019-01-15,70,5.0,,0.05,3.5
2019-01-16,100,5.0,,0.05,5.0
2019-01-17,38,5.0,,0.05,1.9000000000000001
2019-01-18,84,5.0,,0.05,4.2
2019-01-19,59,5.0,,0.05,2.95
2019-01-20,61,4.0,False,0.04,2.44
2019-01-21,89,4.0,,0.04,3.56
2019-01-22,70,4.0,,0.04,2.8000000000000003
2019-01-23,51,4.0,,0.04,2.04
2019-01-24,37,4.0,,0.04,1.48
2019-01-25,38,4.0,,0.04,1.52
2019-01-26,59,4.0,,0.04,2.36
2019-01-27,63,5.0,False,0.05,3.1500000000000004
2019-01-28,23,5.0,,0.05,1.1500000000000001
2019-01-29,47,5.0,,0.05,2.35
2019-01-30,80,5.0,,0.05,4.0
2019-01-31,61,5.0,,0.05,3.0500000000000003
2019-02-01,45,5.0,,0.05,2.25
2019-02-02,51,5.0,,0.05,2.5500000000000003
2019-02-03,45,6.0,False,0.06,2.6999999999999997
2019-02-04,20,6.0,,0.06,1.2
2019-02-05,65,6.0,,0.06,3.9
2019-02-06,44,6.0,,0.06,2.6399999999999997
2019-02-07,32,6.0,,0.06,1.92
2019-02-08,100,6.0,,0.06,6.0
2019-02-09,32,6.0,,0.06,1.92
2019-02-10,45,4.0,False,0.04,1.8
2019-02-11,71,4.0,,0.04,2.84
2019-02-12,60,4.0,,0.04,2.4
2019-02-13,24,4.0,,0.04,0.96
2019-02-14,53,4.0,,0.04,2.12
2019-02-15,47,4.0,,0.04,1.8800000000000001
2019-02-16,60,4.0,,0.04,2.4
2019-02-17,64,5.0,False,0.05,3.2
2019-02-18,77,5.0,,0.05,3.85
2019-02-19,75,5.0,,0.05,3.75
2019-02-20,56,5.0,,0.05,2.8000000000000003
2019-02-21,32,5.0,,0.05,1.6
2019-02-22,62,5.0,,0.05,3.1
2019-02-23,92,5.0,,0.05,4.6000000000000005
2019-02-24,45,6.0,False,0.06,2.6999999999999997
2019-02-25,44,6.0,,0.06,2.6399999999999997
2019-02-26,72,6.0,,0.06,4.32
2019-02-27,19,6.0,,0.06,1.14
2019-02-28,41,6.0,,0.06,2.46
2019-03-01,100,6.0,,0.06,6.0
2019-03-02,63,6.0,,0.06,3.78
2019-03-03,57,4.0,False,0.04,2.2800000000000002
2019-03-04,42,4.0,,0.04,1.68
2019-03-05,60,4.0,,0.04,2.4
2019-03-06,77,4.0,,0.04,3.08
2019-03-07,42,4.0,,0.04,1.68
2019-03-08,54,4.0,,0.04,2.16
2019-03-09,54,4.0,,0.04,2.16
2019-03-10,62,5.0,False,0.05,3.1
2019-03-11,46,5.0,,0.05,2.3000000000000003
2019-03-12,55,5.0,,0.05,2.75
2019-03-13,50,5.0,,0.05,2.5
2019-03-14,84,5.0,,0.05,4.2
2019-03-15,43,5.0,,0.05,2.15
2019-03-16,79,5.0,,0.05,3.95
2019-03-17,58,5.0,False,0.05,2.9000000000000004
2019-03-18,89,5.0,,0.05,4.45
2019-03-19,44,5.0,,0.05,2.2
2019-03-20,70,5.0,,0.05,3.5
2019-03-21,67,5.0,,0.05,3.35
2019-03-22,59,5.0,,0.05,2.95
2019-03-23,37,5.0,,0.05,1.85
2019-03-24,72,5.0,False,0.05,3.6
2019-03-25,28,5.0,,0.05,1.4000000000000001
2019-03-26,23,5.0,,0.05,1.1500000000000001
2019-03-27,28,5.0,,0.05,1.4000000000000001
2019-03-28,57,5.0,,0.05,2.85
2019-03-29,59,5.0,,0.05,2.95
2019-03-30,87,5.0,,0.05,4.3500000000000005
2019-03-31,64,6.0,False,0.06,3.84
2019-04-01,48,6.0,,0.06,2.88
2019-04-02,100,6.0,,0.06,6.0
2019-04-03,61,6.0,,0.06,3.6599999999999997
2019-04-04,83,6.0,,0.06,4.9799999999999995
2019-04-05,45,6.0,,0.06,2.6999999999999997
2019-04-06,39,6.0,,0.06,2.34
2019-04-07,50,6.0,False,0.06,3.0
2019-04-08,52,6.0,,0.06,3.12
2019-04-09,77,6.0,,0.06,4.62
2019-04-10,39,6.0,,0.06,2.34
2019-04-11,96,6.0,,0.06,5.76
2019-04-12,41,6.0,,0.06,2.46
2019-04-13,46,6.0,,0.06,2.76
2019-04-14,54,5.0,False,0.05,2.7
2019-04-15,49,5.0,,0.05,2.45
2019-04-16,57,5.0,,0.05,2.85
2019-04-17,58,5.0,,0.05,2.9000000000000004
2019-04-18,42,5.0,,0.05,2.1
2019-04-19,45,5.0,,0.05,2.25
2019-04-20,57,5.0,,0.05,2.85
2019-04-21,37,4.0,False,0.04,1.48
2019-04-22,69,4.0,,0.04,2.7600000000000002
2019-04-23,57,4.0,,0.04,2.2800000000000002
2019-04-24,43,4.0,,0.04,1.72
2019-04-25,44,4.0,,0.04,1.76
2019-04-26,45,4.0,,0.04,1.8
2019-04-27,59,4.0,,0.04,2.36
2019-04-28,29,5.0,False,0.05,1.4500000000000002
2019-04-29,30,5.0,,0.05,1.5
2019-04-30,48,5.0,,0.05,2.4000000000000004
2019-05-01,22,5.0,,0.05,1.1
2019-05-02,43,5.0,,0.05,2.15
2019-05-03,38,5.0,,0.05,1.9000000000000001
2019-05-04,41,5.0,,0.05,2.0500000000000003
2019-05-05,64,6.0,False,0.06,3.84
2019-05-06,45,6.0,,0.06,2.6999999999999997
2019-05-07,50,6.0,,0.06,3.0
2019-05-08,46,6.0,,0.06,2.76
2019-05-09,76,6.0,,0.06,4.56
2019-05-10,50,6.0,,0.06,3.0
2019-05-11,42,6.0,,0.06,2.52
2019-05-12,55,7.0,False,0.07,3.8500000000000005
2019-05-13,58,7.0,,0.07,4.0600000000000005
2019-05-14,78,7.0,,0.07,5.460000000000001
2019-05-15,54,7.0,,0.07,3.7800000000000002
2019-05-16,78,7.0,,0.07,5.460000000000001
2019-05-17,100,7.0,,0.07,7.000000000000001
2019-05-18,49,7.0,,0.07,3.43
2019-05-19,65,7.0,False,0.07,4.550000000000001
2019-05-20,71,7.0,,0.07,4.970000000000001
2019-05-21,38,7.0,,0.07,2.66
2019-05-22,60,7.0,,0.07,4.2
2019-05-23,32,7.0,,0.07,2.24
2019-05-24,53,7.0,,0.07,3.7100000000000004
2019-05-25,59,7.0,,0.07,4.130000000000001
2019-05-26,44,7.0,False,0.07,3.08
2019-05-27,69,7.0,,0.07,4.83
2019-05-28,59,7.0,,0.07,4.130000000000001
2019-05-29,47,7.0,,0.07,3.2900000000000005
2019-05-30,51,7.0,,0.07,3.5700000000000003
2019-05-31,62,7.0,,0.07,4.340000000000001
2019-06-01,33,7.0,,0.07,2.31
2019-06-02,42,6.0,False,0.06,2.52
2019-06-03,33,6.0,,0.06,1.98
2019-06-04,29,6.0,,0.06,1.74
2019-06-05,44,6.0,,0.06,2.6399999999999997
2019-06-06,29,6.0,,0.06,1.74
2019-06-07,41,6.0,,0.06,2.46
2019-06-08,28,6.0,,0.06,1.68
2019-06-09,43,5.0,False,0.05,2.15
2019-06-10,46,5.0,,0.05,2.3000000000000003
2019-06-11,37,5.0,,0.05,1.85
2019-06-12,11,5.0,,0.05,0.55
2019-06-13,26,5.0,,0.05,1.3
2019-06-14,37,5.0,,0.05,1.85
2019-06-15,41,5.0,,0.05,2.0500000000000003
2019-06-16,50,8.0,False,0.08,4.0
2019-06-17,47,8.0,,0.08,3.7600000000000002
2019-06-18,58,8.0,,0.08,4.64
2019-06-19,42,8.0,,0.08,3.36
2019-06-20,36,8.0,,0.08,2.88
2019-06-21,47,8.0,,0.08,3.7600000000000002
2019-06-22,91,8.0,,0.08,7.28
2019-06-23,52,12.0,False,0.12,6.24
2019-06-24,65,12.0,,0.12,7.8
2019-06-25,97,12.0,,0.12,11.639999999999999
2019-06-26,100,12.0,,0.12,12.0
2019-06-27,64,12.0,,0.12,7.68
2019-06-28,63,12.0,,0.12,7.56
2019-06-29,46,12.0,,0.12,5.52
2019-06-30,49,7.0,False,0.07,3.43
2019-07-01,73,7.0,,0.07,5.11
2019-07-02,100,7.0,,0.07,7.000000000000001
2019-07-03,77,7.0,,0.07,5.390000000000001
2019-07-04,73,7.0,,0.07,5.11
2019-07-05,63,7.0,,0.07,4.41
2019-07-06,29,7.0,,0.07,2.0300000000000002
2019-07-07,78,7.0,False,0.07,5.460000000000001
2019-07-08,66,7.0,,0.07,4.62
2019-07-09,72,7.0,,0.07,5.040000000000001
2019-07-10,84,7.0,,0.07,5.880000000000001
2019-07-11,70,7.0,,0.07,4.9
2019-07-12,72,7.0,,0.07,5.040000000000001
2019-07-13,81,7.0,,0.07,5.670000000000001
2019-07-14,58,7.0,False,0.07,4.0600000000000005
2019-07-15,77,7.0,,0.07,5.390000000000001
2019-07-16,73,7.0,,0.07,5.11
2019-07-17,63,7.0,,0.07,4.41
2019-07-18,54,7.0,,0.07,3.7800000000000002
2019-07-19,32,7.0,,0.07,2.24
2019-07-20,64,7.0,,0.07,4.48
2019-07-21,43,6.0,False,0.06,2.58
2019-07-22,57,6.0,,0.06,3.42
2019-07-23,48,6.0,,0.06,2.88
2019-07-24,58,6.0,,0.06,3.48
2019-07-25,50,6.0,,0.06,3.0
2019-07-26,67,6.0,,0.06,4.02
2019-07-27,78,6.0,,0.06,4.68
2019-07-28,76,6.0,False,0.06,4.56
2019-07-29,80,6.0,,0.06,4.8
2019-07-30,49,6.0,,0.06,2.94
2019-07-31,57,6.0,,0.06,3.42
2019-08-01,100,6.0,,0.06,6.0
2019-08-02,80,6.0,,0.06,4.8
2019-08-03,81,6.0,,0.06,4.859999999999999
2019-08-04,54,7.0,False,0.07,3.7800000000000002
2019-08-05,66,7.0,,0.07,4.62
2019-08-06,95,7.0,,0.07,6.65
2019-08-07,67,7.0,,0.07,4.69
2019-08-08,97,7.0,,0.07,6.790000000000001
2019-08-09,59,7.0,,0.07,4.130000000000001
2019-08-10,71,7.0,,0.07,4.970000000000001
2019-08-11,55,6.0,False,0.06,3.3
2019-08-12,62,6.0,,0.06,3.7199999999999998
2019-08-13,85,6.0,,0.06,5.1
2019-08-14,67,6.0,,0.06,4.02
2019-08-15,71,6.0,,0.06,4.26
2019-08-16,39,6.0,,0.06,2.34
2019-08-17,48,6.0,,0.06,2.88
2019-08-18,91,6.0,False,0.06,5.46
2019-08-19,41,6.0,,0.06,2.46
2019-08-20,64,6.0,,0.06,3.84
2019-08-21,73,6.0,,0.06,4.38
2019-08-22,84,6.0,,0.06,5.04
2019-08-23,58,6.0,,0.06,3.48
2019-08-24,91,6.0,,0.06,5.46
2019-08-25,90,6.0,False,0.06,5.3999999999999995
2019-08-26,55,6.0,,0.06,3.3
2019-08-27,72,6.0,,0.06,4.32
2019-08-28,41,6.0,,0.06,2.46
2019-08-29,69,6.0,,0.06,4.14
2019-08-30,78,6.0,,0.06,4.68
2019-08-31,66,6.0,,0.06,3.96
2019-09-01,25,5.0,False,0.05,1.25
2019-09-02,91,5.0,,0.05,4.55
2019-09-03,60,5.0,,0.05,3.0
2019-09-04,79,5.0,,0.05,3.95
2019-09-05,96,5.0,,0.05,4.800000000000001
2019-09-06,77,5.0,,0.05,3.85
2019-09-07,60,5.0,,0.05,3.0
2019-09-08,89,6.0,False,0.06,5.34
2019-09-09,56,6.0,,0.06,3.36
2019-09-10,74,6.0,,0.06,4.4399999999999995
2019-09-11,61,6.0,,0.06,3.6599999999999997
2019-09-12,74,6.0,,0.06,4.4399999999999995
2019-09-13,37,6.0,,0.06,2.2199999999999998
2019-09-14,70,6.0,,0.06,4.2
2019-09-15,74,6.0,False,0.06,4.4399999999999995
2019-09-16,52,6.0,,0.06,3.12
2019-09-17,86,6.0,,0.06,5.16
2019-09-18,82,6.0,,0.06,4.92
2019-09-19,53,6.0,,0.06,3.1799999999999997
2019-09-20,58,6.0,,0.06,3.48
2019-09-21,73,6.0,,0.06,4.38
2019-09-22,73,7.0,False,0.07,5.11
2019-09-23,37,7.0,,0.07,2.5900000000000003
2019-09-24,56,7.0,,0.07,3.9200000000000004
2019-09-25,98,7.0,,0.07,6.86
2019-09-26,65,7.0,,0.07,4.550000000000001
2019-09-27,100,7.0,,0.07,7.000000000000001
2019-09-28,70,7.0,,0.07,4.9
2019-09-29,58,6.0,False,0.06,3.48
2019-09-30,96,6.0,,0.06,5.76
2019-10-01,60,6.0,,0.06,3.5999999999999996
2019-10-02,83,6.0,,0.06,4.9799999999999995
2019-10-03,75,6.0,,0.06,4.5
2019-10-04,88,6.0,,0.06,5.279999999999999
2019-10-05,81,6.0,,0.06,4.859999999999999
2019-10-06,53,6.0,False,0.06,3.1799999999999997
2019-10-07,95,6.0,,0.06,5.7
2019-10-08,100,6.0,,0.06,6.0
2019-10-09,80,6.0,,0.06,4.8
2019-10-10,98,6.0,,0.06,5.88
2019-10-11,62,6.0,,0.06,3.7199999999999998
2019-10-12,70,6.0,,0.06,4.2
2019-10-13,64,5.0,False,0.05,3.2
2019-10-14,52,5.0,,0.05,2.6
2019-10-15,97,5.0,,0.05,4.8500000000000005
2019-10-16,66,5.0,,0.05,3.3000000000000003
2019-10-17,47,5.0,,0.05,2.35
2019-10-18,54,5.0,,0.05,2.7
2019-10-19,69,5.0,,0.05,3.45
2019-10-20,58,6.0,False,0.06,3.48
2019-10-21,77,6.0,,0.06,4.62
2019-10-22,81,6.0,,0.06,4.859999999999999
2019-10-23,93,6.0,,0.06,5.58
2019-10-24,89,6.0,,0.06,5.34
2019-10-25,74,6.0,,0.06,4.4399999999999995
2019-10-26,81,6.0,,0.06,4.859999999999999
2019-10-27,79,6.0,False,0.06,4.74
2019-10-28,54,6.0,,0.06,3.2399999999999998
2019-10-29,47,6.0,,0.06,2.82
2019-10-30,70,6.0,,0.06,4.2
2019-10-31,38,6.0,,0.06,2.28
2019-11-01,82,6.0,,0.06,4.92
2019-11-02,47,6.0,,0.06,2.82
2019-11-03,43,7.0,False,0.07,3.0100000000000002
2019-11-04,74,7.0,,0.07,5.180000000000001
2019-11-05,51,7.0,,0.07,3.5700000000000003
2019-11-06,41,7.0,,0.07,2.87
2019-11-07,35,7.0,,0.07,2.45
2019-11-08,46,7.0,,0.07,3.22
2019-11-09,43,7.0,,0.07,3.0100000000000002
2019-11-10,66,6.0,False,0.06,3.96
2019-11-11,34,6.0,,0.06,2.04
2019-11-12,52,6.0,,0.06,3.12
2019-11-13,35,6.0,,0.06,2.1
2019-11-14,41,6.0,,0.06,2.46
2019-11-15,61,6.0,,0.06,3.6599999999999997
2019-11-16,72,6.0,,0.06,4.32
2019-11-17,74,6.0,False,0.06,4.4399999999999995
2019-11-18,56,6.0,,0.06,3.36
2019-11-19,60,6.0,,0.06,3.5999999999999996
2019-11-20,53,6.0,,0.06,3.1799999999999997
2019-11-21,39,6.0,,0.06,2.34
2019-11-22,51,6.0,,0.06,3.06
2019-11-23,93,6.0,,0.06,5.58
2019-11-24,46,6.0,False,0.06,2.76
2019-11-25,100,6.0,,0.06,6.0
2019-11-26,76,6.0,,0.06,4.56
2019-11-27,81,6.0,,0.06,4.859999999999999
2019-11-28,47,6.0,,0.06,2.82
2019-11-29,39,6.0,,0.06,2.34
2019-11-30,93,6.0,,0.06,5.58
2019-12-01,71,6.0,False,0.06,4.26
2019-12-02,64,6.0,,0.06,3.84
2019-12-03,49,6.0,,0.06,2.94
2019-12-04,49,6.0,,0.06,2.94
2019-12-05,63,6.0,,0.06,3.78
2019-12-06,55,6.0,,0.06,3.3
2019-12-07,47,6.0,,0.06,2.82
2019-12-08,42,5.0,False,0.05,2.1
2019-12-09,53,5.0,,0.05,2.6500000000000004
2019-12-10,100,5.0,,0.05,5.0
2019-12-11,53,5.0,,0.05,2.6500000000000004
2019-12-12,25,5.0,,0.05,1.25
2019-12-13,55,5.0,,0.05,2.75
2019-12-14,51,5.0,,0.05,2.5500000000000003
2019-12-15,51,6.0,False,0.06,3.06
2019-12-16,81,6.0,,0.06,4.859999999999999
2019-12-17,49,6.0,,0.06,2.94
2019-12-18,65,6.0,,0.06,3.9
2019-12-19,90,6.0,,0.06,5.3999999999999995
2019-12-20,63,6.0,,0.06,3.78
2019-12-21,80,6.0,,0.06,4.8
2019-12-22,84,6.0,False,0.06,5.04
2019-12-23,31,6.0,,0.06,1.8599999999999999
2019-12-24,71,6.0,,0.06,4.26
2019-12-25,66,6.0,,0.06,3.96
2019-12-26,71,6.0,,0.06,4.26
2019-12-27,71,6.0,,0.06,4.26
2019-12-28,100,6.0,,0.06,6.0
2019-12-29,65,6.0,False,0.06,3.9
2019-12-30,82,6.0,,0.06,4.92
2019-12-31,56,6.0,,0.06,3.36
2020-01-01,80,6.0,,0.06,4.8
2020-01-02,49,6.0,,0.06,2.94
2020-01-03,76,6.0,,0.06,4.56
2020-01-04,44,6.0,,0.06,2.6399999999999997
2020-01-05,76,7.0,False,0.07,5.32
2020-01-06,53,7.0,,0.07,3.7100000000000004
2020-01-07,43,7.0,,0.07,3.0100000000000002
2020-01-08,55,7.0,,0.07,3.8500000000000005
2020-01-09,61,7.0,,0.07,4.2700000000000005
2020-01-10,100,7.0,,0.07,7.000000000000001
2020-01-11,35,7.0,,0.07,2.45
2020-01-12,61,7.0,False,0.07,4.2700000000000005
2020-01-13,39,7.0,,0.07,2.7300000000000004
2020-01-14,59,7.0,,0.07,4.130000000000001
2020-01-15,94,7.0,,0.07,6.580000000000001
2020-01-16,68,7.0,,0.07,4.760000000000001
2020-01-17,66,7.0,,0.07,4.62
2020-01-18,58,7.0,,0.07,4.0600000000000005
2020-01-19,43,6.0,False,0.06,2.58
2020-01-20,52,6.0,,0.06,3.12
2020-01-21,45,6.0,,0.06,2.6999999999999997
2020-01-22,54,6.0,,0.06,3.2399999999999998
2020-01-23,27,6.0,,0.06,1.6199999999999999
2020-01-24,53,6.0,,0.06,3.1799999999999997
2020-01-25,49,6.0,,0.06,2.94
2020-01-26,57,6.0,False,0.06,3.42
2020-01-27,32,6.0,,0.06,1.92
2020-01-28,78,6.0,,0.06,4.68
2020-01-29,79,6.0,,0.06,4.74
2020-01-30,71,6.0,,0.06,4.26
2020-01-31,70,6.0,,0.06,4.2
2020-02-01,62,6.0,,0.06,3.7199999999999998
2020-02-02,38,6.0,False,0.06,2.28
2020-02-03,35,6.0,,0.06,2.1
2020-02-04,82,6.0,,0.06,4.92
2020-02-05,38,6.0,,0.06,2.28
2020-02-06,65,6.0,,0.06,3.9
2020-02-07,96,6.0,,0.06,5.76
2020-02-08,46,6.0,,0.06,2.76
2020-02-09,100,8.0,False,0.08,8.0
2020-02-10,56,8.0,,0.08,4.48
2020-02-11,66,8.0,,0.08,5.28
2020-02-12,53,8.0,,0.08,4.24
2020-02-13,64,8.0,,0.08,5.12
2020-02-14,60,8.0,,0.08,4.8
2020-02-15,65,8.0,,0.08,5.2
2020-02-16,22,6.0,False,0.06,1.3199999999999998
2020-02-17,64,6.0,,0.06,3.84
2020-02-18,78,6.0,,0.06,4.68
2020-02-19,63,6.0,,0.06,3.78
2020-02-20,50,6.0,,0.06,3.0
2020-02-21,55,6.0,,0.06,3.3
2020-02-22,83,6.0,,0.06,4.9799999999999995
2020-02-23,48,8.0,False,0.08,3.84
2020-02-24,63,8.0,,0.08,5.04
2020-02-25,86,8.0,,0.08,6.88
2020-02-26,77,8.0,,0.08,6.16
2020-02-27,58,8.0,,0.08,4.64
2020-02-28,68,8.0,,0.08,5.44
2020-02-29,80,8.0,,0.08,6.4
2020-03-01,16,7.0,False,0.07,1.12
2020-03-02,19,7.0,,0.07,1.33
2020-03-03,24,7.0,,0.07,1.6800000000000002
2020-03-04,27,7.0,,0.07,1.8900000000000001
2020-03-05,39,7.0,,0.07,2.7300000000000004
2020-03-06,33,7.0,,0.07,2.31
2020-03-07,36,7.0,,0.07,2.5200000000000005
2020-03-08,27,11.0,False,0.11,2.97
2020-03-09,39,11.0,,0.11,4.29
2020-03-10,38,11.0,,0.11,4.18
2020-03-11,30,11.0,,0.11,3.3
2020-03-12,46,11.0,,0.11,5.06
2020-03-13,100,11.0,,0.11,11.0
2020-03-14,30,11.0,,0.11,3.3
2020-03-15,40,11.0,False,0.11,4.4
2020-03-16,51,11.0,,0.11,5.61
2020-03-17,32,11.0,,0.11,3.52
2020-03-18,46,11.0,,0.11,5.06
2020-03-19,46,11.0,,0.11,5.06
2020-03-20,30,11.0,,0.11,3.3
2020-03-21,39,11.0,,0.11,4.29
2020-03-22,42,8.0,False,0.08,3.36
2020-03-23,25,8.0,,0.08,2.0
2020-03-24,36,8.0,,0.08,2.88
2020-03-25,32,8.0,,0.08,2.56
2020-03-26,30,8.0,,0.08,2.4
2020-03-27,17,8.0,,0.08,1.36
2020-03-28,43,8.0,,0.08,3.44
2020-03-29,38,8.0,False,0.08,3.04
2020-03-30,36,8.0,,0.08,2.88
2020-03-31,27,8.0,,0.08,2.16
2020-04-01,73,8.0,,0.08,5.84
2020-04-02,48,8.0,,0.08,3.84
2020-04-03,59,8.0,,0.08,4.72
2020-04-04,54,8.0,,0.08,4.32
2020-04-05,59,9.0,False,0.09,5.31
2020-04-06,39,9.0,,0.09,3.51
2020-04-07,54,9.0,,0.09,4.859999999999999
2020-04-08,51,9.0,,0.09,4.59
2020-04-09,58,9.0,,0.09,5.22
2020-04-10,61,9.0,,0.09,5.49
2020-04-11,58,9.0,,0.09,5.22
2020-04-12,62,9.0,False,0.09,5.58
2020-04-13,64,9.0,,0.09,5.76
2020-04-14,67,9.0,,0.09,6.029999999999999
2020-04-15,63,9.0,,0.09,5.67
2020-04-16,54,9.0,,0.09,4.859999999999999
2020-04-17,67,9.0,,0.09,6.029999999999999
2020-04-18,74,9.0,,0.09,6.66
2020-04-19,59,10.0,False,0.1,5.9
2020-04-20,71,10.0,,0.1,7.1000000000000005
2020-04-21,51,10.0,,0.1,5.1000000000000005
2020-04-22,55,10.0,,0.1,5.5
2020-04-23,66,10.0,,0.1,6.6000000000000005
2020-04-24,66,10.0,,0.1,6.6000000000000005
2020-04-25,100,10.0,,0.1,10.0
2020-04-26,70,12.0,False,0.12,8.4
2020-04-27,53,12.0,,0.12,6.359999999999999
2020-04-28,53,12.0,,0.12,6.359999999999999
2020-04-29,70,12.0,,0.12,8.4
2020-04-30,83,12.0,,0.12,9.959999999999999
2020-05-01,58,12.0,,0.12,6.96
2020-05-02,82,12.0,,0.12,9.84
2020-05-03,59,12.0,False,0.12,7.08
2020-05-04,77,12.0,,0.12,9.24
2020-05-05,74,12.0,,0.12,8.879999999999999
2020-05-06,91,12.0,,0.12,10.92
2020-05-07,74,12.0,,0.12,8.879999999999999
2020-05-08,97,12.0,,0.12,11.639999999999999
2020-05-09,100,12.0,,0.12,12.0
2020-05-10,86,12.0,False,0.12,10.32
2020-05-11,90,12.0,,0.12,10.799999999999999
2020-05-12,77,12.0,,0.12,9.24
2020-05-13,57,12.0,,0.12,6.84
2020-05-14,75,12.0,,0.12,9.0
2020-05-15,52,12.0,,0.12,6.24
2020-05-16,78,12.0,,0.12,9.36
2020-05-17,55,10.0,False,0.1,5.5
2020-05-18,55,10.0,,0.1,5.5
2020-05-19,54,10.0,,0.1,5.4
2020-05-20,39,10.0,,0.1,3.9000000000000004
2020-05-21,71,10.0,,0.1,7.1000000000000005
2020-05-22,49,10.0,,0.1,4.9
2020-05-23,61,10.0,,0.1,6.1000000000000005
2020-05-24,60,10.0,False,0.1,6.0
2020-05-25,66,10.0,,0.1,6.6000000000000005
2020-05-26,54,10.0,,0.1,5.4
2020-05-27,41,10.0,,0.1,4.1000000000000005
2020-05-28,50,10.0,,0.1,5.0
2020-05-29,33,10.0,,0.1,3.3000000000000003
2020-05-30,36,10.0,,0.1,3.6
2020-05-31,53,9.0,False,0.09,4.77
2020-06-01,85,9.0,,0.09,7.6499999999999995
2020-06-02,80,9.0,,0.09,7.199999999999999
2020-06-03,60,9.0,,0.09,5.3999999999999995
2020-06-04,82,9.0,,0.09,7.38
2020-06-05,83,9.0,,0.09,7.47
2020-06-06,88,9.0,,0.09,7.92
2020-06-07,79,9.0,False,0.09,7.109999999999999
2020-06-08,73,9.0,,0.09,6.569999999999999
2020-06-09,73,9.0,,0.09,6.569999999999999
2020-06-10,57,9.0,,0.09,5.13
2020-06-11,100,9.0,,0.09,9.0
2020-06-12,78,9.0,,0.09,7.02
2020-06-13,85,9.0,,0.09,7.6499999999999995
2020-06-14,50,6.0,False,0.06,3.0
2020-06-15,81,6.0,,0.06,4.859999999999999
2020-06-16,71,6.0,,0.06,4.26
2020-06-17,44,6.0,,0.06,2.6399999999999997
2020-06-18,83,6.0,,0.06,4.9799999999999995
2020-06-19,87,6.0,,0.06,5.22
2020-06-20,80,6.0,,0.06,4.8
2020-06-21,77,8.0,False,0.08,6.16
2020-06-22,54,8.0,,0.08,4.32
2020-06-23,62,8.0,,0.08,4.96
2020-06-24,54,8.0,,0.08,4.32
2020-06-25,91,8.0,,0.08,7.28
2020-06-26,50,8.0,,0.08,4.0
2020-06-27,95,8.0,,0.08,7.6000000000000005
2020-06-28,59,9.0,False,0.09,5.31
2020-06-29,72,9.0,,0.09,6.4799999999999995
2020-06-30,70,9.0,,0.09,6.3
2020-07-01,42,9.0,,0.09,3.78
2020-07-02,56,9.0,,0.09,5.04
2020-07-03,51,9.0,,0.09,4.59
2020-07-04,59,9.0,,0.09,5.31
2020-07-05,53,8.0,False,0.08,4.24
2020-07-06,59,8.0,,0.08,4.72
2020-07-07,53,8.0,,0.08,4.24
2020-07-08,70,8.0,,0.08,5.6000000000000005
2020-07-09,68,8.0,,0.08,5.44
2020-07-10,51,8.0,,0.08,4.08
2020-07-11,46,8.0,,0.08,3.68
2020-07-12,47,8.0,False,0.08,3.7600000000000002
2020-07-13,52,8.0,,0.08,4.16
2020-07-14,45,8.0,,0.08,3.6
2020-07-15,72,8.0,,0.08,5.76
2020-07-16,61,8.0,,0.08,4.88
2020-07-17,62,8.0,,0.08,4.96
2020-07-18,60,8.0,,0.08,4.8
2020-07-19,73,9.0,False,0.09,6.569999999999999
2020-07-20,53,9.0,,0.09,4.77
2020-07-21,60,9.0,,0.09,5.3999999999999995
2020-07-22,86,9.0,,0.09,7.739999999999999
2020-07-23,70,9.0,,0.09,6.3
2020-07-24,54,9.0,,0.09,4.859999999999999
2020-07-25,76,9.0,,0.09,6.84
2020-07-26,65,11.0,False,0.11,7.15
2020-07-27,100,11.0,,0.11,11.0
2020-07-28,73,11.0,,0.11,8.03
2020-07-29,70,11.0,,0.11,7.7
2020-07-30,67,11.0,,0.11,7.37
2020-07-31,56,11.0,,0.11,6.16
2020-08-01,84,11.0,,0.11,9.24
2020-08-02,53,12.0,False,0.12,6.359999999999999
2020-08-03,64,12.0,,0.12,7.68
2020-08-04,73,12.0,,0.12,8.76
2020-08-05,87,12.0,,0.12,10.44
2020-08-06,84,12.0,,0.12,10.08
2020-08-07,74,12.0,,0.12,8.879999999999999
2020-08-08,46,12.0,,0.12,5.52
2020-08-09,78,10.0,False,0.1,7.800000000000001
2020-08-10,67,10.0,,0.1,6.7
2020-08-11,71,10.0,,0.1,7.1000000000000005
2020-08-12,57,10.0,,0.1,5.7
2020-08-13,60,10.0,,0.1,6.0
2020-08-14,100,10.0,,0.1,10.0
2020-08-15,68,10.0,,0.1,6.800000000000001
2020-08-16,92,11.0,False,0.11,10.12
2020-08-17,67,11.0,,0.11,7.37
2020-08-18,59,11.0,,0.11,6.49
2020-08-19,71,11.0,,0.11,7.81
2020-08-20,69,11.0,,0.11,7.59
2020-08-21,82,11.0,,0.11,9.02
2020-08-22,67,11.0,,0.11,7.37
2020-08-23,64,9.0,False,0.09,5.76
2020-08-24,63,9.0,,0.09,5.67
2020-08-25,58,9.0,,0.09,5.22
2020-08-26,57,9.0,,0.09,5.13
2020-08-27,69,9.0,,0.09,6.21
2020-08-28,37,9.0,,0.09,3.33
2020-08-29,73,9.0,,0.09,6.569999999999999
2020-08-30,57,8.0,False,0.08,4.5600000000000005
2020-08-31,54,8.0,,0.08,4.32
2020-09-01,100,8.0,,0.08,8.0
2020-09-02,71,8.0,,0.08,5.68
2020-09-03,79,8.0,,0.08,6.32
2020-09-04,88,8.0,,0.08,7.04
2020-09-05,58,8.0,,0.08,4.64
2020-09-06,66,8.0,False,0.08,5.28
2020-09-07,94,8.0,,0.08,7.5200000000000005
2020-09-08,71,8.0,,0.08,5.68
2020-09-09,80,8.0,,0.08,6.4
2020-09-10,61,8.0,,0.08,4.88
2020-09-11,51,8.0,,0.08,4.08
2020-09-12,43,8.0,,0.08,3.44
2020-09-13,48,7.0,False,0.07,3.3600000000000003
2020-09-14,65,7.0,,0.07,4.550000000000001
2020-09-15,71,7.0,,0.07,4.970000000000001
2020-09-16,45,7.0,,0.07,3.1500000000000004
2020-09-17,66,7.0,,0.07,4.62
2020-09-18,63,7.0,,0.07,4.41
2020-09-19,73,7.0,,0.07,5.11
2020-09-20,69,7.0,False,0.07,4.83
2020-09-21,65,7.0,,0.07,4.550000000000001
2020-09-22,57,7.0,,0.07,3.99
2020-09-23,65,7.0,,0.07,4.550000000000001
2020-09-24,34,7.0,,0.07,2.3800000000000003
2020-09-25,66,7.0,,0.07,4.62
2020-09-26,50,7.0,,0.07,3.5000000000000004
2020-09-27,52,6.0,False,0.06,3.12
2020-09-28,57,6.0,,0.06,3.42
2020-09-29,38,6.0,,0.06,2.28
2020-09-30,86,6.0,,0.06,5.16
2020-10-01,66,6.0,,0.06,3.96
2020-10-02,53,6.0,,0.06,3.1799999999999997
2020-10-03,38,6.0,,0.06,2.28
2020-10-04,71,8.0,False,0.08,5.68
2020-10-05,53,8.0,,0.08,4.24
2020-10-06,30,8.0,,0.08,2.4
2020-10-07,71,8.0,,0.08,5.68
2020-10-08,55,8.0,,0.08,4.4
2020-10-09,50,8.0,,0.08,4.0
2020-10-10,100,8.0,,0.08,8.0
2020-10-11,70,7.0,False,0.07,4.9
2020-10-12,65,7.0,,0.07,4.550000000000001
2020-10-13,66,7.0,,0.07,4.62
2020-10-14,40,7.0,,0.07,2.8000000000000003
2020-10-15,59,7.0,,0.07,4.130000000000001
2020-10-16,69,7.0,,0.07,4.83
2020-10-17,30,7.0,,0.07,2.1
2020-10-18,60,9.0,False,0.09,5.3999999999999995
2020-10-19,40,9.0,,0.09,3.5999999999999996
2020-10-20,50,9.0,,0.09,4.5
2020-10-21,85,9.0,,0.09,7.6499999999999995
2020-10-22,84,9.0,,0.09,7.56
2020-10-23,70,9.0,,0.09,6.3
2020-10-24,71,9.0,,0.09,6.39
2020-10-25,68,9.0,False,0.09,6.12
2020-10-26,80,9.0,,0.09,7.199999999999999
2020-10-27,85,9.0,,0.09,7.6499999999999995
2020-10-28,74,9.0,,0.09,6.66
2020-10-29,46,9.0,,0.09,4.14
2020-10-30,69,9.0,,0.09,6.21
2020-10-31,69,9.0,,0.09,6.21
2020-11-01,31,8.0,False,0.08,2.48
2020-11-02,36,8.0,,0.08,2.88
2020-11-03,28,8.0,,0.08,2.24
2020-11-04,19,8.0,,0.08,1.52
2020-11-05,32,8.0,,0.08,2.56
2020-11-06,42,8.0,,0.08,3.36
2020-11-07,48,8.0,,0.08,3.84
2020-11-08,35,9.0,False,0.09,3.15
2020-11-09,24,9.0,,0.09,2.16
2020-11-10,34,9.0,,0.09,3.06
2020-11-11,21,9.0,,0.09,1.89
2020-11-12,34,9.0,,0.09,3.06
2020-11-13,55,9.0,,0.09,4.95
2020-11-14,41,9.0,,0.09,3.69
2020-11-15,25,15.0,False,0.15,3.75
2020-11-16,38,15.0,,0.15,5.7
2020-11-17,70,15.0,,0.15,10.5
2020-11-18,81,15.0,,0.15,12.15
2020-11-19,56,15.0,,0.15,8.4
2020-11-20,38,15.0,,0.15,5.7
2020-11-21,55,15.0,,0.15,8.25
2020-11-22,51,17.0,False,0.17,8.67
2020-11-23,63,17.0,,0.17,10.71
2020-11-24,100,17.0,,0.17,17.0
2020-11-25,63,17.0,,0.17,10.71
2020-11-26,58,17.0,,0.17,9.860000000000001
2020-11-27,40,17.0,,0.17,6.800000000000001
2020-11-28,40,17.0,,0.17,6.800000000000001
2020-11-29,54,15.0,False,0.15,8.1
2020-11-30,62,15.0,,0.15,9.299999999999999
2020-12-01,44,15.0,,0.15,6.6
2020-12-02,43,15.0,,0.15,6.45
2020-12-03,45,15.0,,0.15,6.75
2020-12-04,41,15.0,,0.15,6.1499999999999995
2020-12-05,32,15.0,,0.15,4.8
2020-12-06,37,12.0,False,0.12,4.4399999999999995
2020-12-07,38,12.0,,0.12,4.56
2020-12-08,32,12.0,,0.12,3.84
2020-12-09,38,12.0,,0.12,4.56
2020-12-10,28,12.0,,0.12,3.36
2020-12-11,29,12.0,,0.12,3.48
2020-12-12,35,12.0,,0.12,4.2
2020-12-13,39,18.0,False,0.18,7.02
2020-12-14,39,18.0,,0.18,7.02
2020-12-15,22,18.0,,0.18,3.96
2020-12-16,63,18.0,,0.18,11.34
2020-12-17,100,18.0,,0.18,18.0
2020-12-18,68,18.0,,0.18,12.24
2020-12-19,39,18.0,,0.18,7.02
2020-12-20,45,18.0,False,0.18,8.1
2020-12-21,48,18.0,,0.18,8.64
2020-12-22,49,18.0,,0.18,8.82
2020-12-23,50,18.0,,0.18,9.0
2020-12-24,56,18.0,,0.18,10.08
2020-12-25,41,18.0,,0.18,7.38
2020-12-26,64,18.0,,0.18,11.52
2020-12-27,90,28.0,False,0.28,25.200000000000003
2020-12-28,57,28.0,,0.28,15.96
2020-12-29,64,28.0,,0.28,17.92
2020-12-30,78,28.0,,0.28,21.840000000000003
2020-12-31,71,28.0,,0.28,19.880000000000003
2021-01-01,37,28.0,,0.28,10.360000000000001
2021-01-02,61,28.0,,0.28,17.080000000000002
2021-01-03,76,50.0,False,0.5,38.0
2021-01-04,67,50.0,,0.5,33.5
2021-01-05,47,50.0,,0.5,23.5
2021-01-06,60,50.0,,0.5,30.0
2021-01-07,83,50.0,,0.5,41.5
2021-01-08,92,50.0,,0.5,46.0
2021-01-09,64,50.0,,0.5,32.0
2021-01-10,71,37.0,False,0.37,26.27
2021-01-11,72,37.0,,0.37,26.64
2021-01-12,49,37.0,,0.37,18.13
2021-01-13,46,37.0,,0.37,17.02
2021-01-14,59,37.0,,0.37,21.83
2021-01-15,43,37.0,,0.37,15.91
2021-01-16,34,37.0,,0.37,12.58
2021-01-17,40,22.0,False,0.22,8.8
2021-01-18,37,22.0,,0.22,8.14
2021-01-19,27,22.0,,0.22,5.94
2021-01-20,26,22.0,,0.22,5.72
2021-01-21,38,22.0,,0.22,8.36
2021-01-22,34,22.0,,0.22,7.48
2021-01-23,26,22.0,,0.22,5.72
2021-01-24,27,28.0,False,0.28,7.5600000000000005
2021-01-25,26,28.0,,0.28,7.280000000000001
2021-01-26,26,28.0,,0.28,7.280000000000001
2021-01-27,34,28.0,,0.28,9.520000000000001
2021-01-28,45,28.0,,0.28,12.600000000000001
2021-01-29,100,28.0,,0.28,28.000000000000004
2021-01-30,53,28.0,,0.28,14.840000000000002
2021-01-31,43,26.0,False,0.26,11.18
2021-02-01,38,26.0,,0.26,9.88
2021-02-02,36,26.0,,0.26,9.36
2021-02-03,30,26.0,,0.26,7.800000000000001
2021-02-04,39,26.0,,0.26,10.14
2021-02-05,34,26.0,,0.26,8.84
2021-02-06,30,26.0,,0.26,7.800000000000001
2021-02-07,39,45.0,False,0.45,17.55
2021-02-08,81,45.0,,0.45,36.45
2021-02-09,100,45.0,,0.45,45.0
2021-02-10,63,45.0,,0.45,28.35
2021-02-11,61,45.0,,0.45,27.45
2021-02-12,53,45.0,,0.45,23.85
2021-02-13,50,45.0,,0.45,22.5
2021-02-14,45,38.0,False,0.38,17.1
2021-02-15,50,38.0,,0.38,19.0
2021-02-16,52,38.0,,0.38,19.76
2021-02-17,73,38.0,,0.38,27.740000000000002
2021-02-18,54,38.0,,0.38,20.52
2021-02-19,56,38.0,,0.38,21.28
2021-02-20,73,38.0,,0.38,27.740000000000002
2021-02-21,54,31.0,False,0.31,16.74
2021-02-22,52,31.0,,0.31,16.12
2021-02-23,55,31.0,,0.31,17.05
2021-02-24,39,31.0,,0.31,12.09
2021-02-25,35,31.0,,0.31,10.85
2021-02-26,30,31.0,,0.31,9.3
2021-02-27,32,31.0,,0.31,9.92
2021-02-28,31,18.0,False,0.18,5.58
2021-03-01,74,18.0,,0.18,13.32
2021-03-02,65,18.0,,0.18,11.7
2021-03-03,65,18.0,,0.18,11.7
2021-03-04,49,18.0,,0.18,8.82
2021-03-05,44,18.0,,0.18,7.92
2021-03-06,64,18.0,,0.18,11.52
2021-03-07,71,19.0,False,0.19,13.49
2021-03-08,57,19.0,,0.19,10.83
2021-03-09,68,19.0,,0.19,12.92
2021-03-10,69,19.0,,0.19,13.11
2021-03-11,66,19.0,,0.19,12.540000000000001
2021-03-12,66,19.0,,0.19,12.540000000000001
2021-03-13,79,19.0,,0.19,15.01
2021-03-14,100,23.0,False,0.23,23.0
2021-03-15,73,23.0,,0.23,16.79
2021-03-16,73,23.0,,0.23,16.79
2021-03-17,64,23.0,,0.23,14.72
2021-03-18,93,23.0,,0.23,21.39
2021-03-19,55,23.0,,0.23,12.65
2021-03-20,60,23.0,,0.23,13.8
2021-03-21,47,19.0,False,0.19,8.93
2021-03-22,60,19.0,,0.19,11.4
2021-03-23,48,19.0,,0.19,9.120000000000001
2021-03-24,89,19.0,,0.19,16.91
2021-03-25,59,19.0,,0.19,11.21
2021-03-26,44,19.0,,0.19,8.36
2021-03-27,46,19.0,,0.19,8.74
2021-03-28,63,18.0,False,0.18,11.34
2021-03-29,57,18.0,,0.18,10.26
2021-03-30,60,18.0,,0.18,10.799999999999999
2021-03-31,65,18.0,,0.18,11.7
2021-04-01,35,18.0,,0.18,6.3
2021-04-02,34,18.0,,0.18,6.12
2021-04-03,30,18.0,,0.18,5.3999999999999995
2021-04-04,33,17.0,False,0.17,5.61
2021-04-05,42,17.0,,0.17,7.140000000000001
2021-04-06,40,17.0,,0.17,6.800000000000001
2021-04-07,36,17.0,,0.17,6.12
2021-04-08,27,17.0,,0.17,4.590000000000001
2021-04-09,38,17.0,,0.17,6.460000000000001
2021-04-10,39,17.0,,0.17,6.630000000000001
2021-04-11,42,26.0,False,0.26,10.92
2021-04-12,35,26.0,,0.26,9.1
2021-04-13,47,26.0,,0.26,12.22
2021-04-14,59,26.0,,0.26,15.34
2021-04-15,56,26.0,,0.26,14.56
2021-04-16,100,26.0,,0.26,26.0
2021-04-17,69,26.0,,0.26,17.94
2021-04-18,63,29.0,False,0.29,18.27
2021-04-19,64,29.0,,0.29,18.56
2021-04-20,60,29.0,,0.29,17.4
2021-04-21,49,29.0,,0.29,14.209999999999999
2021-04-22,31,29.0,,0.29,8.99
2021-04-23,60,29.0,,0.29,17.4
2021-04-24,41,29.0,,0.29,11.889999999999999
2021-04-25,45,21.0,False,0.21,9.45
2021-04-26,49,21.0,,0.21,10.29
2021-04-27,31,21.0,,0.21,6.51
2021-04-28,39,21.0,,0.21,8.19
2021-04-29,45,21.0,,0.21,9.45
2021-04-30,30,21.0,,0.21,6.3
2021-05-01,37,21.0,,0.21,7.77
2021-05-02,43,28.0,False,0.28,12.040000000000001
2021-05-03,45,28.0,,0.28,12.600000000000001
2021-05-04,46,28.0,,0.28,12.88
2021-05-05,60,28.0,,0.28,16.8
2021-05-06,49,28.0,,0.28,13.72
2021-05-07,42,28.0,,0.28,11.760000000000002
2021-05-08,62,28.0,,0.28,17.360000000000003
2021-05-09,67,31.0,False,0.31,20.77
2021-05-10,46,31.0,,0.31,14.26
2021-05-11,59,31.0,,0.31,18.29
2021-05-12,43,31.0,,0.31,13.33
2021-05-13,73,31.0,,0.31,22.63
2021-05-14,50,31.0,,0.31,15.5
2021-05-15,55,31.0,,0.31,17.05
2021-05-16,55,31.0,False,0.31,17.05
2021-05-17,50,31.0,,0.31,15.5
2021-05-18,36,31.0,,0.31,11.16
2021-05-19,100,31.0,,0.31,31.0
2021-05-20,70,31.0,,0.31,21.7
2021-05-21,53,31.0,,0.31,16.43
2021-05-22,34,31.0,,0.31,10.54
2021-05-23,57,21.0,False,0.21,11.969999999999999
2021-05-24,50,21.0,,0.21,10.5
2021-05-25,37,21.0,,0.21,7.77
2021-05-26,38,21.0,,0.21,7.9799999999999995
2021-05-27,32,21.0,,0.21,6.72
2021-05-28,23,21.0,,0.21,4.83
2021-05-29,37,21.0,,0.21,7.77
2021-05-30,32,15.0,False,0.15,4.8
2021-05-31,24,15.0,,0.15,3.5999999999999996
2021-06-01,84,15.0,,0.15,12.6
2021-06-02,77,15.0,,0.15,11.549999999999999
2021-06-03,93,15.0,,0.15,13.95
2021-06-04,80,15.0,,0.15,12.0
2021-06-05,70,15.0,,0.15,10.5
2021-06-06,93,15.0,False,0.15,13.95
2021-06-07,65,15.0,,0.15,9.75
2021-06-08,86,15.0,,0.15,12.9
2021-06-09,83,15.0,,0.15,12.45
2021-06-10,99,15.0,,0.15,14.85
2021-06-11,80,15.0,,0.15,12.0
2021-06-12,66,15.0,,0.15,9.9
2021-06-13,67,12.0,False,0.12,8.04
2021-06-14,74,12.0,,0.12,8.879999999999999
2021-06-15,87,12.0,,0.12,10.44
2021-06-16,78,12.0,,0.12,9.36
2021-06-17,75,12.0,,0.12,9.0
2021-06-18,81,12.0,,0.12,9.719999999999999
2021-06-19,52,12.0,,0.12,6.24
2021-06-20,73,13.0,False,0.13,9.49
2021-06-21,74,13.0,,0.13,9.620000000000001
2021-06-22,100,13.0,,0.13,13.0
2021-06-23,81,13.0,,0.13,10.530000000000001
2021-06-24,52,13.0,,0.13,6.76
2021-06-25,36,13.0,,0.13,4.68
2021-06-26,62,13.0,,0.13,8.06
2021-06-27,66,9.0,False,0.09,5.9399999999999995
2021-06-28,54,9.0,,0.09,4.859999999999999
2021-06-29,54,9.0,,0.09,4.859999999999999
2021-06-30,66,9.0,,0.09,5.9399999999999995
2021-07-01,60,9.0,,0.09,5.3999999999999995
2021-07-02,71,9.0,,0.09,6.39
2021-07-03,52,9.0,,0.09,4.68
2021-07-04,58,9.0,False,0.09,5.22
2021-07-05,56,9.0,,0.09,5.04
2021-07-06,31,9.0,,0.09,2.79
2021-07-07,40,9.0,,0.09,3.5999999999999996
2021-07-08,38,9.0,,0.09,3.42
2021-07-09,61,9.0,,0.09,5.49
2021-07-10,72,9.0,,0.09,6.4799999999999995
2021-07-11,40,9.0,False,0.09,3.5999999999999996
2021-07-12,56,9.0,,0.09,5.04
2021-07-13,48,9.0,,0.09,4.32
2021-07-14,54,9.0,,0.09,4.859999999999999
2021-07-15,61,9.0,,0.09,5.49
2021-07-16,48,9.0,,0.09,4.32
2021-07-17,44,9.0,,0.09,3.96
2021-07-18,49,10.0,False,0.1,4.9
2021-07-19,48,10.0,,0.1,4.800000000000001
2021-07-20,72,10.0,,0.1,7.2
2021-07-21,59,10.0,,0.1,5.9
2021-07-22,55,10.0,,0.1,5.5
2021-07-23,51,10.0,,0.1,5.1000000000000005
2021-07-24,58,10.0,,0.1,5.800000000000001
2021-07-25,57,11.0,False,0.11,6.2700000000000005
2021-07-26,100,11.0,,0.11,11.0
2021-07-27,58,11.0,,0.11,6.38
2021-07-28,58,11.0,,0.11,6.38
2021-07-29,55,11.0,,0.11,6.05
2021-07-30,62,11.0,,0.11,6.82
2021-07-31,36,11.0,,0.11,3.96
2021-08-01,65,8.0,False,0.08,5.2
2021-08-02,60,8.0,,0.08,4.8
2021-08-03,78,8.0,,0.08,6.24
2021-08-04,48,8.0,,0.08,3.84
2021-08-05,53,8.0,,0.08,4.24
2021-08-06,62,8.0,,0.08,4.96
2021-08-07,62,8.0,,0.08,4.96
2021-08-08,70,9.0,False,0.09,6.3
2021-08-09,55,9.0,,0.09,4.95
2021-08-10,73,9.0,,0.09,6.569999999999999
2021-08-11,87,9.0,,0.09,7.83
2021-08-12,91,9.0,,0.09,8.19
2021-08-13,79,9.0,,0.09,7.109999999999999
2021-08-14,59,9.0,,0.09,5.31
2021-08-15,71,11.0,False,0.11,7.81
2021-08-16,85,11.0,,0.11,9.35
2021-08-17,73,11.0,,0.11,8.03
2021-08-18,82,11.0,,0.11,9.02
2021-08-19,70,11.0,,0.11,7.7
2021-08-20,93,11.0,,0.11,10.23
2021-08-21,72,11.0,,0.11,7.92
2021-08-22,45,12.0,False,0.12,5.3999999999999995
2021-08-23,86,12.0,,0.12,10.32
2021-08-24,100,12.0,,0.12,12.0
2021-08-25,76,12.0,,0.12,9.12
2021-08-26,69,12.0,,0.12,8.28
2021-08-27,73,12.0,,0.12,8.76
2021-08-28,71,12.0,,0.12,8.52
2021-08-29,54,9.0,False,0.09,4.859999999999999
2021-08-30,50,9.0,,0.09,4.5
2021-08-31,49,9.0,,0.09,4.41
2021-09-01,62,9.0,,0.09,5.58
2021-09-02,69,9.0,,0.09,6.21
2021-09-03,54,9.0,,0.09,4.859999999999999
2021-09-04,62,9.0,,0.09,5.58
2021-09-05,81,13.0,False,0.13,10.530000000000001
2021-09-06,75,13.0,,0.13,9.75
2021-09-07,100,13.0,,0.13,13.0
2021-09-08,89,13.0,,0.13,11.57
2021-09-09,80,13.0,,0.13,10.4
2021-09-10,60,13.0,,0.13,7.800000000000001
2021-09-11,84,13.0,,0.13,10.92
2021-09-12,62,11.0,False,0.11,6.82
2021-09-13,59,11.0,,0.11,6.49
2021-09-14,74,11.0,,0.11,8.14
2021-09-15,79,11.0,,0.11,8.69
2021-09-16,50,11.0,,0.11,5.5
2021-09-17,55,11.0,,0.11,6.05
2021-09-18,84,11.0,,0.11,9.24
2021-09-19,56,11.0,False,0.11,6.16
2021-09-20,66,11.0,,0.11,7.26
2021-09-21,56,11.0,,0.11,6.16
2021-09-22,66,11.0,,0.11,7.26
2021-09-23,76,11.0,,0.11,8.36
2021-09-24,62,11.0,,0.11,6.82
2021-09-25,70,11.0,,0.11,7.7
2021-09-26,69,9.0,False,0.09,6.21
2021-09-27,61,9.0,,0.09,5.49
2021-09-28,65,9.0,,0.09,5.85
2021-09-29,65,9.0,,0.09,5.85
2021-09-30,64,9.0,,0.09,5.76
2021-10-01,44,9.0,,0.09,3.96
2021-10-02,56,9.0,,0.09,5.04
2021-10-03,51,10.0,False,0.1,5.1000000000000005
2021-10-04,58,10.0,,0.1,5.800000000000001
2021-10-05,40,10.0,,0.1,4.0
2021-10-06,37,10.0,,0.1,3.7
2021-10-07,38,10.0,,0.1,3.8000000000000003
2021-10-08,56,10.0,,0.1,5.6000000000000005
2021-10-09,57,10.0,,0.1,5.7
2021-10-10,55,11.0,False,0.11,6.05
2021-10-11,61,11.0,,0.11,6.71
2021-10-12,35,11.0,,0.11,3.85
2021-10-13,49,11.0,,0.11,5.39
2021-10-14,43,11.0,,0.11,4.73
2021-10-15,58,11.0,,0.11,6.38
2021-10-16,80,11.0,,0.11,8.8
2021-10-17,71,15.0,False,0.15,10.65
2021-10-18,53,15.0,,0.15,7.949999999999999
2021-10-19,68,15.0,,0.15,10.2
2021-10-20,100,15.0,,0.15,15.0
2021-10-21,73,15.0,,0.15,10.95
2021-10-22,66,15.0,,0.15,9.9
2021-10-23,49,15.0,,0.15,7.35
2021-10-24,58,16.0,False,0.16,9.28
2021-10-25,61,16.0,,0.16,9.76
2021-10-26,77,16.0,,0.16,12.32
2021-10-27,87,16.0,,0.16,13.92
2021-10-28,78,16.0,,0.16,12.48
2021-10-29,82,16.0,,0.16,13.120000000000001
2021-10-30,89,16.0,,0.16,14.24
2021-10-31,72,15.0,False,0.15,10.799999999999999
2021-11-01,91,15.0,,0.15,13.65
2021-11-02,72,15.0,,0.15,10.799999999999999
2021-11-03,73,15.0,,0.15,10.95
2021-11-04,78,15.0,,0.15,11.7
2021-11-05,69,15.0,,0.15,10.35
2021-11-06,82,15.0,,0.15,12.299999999999999
2021-11-07,70,15.0,False,0.15,10.5
2021-11-08,76,15.0,,0.15,11.4
2021-11-09,100,15.0,,0.15,15.0
2021-11-10,89,15.0,,0.15,13.35
2021-11-11,79,15.0,,0.15,11.85
2021-11-12,86,15.0,,0.15,12.9
2021-11-13,83,15.0,,0.15,12.45
2021-11-14,71,13.0,False,0.13,9.23
2021-11-15,58,13.0,,0.13,7.54
2021-11-16,64,13.0,,0.13,8.32
2021-11-17,76,13.0,,0.13,9.88
2021-11-18,73,13.0,,0.13,9.49
2021-11-19,70,13.0,,0.13,9.1
2021-11-20,54,13.0,,0.13,7.0200000000000005
2021-11-21,71,12.0,False,0.12,8.52
2021-11-22,59,12.0,,0.12,7.08
2021-11-23,65,12.0,,0.12,7.8
2021-11-24,57,12.0,,0.12,6.84
2021-11-25,43,12.0,,0.12,5.16
2021-11-26,73,12.0,,0.12,8.76
2021-11-27,59,12.0,,0.12,7.08
2021-11-28,66,12.0,False,0.12,7.92
2021-11-29,44,12.0,,0.12,5.279999999999999
2021-11-30,69,12.0,,0.12,8.28
2021-12-01,56,12.0,,0.12,6.72
2021-12-02,60,12.0,,0.12,7.199999999999999
2021-12-03,45,12.0,,0.12,5.3999999999999995
2021-12-04,92,12.0,,0.12,11.04
2021-12-05,100,13.0,True,0.13,13.0
2021-12-06,67,13.0,,0.13,8.71
2021-12-07,68,13.0,,0.13,8.84
2021-12-08,62,13.0,,0.13,8.06
