date,cryptocurrency_unscaled,cryptocurrency_monthly,isPartial,scale,cryptocurrency
2017-08-01,45,,,,
2017-08-02,59,,,,
2017-08-03,47,,,,
2017-08-04,41,,,,
2017-08-05,40,,,,
2017-08-06,48,13.0,False,0.13,6.24
2017-08-07,55,13.0,,0.13,7.15
2017-08-08,70,13.0,,0.13,9.1
2017-08-09,56,13.0,,0.13,7.28
2017-08-10,71,13.0,,0.13,9.23
2017-08-11,64,13.0,,0.13,8.32
2017-08-12,63,13.0,,0.13,8.19
2017-08-13,81,17.0,False,0.17,13.770000000000001
2017-08-14,100,17.0,,0.17,17.0
2017-08-15,85,17.0,,0.17,14.450000000000001
2017-08-16,67,17.0,,0.17,11.39
2017-08-17,67,17.0,,0.17,11.39
2017-08-18,65,17.0,,0.17,11.05
2017-08-19,60,17.0,,0.17,10.200000000000001
2017-08-20,63,15.0,False,0.15,9.45
2017-08-21,63,15.0,,0.15,9.45
2017-08-22,64,15.0,,0.15,9.6
2017-08-23,73,15.0,,0.15,10.95
2017-08-24,70,15.0,,0.15,10.5
2017-08-25,75,15.0,,0.15,11.25
2017-08-26,54,15.0,,0.15,8.1
2017-08-27,59,19.0,False,0.19,11.21
2017-08-28,72,19.0,,0.19,13.68
2017-08-29,94,19.0,,0.19,17.86
2017-08-30,90,19.0,,0.19,17.1
2017-08-31,99,19.0,,0.19,18.81
2017-09-01,93,19.0,,0.19,17.67
2017-09-02,97,19.0,,0.19,18.43
2017-09-03,75,20.0,False,0.2,15.0
2017-09-04,100,20.0,,0.2,20.0
2017-09-05,86,20.0,,0.2,17.2
2017-09-06,73,20.0,,0.2,14.600000000000001
2017-09-07,67,20.0,,0.2,13.4
2017-09-08,74,20.0,,0.2,14.8
2017-09-09,69,20.0,,0.2,13.8
2017-09-10,64,16.0,False,0.16,10.24
2017-09-11,65,16.0,,0.16,10.4
2017-09-12,63,16.0,,0.16,10.08
2017-09-13,71,16.0,,0.16,11.36
2017-09-14,72,16.0,,0.16,11.52
2017-09-15,91,16.0,,0.16,14.56
2017-09-16,55,16.0,,0.16,8.8
2017-09-17,56,13.0,False,0.13,7.28
2017-09-18,70,13.0,,0.13,9.1
2017-09-19,60,13.0,,0.13,7.800000000000001
2017-09-20,66,13.0,,0.13,8.58
2017-09-21,56,13.0,,0.13,7.28
2017-09-22,51,13.0,,0.13,6.63
2017-09-23,49,13.0,,0.13,6.37
2017-09-24,54,13.0,False,0.13,7.0200000000000005
2017-09-25,52,13.0,,0.13,6.76
2017-09-26,64,13.0,,0.13,8.32
2017-09-27,71,13.0,,0.13,9.23
2017-09-28,69,13.0,,0.13,8.97
2017-09-29,53,13.0,,0.13,6.890000000000001
2017-09-30,50,13.0,,0.13,6.5
2017-10-01,57,12.0,False,0.12,6.84
2017-10-02,81,12.0,,0.12,9.719999999999999
2017-10-03,61,12.0,,0.12,7.319999999999999
2017-10-04,74,12.0,,0.12,8.879999999999999
2017-10-05,75,12.0,,0.12,9.0
2017-10-06,53,12.0,,0.12,6.359999999999999
2017-10-07,55,12.0,,0.12,6.6
2017-10-08,44,13.0,False,0.13,5.720000000000001
2017-10-09,70,13.0,,0.13,9.1
2017-10-10,79,13.0,,0.13,10.27
2017-10-11,80,13.0,,0.13,10.4
2017-10-12,85,13.0,,0.13,11.05
2017-10-13,96,13.0,,0.13,12.48
2017-10-14,68,13.0,,0.13,8.84
2017-10-15,72,16.0,False,0.16,11.52
2017-10-16,100,16.0,,0.16,16.0
2017-10-17,87,16.0,,0.16,13.92
2017-10-18,77,16.0,,0.16,12.32
2017-10-19,74,16.0,,0.16,11.84
2017-10-20,80,16.0,,0.16,12.8
2017-10-21,80,16.0,,0.16,12.8
2017-10-22,69,16.0,False,0.16,11.040000000000001
2017-10-23,80,16.0,,0.16,12.8
2017-10-24,80,16.0,,0.16,12.8
2017-10-25,88,16.0,,0.16,14.08
2017-10-26,72,16.0,,0.16,11.52
2017-10-27,74,16.0,,0.16,11.84
2017-10-28,71,16.0,,0.16,11.36
2017-10-29,69,19.0,False,0.19,13.11
2017-10-30,75,19.0,,0.19,14.25
2017-10-31,74,19.0,,0.19,14.06
2017-11-01,27,19.0,,0.19,5.13
2017-11-02,38,19.0,,0.19,7.22
2017-11-03,31,19.0,,0.19,5.89
2017-11-04,34,19.0,,0.19,6.46
2017-11-05,28,20.0,False,0.2,5.6000000000000005
2017-11-06,29,20.0,,0.2,5.800000000000001
2017-11-07,33,20.0,,0.2,6.6000000000000005
2017-11-08,37,20.0,,0.2,7.4
2017-11-09,37,20.0,,0.2,7.4
2017-11-10,31,20.0,,0.2,6.2
2017-11-11,31,20.0,,0.2,6.2
2017-11-12,38,21.0,False,0.21,7.9799999999999995
2017-11-13,37,21.0,,0.21,7.77
2017-11-14,38,21.0,,0.21,7.9799999999999995
2017-11-15,35,21.0,,0.21,7.35
2017-11-16,34,21.0,,0.21,7.14
2017-11-17,35,21.0,,0.21,7.35
2017-11-18,36,21.0,,0.21,7.56
2017-11-19,34,24.0,False,0.24,8.16
2017-11-20,43,24.0,,0.24,10.32
2017-11-21,43,24.0,,0.24,10.32
2017-11-22,36,24.0,,0.24,8.64
2017-11-23,39,24.0,,0.24,9.36
2017-11-24,40,24.0,,0.24,9.6
2017-11-25,48,24.0,,0.24,11.52
2017-11-26,48,41.0,False,0.41,19.68
2017-11-27,61,41.0,,0.41,25.009999999999998
2017-11-28,78,41.0,,0.41,31.979999999999997
2017-11-29,100,41.0,,0.41,41.0
2017-11-30,79,41.0,,0.41,32.39
2017-12-01,33,41.0,,0.41,13.53
2017-12-02,36,41.0,,0.41,14.76
2017-12-03,34,58.0,False,0.58,19.72
2017-12-04,42,58.0,,0.58,24.36
2017-12-05,40,58.0,,0.58,23.2
2017-12-06,53,58.0,,0.58,30.74
2017-12-07,62,58.0,,0.58,35.96
2017-12-08,63,58.0,,0.58,36.54
2017-12-09,52,58.0,,0.58,30.159999999999997
2017-12-10,45,88.0,False,0.88,39.6
2017-12-11,54,88.0,,0.88,47.52
2017-12-12,88,88.0,,0.88,77.44
2017-12-13,84,88.0,,0.88,73.92
2017-12-14,77,88.0,,0.88,67.76
2017-12-15,71,88.0,,0.88,62.48
2017-12-16,67,88.0,,0.88,58.96
2017-12-17,73,92.0,False,0.92,67.16
2017-12-18,68,92.0,,0.92,62.56
2017-12-19,80,92.0,,0.92,73.60000000000001
2017-12-20,87,92.0,,0.92,80.04
2017-12-21,77,92.0,,0.92,70.84
2017-12-22,100,92.0,,0.92,92.0
2017-12-23,69,92.0,,0.92,63.480000000000004
2017-12-24,56,74.0,False,0.74,41.44
2017-12-25,55,74.0,,0.74,40.7
2017-12-26,58,74.0,,0.74,42.92
2017-12-27,53,74.0,,0.74,39.22
2017-12-28,55,74.0,,0.74,40.7
2017-12-29,71,74.0,,0.74,52.54
2017-12-30,77,74.0,,0.74,56.98
2017-12-31,63,100.0,False,1.0,63.0
2018-01-01,53,100.0,,1.0,53.0
2018-01-02,69,100.0,,1.0,69.0
2018-01-03,84,100.0,,1.0,84.0
2018-01-04,100,100.0,,1.0,100.0
2018-01-05,95,100.0,,1.0,95.0
2018-01-06,83,100.0,,1.0,83.0
2018-01-07,86,96.0,False,0.96,82.56
2018-01-08,79,96.0,,0.96,75.84
2018-01-09,75,96.0,,0.96,72.0
2018-01-10,82,96.0,,0.96,78.72
2018-01-11,83,96.0,,0.96,79.67999999999999
2018-01-12,64,96.0,,0.96,61.44
2018-01-13,60,96.0,,0.96,57.599999999999994
2018-01-14,54,82.0,False,0.82,44.279999999999994
2018-01-15,55,82.0,,0.82,45.099999999999994
2018-01-16,91,82.0,,0.82,74.61999999999999
2018-01-17,85,82.0,,0.82,69.7
2018-01-18,62,82.0,,0.82,50.839999999999996
2018-01-19,50,82.0,,0.82,41.0
2018-01-20,44,82.0,,0.82,36.08
2018-01-21,41,50.0,False,0.5,20.5
2018-01-22,42,50.0,,0.5,21.0
2018-01-23,36,50.0,,0.5,18.0
2018-01-24,37,50.0,,0.5,18.5
2018-01-25,36,50.0,,0.5,18.0
2018-01-26,36,50.0,,0.5,18.0
2018-01-27,36,50.0,,0.5,18.0
2018-01-28,34,49.0,False,0.49,16.66
2018-01-29,34,49.0,,0.49,16.66
2018-01-30,35,49.0,,0.49,17.15
2018-01-31,37,49.0,,0.49,18.13
2018-02-01,90,49.0,,0.49,44.1
2018-02-02,96,49.0,,0.49,47.04
2018-02-03,55,49.0,,0.49,26.95
2018-02-04,54,44.0,False,0.44,23.76
2018-02-05,88,44.0,,0.44,38.72
2018-02-06,100,44.0,,0.44,44.0
2018-02-07,67,44.0,,0.44,29.48
2018-02-08,49,44.0,,0.44,21.56
2018-02-09,54,44.0,,0.44,23.76
2018-02-10,47,44.0,,0.44,20.68
2018-02-11,50,31.0,False,0.31,15.5
2018-02-12,50,31.0,,0.31,15.5
2018-02-13,49,31.0,,0.31,15.19
2018-02-14,53,31.0,,0.31,16.43
2018-02-15,52,31.0,,0.31,16.12
2018-02-16,45,31.0,,0.31,13.95
2018-02-17,42,31.0,,0.31,13.02
2018-02-18,36,29.0,False,0.29,10.44
2018-02-19,44,29.0,,0.29,12.76
2018-02-20,51,29.0,,0.29,14.79
2018-02-21,53,29.0,,0.29,15.37
2018-02-22,45,29.0,,0.29,13.049999999999999
2018-02-23,34,29.0,,0.29,9.86
2018-02-24,37,29.0,,0.29,10.729999999999999
2018-02-25,30,23.0,False,0.23,6.9
2018-02-26,37,23.0,,0.23,8.51
2018-02-27,40,23.0,,0.23,9.200000000000001
2018-02-28,35,23.0,,0.23,8.05
2018-03-01,89,23.0,,0.23,20.470000000000002
2018-03-02,77,23.0,,0.23,17.71
2018-03-03,71,23.0,,0.23,16.330000000000002
2018-03-04,75,22.0,False,0.22,16.5
2018-03-05,80,22.0,,0.22,17.6
2018-03-06,73,22.0,,0.22,16.06
2018-03-07,92,22.0,,0.22,20.24
2018-03-08,91,22.0,,0.22,20.02
2018-03-09,98,22.0,,0.22,21.56
2018-03-10,73,22.0,,0.22,16.06
2018-03-11,69,22.0,False,0.22,15.18
2018-03-12,84,22.0,,0.22,18.48
2018-03-13,84,22.0,,0.22,18.48
2018-03-14,98,22.0,,0.22,21.56
2018-03-15,100,22.0,,0.22,22.0
2018-03-16,88,22.0,,0.22,19.36
2018-03-17,68,22.0,,0.22,14.96
2018-03-18,95,20.0,False,0.2,19.0
2018-03-19,84,20.0,,0.2,16.8
2018-03-20,77,20.0,,0.2,15.4
2018-03-21,72,20.0,,0.2,14.4
2018-03-22,78,20.0,,0.2,15.600000000000001
2018-03-23,65,20.0,,0.2,13.0
2018-03-24,61,20.0,,0.2,12.200000000000001
2018-03-25,51,18.0,False,0.18,9.18
2018-03-26,74,18.0,,0.18,13.32
2018-03-27,71,18.0,,0.18,12.78
2018-03-28,59,18.0,,0.18,10.62
2018-03-29,75,18.0,,0.18,13.5
2018-03-30,89,18.0,,0.18,16.02
2018-03-31,59,18.0,,0.18,10.62
2018-04-01,85,18.0,False,0.18,15.299999999999999
2018-04-02,80,18.0,,0.18,14.399999999999999
2018-04-03,77,18.0,,0.18,13.86
2018-04-04,71,18.0,,0.18,12.78
2018-04-05,80,18.0,,0.18,14.399999999999999
2018-04-06,90,18.0,,0.18,16.2
2018-04-07,63,18.0,,0.18,11.34
2018-04-08,79,16.0,False,0.16,12.64
2018-04-09,69,16.0,,0.16,11.040000000000001
2018-04-10,76,16.0,,0.16,12.16
2018-04-11,75,16.0,,0.16,12.0
2018-04-12,82,16.0,,0.16,13.120000000000001
2018-04-13,78,16.0,,0.16,12.48
2018-04-14,62,16.0,,0.16,9.92
2018-04-15,62,17.0,False,0.17,10.540000000000001
2018-04-16,76,17.0,,0.17,12.920000000000002
2018-04-17,83,17.0,,0.17,14.110000000000001
2018-04-18,82,17.0,,0.17,13.940000000000001
2018-04-19,88,17.0,,0.17,14.96
2018-04-20,100,17.0,,0.17,17.0
2018-04-21,65,17.0,,0.17,11.05
2018-04-22,74,18.0,False,0.18,13.32
2018-04-23,79,18.0,,0.18,14.219999999999999
2018-04-24,88,18.0,,0.18,15.84
2018-04-25,82,18.0,,0.18,14.76
2018-04-26,72,18.0,,0.18,12.959999999999999
2018-04-27,66,18.0,,0.18,11.879999999999999
2018-04-28,75,18.0,,0.18,13.5
2018-04-29,74,16.0,False,0.16,11.84
2018-04-30,83,16.0,,0.16,13.280000000000001
2018-05-01,92,16.0,,0.16,14.72
2018-05-02,93,16.0,,0.16,14.88
2018-05-03,100,16.0,,0.16,16.0
2018-05-04,88,16.0,,0.16,14.08
2018-05-05,82,16.0,,0.16,13.120000000000001
2018-05-06,72,15.0,False,0.15,10.799999999999999
2018-05-07,84,15.0,,0.15,12.6
2018-05-08,84,15.0,,0.15,12.6
2018-05-09,81,15.0,,0.15,12.15
2018-05-10,76,15.0,,0.15,11.4
2018-05-11,97,15.0,,0.15,14.549999999999999
2018-05-12,87,15.0,,0.15,13.049999999999999
2018-05-13,73,14.0,False,0.14,10.22
2018-05-14,79,14.0,,0.14,11.06
2018-05-15,87,14.0,,0.14,12.180000000000001
2018-05-16,89,14.0,,0.14,12.46
2018-05-17,77,14.0,,0.14,10.780000000000001
2018-05-18,81,14.0,,0.14,11.340000000000002
2018-05-19,58,14.0,,0.14,8.120000000000001
2018-05-20,69,12.0,False,0.12,8.28
2018-05-21,81,12.0,,0.12,9.719999999999999
2018-05-22,85,12.0,,0.12,10.2
2018-05-23,81,12.0,,0.12,9.719999999999999
2018-05-24,75,12.0,,0.12,9.0
2018-05-25,64,12.0,,0.12,7.68
2018-05-26,60,12.0,,0.12,7.199999999999999
2018-05-27,47,12.0,False,0.12,5.64
2018-05-28,81,12.0,,0.12,9.719999999999999
2018-05-29,68,12.0,,0.12,8.16
2018-05-30,76,12.0,,0.12,9.12
2018-05-31,70,12.0,,0.12,8.4
2018-06-01,68,12.0,,0.12,8.16
2018-06-02,76,12.0,,0.12,9.12
2018-06-03,67,12.0,False,0.12,8.04
2018-06-04,65,12.0,,0.12,7.8
2018-06-05,86,12.0,,0.12,10.32
2018-06-06,81,12.0,,0.12,9.719999999999999
2018-06-07,69,12.0,,0.12,8.28
2018-06-08,61,12.0,,0.12,7.319999999999999
2018-06-09,62,12.0,,0.12,7.4399999999999995
2018-06-10,87,14.0,False,0.14,12.180000000000001
2018-06-11,100,14.0,,0.14,14.000000000000002
2018-06-12,87,14.0,,0.14,12.180000000000001
2018-06-13,97,14.0,,0.14,13.580000000000002
2018-06-14,95,14.0,,0.14,13.3
2018-06-15,79,14.0,,0.14,11.06
2018-06-16,56,14.0,,0.14,7.840000000000001
2018-06-17,63,11.0,False,0.11,6.93
2018-06-18,75,11.0,,0.11,8.25
2018-06-19,73,11.0,,0.11,8.03
2018-06-20,91,11.0,,0.11,10.01
2018-06-21,69,11.0,,0.11,7.59
2018-06-22,96,11.0,,0.11,10.56
2018-06-23,49,11.0,,0.11,5.39
2018-06-24,75,12.0,False,0.12,9.0
2018-06-25,85,12.0,,0.12,10.2
2018-06-26,75,12.0,,0.12,9.0
2018-06-27,79,12.0,,0.12,9.48
2018-06-28,85,12.0,,0.12,10.2
2018-06-29,100,12.0,,0.12,12.0
2018-06-30,79,12.0,,0.12,9.48
2018-07-01,57,10.0,False,0.1,5.7
2018-07-02,78,10.0,,0.1,7.800000000000001
2018-07-03,84,10.0,,0.1,8.4
2018-07-04,64,10.0,,0.1,6.4
2018-07-05,77,10.0,,0.1,7.7
2018-07-06,66,10.0,,0.1,6.6000000000000005
2018-07-07,54,10.0,,0.1,5.4
2018-07-08,48,10.0,False,0.1,4.800000000000001
2018-07-09,73,10.0,,0.1,7.300000000000001
2018-07-10,74,10.0,,0.1,7.4
2018-07-11,77,10.0,,0.1,7.7
2018-07-12,67,10.0,,0.1,6.7
2018-07-13,49,10.0,,0.1,4.9
2018-07-14,58,10.0,,0.1,5.800000000000001
2018-07-15,53,12.0,False,0.12,6.359999999999999
2018-07-16,71,12.0,,0.12,8.52
2018-07-17,70,12.0,,0.12,8.4
2018-07-18,91,12.0,,0.12,10.92
2018-07-19,100,12.0,,0.12,12.0
2018-07-20,88,12.0,,0.12,10.559999999999999
2018-07-21,56,12.0,,0.12,6.72
2018-07-22,61,11.0,False,0.11,6.71
2018-07-23,78,11.0,,0.11,8.58
2018-07-24,87,11.0,,0.11,9.57
2018-07-25,90,11.0,,0.11,9.9
2018-07-26,61,11.0,,0.11,6.71
2018-07-27,74,11.0,,0.11,8.14
2018-07-28,80,11.0,,0.11,8.8
2018-07-29,50,10.0,False,0.1,5.0
2018-07-30,61,10.0,,0.1,6.1000000000000005
2018-07-31,77,10.0,,0.1,7.7
2018-08-01,75,10.0,,0.1,7.5
2018-08-02,76,10.0,,0.1,7.6000000000000005
2018-08-03,53,10.0,,0.1,5.300000000000001
2018-08-04,58,10.0,,0.1,5.800000000000001
2018-08-05,67,11.0,False,0.11,7.37
2018-08-06,52,11.0,,0.11,5.72
2018-08-07,70,11.0,,0.11,7.7
2018-08-08,86,11.0,,0.11,9.46
2018-08-09,81,11.0,,0.11,8.91
2018-08-10,55,11.0,,0.11,6.05
2018-08-11,72,11.0,,0.11,7.92
2018-08-12,55,10.0,False,0.1,5.5
2018-08-13,53,10.0,,0.1,5.300000000000001
2018-08-14,100,10.0,,0.1,10.0
2018-08-15,72,10.0,,0.1,7.2
2018-08-16,79,10.0,,0.1,7.9
2018-08-17,47,10.0,,0.1,4.7
2018-08-18,56,10.0,,0.1,5.6000000000000005
2018-08-19,44,10.0,False,0.1,4.4
2018-08-20,69,10.0,,0.1,6.9
2018-08-21,77,10.0,,0.1,7.7
2018-08-22,76,10.0,,0.1,7.6000000000000005
2018-08-23,58,10.0,,0.1,5.800000000000001
2018-08-24,80,10.0,,0.1,8.0
2018-08-25,56,10.0,,0.1,5.6000000000000005
2018-08-26,54,9.0,False,0.09,4.859999999999999
2018-08-27,60,9.0,,0.09,5.3999999999999995
2018-08-28,66,9.0,,0.09,5.9399999999999995
2018-08-29,65,9.0,,0.09,5.85
2018-08-30,83,9.0,,0.09,7.47
2018-08-31,69,9.0,,0.09,6.21
2018-09-01,68,9.0,,0.09,6.12
2018-09-02,67,10.0,False,0.1,6.7
2018-09-03,63,10.0,,0.1,6.300000000000001
2018-09-04,74,10.0,,0.1,7.4
2018-09-05,70,10.0,,0.1,7.0
2018-09-06,100,10.0,,0.1,10.0
2018-09-07,57,10.0,,0.1,5.7
2018-09-08,54,10.0,,0.1,5.4
2018-09-09,60,10.0,False,0.1,6.0
2018-09-10,68,10.0,,0.1,6.800000000000001
2018-09-11,82,10.0,,0.1,8.200000000000001
2018-09-12,75,10.0,,0.1,7.5
2018-09-13,88,10.0,,0.1,8.8
2018-09-14,65,10.0,,0.1,6.5
2018-09-15,52,10.0,,0.1,5.2
2018-09-16,64,10.0,False,0.1,6.4
2018-09-17,75,10.0,,0.1,7.5
2018-09-18,67,10.0,,0.1,6.7
2018-09-19,66,10.0,,0.1,6.6000000000000005
2018-09-20,73,10.0,,0.1,7.300000000000001
2018-09-21,98,10.0,,0.1,9.8
2018-09-22,69,10.0,,0.1,6.9
2018-09-23,58,10.0,False,0.1,5.800000000000001
2018-09-24,62,10.0,,0.1,6.2
2018-09-25,88,10.0,,0.1,8.8
2018-09-26,69,10.0,,0.1,6.9
2018-09-27,70,10.0,,0.1,7.0
2018-09-28,73,10.0,,0.1,7.300000000000001
2018-09-29,55,10.0,,0.1,5.5
2018-09-30,71,9.0,False,0.09,6.39
2018-10-01,63,9.0,,0.09,5.67
2018-10-02,66,9.0,,0.09,5.9399999999999995
2018-10-03,66,9.0,,0.09,5.9399999999999995
2018-10-04,82,9.0,,0.09,7.38
2018-10-05,58,9.0,,0.09,5.22
2018-10-06,65,9.0,,0.09,5.85
2018-10-07,66,9.0,False,0.09,5.9399999999999995
2018-10-08,62,9.0,,0.09,5.58
2018-10-09,64,9.0,,0.09,5.76
2018-10-10,65,9.0,,0.09,5.85
2018-10-11,99,9.0,,0.09,8.91
2018-10-12,100,9.0,,0.09,9.0
2018-10-13,67,9.0,,0.09,6.029999999999999
2018-10-14,51,9.0,False,0.09,4.59
2018-10-15,91,9.0,,0.09,8.19
2018-10-16,90,9.0,,0.09,8.1
2018-10-17,69,9.0,,0.09,6.21
2018-10-18,73,9.0,,0.09,6.569999999999999
2018-10-19,75,9.0,,0.09,6.75
2018-10-20,60,9.0,,0.09,5.3999999999999995
2018-10-21,66,8.0,False,0.08,5.28
2018-10-22,73,8.0,,0.08,5.84
2018-10-23,78,8.0,,0.08,6.24
2018-10-24,71,8.0,,0.08,5.68
2018-10-25,78,8.0,,0.08,6.24
2018-10-26,68,8.0,,0.08,5.44
2018-10-27,48,8.0,,0.08,3.84
2018-10-28,59,8.0,False,0.08,4.72
2018-10-29,60,8.0,,0.08,4.8
2018-10-30,76,8.0,,0.08,6.08
2018-10-31,78,8.0,,0.08,6.24
2018-11-01,63,8.0,,0.08,5.04
2018-11-02,67,8.0,,0.08,5.36
2018-11-03,49,8.0,,0.08,3.92
2018-11-04,67,8.0,False,0.08,5.36
2018-11-05,74,8.0,,0.08,5.92
2018-11-06,63,8.0,,0.08,5.04
2018-11-07,66,8.0,,0.08,5.28
2018-11-08,61,8.0,,0.08,4.88
2018-11-09,50,8.0,,0.08,4.0
2018-11-10,51,8.0,,0.08,4.08
2018-11-11,49,10.0,False,0.1,4.9
2018-11-12,62,10.0,,0.1,6.2
2018-11-13,75,10.0,,0.1,7.5
2018-11-14,100,10.0,,0.1,10.0
2018-11-15,81,10.0,,0.1,8.1
2018-11-16,59,10.0,,0.1,5.9
2018-11-17,72,10.0,,0.1,7.2
2018-11-18,46,10.0,False,0.1,4.6000000000000005
2018-11-19,88,10.0,,0.1,8.8
2018-11-20,99,10.0,,0.1,9.9
2018-11-21,69,10.0,,0.1,6.9
2018-11-22,61,10.0,,0.1,6.1000000000000005
2018-11-23,66,10.0,,0.1,6.6000000000000005
2018-11-24,61,10.0,,0.1,6.1000000000000005
2018-11-25,80,10.0,False,0.1,8.0
2018-11-26,62,10.0,,0.1,6.2
2018-11-27,78,10.0,,0.1,7.800000000000001
2018-11-28,65,10.0,,0.1,6.5
2018-11-29,63,10.0,,0.1,6.300000000000001
2018-11-30,64,10.0,,0.1,6.4
2018-12-01,65,10.0,,0.1,6.5
2018-12-02,78,8.0,False,0.08,6.24
2018-12-03,100,8.0,,0.08,8.0
2018-12-04,78,8.0,,0.08,6.24
2018-12-05,76,8.0,,0.08,6.08
2018-12-06,75,8.0,,0.08,6.0
2018-12-07,85,8.0,,0.08,6.8
2018-12-08,87,8.0,,0.08,6.96
2018-12-09,79,7.0,False,0.07,5.53
2018-12-10,74,7.0,,0.07,5.180000000000001
2018-12-11,76,7.0,,0.07,5.32
2018-12-12,65,7.0,,0.07,4.550000000000001
2018-12-13,65,7.0,,0.07,4.550000000000001
2018-12-14,83,7.0,,0.07,5.8100000000000005
2018-12-15,73,7.0,,0.07,5.11
2018-12-16,57,8.0,False,0.08,4.5600000000000005
2018-12-17,85,8.0,,0.08,6.8
2018-12-18,89,8.0,,0.08,7.12
2018-12-19,88,8.0,,0.08,7.04
2018-12-20,86,8.0,,0.08,6.88
2018-12-21,89,8.0,,0.08,7.12
2018-12-22,60,8.0,,0.08,4.8
2018-12-23,68,7.0,False,0.07,4.760000000000001
2018-12-24,91,7.0,,0.07,6.370000000000001
2018-12-25,69,7.0,,0.07,4.83
2018-12-26,76,7.0,,0.07,5.32
2018-12-27,66,7.0,,0.07,4.62
2018-12-28,83,7.0,,0.07,5.8100000000000005
2018-12-29,71,7.0,,0.07,4.970000000000001
2018-12-30,56,7.0,False,0.07,3.9200000000000004
2018-12-31,82,7.0,,0.07,5.74
2019-01-01,61,7.0,,0.07,4.2700000000000005
2019-01-02,62,7.0,,0.07,4.340000000000001
2019-01-03,100,7.0,,0.07,7.000000000000001
2019-01-04,70,7.0,,0.07,4.9
2019-01-05,69,7.0,,0.07,4.83
2019-01-06,71,8.0,False,0.08,5.68
2019-01-07,81,8.0,,0.08,6.48
2019-01-08,86,8.0,,0.08,6.88
2019-01-09,66,8.0,,0.08,5.28
2019-01-10,92,8.0,,0.08,7.36
2019-01-11,72,8.0,,0.08,5.76
2019-01-12,55,8.0,,0.08,4.4
2019-01-13,73,7.0,False,0.07,5.11
2019-01-14,91,7.0,,0.07,6.370000000000001
2019-01-15,67,7.0,,0.07,4.69
2019-01-16,79,7.0,,0.07,5.53
2019-01-17,66,7.0,,0.07,4.62
2019-01-18,66,7.0,,0.07,4.62
2019-01-19,63,7.0,,0.07,4.41
2019-01-20,50,7.0,False,0.07,3.5000000000000004
2019-01-21,82,7.0,,0.07,5.74
2019-01-22,77,7.0,,0.07,5.390000000000001
2019-01-23,64,7.0,,0.07,4.48
2019-01-24,67,7.0,,0.07,4.69
2019-01-25,74,7.0,,0.07,5.180000000000001
2019-01-26,73,7.0,,0.07,5.11
2019-01-27,61,7.0,False,0.07,4.2700000000000005
2019-01-28,89,7.0,,0.07,6.23
2019-01-29,63,7.0,,0.07,4.41
2019-01-30,69,7.0,,0.07,4.83
2019-01-31,58,7.0,,0.07,4.0600000000000005
2019-02-01,67,7.0,,0.07,4.69
2019-02-02,53,7.0,,0.07,3.7100000000000004
2019-02-03,51,8.0,False,0.08,4.08
2019-02-04,70,8.0,,0.08,5.6000000000000005
2019-02-05,100,8.0,,0.08,8.0
2019-02-06,87,8.0,,0.08,6.96
2019-02-07,75,8.0,,0.08,6.0
2019-02-08,70,8.0,,0.08,5.6000000000000005
2019-02-09,61,8.0,,0.08,4.88
2019-02-10,47,7.0,False,0.07,3.2900000000000005
2019-02-11,52,7.0,,0.07,3.6400000000000006
2019-02-12,60,7.0,,0.07,4.2
2019-02-13,63,7.0,,0.07,4.41
2019-02-14,72,7.0,,0.07,5.040000000000001
2019-02-15,72,7.0,,0.07,5.040000000000001
2019-02-16,60,7.0,,0.07,4.2
2019-02-17,58,7.0,False,0.07,4.0600000000000005
2019-02-18,63,7.0,,0.07,4.41
2019-02-19,71,7.0,,0.07,4.970000000000001
2019-02-20,72,7.0,,0.07,5.040000000000001
2019-02-21,70,7.0,,0.07,4.9
2019-02-22,80,7.0,,0.07,5.6000000000000005
2019-02-23,60,7.0,,0.07,4.2
2019-02-24,46,7.0,False,0.07,3.22
2019-02-25,82,7.0,,0.07,5.74
2019-02-26,63,7.0,,0.07,4.41
2019-02-27,68,7.0,,0.07,4.760000000000001
2019-02-28,66,7.0,,0.07,4.62
2019-03-01,88,7.0,,0.07,6.16
2019-03-02,59,7.0,,0.07,4.130000000000001
2019-03-03,42,6.0,False,0.06,2.52
2019-03-04,97,6.0,,0.06,5.819999999999999
2019-03-05,69,6.0,,0.06,4.14
2019-03-06,78,6.0,,0.06,4.68
2019-03-07,100,6.0,,0.06,6.0
2019-03-08,66,6.0,,0.06,3.96
2019-03-09,69,6.0,,0.06,4.14
2019-03-10,51,7.0,False,0.07,3.5700000000000003
2019-03-11,75,7.0,,0.07,5.250000000000001
2019-03-12,70,7.0,,0.07,4.9
2019-03-13,89,7.0,,0.07,6.23
2019-03-14,77,7.0,,0.07,5.390000000000001
2019-03-15,67,7.0,,0.07,4.69
2019-03-16,64,7.0,,0.07,4.48
2019-03-17,75,6.0,False,0.06,4.5
2019-03-18,60,6.0,,0.06,3.5999999999999996
2019-03-19,60,6.0,,0.06,3.5999999999999996
2019-03-20,62,6.0,,0.06,3.7199999999999998
2019-03-21,59,6.0,,0.06,3.54
2019-03-22,77,6.0,,0.06,4.62
2019-03-23,64,6.0,,0.06,3.84
2019-03-24,67,6.0,False,0.06,4.02
2019-03-25,71,6.0,,0.06,4.26
2019-03-26,64,6.0,,0.06,3.84
2019-03-27,70,6.0,,0.06,4.2
2019-03-28,88,6.0,,0.06,5.279999999999999
2019-03-29,86,6.0,,0.06,5.16
2019-03-30,61,6.0,,0.06,3.6599999999999997
2019-03-31,55,8.0,False,0.08,4.4
2019-04-01,52,8.0,,0.08,4.16
2019-04-02,95,8.0,,0.08,7.6000000000000005
2019-04-03,100,8.0,,0.08,8.0
2019-04-04,67,8.0,,0.08,5.36
2019-04-05,64,8.0,,0.08,5.12
2019-04-06,82,8.0,,0.08,6.5600000000000005
2019-04-07,62,6.0,False,0.06,3.7199999999999998
2019-04-08,62,6.0,,0.06,3.7199999999999998
2019-04-09,78,6.0,,0.06,4.68
2019-04-10,59,6.0,,0.06,3.54
2019-04-11,56,6.0,,0.06,3.36
2019-04-12,55,6.0,,0.06,3.3
2019-04-13,47,6.0,,0.06,2.82
2019-04-14,54,6.0,False,0.06,3.2399999999999998
2019-04-15,41,6.0,,0.06,2.46
2019-04-16,45,6.0,,0.06,2.6999999999999997
2019-04-17,54,6.0,,0.06,3.2399999999999998
2019-04-18,61,6.0,,0.06,3.6599999999999997
2019-04-19,57,6.0,,0.06,3.42
2019-04-20,43,6.0,,0.06,2.58
2019-04-21,71,6.0,False,0.06,4.26
2019-04-22,54,6.0,,0.06,3.2399999999999998
2019-04-23,54,6.0,,0.06,3.2399999999999998
2019-04-24,50,6.0,,0.06,3.0
2019-04-25,44,6.0,,0.06,2.6399999999999997
2019-04-26,52,6.0,,0.06,3.12
2019-04-27,49,6.0,,0.06,2.94
2019-04-28,51,7.0,False,0.07,3.5700000000000003
2019-04-29,51,7.0,,0.07,3.5700000000000003
2019-04-30,47,7.0,,0.07,3.2900000000000005
2019-05-01,57,7.0,,0.07,3.99
2019-05-02,53,7.0,,0.07,3.7100000000000004
2019-05-03,42,7.0,,0.07,2.9400000000000004
2019-05-04,55,7.0,,0.07,3.8500000000000005
2019-05-05,27,7.0,False,0.07,1.8900000000000001
2019-05-06,44,7.0,,0.07,3.08
2019-05-07,55,7.0,,0.07,3.8500000000000005
2019-05-08,56,7.0,,0.07,3.9200000000000004
2019-05-09,49,7.0,,0.07,3.43
2019-05-10,42,7.0,,0.07,2.9400000000000004
2019-05-11,62,7.0,,0.07,4.340000000000001
2019-05-12,77,10.0,False,0.1,7.7
2019-05-13,50,10.0,,0.1,5.0
2019-05-14,95,10.0,,0.1,9.5
2019-05-15,81,10.0,,0.1,8.1
2019-05-16,100,10.0,,0.1,10.0
2019-05-17,59,10.0,,0.1,5.9
2019-05-18,54,10.0,,0.1,5.4
2019-05-19,62,8.0,False,0.08,4.96
2019-05-20,68,8.0,,0.08,5.44
2019-05-21,69,8.0,,0.08,5.5200000000000005
2019-05-22,76,8.0,,0.08,6.08
2019-05-23,64,8.0,,0.08,5.12
2019-05-24,61,8.0,,0.08,4.88
2019-05-25,58,8.0,,0.08,4.64
2019-05-26,63,8.0,False,0.08,5.04
2019-05-27,79,8.0,,0.08,6.32
2019-05-28,70,8.0,,0.08,5.6000000000000005
2019-05-29,81,8.0,,0.08,6.48
2019-05-30,86,8.0,,0.08,6.88
2019-05-31,50,8.0,,0.08,4.0
2019-06-01,29,8.0,,0.08,2.32
2019-06-02,37,9.0,False,0.09,3.33
2019-06-03,29,9.0,,0.09,2.61
2019-06-04,40,9.0,,0.09,3.5999999999999996
2019-06-05,35,9.0,,0.09,3.15
2019-06-06,32,9.0,,0.09,2.88
2019-06-07,45,9.0,,0.09,4.05
2019-06-08,41,9.0,,0.09,3.69
2019-06-09,35,9.0,False,0.09,3.15
2019-06-10,31,9.0,,0.09,2.79
2019-06-11,41,9.0,,0.09,3.69
2019-06-12,41,9.0,,0.09,3.69
2019-06-13,34,9.0,,0.09,3.06
2019-06-14,42,9.0,,0.09,3.78
2019-06-15,36,9.0,,0.09,3.2399999999999998
2019-06-16,41,14.0,False,0.14,5.74
2019-06-17,45,14.0,,0.14,6.300000000000001
2019-06-18,100,14.0,,0.14,14.000000000000002
2019-06-19,73,14.0,,0.14,10.22
2019-06-20,59,14.0,,0.14,8.260000000000002
2019-06-21,59,14.0,,0.14,8.260000000000002
2019-06-22,50,14.0,,0.14,7.000000000000001
2019-06-23,51,12.0,False,0.12,6.12
2019-06-24,51,12.0,,0.12,6.12
2019-06-25,46,12.0,,0.12,5.52
2019-06-26,54,12.0,,0.12,6.4799999999999995
2019-06-27,54,12.0,,0.12,6.4799999999999995
2019-06-28,46,12.0,,0.12,5.52
2019-06-29,42,12.0,,0.12,5.04
2019-06-30,41,9.0,False,0.09,3.69
2019-07-01,72,9.0,,0.09,6.4799999999999995
2019-07-02,71,9.0,,0.09,6.39
2019-07-03,92,9.0,,0.09,8.28
2019-07-04,83,9.0,,0.09,7.47
2019-07-05,58,9.0,,0.09,5.22
2019-07-06,65,9.0,,0.09,5.85
2019-07-07,53,9.0,False,0.09,4.77
2019-07-08,73,9.0,,0.09,6.569999999999999
2019-07-09,83,9.0,,0.09,7.47
2019-07-10,77,9.0,,0.09,6.93
2019-07-11,64,9.0,,0.09,5.76
2019-07-12,77,9.0,,0.09,6.93
2019-07-13,72,9.0,,0.09,6.4799999999999995
2019-07-14,51,8.0,False,0.08,4.08
2019-07-15,66,8.0,,0.08,5.28
2019-07-16,100,8.0,,0.08,8.0
2019-07-17,90,8.0,,0.08,7.2
2019-07-18,67,8.0,,0.08,5.36
2019-07-19,52,8.0,,0.08,4.16
2019-07-20,60,8.0,,0.08,4.8
2019-07-21,58,8.0,False,0.08,4.64
2019-07-22,56,8.0,,0.08,4.48
2019-07-23,72,8.0,,0.08,5.76
2019-07-24,48,8.0,,0.08,3.84
2019-07-25,65,8.0,,0.08,5.2
2019-07-26,64,8.0,,0.08,5.12
2019-07-27,61,8.0,,0.08,4.88
2019-07-28,64,7.0,False,0.07,4.48
2019-07-29,60,7.0,,0.07,4.2
2019-07-30,75,7.0,,0.07,5.250000000000001
2019-07-31,46,7.0,,0.07,3.22
2019-08-01,86,7.0,,0.07,6.0200000000000005
2019-08-02,74,7.0,,0.07,5.180000000000001
2019-08-03,81,7.0,,0.07,5.670000000000001
2019-08-04,72,7.0,False,0.07,5.040000000000001
2019-08-05,81,7.0,,0.07,5.670000000000001
2019-08-06,88,7.0,,0.07,6.16
2019-08-07,75,7.0,,0.07,5.250000000000001
2019-08-08,74,7.0,,0.07,5.180000000000001
2019-08-09,76,7.0,,0.07,5.32
2019-08-10,61,7.0,,0.07,4.2700000000000005
2019-08-11,53,6.0,False,0.06,3.1799999999999997
2019-08-12,93,6.0,,0.06,5.58
2019-08-13,93,6.0,,0.06,5.58
2019-08-14,91,6.0,,0.06,5.46
2019-08-15,92,6.0,,0.06,5.52
2019-08-16,61,6.0,,0.06,3.6599999999999997
2019-08-17,79,6.0,,0.06,4.74
2019-08-18,73,6.0,False,0.06,4.38
2019-08-19,81,6.0,,0.06,4.859999999999999
2019-08-20,83,6.0,,0.06,4.9799999999999995
2019-08-21,81,6.0,,0.06,4.859999999999999
2019-08-22,93,6.0,,0.06,5.58
2019-08-23,70,6.0,,0.06,4.2
2019-08-24,71,6.0,,0.06,4.26
2019-08-25,49,6.0,False,0.06,2.94
2019-08-26,97,6.0,,0.06,5.819999999999999
2019-08-27,100,6.0,,0.06,6.0
2019-08-28,81,6.0,,0.06,4.859999999999999
2019-08-29,92,6.0,,0.06,5.52
2019-08-30,76,6.0,,0.06,4.56
2019-08-31,47,6.0,,0.06,2.82
2019-09-01,52,7.0,False,0.07,3.6400000000000006
2019-09-02,71,7.0,,0.07,4.970000000000001
2019-09-03,74,7.0,,0.07,5.180000000000001
2019-09-04,74,7.0,,0.07,5.180000000000001
2019-09-05,52,7.0,,0.07,3.6400000000000006
2019-09-06,74,7.0,,0.07,5.180000000000001
2019-09-07,100,7.0,,0.07,7.000000000000001
2019-09-08,62,6.0,False,0.06,3.7199999999999998
2019-09-09,68,6.0,,0.06,4.08
2019-09-10,54,6.0,,0.06,3.2399999999999998
2019-09-11,76,6.0,,0.06,4.56
2019-09-12,72,6.0,,0.06,4.32
2019-09-13,58,6.0,,0.06,3.48
2019-09-14,44,6.0,,0.06,2.6399999999999997
2019-09-15,40,6.0,False,0.06,2.4
2019-09-16,66,6.0,,0.06,3.96
2019-09-17,77,6.0,,0.06,4.62
2019-09-18,76,6.0,,0.06,4.56
2019-09-19,70,6.0,,0.06,4.2
2019-09-20,62,6.0,,0.06,3.7199999999999998
2019-09-21,48,6.0,,0.06,2.88
2019-09-22,34,6.0,False,0.06,2.04
2019-09-23,51,6.0,,0.06,3.06
2019-09-24,74,6.0,,0.06,4.4399999999999995
2019-09-25,79,6.0,,0.06,4.74
2019-09-26,63,6.0,,0.06,3.78
2019-09-27,74,6.0,,0.06,4.4399999999999995
2019-09-28,60,6.0,,0.06,3.5999999999999996
2019-09-29,65,5.0,False,0.05,3.25
2019-09-30,59,5.0,,0.05,2.95
2019-10-01,73,5.0,,0.05,3.6500000000000004
2019-10-02,69,5.0,,0.05,3.45
2019-10-03,76,5.0,,0.05,3.8000000000000003
2019-10-04,69,5.0,,0.05,3.45
2019-10-05,65,5.0,,0.05,3.25
2019-10-06,68,6.0,False,0.06,4.08
2019-10-07,75,6.0,,0.06,4.5
2019-10-08,72,6.0,,0.06,4.32
2019-10-09,81,6.0,,0.06,4.859999999999999
2019-10-10,76,6.0,,0.06,4.56
2019-10-11,84,6.0,,0.06,5.04
2019-10-12,65,6.0,,0.06,3.9
2019-10-13,82,6.0,False,0.06,4.92
2019-10-14,92,6.0,,0.06,5.52
2019-10-15,62,6.0,,0.06,3.7199999999999998
2019-10-16,90,6.0,,0.06,5.3999999999999995
2019-10-17,70,6.0,,0.06,4.2
2019-10-18,55,6.0,,0.06,3.3
2019-10-19,70,6.0,,0.06,4.2
2019-10-20,62,6.0,False,0.06,3.7199999999999998
2019-10-21,77,6.0,,0.06,4.62
2019-10-22,51,6.0,,0.06,3.06
2019-10-23,80,6.0,,0.06,4.8
2019-10-24,87,6.0,,0.06,5.22
2019-10-25,73,6.0,,0.06,4.38
2019-10-26,94,6.0,,0.06,5.64
2019-10-27,72,6.0,False,0.06,4.32
2019-10-28,60,6.0,,0.06,3.5999999999999996
2019-10-29,100,6.0,,0.06,6.0
2019-10-30,70,6.0,,0.06,4.2
2019-10-31,71,6.0,,0.06,4.26
2019-11-01,79,6.0,,0.06,4.74
2019-11-02,54,6.0,,0.06,3.2399999999999998
2019-11-03,82,6.0,False,0.06,4.92
2019-11-04,96,6.0,,0.06,5.76
2019-11-05,70,6.0,,0.06,4.2
2019-11-06,95,6.0,,0.06,5.7
2019-11-07,90,6.0,,0.06,5.3999999999999995
2019-11-08,67,6.0,,0.06,4.02
2019-11-09,57,6.0,,0.06,3.42
2019-11-10,84,5.0,False,0.05,4.2
2019-11-11,83,5.0,,0.05,4.15
2019-11-12,92,5.0,,0.05,4.6000000000000005
2019-11-13,59,5.0,,0.05,2.95
2019-11-14,72,5.0,,0.05,3.6
2019-11-15,68,5.0,,0.05,3.4000000000000004
2019-11-16,57,5.0,,0.05,2.85
2019-11-17,77,5.0,False,0.05,3.85
2019-11-18,69,5.0,,0.05,3.45
2019-11-19,100,5.0,,0.05,5.0
2019-11-20,74,5.0,,0.05,3.7
2019-11-21,77,5.0,,0.05,3.85
2019-11-22,61,5.0,,0.05,3.0500000000000003
2019-11-23,63,5.0,,0.05,3.1500000000000004
2019-11-24,86,5.0,False,0.05,4.3
2019-11-25,88,5.0,,0.05,4.4
2019-11-26,85,5.0,,0.05,4.25
2019-11-27,64,5.0,,0.05,3.2
2019-11-28,68,5.0,,0.05,3.4000000000000004
2019-11-29,67,5.0,,0.05,3.35
2019-11-30,45,5.0,,0.05,2.25
2019-12-01,63,5.0,False,0.05,3.1500000000000004
2019-12-02,47,5.0,,0.05,2.35
2019-12-03,87,5.0,,0.05,4.3500000000000005
2019-12-04,71,5.0,,0.05,3.5500000000000003
2019-12-05,64,5.0,,0.05,3.2
2019-12-06,82,5.0,,0.05,4.1000000000000005
2019-12-07,55,5.0,,0.05,2.75
2019-12-08,58,5.0,False,0.05,2.9000000000000004
2019-12-09,67,5.0,,0.05,3.35
2019-12-10,65,5.0,,0.05,3.25
2019-12-11,74,5.0,,0.05,3.7
2019-12-12,83,5.0,,0.05,4.15
2019-12-13,57,5.0,,0.05,2.85
2019-12-14,58,5.0,,0.05,2.9000000000000004
2019-12-15,63,5.0,False,0.05,3.1500000000000004
2019-12-16,75,5.0,,0.05,3.75
2019-12-17,100,5.0,,0.05,5.0
2019-12-18,72,5.0,,0.05,3.6
2019-12-19,59,5.0,,0.05,2.95
2019-12-20,64,5.0,,0.05,3.2
2019-12-21,56,5.0,,0.05,2.8000000000000003
2019-12-22,49,6.0,False,0.06,2.94
2019-12-23,65,6.0,,0.06,3.9
2019-12-24,74,6.0,,0.06,4.4399999999999995
2019-12-25,61,6.0,,0.06,3.6599999999999997
2019-12-26,63,6.0,,0.06,3.78
2019-12-27,75,6.0,,0.06,4.5
2019-12-28,92,6.0,,0.06,5.52
2019-12-29,83,5.0,False,0.05,4.15
2019-12-30,64,5.0,,0.05,3.2
2019-12-31,89,5.0,,0.05,4.45
2020-01-01,60,5.0,,0.05,3.0
2020-01-02,76,5.0,,0.05,3.8000000000000003
2020-01-03,64,5.0,,0.05,3.2
2020-01-04,49,5.0,,0.05,2.45
2020-01-05,54,6.0,False,0.06,3.2399999999999998
2020-01-06,78,6.0,,0.06,4.68
2020-01-07,70,6.0,,0.06,4.2
2020-01-08,64,6.0,,0.06,3.84
2020-01-09,70,6.0,,0.06,4.2
2020-01-10,78,6.0,,0.06,4.68
2020-01-11,80,6.0,,0.06,4.8
2020-01-12,85,6.0,False,0.06,5.1
2020-01-13,69,6.0,,0.06,4.14
2020-01-14,91,6.0,,0.06,5.46
2020-01-15,100,6.0,,0.06,6.0
2020-01-16,78,6.0,,0.06,4.68
2020-01-17,81,6.0,,0.06,4.859999999999999
2020-01-18,78,6.0,,0.06,4.68
2020-01-19,87,6.0,False,0.06,5.22
2020-01-20,77,6.0,,0.06,4.62
2020-01-21,92,6.0,,0.06,5.52
2020-01-22,77,6.0,,0.06,4.62
2020-01-23,56,6.0,,0.06,3.36
2020-01-24,51,6.0,,0.06,3.06
2020-01-25,58,6.0,,0.06,3.48
2020-01-26,62,6.0,False,0.06,3.7199999999999998
2020-01-27,54,6.0,,0.06,3.2399999999999998
2020-01-28,66,6.0,,0.06,3.96
2020-01-29,68,6.0,,0.06,4.08
2020-01-30,71,6.0,,0.06,4.26
2020-01-31,67,6.0,,0.06,4.02
2020-02-01,72,6.0,,0.06,4.32
2020-02-02,67,7.0,False,0.07,4.69
2020-02-03,77,7.0,,0.07,5.390000000000001
2020-02-04,80,7.0,,0.07,5.6000000000000005
2020-02-05,66,7.0,,0.07,4.62
2020-02-06,89,7.0,,0.07,6.23
2020-02-07,87,7.0,,0.07,6.090000000000001
2020-02-08,67,7.0,,0.07,4.69
2020-02-09,98,8.0,False,0.08,7.84
2020-02-10,76,8.0,,0.08,6.08
2020-02-11,100,8.0,,0.08,8.0
2020-02-12,78,8.0,,0.08,6.24
2020-02-13,86,8.0,,0.08,6.88
2020-02-14,83,8.0,,0.08,6.640000000000001
2020-02-15,87,8.0,,0.08,6.96
2020-02-16,89,7.0,False,0.07,6.23
2020-02-17,86,7.0,,0.07,6.0200000000000005
2020-02-18,70,7.0,,0.07,4.9
2020-02-19,69,7.0,,0.07,4.83
2020-02-20,75,7.0,,0.07,5.250000000000001
2020-02-21,68,7.0,,0.07,4.760000000000001
2020-02-22,71,7.0,,0.07,4.970000000000001
2020-02-23,48,7.0,False,0.07,3.3600000000000003
2020-02-24,67,7.0,,0.07,4.69
2020-02-25,82,7.0,,0.07,5.74
2020-02-26,55,7.0,,0.07,3.8500000000000005
2020-02-27,70,7.0,,0.07,4.9
2020-02-28,72,7.0,,0.07,5.040000000000001
2020-02-29,64,7.0,,0.07,4.48
2020-03-01,40,8.0,False,0.08,3.2
2020-03-02,45,8.0,,0.08,3.6
2020-03-03,51,8.0,,0.08,4.08
2020-03-04,100,8.0,,0.08,8.0
2020-03-05,62,8.0,,0.08,4.96
2020-03-06,53,8.0,,0.08,4.24
2020-03-07,53,8.0,,0.08,4.24
2020-03-08,54,8.0,False,0.08,4.32
2020-03-09,54,8.0,,0.08,4.32
2020-03-10,40,8.0,,0.08,3.2
2020-03-11,50,8.0,,0.08,4.0
2020-03-12,74,8.0,,0.08,5.92
2020-03-13,63,8.0,,0.08,5.04
2020-03-14,55,8.0,,0.08,4.4
2020-03-15,56,8.0,False,0.08,4.48
2020-03-16,63,8.0,,0.08,5.04
2020-03-17,38,8.0,,0.08,3.04
2020-03-18,44,8.0,,0.08,3.52
2020-03-19,47,8.0,,0.08,3.7600000000000002
2020-03-20,41,8.0,,0.08,3.2800000000000002
2020-03-21,43,8.0,,0.08,3.44
2020-03-22,41,7.0,False,0.07,2.87
2020-03-23,29,7.0,,0.07,2.0300000000000002
2020-03-24,54,7.0,,0.07,3.7800000000000002
2020-03-25,37,7.0,,0.07,2.5900000000000003
2020-03-26,43,7.0,,0.07,3.0100000000000002
2020-03-27,47,7.0,,0.07,3.2900000000000005
2020-03-28,36,7.0,,0.07,2.5200000000000005
2020-03-29,35,6.0,False,0.06,2.1
2020-03-30,40,6.0,,0.06,2.4
2020-03-31,42,6.0,,0.06,2.52
2020-04-01,67,6.0,,0.06,4.02
2020-04-02,59,6.0,,0.06,3.54
2020-04-03,58,6.0,,0.06,3.48
2020-04-04,71,6.0,,0.06,4.26
2020-04-05,59,7.0,False,0.07,4.130000000000001
2020-04-06,67,7.0,,0.07,4.69
2020-04-07,77,7.0,,0.07,5.390000000000001
2020-04-08,74,7.0,,0.07,5.180000000000001
2020-04-09,75,7.0,,0.07,5.250000000000001
2020-04-10,71,7.0,,0.07,4.970000000000001
2020-04-11,61,7.0,,0.07,4.2700000000000005
2020-04-12,64,7.0,False,0.07,4.48
2020-04-13,58,7.0,,0.07,4.0600000000000005
2020-04-14,70,7.0,,0.07,4.9
2020-04-15,81,7.0,,0.07,5.670000000000001
2020-04-16,68,7.0,,0.07,4.760000000000001
2020-04-17,61,7.0,,0.07,4.2700000000000005
2020-04-18,61,7.0,,0.07,4.2700000000000005
2020-04-19,74,8.0,False,0.08,5.92
2020-04-20,81,8.0,,0.08,6.48
2020-04-21,89,8.0,,0.08,7.12
2020-04-22,65,8.0,,0.08,5.2
2020-04-23,68,8.0,,0.08,5.44
2020-04-24,65,8.0,,0.08,5.2
2020-04-25,75,8.0,,0.08,6.0
2020-04-26,84,9.0,False,0.09,7.56
2020-04-27,80,9.0,,0.09,7.199999999999999
2020-04-28,69,9.0,,0.09,6.21
2020-04-29,84,9.0,,0.09,7.56
2020-04-30,100,9.0,,0.09,9.0
2020-05-01,64,9.0,,0.09,5.76
2020-05-02,97,9.0,,0.09,8.73
2020-05-03,77,9.0,False,0.09,6.93
2020-05-04,83,9.0,,0.09,7.47
2020-05-05,72,9.0,,0.09,6.4799999999999995
2020-05-06,85,9.0,,0.09,7.6499999999999995
2020-05-07,72,9.0,,0.09,6.4799999999999995
2020-05-08,87,9.0,,0.09,7.83
2020-05-09,81,9.0,,0.09,7.29
2020-05-10,100,9.0,False,0.09,9.0
2020-05-11,82,9.0,,0.09,7.38
2020-05-12,79,9.0,,0.09,7.109999999999999
2020-05-13,71,9.0,,0.09,6.39
2020-05-14,80,9.0,,0.09,7.199999999999999
2020-05-15,70,9.0,,0.09,6.3
2020-05-16,74,9.0,,0.09,6.66
2020-05-17,60,8.0,False,0.08,4.8
2020-05-18,89,8.0,,0.08,7.12
2020-05-19,87,8.0,,0.08,6.96
2020-05-20,76,8.0,,0.08,6.08
2020-05-21,56,8.0,,0.08,4.48
2020-05-22,52,8.0,,0.08,4.16
2020-05-23,79,8.0,,0.08,6.32
2020-05-24,58,8.0,False,0.08,4.64
2020-05-25,70,8.0,,0.08,5.6000000000000005
2020-05-26,64,8.0,,0.08,5.12
2020-05-27,50,8.0,,0.08,4.0
2020-05-28,70,8.0,,0.08,5.6000000000000005
2020-05-29,71,8.0,,0.08,5.68
2020-05-30,81,8.0,,0.08,6.48
2020-05-31,61,7.0,False,0.07,4.2700000000000005
2020-06-01,61,7.0,,0.07,4.2700000000000005
2020-06-02,92,7.0,,0.07,6.44
2020-06-03,77,7.0,,0.07,5.390000000000001
2020-06-04,83,7.0,,0.07,5.8100000000000005
2020-06-05,78,7.0,,0.07,5.460000000000001
2020-06-06,81,7.0,,0.07,5.670000000000001
2020-06-07,67,7.0,False,0.07,4.69
2020-06-08,73,7.0,,0.07,5.11
2020-06-09,91,7.0,,0.07,6.370000000000001
2020-06-10,91,7.0,,0.07,6.370000000000001
2020-06-11,78,7.0,,0.07,5.460000000000001
2020-06-12,76,7.0,,0.07,5.32
2020-06-13,100,7.0,,0.07,7.000000000000001
2020-06-14,81,7.0,False,0.07,5.670000000000001
2020-06-15,68,7.0,,0.07,4.760000000000001
2020-06-16,75,7.0,,0.07,5.250000000000001
2020-06-17,77,7.0,,0.07,5.390000000000001
2020-06-18,83,7.0,,0.07,5.8100000000000005
2020-06-19,84,7.0,,0.07,5.880000000000001
2020-06-20,81,7.0,,0.07,5.670000000000001
2020-06-21,65,8.0,False,0.08,5.2
2020-06-22,73,8.0,,0.08,5.84
2020-06-23,64,8.0,,0.08,5.12
2020-06-24,99,8.0,,0.08,7.92
2020-06-25,89,8.0,,0.08,7.12
2020-06-26,83,8.0,,0.08,6.640000000000001
2020-06-27,83,8.0,,0.08,6.640000000000001
2020-06-28,96,8.0,False,0.08,7.68
2020-06-29,96,8.0,,0.08,7.68
2020-06-30,96,8.0,,0.08,7.68
2020-07-01,68,8.0,,0.08,5.44
2020-07-02,49,8.0,,0.08,3.92
2020-07-03,53,8.0,,0.08,4.24
2020-07-04,47,8.0,,0.08,3.7600000000000002
2020-07-05,53,9.0,False,0.09,4.77
2020-07-06,70,9.0,,0.09,6.3
2020-07-07,80,9.0,,0.09,7.199999999999999
2020-07-08,100,9.0,,0.09,9.0
2020-07-09,91,9.0,,0.09,8.19
2020-07-10,60,9.0,,0.09,5.3999999999999995
2020-07-11,77,9.0,,0.09,6.93
2020-07-12,76,8.0,False,0.08,6.08
2020-07-13,74,8.0,,0.08,5.92
2020-07-14,72,8.0,,0.08,5.76
2020-07-15,65,8.0,,0.08,5.2
2020-07-16,81,8.0,,0.08,6.48
2020-07-17,60,8.0,,0.08,4.8
2020-07-18,57,8.0,,0.08,4.5600000000000005
2020-07-19,56,8.0,False,0.08,4.48
2020-07-20,66,8.0,,0.08,5.28
2020-07-21,77,8.0,,0.08,6.16
2020-07-22,63,8.0,,0.08,5.04
2020-07-23,77,8.0,,0.08,6.16
2020-07-24,75,8.0,,0.08,6.0
2020-07-25,78,8.0,,0.08,6.24
2020-07-26,59,10.0,False,0.1,5.9
2020-07-27,99,10.0,,0.1,9.9
2020-07-28,83,10.0,,0.1,8.3
2020-07-29,81,10.0,,0.1,8.1
2020-07-30,81,10.0,,0.1,8.1
2020-07-31,80,10.0,,0.1,8.0
2020-08-01,99,10.0,,0.1,9.9
2020-08-02,97,10.0,False,0.1,9.700000000000001
2020-08-03,89,10.0,,0.1,8.9
2020-08-04,91,10.0,,0.1,9.1
2020-08-05,81,10.0,,0.1,8.1
2020-08-06,77,10.0,,0.1,7.7
2020-08-07,73,10.0,,0.1,7.300000000000001
2020-08-08,77,10.0,,0.1,7.7
2020-08-09,89,11.0,False,0.11,9.790000000000001
2020-08-10,67,11.0,,0.11,7.37
2020-08-11,80,11.0,,0.11,8.8
2020-08-12,82,11.0,,0.11,9.02
2020-08-13,100,11.0,,0.11,11.0
2020-08-14,91,11.0,,0.11,10.01
2020-08-15,86,11.0,,0.11,9.46
2020-08-16,78,10.0,False,0.1,7.800000000000001
2020-08-17,86,10.0,,0.1,8.6
2020-08-18,68,10.0,,0.1,6.800000000000001
2020-08-19,78,10.0,,0.1,7.800000000000001
2020-08-20,75,10.0,,0.1,7.5
2020-08-21,76,10.0,,0.1,7.6000000000000005
2020-08-22,85,10.0,,0.1,8.5
2020-08-23,90,9.0,False,0.09,8.1
2020-08-24,81,9.0,,0.09,7.29
2020-08-25,78,9.0,,0.09,7.02
2020-08-26,95,9.0,,0.09,8.549999999999999
2020-08-27,71,9.0,,0.09,6.39
2020-08-28,52,9.0,,0.09,4.68
2020-08-29,80,9.0,,0.09,7.199999999999999
2020-08-30,95,10.0,False,0.1,9.5
2020-08-31,82,10.0,,0.1,8.200000000000001
2020-09-01,96,10.0,,0.1,9.600000000000001
2020-09-02,80,10.0,,0.1,8.0
2020-09-03,100,10.0,,0.1,10.0
2020-09-04,81,10.0,,0.1,8.1
2020-09-05,63,10.0,,0.1,6.300000000000001
2020-09-06,66,8.0,False,0.08,5.28
2020-09-07,74,8.0,,0.08,5.92
2020-09-08,58,8.0,,0.08,4.64
2020-09-09,71,8.0,,0.08,5.68
2020-09-10,75,8.0,,0.08,6.0
2020-09-11,66,8.0,,0.08,5.28
2020-09-12,64,8.0,,0.08,5.12
2020-09-13,71,8.0,False,0.08,5.68
2020-09-14,64,8.0,,0.08,5.12
2020-09-15,72,8.0,,0.08,5.76
2020-09-16,78,8.0,,0.08,6.24
2020-09-17,77,8.0,,0.08,6.16
2020-09-18,77,8.0,,0.08,6.16
2020-09-19,70,8.0,,0.08,5.6000000000000005
2020-09-20,66,7.0,False,0.07,4.62
2020-09-21,57,7.0,,0.07,3.99
2020-09-22,61,7.0,,0.07,4.2700000000000005
2020-09-23,54,7.0,,0.07,3.7800000000000002
2020-09-24,77,7.0,,0.07,5.390000000000001
2020-09-25,50,7.0,,0.07,3.5000000000000004
2020-09-26,71,7.0,,0.07,4.970000000000001
2020-09-27,62,7.0,False,0.07,4.340000000000001
2020-09-28,67,7.0,,0.07,4.69
2020-09-29,54,7.0,,0.07,3.7800000000000002
2020-09-30,64,7.0,,0.07,4.48
2020-10-01,71,7.0,,0.07,4.970000000000001
2020-10-02,68,7.0,,0.07,4.760000000000001
2020-10-03,67,7.0,,0.07,4.69
2020-10-04,77,7.0,False,0.07,5.390000000000001
2020-10-05,59,7.0,,0.07,4.130000000000001
2020-10-06,65,7.0,,0.07,4.550000000000001
2020-10-07,73,7.0,,0.07,5.11
2020-10-08,53,7.0,,0.07,3.7100000000000004
2020-10-09,77,7.0,,0.07,5.390000000000001
2020-10-10,66,7.0,,0.07,4.62
2020-10-11,57,6.0,False,0.06,3.42
2020-10-12,75,6.0,,0.06,4.5
2020-10-13,65,6.0,,0.06,3.9
2020-10-14,67,6.0,,0.06,4.02
2020-10-15,67,6.0,,0.06,4.02
2020-10-16,100,6.0,,0.06,6.0
2020-10-17,70,6.0,,0.06,4.2
2020-10-18,53,7.0,False,0.07,3.7100000000000004
2020-10-19,47,7.0,,0.07,3.2900000000000005
2020-10-20,63,7.0,,0.07,4.41
2020-10-21,80,7.0,,0.07,5.6000000000000005
2020-10-22,94,7.0,,0.07,6.580000000000001
2020-10-23,89,7.0,,0.07,6.23
2020-10-24,70,7.0,,0.07,4.9
2020-10-25,62,6.0,False,0.06,3.7199999999999998
2020-10-26,66,6.0,,0.06,3.96
2020-10-27,78,6.0,,0.06,4.68
2020-10-28,79,6.0,,0.06,4.74
2020-10-29,84,6.0,,0.06,5.04
2020-10-30,61,6.0,,0.06,3.6599999999999997
2020-10-31,60,6.0,,0.06,3.5999999999999996
2020-11-01,45,7.0,False,0.07,3.1500000000000004
2020-11-02,37,7.0,,0.07,2.5900000000000003
2020-11-03,38,7.0,,0.07,2.66
2020-11-04,39,7.0,,0.07,2.7300000000000004
2020-11-05,35,7.0,,0.07,2.45
2020-11-06,46,7.0,,0.07,3.22
2020-11-07,42,7.0,,0.07,2.9400000000000004
2020-11-08,39,8.0,False,0.08,3.12
2020-11-09,39,8.0,,0.08,3.12
2020-11-10,40,8.0,,0.08,3.2
2020-11-11,44,8.0,,0.08,3.52
2020-11-12,52,8.0,,0.08,4.16
2020-11-13,57,8.0,,0.08,4.5600000000000005
2020-11-14,43,8.0,,0.08,3.44
2020-11-15,49,10.0,False,0.1,4.9
2020-11-16,47,10.0,,0.1,4.7
2020-11-17,53,10.0,,0.1,5.300000000000001
2020-11-18,67,10.0,,0.1,6.7
2020-11-19,58,10.0,,0.1,5.800000000000001
2020-11-20,42,10.0,,0.1,4.2
2020-11-21,79,10.0,,0.1,7.9
2020-11-22,65,14.0,False,0.14,9.100000000000001
2020-11-23,82,14.0,,0.14,11.48
2020-11-24,100,14.0,,0.14,14.000000000000002
2020-11-25,80,14.0,,0.14,11.200000000000001
2020-11-26,65,14.0,,0.14,9.100000000000001
2020-11-27,62,14.0,,0.14,8.680000000000001
2020-11-28,58,14.0,,0.14,8.120000000000001
2020-11-29,58,13.0,False,0.13,7.54
2020-11-30,65,13.0,,0.13,8.450000000000001
2020-12-01,64,13.0,,0.13,8.32
2020-12-02,55,13.0,,0.13,7.15
2020-12-03,67,13.0,,0.13,8.71
2020-12-04,63,13.0,,0.13,8.19
2020-12-05,54,13.0,,0.13,7.0200000000000005
2020-12-06,59,11.0,False,0.11,6.49
2020-12-07,67,11.0,,0.11,7.37
2020-12-08,60,11.0,,0.11,6.6
2020-12-09,51,11.0,,0.11,5.61
2020-12-10,68,11.0,,0.11,7.48
2020-12-11,52,11.0,,0.11,5.72
2020-12-12,41,11.0,,0.11,4.51
2020-12-13,54,13.0,False,0.13,7.0200000000000005
2020-12-14,52,13.0,,0.13,6.76
2020-12-15,52,13.0,,0.13,6.76
2020-12-16,73,13.0,,0.13,9.49
2020-12-17,92,13.0,,0.13,11.96
2020-12-18,79,13.0,,0.13,10.27
2020-12-19,77,13.0,,0.13,10.01
2020-12-20,71,14.0,False,0.14,9.940000000000001
2020-12-21,88,14.0,,0.14,12.32
2020-12-22,74,14.0,,0.14,10.360000000000001
2020-12-23,71,14.0,,0.14,9.940000000000001
2020-12-24,53,14.0,,0.14,7.420000000000001
2020-12-25,78,14.0,,0.14,10.920000000000002
2020-12-26,70,14.0,,0.14,9.8
2020-12-27,95,19.0,False,0.19,18.05
2020-12-28,86,19.0,,0.19,16.34
2020-12-29,82,19.0,,0.19,15.58
2020-12-30,100,19.0,,0.19,19.0
2020-12-31,77,19.0,,0.19,14.63
2021-01-01,25,19.0,,0.19,4.75
2021-01-02,41,19.0,,0.19,7.79
2021-01-03,48,30.0,False,0.3,14.399999999999999
2021-01-04,47,30.0,,0.3,14.1
2021-01-05,43,30.0,,0.3,12.9
2021-01-06,44,30.0,,0.3,13.2
2021-01-07,55,30.0,,0.3,16.5
2021-01-08,51,30.0,,0.3,15.299999999999999
2021-01-09,49,30.0,,0.3,14.7
2021-01-10,53,28.0,False,0.28,14.840000000000002
2021-01-11,50,28.0,,0.28,14.000000000000002
2021-01-12,44,28.0,,0.28,12.32
2021-01-13,38,28.0,,0.28,10.64
2021-01-14,44,28.0,,0.28,12.32
2021-01-15,41,28.0,,0.28,11.48
2021-01-16,43,28.0,,0.28,12.040000000000001
2021-01-17,35,22.0,False,0.22,7.7
2021-01-18,32,22.0,,0.22,7.04
2021-01-19,38,22.0,,0.22,8.36
2021-01-20,32,22.0,,0.22,7.04
2021-01-21,32,22.0,,0.22,7.04
2021-01-22,34,22.0,,0.22,7.48
2021-01-23,26,22.0,,0.22,5.72
2021-01-24,28,31.0,False,0.31,8.68
2021-01-25,24,31.0,,0.31,7.4399999999999995
2021-01-26,27,31.0,,0.31,8.37
2021-01-27,27,31.0,,0.31,8.37
2021-01-28,45,31.0,,0.31,13.95
2021-01-29,100,31.0,,0.31,31.0
2021-01-30,75,31.0,,0.31,23.25
2021-01-31,72,39.0,False,0.39,28.080000000000002
2021-02-01,70,39.0,,0.39,27.3
2021-02-02,51,39.0,,0.39,19.89
2021-02-03,52,39.0,,0.39,20.28
2021-02-04,72,39.0,,0.39,28.080000000000002
2021-02-05,74,39.0,,0.39,28.86
2021-02-06,74,39.0,,0.39,28.86
2021-02-07,80,51.0,False,0.51,40.8
2021-02-08,94,51.0,,0.51,47.94
2021-02-09,100,51.0,,0.51,51.0
2021-02-10,91,51.0,,0.51,46.410000000000004
2021-02-11,85,51.0,,0.51,43.35
2021-02-12,80,51.0,,0.51,40.8
2021-02-13,84,51.0,,0.51,42.84
2021-02-14,76,39.0,False,0.39,29.64
2021-02-15,70,39.0,,0.39,27.3
2021-02-16,63,39.0,,0.39,24.57
2021-02-17,65,39.0,,0.39,25.35
2021-02-18,63,39.0,,0.39,24.57
2021-02-19,74,39.0,,0.39,28.86
2021-02-20,76,39.0,,0.39,29.64
2021-02-21,79,35.0,False,0.35,27.65
2021-02-22,67,35.0,,0.35,23.45
2021-02-23,66,35.0,,0.35,23.099999999999998
2021-02-24,51,35.0,,0.35,17.849999999999998
2021-02-25,52,35.0,,0.35,18.2
2021-02-26,46,35.0,,0.35,16.099999999999998
2021-02-27,51,35.0,,0.35,17.849999999999998
2021-02-28,43,24.0,False,0.24,10.32
2021-03-01,82,24.0,,0.24,19.68
2021-03-02,86,24.0,,0.24,20.64
2021-03-03,80,24.0,,0.24,19.2
2021-03-04,78,24.0,,0.24,18.72
2021-03-05,65,24.0,,0.24,15.6
2021-03-06,72,24.0,,0.24,17.28
2021-03-07,78,25.0,False,0.25,19.5
2021-03-08,83,25.0,,0.25,20.75
2021-03-09,83,25.0,,0.25,20.75
2021-03-10,78,25.0,,0.25,19.5
2021-03-11,75,25.0,,0.25,18.75
2021-03-12,73,25.0,,0.25,18.25
2021-03-13,90,25.0,,0.25,22.5
2021-03-14,92,27.0,False,0.27,24.840000000000003
2021-03-15,100,27.0,,0.27,27.0
2021-03-16,91,27.0,,0.27,24.57
2021-03-17,83,27.0,,0.27,22.41
2021-03-18,83,27.0,,0.27,22.41
2021-03-19,84,27.0,,0.27,22.68
2021-03-20,94,27.0,,0.27,25.380000000000003
2021-03-21,90,25.0,False,0.25,22.5
2021-03-22,89,25.0,,0.25,22.25
2021-03-23,78,25.0,,0.25,19.5
2021-03-24,72,25.0,,0.25,18.0
2021-03-25,80,25.0,,0.25,20.0
2021-03-26,67,25.0,,0.25,16.75
2021-03-27,82,25.0,,0.25,20.5
2021-03-28,72,25.0,False,0.25,18.0
2021-03-29,72,25.0,,0.25,18.0
2021-03-30,80,25.0,,0.25,20.0
2021-03-31,81,25.0,,0.25,20.25
2021-04-01,27,25.0,,0.25,6.75
2021-04-02,30,25.0,,0.25,7.5
2021-04-03,32,25.0,,0.25,8.0
2021-04-04,33,32.0,False,0.32,10.56
2021-04-05,39,32.0,,0.32,12.48
2021-04-06,38,32.0,,0.32,12.16
2021-04-07,32,32.0,,0.32,10.24
2021-04-08,30,32.0,,0.32,9.6
2021-04-09,30,32.0,,0.32,9.6
2021-04-10,36,32.0,,0.32,11.52
2021-04-11,36,55.0,False,0.55,19.8
2021-04-12,38,55.0,,0.55,20.900000000000002
2021-04-13,44,55.0,,0.55,24.200000000000003
2021-04-14,60,55.0,,0.55,33.0
2021-04-15,57,55.0,,0.55,31.35
2021-04-16,100,55.0,,0.55,55.00000000000001
2021-04-17,79,55.0,,0.55,43.45
2021-04-18,81,61.0,False,0.61,49.41
2021-04-19,73,61.0,,0.61,44.53
2021-04-20,70,61.0,,0.61,42.699999999999996
2021-04-21,54,61.0,,0.61,32.94
2021-04-22,53,61.0,,0.61,32.33
2021-04-23,64,61.0,,0.61,39.04
2021-04-24,48,61.0,,0.61,29.28
2021-04-25,49,43.0,False,0.43,21.07
2021-04-26,42,43.0,,0.43,18.06
2021-04-27,48,43.0,,0.43,20.64
2021-04-28,47,43.0,,0.43,20.21
2021-04-29,44,43.0,,0.43,18.919999999999998
2021-04-30,46,43.0,,0.43,19.78
2021-05-01,39,43.0,,0.43,16.77
2021-05-02,33,74.0,False,0.74,24.419999999999998
2021-05-03,44,74.0,,0.74,32.56
2021-05-04,56,74.0,,0.74,41.44
2021-05-05,72,74.0,,0.74,53.28
2021-05-06,64,74.0,,0.74,47.36
2021-05-07,63,74.0,,0.74,46.62
2021-05-08,73,74.0,,0.74,54.019999999999996
2021-05-09,75,88.0,False,0.88,66.0
2021-05-10,69,88.0,,0.88,60.72
2021-05-11,66,88.0,,0.88,58.08
2021-05-12,64,88.0,,0.88,56.32
2021-05-13,82,88.0,,0.88,72.16
2021-05-14,68,88.0,,0.88,59.84
2021-05-15,61,88.0,,0.88,53.68
2021-05-16,59,78.0,False,0.78,46.02
2021-05-17,54,78.0,,0.78,42.120000000000005
2021-05-18,53,78.0,,0.78,41.34
2021-05-19,100,78.0,,0.78,78.0
2021-05-20,72,78.0,,0.78,56.160000000000004
2021-05-21,50,78.0,,0.78,39.0
2021-05-22,46,78.0,,0.78,35.88
2021-05-23,55,51.0,False,0.51,28.05
2021-05-24,46,51.0,,0.51,23.46
2021-05-25,40,51.0,,0.51,20.4
2021-05-26,38,51.0,,0.51,19.38
2021-05-27,33,51.0,,0.51,16.830000000000002
2021-05-28,33,51.0,,0.51,16.830000000000002
2021-05-29,37,51.0,,0.51,18.87
2021-05-30,34,41.0,False,0.41,13.94
2021-05-31,34,41.0,,0.41,13.94
2021-06-01,93,41.0,,0.41,38.129999999999995
2021-06-02,100,41.0,,0.41,41.0
2021-06-03,98,41.0,,0.41,40.18
2021-06-04,96,41.0,,0.41,39.36
2021-06-05,93,41.0,,0.41,38.129999999999995
2021-06-06,87,33.0,False,0.33,28.71
2021-06-07,76,33.0,,0.33,25.080000000000002
2021-06-08,95,33.0,,0.33,31.35
2021-06-09,80,33.0,,0.33,26.400000000000002
2021-06-10,74,33.0,,0.33,24.42
2021-06-11,75,33.0,,0.33,24.75
2021-06-12,73,33.0,,0.33,24.09
2021-06-13,72,27.0,False,0.27,19.44
2021-06-14,72,27.0,,0.27,19.44
2021-06-15,65,27.0,,0.27,17.55
2021-06-16,68,27.0,,0.27,18.36
2021-06-17,62,27.0,,0.27,16.740000000000002
2021-06-18,66,27.0,,0.27,17.82
2021-06-19,73,27.0,,0.27,19.71
2021-06-20,71,28.0,False,0.28,19.880000000000003
2021-06-21,81,28.0,,0.28,22.680000000000003
2021-06-22,97,28.0,,0.28,27.160000000000004
2021-06-23,67,28.0,,0.28,18.76
2021-06-24,70,28.0,,0.28,19.6
2021-06-25,60,28.0,,0.28,16.8
2021-06-26,61,28.0,,0.28,17.080000000000002
2021-06-27,59,25.0,False,0.25,14.75
2021-06-28,53,25.0,,0.25,13.25
2021-06-29,63,25.0,,0.25,15.75
2021-06-30,60,25.0,,0.25,15.0
2021-07-01,91,25.0,,0.25,22.75
2021-07-02,100,25.0,,0.25,25.0
2021-07-03,81,25.0,,0.25,20.25
2021-07-04,87,21.0,False,0.21,18.27
2021-07-05,76,21.0,,0.21,15.959999999999999
2021-07-06,82,21.0,,0.21,17.22
2021-07-07,77,21.0,,0.21,16.169999999999998
2021-07-08,87,21.0,,0.21,18.27
2021-07-09,79,21.0,,0.21,16.59
2021-07-10,81,21.0,,0.21,17.009999999999998
2021-07-11,72,19.0,False,0.19,13.68
2021-07-12,75,19.0,,0.19,14.25
2021-07-13,88,19.0,,0.19,16.72
2021-07-14,79,19.0,,0.19,15.01
2021-07-15,80,19.0,,0.19,15.2
2021-07-16,69,19.0,,0.19,13.11
2021-07-17,69,19.0,,0.19,13.11
2021-07-18,70,19.0,False,0.19,13.3
2021-07-19,79,19.0,,0.19,15.01
2021-07-20,74,19.0,,0.19,14.06
2021-07-21,76,19.0,,0.19,14.44
2021-07-22,69,19.0,,0.19,13.11
2021-07-23,65,19.0,,0.19,12.35
2021-07-24,63,19.0,,0.19,11.97
2021-07-25,82,20.0,False,0.2,16.400000000000002
2021-07-26,90,20.0,,0.2,18.0
2021-07-27,74,20.0,,0.2,14.8
2021-07-28,75,20.0,,0.2,15.0
2021-07-29,80,20.0,,0.2,16.0
2021-07-30,73,20.0,,0.2,14.600000000000001
2021-07-31,70,20.0,,0.2,14.0
2021-08-01,54,22.0,False,0.22,11.88
2021-08-02,53,22.0,,0.22,11.66
2021-08-03,55,22.0,,0.22,12.1
2021-08-04,52,22.0,,0.22,11.44
2021-08-05,100,22.0,,0.22,22.0
2021-08-06,52,22.0,,0.22,11.44
2021-08-07,64,22.0,,0.22,14.08
2021-08-08,60,27.0,False,0.27,16.200000000000003
2021-08-09,61,27.0,,0.27,16.470000000000002
2021-08-10,62,27.0,,0.27,16.740000000000002
2021-08-11,86,27.0,,0.27,23.220000000000002
2021-08-12,72,27.0,,0.27,19.44
2021-08-13,65,27.0,,0.27,17.55
2021-08-14,67,27.0,,0.27,18.09
2021-08-15,70,25.0,False,0.25,17.5
2021-08-16,76,25.0,,0.25,19.0
2021-08-17,75,25.0,,0.25,18.75
2021-08-18,65,25.0,,0.25,16.25
2021-08-19,67,25.0,,0.25,16.75
2021-08-20,68,25.0,,0.25,17.0
2021-08-21,78,25.0,,0.25,19.5
2021-08-22,67,24.0,False,0.24,16.08
2021-08-23,82,24.0,,0.24,19.68
2021-08-24,77,24.0,,0.24,18.48
2021-08-25,63,24.0,,0.24,15.12
2021-08-26,65,24.0,,0.24,15.6
2021-08-27,57,24.0,,0.24,13.68
2021-08-28,64,24.0,,0.24,15.36
2021-08-29,66,24.0,False,0.24,15.84
2021-08-30,61,24.0,,0.24,14.639999999999999
2021-08-31,64,24.0,,0.24,15.36
2021-09-01,78,24.0,,0.24,18.72
2021-09-02,83,24.0,,0.24,19.919999999999998
2021-09-03,72,24.0,,0.24,17.28
2021-09-04,84,24.0,,0.24,20.16
2021-09-05,80,26.0,False,0.26,20.8
2021-09-06,83,26.0,,0.26,21.580000000000002
2021-09-07,92,26.0,,0.26,23.92
2021-09-08,96,26.0,,0.26,24.96
2021-09-09,77,26.0,,0.26,20.02
2021-09-10,76,26.0,,0.26,19.76
2021-09-11,70,26.0,,0.26,18.2
2021-09-12,68,23.0,False,0.23,15.64
2021-09-13,74,23.0,,0.23,17.02
2021-09-14,69,23.0,,0.23,15.870000000000001
2021-09-15,63,23.0,,0.23,14.49
2021-09-16,76,23.0,,0.23,17.48
2021-09-17,76,23.0,,0.23,17.48
2021-09-18,67,23.0,,0.23,15.41
2021-09-19,63,24.0,False,0.24,15.12
2021-09-20,81,24.0,,0.24,19.439999999999998
2021-09-21,64,24.0,,0.24,15.36
2021-09-22,69,24.0,,0.24,16.56
2021-09-23,70,24.0,,0.24,16.8
2021-09-24,100,24.0,,0.24,24.0
2021-09-25,88,24.0,,0.24,21.119999999999997
2021-09-26,75,22.0,False,0.22,16.5
2021-09-27,75,22.0,,0.22,16.5
2021-09-28,71,22.0,,0.22,15.62
2021-09-29,66,22.0,,0.22,14.52
2021-09-30,62,22.0,,0.22,13.64
2021-10-01,27,22.0,,0.22,5.94
2021-10-02,33,22.0,,0.22,7.26
2021-10-03,27,28.0,False,0.28,7.5600000000000005
2021-10-04,38,28.0,,0.28,10.64
2021-10-05,36,28.0,,0.28,10.080000000000002
2021-10-06,52,28.0,,0.28,14.560000000000002
2021-10-07,57,28.0,,0.28,15.96
2021-10-08,46,28.0,,0.28,12.88
2021-10-09,44,28.0,,0.28,12.32
2021-10-10,40,27.0,False,0.27,10.8
2021-10-11,40,27.0,,0.27,10.8
2021-10-12,39,27.0,,0.27,10.530000000000001
2021-10-13,35,27.0,,0.27,9.450000000000001
2021-10-14,36,27.0,,0.27,9.72
2021-10-15,43,27.0,,0.27,11.610000000000001
2021-10-16,41,27.0,,0.27,11.07
2021-10-17,43,28.0,False,0.28,12.040000000000001
2021-10-18,41,28.0,,0.28,11.48
2021-10-19,35,28.0,,0.28,9.8
2021-10-20,44,28.0,,0.28,12.32
2021-10-21,45,28.0,,0.28,12.600000000000001
2021-10-22,46,28.0,,0.28,12.88
2021-10-23,45,28.0,,0.28,12.600000000000001
2021-10-24,68,52.0,False,0.52,35.36
2021-10-25,49,52.0,,0.52,25.48
2021-10-26,58,52.0,,0.52,30.16
2021-10-27,95,52.0,,0.52,49.4
2021-10-28,100,52.0,,0.52,52.0
2021-10-29,87,52.0,,0.52,45.24
2021-10-30,80,52.0,,0.52,41.6
2021-10-31,67,59.0,False,0.59,39.53
2021-11-01,94,59.0,,0.59,55.459999999999994
2021-11-02,100,59.0,,0.59,59.0
2021-11-03,42,59.0,,0.59,24.779999999999998
2021-11-04,43,59.0,,0.59,25.369999999999997
2021-11-05,40,59.0,,0.59,23.599999999999998
2021-11-06,41,59.0,,0.59,24.189999999999998
2021-11-07,38,41.0,False,0.41,15.579999999999998
2021-11-08,37,41.0,,0.41,15.17
2021-11-09,40,41.0,,0.41,16.4
2021-11-10,41,41.0,,0.41,16.81
2021-11-11,37,41.0,,0.41,15.17
2021-11-12,37,41.0,,0.41,15.17
2021-11-13,42,41.0,,0.41,17.22
2021-11-14,42,40.0,False,0.4,16.8
2021-11-15,38,40.0,,0.4,15.200000000000001
2021-11-16,47,40.0,,0.4,18.8
2021-11-17,37,40.0,,0.4,14.8
2021-11-18,42,40.0,,0.4,16.8
2021-11-19,32,40.0,,0.4,12.8
2021-11-20,37,40.0,,0.4,14.8
2021-11-21,35,48.0,False,0.48,16.8
2021-11-22,33,48.0,,0.48,15.84
2021-11-23,59,48.0,,0.48,28.32
2021-11-24,79,48.0,,0.48,37.92
2021-11-25,46,48.0,,0.48,22.08
2021-11-26,36,48.0,,0.48,17.28
2021-11-27,34,48.0,,0.48,16.32
2021-11-28,34,35.0,True,0.35,11.899999999999999
2021-11-29,36,35.0,,0.35,12.6
2021-11-30,37,35.0,,0.35,12.95
2021-12-01,100,35.0,,0.35,35.0
2021-12-02,90,35.0,,0.35,31.499999999999996
