date,price bitcoin_unscaled,price bitcoin_monthly,isPartial,scale,price bitcoin
2017-08-01,72,,,,
2017-08-02,56,,,,
2017-08-03,43,,,,
2017-08-04,34,,,,
2017-08-05,53,,,,
2017-08-06,38,12.0,False,0.12,4.56
2017-08-07,47,12.0,,0.12,5.64
2017-08-08,47,12.0,,0.12,5.64
2017-08-09,52,12.0,,0.12,6.24
2017-08-10,53,12.0,,0.12,6.359999999999999
2017-08-11,50,12.0,,0.12,6.0
2017-08-12,69,12.0,,0.12,8.28
2017-08-13,80,17.0,False,0.17,13.600000000000001
2017-08-14,100,17.0,,0.17,17.0
2017-08-15,88,17.0,,0.17,14.96
2017-08-16,72,17.0,,0.17,12.24
2017-08-17,74,17.0,,0.17,12.58
2017-08-18,66,17.0,,0.17,11.22
2017-08-19,56,17.0,,0.17,9.520000000000001
2017-08-20,44,12.0,False,0.12,5.279999999999999
2017-08-21,54,12.0,,0.12,6.4799999999999995
2017-08-22,61,12.0,,0.12,7.319999999999999
2017-08-23,57,12.0,,0.12,6.84
2017-08-24,48,12.0,,0.12,5.76
2017-08-25,58,12.0,,0.12,6.96
2017-08-26,39,12.0,,0.12,4.68
2017-08-27,37,13.0,False,0.13,4.8100000000000005
2017-08-28,47,13.0,,0.13,6.11
2017-08-29,57,13.0,,0.13,7.41
2017-08-30,56,13.0,,0.13,7.28
2017-08-31,68,13.0,,0.13,8.84
2017-09-01,52,13.0,,0.13,6.76
2017-09-02,46,13.0,,0.13,5.98
2017-09-03,38,15.0,False,0.15,5.7
2017-09-04,56,15.0,,0.15,8.4
2017-09-05,65,15.0,,0.15,9.75
2017-09-06,45,15.0,,0.15,6.75
2017-09-07,42,15.0,,0.15,6.3
2017-09-08,47,15.0,,0.15,7.05
2017-09-09,31,15.0,,0.15,4.6499999999999995
2017-09-10,39,18.0,False,0.18,7.02
2017-09-11,39,18.0,,0.18,7.02
2017-09-12,35,18.0,,0.18,6.3
2017-09-13,56,18.0,,0.18,10.08
2017-09-14,75,18.0,,0.18,13.5
2017-09-15,100,18.0,,0.18,18.0
2017-09-16,57,18.0,,0.18,10.26
2017-09-17,45,13.0,False,0.13,5.8500000000000005
2017-09-18,53,13.0,,0.13,6.890000000000001
2017-09-19,44,13.0,,0.13,5.720000000000001
2017-09-20,38,13.0,,0.13,4.94
2017-09-21,33,13.0,,0.13,4.29
2017-09-22,35,13.0,,0.13,4.55
2017-09-23,27,13.0,,0.13,3.5100000000000002
2017-09-24,26,10.0,False,0.1,2.6
2017-09-25,33,10.0,,0.1,3.3000000000000003
2017-09-26,29,10.0,,0.1,2.9000000000000004
2017-09-27,37,10.0,,0.1,3.7
2017-09-28,33,10.0,,0.1,3.3000000000000003
2017-09-29,32,10.0,,0.1,3.2
2017-09-30,25,10.0,,0.1,2.5
2017-10-01,33,9.0,False,0.09,2.9699999999999998
2017-10-02,43,9.0,,0.09,3.8699999999999997
2017-10-03,38,9.0,,0.09,3.42
2017-10-04,32,9.0,,0.09,2.88
2017-10-05,36,9.0,,0.09,3.2399999999999998
2017-10-06,32,9.0,,0.09,2.88
2017-10-07,25,9.0,,0.09,2.25
2017-10-08,31,14.0,False,0.14,4.340000000000001
2017-10-09,39,14.0,,0.14,5.460000000000001
2017-10-10,46,14.0,,0.14,6.44
2017-10-11,42,14.0,,0.14,5.880000000000001
2017-10-12,77,14.0,,0.14,10.780000000000001
2017-10-13,100,14.0,,0.14,14.000000000000002
2017-10-14,57,14.0,,0.14,7.98
2017-10-15,56,14.0,False,0.14,7.840000000000001
2017-10-16,56,14.0,,0.14,7.840000000000001
2017-10-17,55,14.0,,0.14,7.700000000000001
2017-10-18,66,14.0,,0.14,9.24
2017-10-19,57,14.0,,0.14,7.98
2017-10-20,62,14.0,,0.14,8.680000000000001
2017-10-21,73,14.0,,0.14,10.22
2017-10-22,58,16.0,False,0.16,9.28
2017-10-23,63,16.0,,0.16,10.08
2017-10-24,71,16.0,,0.16,11.36
2017-10-25,75,16.0,,0.16,12.0
2017-10-26,65,16.0,,0.16,10.4
2017-10-27,59,16.0,,0.16,9.44
2017-10-28,49,16.0,,0.16,7.84
2017-10-29,50,25.0,False,0.25,12.5
2017-10-30,66,25.0,,0.25,16.5
2017-10-31,81,25.0,,0.25,20.25
2017-11-01,27,25.0,,0.25,6.75
2017-11-02,34,25.0,,0.25,8.5
2017-11-03,31,25.0,,0.25,7.75
2017-11-04,24,25.0,,0.25,6.0
2017-11-05,22,26.0,False,0.26,5.720000000000001
2017-11-06,25,26.0,,0.26,6.5
2017-11-07,23,26.0,,0.26,5.98
2017-11-08,27,26.0,,0.26,7.0200000000000005
2017-11-09,26,26.0,,0.26,6.76
2017-11-10,31,26.0,,0.26,8.06
2017-11-11,27,26.0,,0.26,7.0200000000000005
2017-11-12,34,27.0,False,0.27,9.18
2017-11-13,35,27.0,,0.27,9.450000000000001
2017-11-14,28,27.0,,0.27,7.5600000000000005
2017-11-15,26,27.0,,0.27,7.0200000000000005
2017-11-16,29,27.0,,0.27,7.83
2017-11-17,29,27.0,,0.27,7.83
2017-11-18,22,27.0,,0.27,5.94
2017-11-19,21,23.0,False,0.23,4.83
2017-11-20,28,23.0,,0.23,6.44
2017-11-21,30,23.0,,0.23,6.9
2017-11-22,26,23.0,,0.23,5.98
2017-11-23,22,23.0,,0.23,5.0600000000000005
2017-11-24,21,23.0,,0.23,4.83
2017-11-25,22,23.0,,0.23,5.0600000000000005
2017-11-26,36,64.0,False,0.64,23.04
2017-11-27,51,64.0,,0.64,32.64
2017-11-28,60,64.0,,0.64,38.4
2017-11-29,100,64.0,,0.64,64.0
2017-11-30,89,64.0,,0.64,56.96
2017-12-01,34,64.0,,0.64,21.76
2017-12-02,26,64.0,,0.64,16.64
2017-12-03,25,88.0,False,0.88,22.0
2017-12-04,29,88.0,,0.88,25.52
2017-12-05,29,88.0,,0.88,25.52
2017-12-06,41,88.0,,0.88,36.08
2017-12-07,87,88.0,,0.88,76.56
2017-12-08,88,88.0,,0.88,77.44
2017-12-09,54,88.0,,0.88,47.52
2017-12-10,48,87.0,False,0.87,41.76
2017-12-11,63,87.0,,0.87,54.81
2017-12-12,54,87.0,,0.87,46.98
2017-12-13,46,87.0,,0.87,40.02
2017-12-14,40,87.0,,0.87,34.8
2017-12-15,35,87.0,,0.87,30.45
2017-12-16,33,87.0,,0.87,28.71
2017-12-17,37,100.0,False,1.0,37.0
2017-12-18,42,100.0,,1.0,42.0
2017-12-19,41,100.0,,1.0,41.0
2017-12-20,57,100.0,,1.0,57.0
2017-12-21,45,100.0,,1.0,45.0
2017-12-22,100,100.0,,1.0,100.0
2017-12-23,66,100.0,,1.0,66.0
2017-12-24,48,70.0,False,0.7,33.599999999999994
2017-12-25,39,70.0,,0.7,27.299999999999997
2017-12-26,41,70.0,,0.7,28.7
2017-12-27,36,70.0,,0.7,25.2
2017-12-28,39,70.0,,0.7,27.299999999999997
2017-12-29,34,70.0,,0.7,23.799999999999997
2017-12-30,31,70.0,,0.7,21.7
2017-12-31,29,48.0,False,0.48,13.92
2018-01-01,41,48.0,,0.48,19.68
2018-01-02,51,48.0,,0.48,24.48
2018-01-03,45,48.0,,0.48,21.599999999999998
2018-01-04,41,48.0,,0.48,19.68
2018-01-05,41,48.0,,0.48,19.68
2018-01-06,32,48.0,,0.48,15.36
2018-01-07,34,42.0,False,0.42,14.28
2018-01-08,43,42.0,,0.42,18.06
2018-01-09,40,42.0,,0.42,16.8
2018-01-10,40,42.0,,0.42,16.8
2018-01-11,45,42.0,,0.42,18.9
2018-01-12,38,42.0,,0.42,15.959999999999999
2018-01-13,27,42.0,,0.42,11.34
2018-01-14,26,62.0,False,0.62,16.12
2018-01-15,28,62.0,,0.62,17.36
2018-01-16,64,62.0,,0.62,39.68
2018-01-17,100,62.0,,0.62,62.0
2018-01-18,71,62.0,,0.62,44.02
2018-01-19,51,62.0,,0.62,31.62
2018-01-20,37,62.0,,0.62,22.94
2018-01-21,33,41.0,False,0.41,13.53
2018-01-22,44,41.0,,0.41,18.04
2018-01-23,44,41.0,,0.41,18.04
2018-01-24,39,41.0,,0.41,15.989999999999998
2018-01-25,35,41.0,,0.41,14.35
2018-01-26,33,41.0,,0.41,13.53
2018-01-27,28,41.0,,0.41,11.479999999999999
2018-01-28,26,45.0,False,0.45,11.700000000000001
2018-01-29,27,45.0,,0.45,12.15
2018-01-30,34,45.0,,0.45,15.3
2018-01-31,37,45.0,,0.45,16.650000000000002
2018-02-01,51,45.0,,0.45,22.95
2018-02-02,75,45.0,,0.45,33.75
2018-02-03,47,45.0,,0.45,21.150000000000002
2018-02-04,39,60.0,False,0.6,23.4
2018-02-05,76,60.0,,0.6,45.6
2018-02-06,100,60.0,,0.6,60.0
2018-02-07,63,60.0,,0.6,37.8
2018-02-08,52,60.0,,0.6,31.2
2018-02-09,44,60.0,,0.6,26.4
2018-02-10,34,60.0,,0.6,20.4
2018-02-11,29,30.0,False,0.3,8.7
2018-02-12,33,30.0,,0.3,9.9
2018-02-13,31,30.0,,0.3,9.299999999999999
2018-02-14,30,30.0,,0.3,9.0
2018-02-15,31,30.0,,0.3,9.299999999999999
2018-02-16,30,30.0,,0.3,9.0
2018-02-17,26,30.0,,0.3,7.8
2018-02-18,25,26.0,False,0.26,6.5
2018-02-19,26,26.0,,0.26,6.76
2018-02-20,26,26.0,,0.26,6.76
2018-02-21,27,26.0,,0.26,7.0200000000000005
2018-02-22,26,26.0,,0.26,6.76
2018-02-23,23,26.0,,0.26,5.98
2018-02-24,20,26.0,,0.26,5.2
2018-02-25,17,20.0,False,0.2,3.4000000000000004
2018-02-26,20,20.0,,0.2,4.0
2018-02-27,22,20.0,,0.2,4.4
2018-02-28,21,20.0,,0.2,4.2
2018-03-01,75,20.0,,0.2,15.0
2018-03-02,72,20.0,,0.2,14.4
2018-03-03,74,20.0,,0.2,14.8
2018-03-04,60,20.0,False,0.2,12.0
2018-03-05,75,20.0,,0.2,15.0
2018-03-06,73,20.0,,0.2,14.600000000000001
2018-03-07,76,20.0,,0.2,15.200000000000001
2018-03-08,89,20.0,,0.2,17.8
2018-03-09,89,20.0,,0.2,17.8
2018-03-10,71,20.0,,0.2,14.200000000000001
2018-03-11,70,21.0,False,0.21,14.7
2018-03-12,75,21.0,,0.21,15.75
2018-03-13,72,21.0,,0.21,15.12
2018-03-14,82,21.0,,0.21,17.22
2018-03-15,100,21.0,,0.21,21.0
2018-03-16,81,21.0,,0.21,17.009999999999998
2018-03-17,68,21.0,,0.21,14.28
2018-03-18,81,20.0,False,0.2,16.2
2018-03-19,90,20.0,,0.2,18.0
2018-03-20,82,20.0,,0.2,16.400000000000002
2018-03-21,68,20.0,,0.2,13.600000000000001
2018-03-22,67,20.0,,0.2,13.4
2018-03-23,68,20.0,,0.2,13.600000000000001
2018-03-24,49,20.0,,0.2,9.8
2018-03-25,51,19.0,False,0.19,9.69
2018-03-26,69,19.0,,0.19,13.11
2018-03-27,77,19.0,,0.19,14.63
2018-03-28,68,19.0,,0.19,12.92
2018-03-29,74,19.0,,0.19,14.06
2018-03-30,99,19.0,,0.19,18.81
2018-03-31,68,19.0,,0.19,12.92
2018-04-01,84,20.0,False,0.2,16.8
2018-04-02,100,20.0,,0.2,20.0
2018-04-03,84,20.0,,0.2,16.8
2018-04-04,86,20.0,,0.2,17.2
2018-04-05,87,20.0,,0.2,17.400000000000002
2018-04-06,93,20.0,,0.2,18.6
2018-04-07,73,20.0,,0.2,14.600000000000001
2018-04-08,66,18.0,False,0.18,11.879999999999999
2018-04-09,80,18.0,,0.18,14.399999999999999
2018-04-10,79,18.0,,0.18,14.219999999999999
2018-04-11,74,18.0,,0.18,13.32
2018-04-12,84,18.0,,0.18,15.12
2018-04-13,82,18.0,,0.18,14.76
2018-04-14,65,18.0,,0.18,11.7
2018-04-15,64,16.0,False,0.16,10.24
2018-04-16,70,16.0,,0.16,11.200000000000001
2018-04-17,70,16.0,,0.16,11.200000000000001
2018-04-18,69,16.0,,0.16,11.040000000000001
2018-04-19,63,16.0,,0.16,10.08
2018-04-20,68,16.0,,0.16,10.88
2018-04-21,63,16.0,,0.16,10.08
2018-04-22,59,16.0,False,0.16,9.44
2018-04-23,64,16.0,,0.16,10.24
2018-04-24,77,16.0,,0.16,12.32
2018-04-25,77,16.0,,0.16,12.32
2018-04-26,63,16.0,,0.16,10.08
2018-04-27,65,16.0,,0.16,10.4
2018-04-28,50,16.0,,0.16,8.0
2018-04-29,52,13.0,False,0.13,6.76
2018-04-30,55,13.0,,0.13,7.15
2018-05-01,91,13.0,,0.13,11.83
2018-05-02,98,13.0,,0.13,12.74
2018-05-03,97,13.0,,0.13,12.610000000000001
2018-05-04,91,13.0,,0.13,11.83
2018-05-05,87,13.0,,0.13,11.31
2018-05-06,84,13.0,False,0.13,10.92
2018-05-07,91,13.0,,0.13,11.83
2018-05-08,84,13.0,,0.13,10.92
2018-05-09,77,13.0,,0.13,10.01
2018-05-10,81,13.0,,0.13,10.530000000000001
2018-05-11,100,13.0,,0.13,13.0
2018-05-12,79,13.0,,0.13,10.27
2018-05-13,65,11.0,False,0.11,7.15
2018-05-14,82,11.0,,0.11,9.02
2018-05-15,81,11.0,,0.11,8.91
2018-05-16,70,11.0,,0.11,7.7
2018-05-17,65,11.0,,0.11,7.15
2018-05-18,77,11.0,,0.11,8.47
2018-05-19,59,11.0,,0.11,6.49
2018-05-20,59,12.0,False,0.12,7.08
2018-05-21,70,12.0,,0.12,8.4
2018-05-22,68,12.0,,0.12,8.16
2018-05-23,89,12.0,,0.12,10.68
2018-05-24,98,12.0,,0.12,11.76
2018-05-25,72,12.0,,0.12,8.64
2018-05-26,57,12.0,,0.12,6.84
2018-05-27,73,11.0,False,0.11,8.03
2018-05-28,71,11.0,,0.11,7.81
2018-05-29,73,11.0,,0.11,8.03
2018-05-30,75,11.0,,0.11,8.25
2018-05-31,75,11.0,,0.11,8.25
2018-06-01,51,11.0,,0.11,5.61
2018-06-02,55,11.0,,0.11,6.05
2018-06-03,47,9.0,False,0.09,4.2299999999999995
2018-06-04,54,9.0,,0.09,4.859999999999999
2018-06-05,53,9.0,,0.09,4.77
2018-06-06,59,9.0,,0.09,5.31
2018-06-07,51,9.0,,0.09,4.59
2018-06-08,47,9.0,,0.09,4.2299999999999995
2018-06-09,46,9.0,,0.09,4.14
2018-06-10,64,14.0,False,0.14,8.96
2018-06-11,100,14.0,,0.14,14.000000000000002
2018-06-12,76,14.0,,0.14,10.64
2018-06-13,81,14.0,,0.14,11.340000000000002
2018-06-14,73,14.0,,0.14,10.22
2018-06-15,68,14.0,,0.14,9.520000000000001
2018-06-16,54,14.0,,0.14,7.5600000000000005
2018-06-17,52,11.0,False,0.11,5.72
2018-06-18,72,11.0,,0.11,7.92
2018-06-19,63,11.0,,0.11,6.93
2018-06-20,69,11.0,,0.11,7.59
2018-06-21,49,11.0,,0.11,5.39
2018-06-22,65,11.0,,0.11,7.15
2018-06-23,57,11.0,,0.11,6.2700000000000005
2018-06-24,70,12.0,False,0.12,8.4
2018-06-25,66,12.0,,0.12,7.92
2018-06-26,63,12.0,,0.12,7.56
2018-06-27,59,12.0,,0.12,7.08
2018-06-28,61,12.0,,0.12,7.319999999999999
2018-06-29,81,12.0,,0.12,9.719999999999999
2018-06-30,64,12.0,,0.12,7.68
2018-07-01,66,10.0,False,0.1,6.6000000000000005
2018-07-02,81,10.0,,0.1,8.1
2018-07-03,79,10.0,,0.1,7.9
2018-07-04,73,10.0,,0.1,7.300000000000001
2018-07-05,71,10.0,,0.1,7.1000000000000005
2018-07-06,65,10.0,,0.1,6.5
2018-07-07,57,10.0,,0.1,5.7
2018-07-08,57,9.0,False,0.09,5.13
2018-07-09,63,9.0,,0.09,5.67
2018-07-10,67,9.0,,0.09,6.029999999999999
2018-07-11,68,9.0,,0.09,6.12
2018-07-12,68,9.0,,0.09,6.12
2018-07-13,54,9.0,,0.09,4.859999999999999
2018-07-14,49,9.0,,0.09,4.41
2018-07-15,47,10.0,False,0.1,4.7
2018-07-16,57,10.0,,0.1,5.7
2018-07-17,84,10.0,,0.1,8.4
2018-07-18,95,10.0,,0.1,9.5
2018-07-19,82,10.0,,0.1,8.200000000000001
2018-07-20,70,10.0,,0.1,7.0
2018-07-21,52,10.0,,0.1,5.2
2018-07-22,55,12.0,False,0.12,6.6
2018-07-23,74,12.0,,0.12,8.879999999999999
2018-07-24,100,12.0,,0.12,12.0
2018-07-25,94,12.0,,0.12,11.28
2018-07-26,96,12.0,,0.12,11.52
2018-07-27,80,12.0,,0.12,9.6
2018-07-28,61,12.0,,0.12,7.319999999999999
2018-07-29,63,10.0,False,0.1,6.300000000000001
2018-07-30,70,10.0,,0.1,7.0
2018-07-31,74,10.0,,0.1,7.4
2018-08-01,73,10.0,,0.1,7.300000000000001
2018-08-02,60,10.0,,0.1,6.0
2018-08-03,74,10.0,,0.1,7.4
2018-08-04,53,10.0,,0.1,5.300000000000001
2018-08-05,57,10.0,False,0.1,5.7
2018-08-06,56,10.0,,0.1,5.6000000000000005
2018-08-07,64,10.0,,0.1,6.4
2018-08-08,83,10.0,,0.1,8.3
2018-08-09,81,10.0,,0.1,8.1
2018-08-10,64,10.0,,0.1,6.4
2018-08-11,71,10.0,,0.1,7.1000000000000005
2018-08-12,48,11.0,False,0.11,5.28
2018-08-13,64,11.0,,0.11,7.04
2018-08-14,100,11.0,,0.11,11.0
2018-08-15,84,11.0,,0.11,9.24
2018-08-16,77,11.0,,0.11,8.47
2018-08-17,63,11.0,,0.11,6.93
2018-08-18,54,11.0,,0.11,5.94
2018-08-19,53,9.0,False,0.09,4.77
2018-08-20,61,9.0,,0.09,5.49
2018-08-21,70,9.0,,0.09,6.3
2018-08-22,67,9.0,,0.09,6.029999999999999
2018-08-23,60,9.0,,0.09,5.3999999999999995
2018-08-24,67,9.0,,0.09,6.029999999999999
2018-08-25,56,9.0,,0.09,5.04
2018-08-26,56,8.0,False,0.08,4.48
2018-08-27,53,8.0,,0.08,4.24
2018-08-28,65,8.0,,0.08,5.2
2018-08-29,64,8.0,,0.08,5.12
2018-08-30,60,8.0,,0.08,4.8
2018-08-31,49,8.0,,0.08,3.92
2018-09-01,45,8.0,,0.08,3.6
2018-09-02,58,10.0,False,0.1,5.800000000000001
2018-09-03,56,10.0,,0.1,5.6000000000000005
2018-09-04,61,10.0,,0.1,6.1000000000000005
2018-09-05,85,10.0,,0.1,8.5
2018-09-06,100,10.0,,0.1,10.0
2018-09-07,81,10.0,,0.1,8.1
2018-09-08,56,10.0,,0.1,5.6000000000000005
2018-09-09,59,10.0,False,0.1,5.9
2018-09-10,68,10.0,,0.1,6.800000000000001
2018-09-11,80,10.0,,0.1,8.0
2018-09-12,79,10.0,,0.1,7.9
2018-09-13,76,10.0,,0.1,7.6000000000000005
2018-09-14,58,10.0,,0.1,5.800000000000001
2018-09-15,45,10.0,,0.1,4.5
2018-09-16,47,8.0,False,0.08,3.7600000000000002
2018-09-17,60,8.0,,0.08,4.8
2018-09-18,65,8.0,,0.08,5.2
2018-09-19,54,8.0,,0.08,4.32
2018-09-20,56,8.0,,0.08,4.48
2018-09-21,65,8.0,,0.08,5.2
2018-09-22,58,8.0,,0.08,4.64
2018-09-23,44,7.0,False,0.07,3.08
2018-09-24,51,7.0,,0.07,3.5700000000000003
2018-09-25,56,7.0,,0.07,3.9200000000000004
2018-09-26,49,7.0,,0.07,3.43
2018-09-27,54,7.0,,0.07,3.7800000000000002
2018-09-28,53,7.0,,0.07,3.7100000000000004
2018-09-29,40,7.0,,0.07,2.8000000000000003
2018-09-30,38,6.0,False,0.06,2.28
2018-10-01,58,6.0,,0.06,3.48
2018-10-02,55,6.0,,0.06,3.3
2018-10-03,56,6.0,,0.06,3.36
2018-10-04,62,6.0,,0.06,3.7199999999999998
2018-10-05,61,6.0,,0.06,3.6599999999999997
2018-10-06,50,6.0,,0.06,3.0
2018-10-07,40,7.0,False,0.07,2.8000000000000003
2018-10-08,48,7.0,,0.07,3.3600000000000003
2018-10-09,59,7.0,,0.07,4.130000000000001
2018-10-10,60,7.0,,0.07,4.2
2018-10-11,100,7.0,,0.07,7.000000000000001
2018-10-12,80,7.0,,0.07,5.6000000000000005
2018-10-13,52,7.0,,0.07,3.6400000000000006
2018-10-14,46,6.0,False,0.06,2.76
2018-10-15,79,6.0,,0.06,4.74
2018-10-16,63,6.0,,0.06,3.78
2018-10-17,55,6.0,,0.06,3.3
2018-10-18,61,6.0,,0.06,3.6599999999999997
2018-10-19,54,6.0,,0.06,3.2399999999999998
2018-10-20,44,6.0,,0.06,2.6399999999999997
2018-10-21,47,5.0,False,0.05,2.35
2018-10-22,50,5.0,,0.05,2.5
2018-10-23,58,5.0,,0.05,2.9000000000000004
2018-10-24,54,5.0,,0.05,2.7
2018-10-25,53,5.0,,0.05,2.6500000000000004
2018-10-26,56,5.0,,0.05,2.8000000000000003
2018-10-27,38,5.0,,0.05,1.9000000000000001
2018-10-28,39,5.0,False,0.05,1.9500000000000002
2018-10-29,57,5.0,,0.05,2.85
2018-10-30,53,5.0,,0.05,2.6500000000000004
2018-10-31,59,5.0,,0.05,2.95
2018-11-01,26,5.0,,0.05,1.3
2018-11-02,27,5.0,,0.05,1.35
2018-11-03,20,5.0,,0.05,1.0
2018-11-04,22,5.0,False,0.05,1.1
2018-11-05,27,5.0,,0.05,1.35
2018-11-06,27,5.0,,0.05,1.35
2018-11-07,28,5.0,,0.05,1.4000000000000001
2018-11-08,24,5.0,,0.05,1.2000000000000002
2018-11-09,25,5.0,,0.05,1.25
2018-11-10,21,5.0,,0.05,1.05
2018-11-11,18,8.0,False,0.08,1.44
2018-11-12,29,8.0,,0.08,2.32
2018-11-13,27,8.0,,0.08,2.16
2018-11-14,46,8.0,,0.08,3.68
2018-11-15,61,8.0,,0.08,4.88
2018-11-16,46,8.0,,0.08,3.68
2018-11-17,38,8.0,,0.08,3.04
2018-11-18,27,13.0,False,0.13,3.5100000000000002
2018-11-19,56,13.0,,0.13,7.28
2018-11-20,100,13.0,,0.13,13.0
2018-11-21,81,13.0,,0.13,10.530000000000001
2018-11-22,54,13.0,,0.13,7.0200000000000005
2018-11-23,62,13.0,,0.13,8.06
2018-11-24,54,13.0,,0.13,7.0200000000000005
2018-11-25,85,15.0,False,0.15,12.75
2018-11-26,90,15.0,,0.15,13.5
2018-11-27,85,15.0,,0.15,12.75
2018-11-28,72,15.0,,0.15,10.799999999999999
2018-11-29,63,15.0,,0.15,9.45
2018-11-30,56,15.0,,0.15,8.4
2018-12-01,57,15.0,,0.15,8.549999999999999
2018-12-02,49,12.0,False,0.12,5.88
2018-12-03,61,12.0,,0.12,7.319999999999999
2018-12-04,65,12.0,,0.12,7.8
2018-12-05,65,12.0,,0.12,7.8
2018-12-06,81,12.0,,0.12,9.719999999999999
2018-12-07,100,12.0,,0.12,12.0
2018-12-08,71,12.0,,0.12,8.52
2018-12-09,57,12.0,False,0.12,6.84
2018-12-10,67,12.0,,0.12,8.04
2018-12-11,67,12.0,,0.12,8.04
2018-12-12,56,12.0,,0.12,6.72
2018-12-13,67,12.0,,0.12,8.04
2018-12-14,68,12.0,,0.12,8.16
2018-12-15,63,12.0,,0.12,7.56
2018-12-16,51,12.0,False,0.12,6.12
2018-12-17,64,12.0,,0.12,7.68
2018-12-18,76,12.0,,0.12,9.12
2018-12-19,76,12.0,,0.12,9.12
2018-12-20,76,12.0,,0.12,9.12
2018-12-21,73,12.0,,0.12,8.76
2018-12-22,60,12.0,,0.12,7.199999999999999
2018-12-23,55,10.0,False,0.1,5.5
2018-12-24,61,10.0,,0.1,6.1000000000000005
2018-12-25,69,10.0,,0.1,6.9
2018-12-26,51,10.0,,0.1,5.1000000000000005
2018-12-27,59,10.0,,0.1,5.9
2018-12-28,53,10.0,,0.1,5.300000000000001
2018-12-29,49,10.0,,0.1,4.9
2018-12-30,44,8.0,False,0.08,3.52
2018-12-31,46,8.0,,0.08,3.68
2019-01-01,83,8.0,,0.08,6.640000000000001
2019-01-02,95,8.0,,0.08,7.6000000000000005
2019-01-03,95,8.0,,0.08,7.6000000000000005
2019-01-04,88,8.0,,0.08,7.04
2019-01-05,70,8.0,,0.08,5.6000000000000005
2019-01-06,63,7.0,False,0.07,4.41
2019-01-07,80,7.0,,0.07,5.6000000000000005
2019-01-08,81,7.0,,0.07,5.670000000000001
2019-01-09,76,7.0,,0.07,5.32
2019-01-10,100,7.0,,0.07,7.000000000000001
2019-01-11,92,7.0,,0.07,6.44
2019-01-12,74,7.0,,0.07,5.180000000000001
2019-01-13,60,6.0,False,0.06,3.5999999999999996
2019-01-14,76,6.0,,0.06,4.56
2019-01-15,76,6.0,,0.06,4.56
2019-01-16,75,6.0,,0.06,4.5
2019-01-17,66,6.0,,0.06,3.96
2019-01-18,62,6.0,,0.06,3.7199999999999998
2019-01-19,54,6.0,,0.06,3.2399999999999998
2019-01-20,58,6.0,False,0.06,3.48
2019-01-21,68,6.0,,0.06,4.08
2019-01-22,64,6.0,,0.06,3.84
2019-01-23,60,6.0,,0.06,3.5999999999999996
2019-01-24,72,6.0,,0.06,4.32
2019-01-25,61,6.0,,0.06,3.6599999999999997
2019-01-26,66,6.0,,0.06,3.96
2019-01-27,46,6.0,False,0.06,2.76
2019-01-28,72,6.0,,0.06,4.32
2019-01-29,74,6.0,,0.06,4.4399999999999995
2019-01-30,76,6.0,,0.06,4.56
2019-01-31,63,6.0,,0.06,3.78
2019-02-01,75,6.0,,0.06,4.5
2019-02-02,55,6.0,,0.06,3.3
2019-02-03,57,6.0,False,0.06,3.42
2019-02-04,78,6.0,,0.06,4.68
2019-02-05,77,6.0,,0.06,4.62
2019-02-06,93,6.0,,0.06,5.58
2019-02-07,88,6.0,,0.06,5.279999999999999
2019-02-08,89,6.0,,0.06,5.34
2019-02-09,85,6.0,,0.06,5.1
2019-02-10,69,5.0,False,0.05,3.45
2019-02-11,87,5.0,,0.05,4.3500000000000005
2019-02-12,80,5.0,,0.05,4.0
2019-02-13,71,5.0,,0.05,3.5500000000000003
2019-02-14,68,5.0,,0.05,3.4000000000000004
2019-02-15,68,5.0,,0.05,3.4000000000000004
2019-02-16,56,5.0,,0.05,2.8000000000000003
2019-02-17,61,7.0,False,0.07,4.2700000000000005
2019-02-18,81,7.0,,0.07,5.670000000000001
2019-02-19,100,7.0,,0.07,7.000000000000001
2019-02-20,89,7.0,,0.07,6.23
2019-02-21,86,7.0,,0.07,6.0200000000000005
2019-02-22,71,7.0,,0.07,4.970000000000001
2019-02-23,85,7.0,,0.07,5.95
2019-02-24,90,6.0,False,0.06,5.3999999999999995
2019-02-25,88,6.0,,0.06,5.279999999999999
2019-02-26,81,6.0,,0.06,4.859999999999999
2019-02-27,71,6.0,,0.06,4.26
2019-02-28,76,6.0,,0.06,4.56
2019-03-01,99,6.0,,0.06,5.9399999999999995
2019-03-02,73,6.0,,0.06,4.38
2019-03-03,59,5.0,False,0.05,2.95
2019-03-04,100,5.0,,0.05,5.0
2019-03-05,87,5.0,,0.05,4.3500000000000005
2019-03-06,99,5.0,,0.05,4.95
2019-03-07,70,5.0,,0.05,3.5
2019-03-08,71,5.0,,0.05,3.5500000000000003
2019-03-09,87,5.0,,0.05,4.3500000000000005
2019-03-10,69,5.0,False,0.05,3.45
2019-03-11,79,5.0,,0.05,3.95
2019-03-12,73,5.0,,0.05,3.6500000000000004
2019-03-13,60,5.0,,0.05,3.0
2019-03-14,72,5.0,,0.05,3.6
2019-03-15,60,5.0,,0.05,3.0
2019-03-16,70,5.0,,0.05,3.5
2019-03-17,77,6.0,False,0.06,4.62
2019-03-18,84,6.0,,0.06,5.04
2019-03-19,81,6.0,,0.06,4.859999999999999
2019-03-20,94,6.0,,0.06,5.64
2019-03-21,82,6.0,,0.06,4.92
2019-03-22,82,6.0,,0.06,4.92
2019-03-23,57,6.0,,0.06,3.42
2019-03-24,68,5.0,False,0.05,3.4000000000000004
2019-03-25,74,5.0,,0.05,3.7
2019-03-26,71,5.0,,0.05,3.5500000000000003
2019-03-27,66,5.0,,0.05,3.3000000000000003
2019-03-28,83,5.0,,0.05,4.15
2019-03-29,76,5.0,,0.05,3.8000000000000003
2019-03-30,80,5.0,,0.05,4.0
2019-03-31,60,10.0,False,0.1,6.0
2019-04-01,38,10.0,,0.1,3.8000000000000003
2019-04-02,100,10.0,,0.1,10.0
2019-04-03,94,10.0,,0.1,9.4
2019-04-04,71,10.0,,0.1,7.1000000000000005
2019-04-05,65,10.0,,0.1,6.5
2019-04-06,52,10.0,,0.1,5.2
2019-04-07,54,8.0,False,0.08,4.32
2019-04-08,62,8.0,,0.08,4.96
2019-04-09,56,8.0,,0.08,4.48
2019-04-10,64,8.0,,0.08,5.12
2019-04-11,59,8.0,,0.08,4.72
2019-04-12,46,8.0,,0.08,3.68
2019-04-13,43,8.0,,0.08,3.44
2019-04-14,46,7.0,False,0.07,3.22
2019-04-15,51,7.0,,0.07,3.5700000000000003
2019-04-16,52,7.0,,0.07,3.6400000000000006
2019-04-17,54,7.0,,0.07,3.7800000000000002
2019-04-18,50,7.0,,0.07,3.5000000000000004
2019-04-19,50,7.0,,0.07,3.5000000000000004
2019-04-20,53,7.0,,0.07,3.7100000000000004
2019-04-21,43,8.0,False,0.08,3.44
2019-04-22,46,8.0,,0.08,3.68
2019-04-23,61,8.0,,0.08,4.88
2019-04-24,55,8.0,,0.08,4.4
2019-04-25,54,8.0,,0.08,4.32
2019-04-26,58,8.0,,0.08,4.64
2019-04-27,42,8.0,,0.08,3.36
2019-04-28,33,7.0,False,0.07,2.31
2019-04-29,42,7.0,,0.07,2.9400000000000004
2019-04-30,47,7.0,,0.07,3.2900000000000005
2019-05-01,33,7.0,,0.07,2.31
2019-05-02,27,7.0,,0.07,1.8900000000000001
2019-05-03,43,7.0,,0.07,3.0100000000000002
2019-05-04,32,7.0,,0.07,2.24
2019-05-05,42,10.0,False,0.1,4.2
2019-05-06,41,10.0,,0.1,4.1000000000000005
2019-05-07,40,10.0,,0.1,4.0
2019-05-08,41,10.0,,0.1,4.1000000000000005
2019-05-09,51,10.0,,0.1,5.1000000000000005
2019-05-10,52,10.0,,0.1,5.2
2019-05-11,73,10.0,,0.1,7.300000000000001
2019-05-12,78,18.0,False,0.18,14.04
2019-05-13,87,18.0,,0.18,15.66
2019-05-14,100,18.0,,0.18,18.0
2019-05-15,87,18.0,,0.18,15.66
2019-05-16,80,18.0,,0.18,14.399999999999999
2019-05-17,87,18.0,,0.18,15.66
2019-05-18,60,18.0,,0.18,10.799999999999999
2019-05-19,66,12.0,False,0.12,7.92
2019-05-20,70,12.0,,0.12,8.4
2019-05-21,60,12.0,,0.12,7.199999999999999
2019-05-22,53,12.0,,0.12,6.359999999999999
2019-05-23,50,12.0,,0.12,6.0
2019-05-24,51,12.0,,0.12,6.12
2019-05-25,49,12.0,,0.12,5.88
2019-05-26,40,13.0,False,0.13,5.2
2019-05-27,63,13.0,,0.13,8.19
2019-05-28,66,13.0,,0.13,8.58
2019-05-29,55,13.0,,0.13,7.15
2019-05-30,64,13.0,,0.13,8.32
2019-05-31,65,13.0,,0.13,8.450000000000001
2019-06-01,26,13.0,,0.13,3.38
2019-06-02,26,11.0,False,0.11,2.86
2019-06-03,27,11.0,,0.11,2.97
2019-06-04,29,11.0,,0.11,3.19
2019-06-05,24,11.0,,0.11,2.64
2019-06-06,24,11.0,,0.11,2.64
2019-06-07,27,11.0,,0.11,2.97
2019-06-08,19,11.0,,0.11,2.09
2019-06-09,17,9.0,False,0.09,1.53
2019-06-10,25,9.0,,0.09,2.25
2019-06-11,21,9.0,,0.09,1.89
2019-06-12,20,9.0,,0.09,1.7999999999999998
2019-06-13,23,9.0,,0.09,2.07
2019-06-14,26,9.0,,0.09,2.34
2019-06-15,23,9.0,,0.09,2.07
2019-06-16,31,15.0,False,0.15,4.6499999999999995
2019-06-17,33,15.0,,0.15,4.95
2019-06-18,35,15.0,,0.15,5.25
2019-06-19,30,15.0,,0.15,4.5
2019-06-20,33,15.0,,0.15,4.95
2019-06-21,45,15.0,,0.15,6.75
2019-06-22,61,15.0,,0.15,9.15
2019-06-23,50,27.0,False,0.27,13.5
2019-06-24,51,27.0,,0.27,13.770000000000001
2019-06-25,53,27.0,,0.27,14.31
2019-06-26,100,27.0,,0.27,27.0
2019-06-27,92,27.0,,0.27,24.840000000000003
2019-06-28,74,27.0,,0.27,19.98
2019-06-29,49,27.0,,0.27,13.23
2019-06-30,43,17.0,False,0.17,7.3100000000000005
2019-07-01,99,17.0,,0.17,16.830000000000002
2019-07-02,89,17.0,,0.17,15.13
2019-07-03,100,17.0,,0.17,17.0
2019-07-04,82,17.0,,0.17,13.940000000000001
2019-07-05,84,17.0,,0.17,14.280000000000001
2019-07-06,72,17.0,,0.17,12.24
2019-07-07,61,16.0,False,0.16,9.76
2019-07-08,77,16.0,,0.16,12.32
2019-07-09,98,16.0,,0.16,15.68
2019-07-10,95,16.0,,0.16,15.200000000000001
2019-07-11,95,16.0,,0.16,15.200000000000001
2019-07-12,83,16.0,,0.16,13.280000000000001
2019-07-13,68,16.0,,0.16,10.88
2019-07-14,71,15.0,False,0.15,10.65
2019-07-15,91,15.0,,0.15,13.65
2019-07-16,87,15.0,,0.15,13.049999999999999
2019-07-17,95,15.0,,0.15,14.25
2019-07-18,91,15.0,,0.15,13.65
2019-07-19,80,15.0,,0.15,12.0
2019-07-20,61,15.0,,0.15,9.15
2019-07-21,67,12.0,False,0.12,8.04
2019-07-22,72,12.0,,0.12,8.64
2019-07-23,70,12.0,,0.12,8.4
2019-07-24,72,12.0,,0.12,8.64
2019-07-25,65,12.0,,0.12,7.8
2019-07-26,59,12.0,,0.12,7.08
2019-07-27,61,12.0,,0.12,7.319999999999999
2019-07-28,57,11.0,False,0.11,6.2700000000000005
2019-07-29,59,11.0,,0.11,6.49
2019-07-30,55,11.0,,0.11,6.05
2019-07-31,65,11.0,,0.11,7.15
2019-08-01,65,11.0,,0.11,7.15
2019-08-02,70,11.0,,0.11,7.7
2019-08-03,60,11.0,,0.11,6.6
2019-08-04,65,13.0,False,0.13,8.450000000000001
2019-08-05,100,13.0,,0.13,13.0
2019-08-06,94,13.0,,0.13,12.22
2019-08-07,84,13.0,,0.13,10.92
2019-08-08,70,13.0,,0.13,9.1
2019-08-09,67,13.0,,0.13,8.71
2019-08-10,53,13.0,,0.13,6.890000000000001
2019-08-11,56,11.0,False,0.11,6.16
2019-08-12,62,11.0,,0.11,6.82
2019-08-13,72,11.0,,0.11,7.92
2019-08-14,75,11.0,,0.11,8.25
2019-08-15,85,11.0,,0.11,9.35
2019-08-16,60,11.0,,0.11,6.6
2019-08-17,49,11.0,,0.11,5.39
2019-08-18,55,9.0,False,0.09,4.95
2019-08-19,61,9.0,,0.09,5.49
2019-08-20,53,9.0,,0.09,4.77
2019-08-21,57,9.0,,0.09,5.13
2019-08-22,61,9.0,,0.09,5.49
2019-08-23,62,9.0,,0.09,5.58
2019-08-24,47,9.0,,0.09,4.2299999999999995
2019-08-25,46,8.0,False,0.08,3.68
2019-08-26,49,8.0,,0.08,3.92
2019-08-27,47,8.0,,0.08,3.7600000000000002
2019-08-28,51,8.0,,0.08,4.08
2019-08-29,60,8.0,,0.08,4.8
2019-08-30,55,8.0,,0.08,4.4
2019-08-31,42,8.0,,0.08,3.36
2019-09-01,59,8.0,False,0.08,4.72
2019-09-02,67,8.0,,0.08,5.36
2019-09-03,74,8.0,,0.08,5.92
2019-09-04,78,8.0,,0.08,6.24
2019-09-05,69,8.0,,0.08,5.5200000000000005
2019-09-06,79,8.0,,0.08,6.32
2019-09-07,56,8.0,,0.08,4.48
2019-09-08,54,7.0,False,0.07,3.7800000000000002
2019-09-09,66,7.0,,0.07,4.62
2019-09-10,63,7.0,,0.07,4.41
2019-09-11,61,7.0,,0.07,4.2700000000000005
2019-09-12,48,7.0,,0.07,3.3600000000000003
2019-09-13,52,7.0,,0.07,3.6400000000000006
2019-09-14,50,7.0,,0.07,3.5000000000000004
2019-09-15,45,6.0,False,0.06,2.6999999999999997
2019-09-16,50,6.0,,0.06,3.0
2019-09-17,56,6.0,,0.06,3.36
2019-09-18,52,6.0,,0.06,3.12
2019-09-19,53,6.0,,0.06,3.1799999999999997
2019-09-20,48,6.0,,0.06,2.88
2019-09-21,44,6.0,,0.06,2.6399999999999997
2019-09-22,41,9.0,False,0.09,3.69
2019-09-23,57,9.0,,0.09,5.13
2019-09-24,78,9.0,,0.09,7.02
2019-09-25,100,9.0,,0.09,9.0
2019-09-26,94,9.0,,0.09,8.459999999999999
2019-09-27,92,9.0,,0.09,8.28
2019-09-28,69,9.0,,0.09,6.21
2019-09-29,58,7.0,False,0.07,4.0600000000000005
2019-09-30,79,7.0,,0.07,5.53
2019-10-01,61,7.0,,0.07,4.2700000000000005
2019-10-02,63,7.0,,0.07,4.41
2019-10-03,51,7.0,,0.07,3.5700000000000003
2019-10-04,59,7.0,,0.07,4.130000000000001
2019-10-05,47,7.0,,0.07,3.2900000000000005
2019-10-06,44,7.0,False,0.07,3.08
2019-10-07,56,7.0,,0.07,3.9200000000000004
2019-10-08,49,7.0,,0.07,3.43
2019-10-09,58,7.0,,0.07,4.0600000000000005
2019-10-10,62,7.0,,0.07,4.340000000000001
2019-10-11,44,7.0,,0.07,3.08
2019-10-12,44,7.0,,0.07,3.08
2019-10-13,42,6.0,False,0.06,2.52
2019-10-14,41,6.0,,0.06,2.46
2019-10-15,46,6.0,,0.06,2.76
2019-10-16,45,6.0,,0.06,2.6999999999999997
2019-10-17,45,6.0,,0.06,2.6999999999999997
2019-10-18,52,6.0,,0.06,3.12
2019-10-19,48,6.0,,0.06,2.88
2019-10-20,47,8.0,False,0.08,3.7600000000000002
2019-10-21,43,8.0,,0.08,3.44
2019-10-22,47,8.0,,0.08,3.7600000000000002
2019-10-23,65,8.0,,0.08,5.2
2019-10-24,59,8.0,,0.08,4.72
2019-10-25,57,8.0,,0.08,4.5600000000000005
2019-10-26,100,8.0,,0.08,8.0
2019-10-27,62,8.0,False,0.08,4.96
2019-10-28,78,8.0,,0.08,6.24
2019-10-29,68,8.0,,0.08,5.44
2019-10-30,57,8.0,,0.08,4.5600000000000005
2019-10-31,60,8.0,,0.08,4.8
2019-11-01,66,8.0,,0.08,5.28
2019-11-02,66,8.0,,0.08,5.28
2019-11-03,60,6.0,False,0.06,3.5999999999999996
2019-11-04,67,6.0,,0.06,4.02
2019-11-05,72,6.0,,0.06,4.32
2019-11-06,70,6.0,,0.06,4.2
2019-11-07,75,6.0,,0.06,4.5
2019-11-08,68,6.0,,0.06,4.08
2019-11-09,58,6.0,,0.06,3.48
2019-11-10,61,6.0,False,0.06,3.6599999999999997
2019-11-11,61,6.0,,0.06,3.6599999999999997
2019-11-12,55,6.0,,0.06,3.3
2019-11-13,58,6.0,,0.06,3.48
2019-11-14,69,6.0,,0.06,4.14
2019-11-15,65,6.0,,0.06,3.9
2019-11-16,56,6.0,,0.06,3.36
2019-11-17,57,7.0,False,0.07,3.99
2019-11-18,65,7.0,,0.07,4.550000000000001
2019-11-19,74,7.0,,0.07,5.180000000000001
2019-11-20,64,7.0,,0.07,4.48
2019-11-21,80,7.0,,0.07,5.6000000000000005
2019-11-22,93,7.0,,0.07,6.510000000000001
2019-11-23,82,7.0,,0.07,5.74
2019-11-24,73,8.0,False,0.08,5.84
2019-11-25,100,8.0,,0.08,8.0
2019-11-26,86,8.0,,0.08,6.88
2019-11-27,80,8.0,,0.08,6.4
2019-11-28,83,8.0,,0.08,6.640000000000001
2019-11-29,61,8.0,,0.08,4.88
2019-11-30,72,8.0,,0.08,5.76
2019-12-01,83,7.0,False,0.07,5.8100000000000005
2019-12-02,83,7.0,,0.07,5.8100000000000005
2019-12-03,80,7.0,,0.07,5.6000000000000005
2019-12-04,87,7.0,,0.07,6.090000000000001
2019-12-05,81,7.0,,0.07,5.670000000000001
2019-12-06,82,7.0,,0.07,5.74
2019-12-07,78,7.0,,0.07,5.460000000000001
2019-12-08,71,6.0,False,0.06,4.26
2019-12-09,69,6.0,,0.06,4.14
2019-12-10,86,6.0,,0.06,5.16
2019-12-11,81,6.0,,0.06,4.859999999999999
2019-12-12,71,6.0,,0.06,4.26
2019-12-13,69,6.0,,0.06,4.14
2019-12-14,71,6.0,,0.06,4.26
2019-12-15,68,7.0,False,0.07,4.760000000000001
2019-12-16,82,7.0,,0.07,5.74
2019-12-17,98,7.0,,0.07,6.86
2019-12-18,100,7.0,,0.07,7.000000000000001
2019-12-19,88,7.0,,0.07,6.16
2019-12-20,83,7.0,,0.07,5.8100000000000005
2019-12-21,78,7.0,,0.07,5.460000000000001
2019-12-22,69,6.0,False,0.06,4.14
2019-12-23,94,6.0,,0.06,5.64
2019-12-24,77,6.0,,0.06,4.62
2019-12-25,62,6.0,,0.06,3.7199999999999998
2019-12-26,66,6.0,,0.06,3.96
2019-12-27,63,6.0,,0.06,3.78
2019-12-28,73,6.0,,0.06,4.38
2019-12-29,66,6.0,False,0.06,3.96
2019-12-30,64,6.0,,0.06,3.84
2019-12-31,78,6.0,,0.06,4.68
2020-01-01,53,6.0,,0.06,3.1799999999999997
2020-01-02,55,6.0,,0.06,3.3
2020-01-03,62,6.0,,0.06,3.7199999999999998
2020-01-04,49,6.0,,0.06,2.94
2020-01-05,65,8.0,False,0.08,5.2
2020-01-06,67,8.0,,0.08,5.36
2020-01-07,85,8.0,,0.08,6.8
2020-01-08,100,8.0,,0.08,8.0
2020-01-09,69,8.0,,0.08,5.5200000000000005
2020-01-10,69,8.0,,0.08,5.5200000000000005
2020-01-11,60,8.0,,0.08,4.8
2020-01-12,53,8.0,False,0.08,4.24
2020-01-13,59,8.0,,0.08,4.72
2020-01-14,74,8.0,,0.08,5.92
2020-01-15,84,8.0,,0.08,6.72
2020-01-16,78,8.0,,0.08,6.24
2020-01-17,75,8.0,,0.08,6.0
2020-01-18,79,8.0,,0.08,6.32
2020-01-19,67,7.0,False,0.07,4.69
2020-01-20,73,7.0,,0.07,5.11
2020-01-21,75,7.0,,0.07,5.250000000000001
2020-01-22,75,7.0,,0.07,5.250000000000001
2020-01-23,56,7.0,,0.07,3.9200000000000004
2020-01-24,65,7.0,,0.07,4.550000000000001
2020-01-25,54,7.0,,0.07,3.7800000000000002
2020-01-26,50,8.0,False,0.08,4.0
2020-01-27,74,8.0,,0.08,5.92
2020-01-28,85,8.0,,0.08,6.8
2020-01-29,89,8.0,,0.08,7.12
2020-01-30,88,8.0,,0.08,7.04
2020-01-31,92,8.0,,0.08,7.36
2020-02-01,66,8.0,,0.08,5.28
2020-02-02,62,8.0,False,0.08,4.96
2020-02-03,65,8.0,,0.08,5.2
2020-02-04,66,8.0,,0.08,5.28
2020-02-05,67,8.0,,0.08,5.36
2020-02-06,78,8.0,,0.08,6.24
2020-02-07,78,8.0,,0.08,6.24
2020-02-08,64,8.0,,0.08,5.12
2020-02-09,86,10.0,False,0.1,8.6
2020-02-10,80,10.0,,0.1,8.0
2020-02-11,82,10.0,,0.1,8.200000000000001
2020-02-12,99,10.0,,0.1,9.9
2020-02-13,88,10.0,,0.1,8.8
2020-02-14,80,10.0,,0.1,8.0
2020-02-15,79,10.0,,0.1,7.9
2020-02-16,65,9.0,False,0.09,5.85
2020-02-17,72,9.0,,0.09,6.4799999999999995
2020-02-18,71,9.0,,0.09,6.39
2020-02-19,84,9.0,,0.09,7.56
2020-02-20,76,9.0,,0.09,6.84
2020-02-21,69,9.0,,0.09,6.21
2020-02-22,65,9.0,,0.09,5.85
2020-02-23,64,9.0,False,0.09,5.76
2020-02-24,86,9.0,,0.09,7.739999999999999
2020-02-25,77,9.0,,0.09,6.93
2020-02-26,76,9.0,,0.09,6.84
2020-02-27,86,9.0,,0.09,7.739999999999999
2020-02-28,100,9.0,,0.09,9.0
2020-02-29,59,9.0,,0.09,5.31
2020-03-01,24,9.0,False,0.09,2.16
2020-03-02,26,9.0,,0.09,2.34
2020-03-03,24,9.0,,0.09,2.16
2020-03-04,27,9.0,,0.09,2.4299999999999997
2020-03-05,28,9.0,,0.09,2.52
2020-03-06,28,9.0,,0.09,2.52
2020-03-07,20,9.0,,0.09,1.7999999999999998
2020-03-08,23,18.0,False,0.18,4.14
2020-03-09,55,18.0,,0.18,9.9
2020-03-10,32,18.0,,0.18,5.76
2020-03-11,32,18.0,,0.18,5.76
2020-03-12,68,18.0,,0.18,12.24
2020-03-13,100,18.0,,0.18,18.0
2020-03-14,60,18.0,,0.18,10.799999999999999
2020-03-15,55,18.0,False,0.18,9.9
2020-03-16,72,18.0,,0.18,12.959999999999999
2020-03-17,61,18.0,,0.18,10.98
2020-03-18,55,18.0,,0.18,9.9
2020-03-19,56,18.0,,0.18,10.08
2020-03-20,53,18.0,,0.18,9.54
2020-03-21,42,18.0,,0.18,7.56
2020-03-22,41,13.0,False,0.13,5.33
2020-03-23,47,13.0,,0.13,6.11
2020-03-24,49,13.0,,0.13,6.37
2020-03-25,39,13.0,,0.13,5.07
2020-03-26,35,13.0,,0.13,4.55
2020-03-27,31,13.0,,0.13,4.03
2020-03-28,33,13.0,,0.13,4.29
2020-03-29,35,10.0,False,0.1,3.5
2020-03-30,32,10.0,,0.1,3.2
2020-03-31,28,10.0,,0.1,2.8000000000000003
2020-04-01,58,10.0,,0.1,5.800000000000001
2020-04-02,67,10.0,,0.1,6.7
2020-04-03,69,10.0,,0.1,6.9
2020-04-04,60,10.0,,0.1,6.0
2020-04-05,53,10.0,False,0.1,5.300000000000001
2020-04-06,71,10.0,,0.1,7.1000000000000005
2020-04-07,77,10.0,,0.1,7.7
2020-04-08,60,10.0,,0.1,6.0
2020-04-09,67,10.0,,0.1,6.7
2020-04-10,59,10.0,,0.1,5.9
2020-04-11,60,10.0,,0.1,6.0
2020-04-12,57,9.0,False,0.09,5.13
2020-04-13,54,9.0,,0.09,4.859999999999999
2020-04-14,56,9.0,,0.09,5.04
2020-04-15,50,9.0,,0.09,4.5
2020-04-16,55,9.0,,0.09,4.95
2020-04-17,48,9.0,,0.09,4.32
2020-04-18,48,9.0,,0.09,4.32
2020-04-19,52,9.0,False,0.09,4.68
2020-04-20,51,9.0,,0.09,4.59
2020-04-21,56,9.0,,0.09,5.04
2020-04-22,54,9.0,,0.09,4.859999999999999
2020-04-23,51,9.0,,0.09,4.59
2020-04-24,57,9.0,,0.09,5.13
2020-04-25,55,9.0,,0.09,4.95
2020-04-26,55,11.0,False,0.11,6.05
2020-04-27,60,11.0,,0.11,6.6
2020-04-28,54,11.0,,0.11,5.94
2020-04-29,89,11.0,,0.11,9.790000000000001
2020-04-30,100,11.0,,0.11,11.0
2020-05-01,67,11.0,,0.11,7.37
2020-05-02,50,11.0,,0.11,5.5
2020-05-03,59,13.0,False,0.13,7.67
2020-05-04,56,13.0,,0.13,7.28
2020-05-05,56,13.0,,0.13,7.28
2020-05-06,61,13.0,,0.13,7.930000000000001
2020-05-07,76,13.0,,0.13,9.88
2020-05-08,84,13.0,,0.13,10.92
2020-05-09,68,13.0,,0.13,8.84
2020-05-10,81,15.0,False,0.15,12.15
2020-05-11,100,15.0,,0.15,15.0
2020-05-12,85,15.0,,0.15,12.75
2020-05-13,75,15.0,,0.15,11.25
2020-05-14,74,15.0,,0.15,11.1
2020-05-15,64,15.0,,0.15,9.6
2020-05-16,58,15.0,,0.15,8.7
2020-05-17,62,11.0,False,0.11,6.82
2020-05-18,65,11.0,,0.11,7.15
2020-05-19,50,11.0,,0.11,5.5
2020-05-20,55,11.0,,0.11,6.05
2020-05-21,57,11.0,,0.11,6.2700000000000005
2020-05-22,52,11.0,,0.11,5.72
2020-05-23,41,11.0,,0.11,4.51
2020-05-24,47,9.0,False,0.09,4.2299999999999995
2020-05-25,48,9.0,,0.09,4.32
2020-05-26,45,9.0,,0.09,4.05
2020-05-27,47,9.0,,0.09,4.2299999999999995
2020-05-28,47,9.0,,0.09,4.2299999999999995
2020-05-29,51,9.0,,0.09,4.59
2020-05-30,43,9.0,,0.09,3.8699999999999997
2020-05-31,42,10.0,False,0.1,4.2
2020-06-01,72,10.0,,0.1,7.2
2020-06-02,100,10.0,,0.1,10.0
2020-06-03,79,10.0,,0.1,7.9
2020-06-04,80,10.0,,0.1,8.0
2020-06-05,80,10.0,,0.1,8.0
2020-06-06,65,10.0,,0.1,6.5
2020-06-07,56,8.0,False,0.08,4.48
2020-06-08,67,8.0,,0.08,5.36
2020-06-09,62,8.0,,0.08,4.96
2020-06-10,68,8.0,,0.08,5.44
2020-06-11,76,8.0,,0.08,6.08
2020-06-12,77,8.0,,0.08,6.16
2020-06-13,59,8.0,,0.08,4.72
2020-06-14,65,7.0,False,0.07,4.550000000000001
2020-06-15,60,7.0,,0.07,4.2
2020-06-16,56,7.0,,0.07,3.9200000000000004
2020-06-17,57,7.0,,0.07,3.99
2020-06-18,57,7.0,,0.07,3.99
2020-06-19,51,7.0,,0.07,3.5700000000000003
2020-06-20,50,7.0,,0.07,3.5000000000000004
2020-06-21,51,7.0,False,0.07,3.5700000000000003
2020-06-22,60,7.0,,0.07,4.2
2020-06-23,64,7.0,,0.07,4.48
2020-06-24,63,7.0,,0.07,4.41
2020-06-25,57,7.0,,0.07,3.99
2020-06-26,60,7.0,,0.07,4.2
2020-06-27,62,7.0,,0.07,4.340000000000001
2020-06-28,64,7.0,False,0.07,4.48
2020-06-29,70,7.0,,0.07,4.9
2020-06-30,56,7.0,,0.07,3.9200000000000004
2020-07-01,38,7.0,,0.07,2.66
2020-07-02,40,7.0,,0.07,2.8000000000000003
2020-07-03,43,7.0,,0.07,3.0100000000000002
2020-07-04,36,7.0,,0.07,2.5200000000000005
2020-07-05,36,6.0,False,0.06,2.16
2020-07-06,42,6.0,,0.06,2.52
2020-07-07,38,6.0,,0.06,2.28
2020-07-08,48,6.0,,0.06,2.88
2020-07-09,44,6.0,,0.06,2.6399999999999997
2020-07-10,38,6.0,,0.06,2.28
2020-07-11,35,6.0,,0.06,2.1
2020-07-12,36,6.0,False,0.06,2.16
2020-07-13,35,6.0,,0.06,2.1
2020-07-14,38,6.0,,0.06,2.28
2020-07-15,39,6.0,,0.06,2.34
2020-07-16,47,6.0,,0.06,2.82
2020-07-17,35,6.0,,0.06,2.1
2020-07-18,34,6.0,,0.06,2.04
2020-07-19,29,6.0,False,0.06,1.74
2020-07-20,33,6.0,,0.06,1.98
2020-07-21,37,6.0,,0.06,2.2199999999999998
2020-07-22,38,6.0,,0.06,2.28
2020-07-23,46,6.0,,0.06,2.76
2020-07-24,41,6.0,,0.06,2.46
2020-07-25,31,6.0,,0.06,1.8599999999999999
2020-07-26,54,13.0,False,0.13,7.0200000000000005
2020-07-27,94,13.0,,0.13,12.22
2020-07-28,100,13.0,,0.13,13.0
2020-07-29,83,13.0,,0.13,10.790000000000001
2020-07-30,75,13.0,,0.13,9.75
2020-07-31,72,13.0,,0.13,9.36
2020-08-01,84,13.0,,0.13,10.92
2020-08-02,100,13.0,False,0.13,13.0
2020-08-03,91,13.0,,0.13,11.83
2020-08-04,67,13.0,,0.13,8.71
2020-08-05,82,13.0,,0.13,10.66
2020-08-06,78,13.0,,0.13,10.14
2020-08-07,81,13.0,,0.13,10.530000000000001
2020-08-08,52,13.0,,0.13,6.76
2020-08-09,58,11.0,False,0.11,6.38
2020-08-10,83,11.0,,0.11,9.13
2020-08-11,69,11.0,,0.11,7.59
2020-08-12,63,11.0,,0.11,6.93
2020-08-13,65,11.0,,0.11,7.15
2020-08-14,69,11.0,,0.11,7.59
2020-08-15,55,11.0,,0.11,6.05
2020-08-16,60,10.0,False,0.1,6.0
2020-08-17,70,10.0,,0.1,7.0
2020-08-18,70,10.0,,0.1,7.0
2020-08-19,61,10.0,,0.1,6.1000000000000005
2020-08-20,64,10.0,,0.1,6.4
2020-08-21,53,10.0,,0.1,5.300000000000001
2020-08-22,45,10.0,,0.1,4.5
2020-08-23,45,7.0,False,0.07,3.1500000000000004
2020-08-24,47,7.0,,0.07,3.2900000000000005
2020-08-25,48,7.0,,0.07,3.3600000000000003
2020-08-26,49,7.0,,0.07,3.43
2020-08-27,49,7.0,,0.07,3.43
2020-08-28,45,7.0,,0.07,3.1500000000000004
2020-08-29,43,7.0,,0.07,3.0100000000000002
2020-08-30,39,9.0,False,0.09,3.51
2020-08-31,52,9.0,,0.09,4.68
2020-09-01,79,9.0,,0.09,7.109999999999999
2020-09-02,71,9.0,,0.09,6.39
2020-09-03,76,9.0,,0.09,6.84
2020-09-04,100,9.0,,0.09,9.0
2020-09-05,68,9.0,,0.09,6.12
2020-09-06,67,8.0,False,0.08,5.36
2020-09-07,79,8.0,,0.08,6.32
2020-09-08,83,8.0,,0.08,6.640000000000001
2020-09-09,66,8.0,,0.08,5.28
2020-09-10,54,8.0,,0.08,4.32
2020-09-11,64,8.0,,0.08,5.12
2020-09-12,53,8.0,,0.08,4.24
2020-09-13,56,7.0,False,0.07,3.9200000000000004
2020-09-14,59,7.0,,0.07,4.130000000000001
2020-09-15,69,7.0,,0.07,4.83
2020-09-16,68,7.0,,0.07,4.760000000000001
2020-09-17,54,7.0,,0.07,3.7800000000000002
2020-09-18,55,7.0,,0.07,3.8500000000000005
2020-09-19,48,7.0,,0.07,3.3600000000000003
2020-09-20,43,6.0,False,0.06,2.58
2020-09-21,66,6.0,,0.06,3.96
2020-09-22,62,6.0,,0.06,3.7199999999999998
2020-09-23,53,6.0,,0.06,3.1799999999999997
2020-09-24,50,6.0,,0.06,3.0
2020-09-25,49,6.0,,0.06,2.94
2020-09-26,43,6.0,,0.06,2.58
2020-09-27,42,5.0,False,0.05,2.1
2020-09-28,46,5.0,,0.05,2.3000000000000003
2020-09-29,45,5.0,,0.05,2.25
2020-09-30,44,5.0,,0.05,2.2
2020-10-01,33,5.0,,0.05,1.6500000000000001
2020-10-02,38,5.0,,0.05,1.9000000000000001
2020-10-03,31,5.0,,0.05,1.55
2020-10-04,34,6.0,False,0.06,2.04
2020-10-05,38,6.0,,0.06,2.28
2020-10-06,36,6.0,,0.06,2.16
2020-10-07,36,6.0,,0.06,2.16
2020-10-08,38,6.0,,0.06,2.28
2020-10-09,38,6.0,,0.06,2.28
2020-10-10,46,6.0,,0.06,2.76
2020-10-11,43,6.0,False,0.06,2.58
2020-10-12,55,6.0,,0.06,3.3
2020-10-13,50,6.0,,0.06,3.0
2020-10-14,42,6.0,,0.06,2.52
2020-10-15,43,6.0,,0.06,2.58
2020-10-16,42,6.0,,0.06,2.52
2020-10-17,29,6.0,,0.06,1.74
2020-10-18,32,10.0,False,0.1,3.2
2020-10-19,41,10.0,,0.1,4.1000000000000005
2020-10-20,57,10.0,,0.1,5.7
2020-10-21,87,10.0,,0.1,8.700000000000001
2020-10-22,100,10.0,,0.1,10.0
2020-10-23,76,10.0,,0.1,7.6000000000000005
2020-10-24,61,10.0,,0.1,6.1000000000000005
2020-10-25,62,11.0,False,0.11,6.82
2020-10-26,63,11.0,,0.11,6.93
2020-10-27,80,11.0,,0.11,8.8
2020-10-28,95,11.0,,0.11,10.45
2020-10-29,71,11.0,,0.11,7.81
2020-10-30,71,11.0,,0.11,7.81
2020-10-31,67,11.0,,0.11,7.37
2020-11-01,38,13.0,False,0.13,4.94
2020-11-02,41,13.0,,0.13,5.33
2020-11-03,39,13.0,,0.13,5.07
2020-11-04,38,13.0,,0.13,4.94
2020-11-05,66,13.0,,0.13,8.58
2020-11-06,66,13.0,,0.13,8.58
2020-11-07,48,13.0,,0.13,6.24
2020-11-08,52,13.0,False,0.13,6.76
2020-11-09,59,13.0,,0.13,7.67
2020-11-10,49,13.0,,0.13,6.37
2020-11-11,45,13.0,,0.13,5.8500000000000005
2020-11-12,53,13.0,,0.13,6.890000000000001
2020-11-13,63,13.0,,0.13,8.19
2020-11-14,50,13.0,,0.13,6.5
2020-11-15,43,20.0,False,0.2,8.6
2020-11-16,56,20.0,,0.2,11.200000000000001
2020-11-17,88,20.0,,0.2,17.6
2020-11-18,96,20.0,,0.2,19.200000000000003
2020-11-19,78,20.0,,0.2,15.600000000000001
2020-11-20,86,20.0,,0.2,17.2
2020-11-21,83,20.0,,0.2,16.6
2020-11-22,70,22.0,False,0.22,15.4
2020-11-23,75,22.0,,0.22,16.5
2020-11-24,97,22.0,,0.22,21.34
2020-11-25,90,22.0,,0.22,19.8
2020-11-26,100,22.0,,0.22,22.0
2020-11-27,84,22.0,,0.22,18.48
2020-11-28,63,22.0,,0.22,13.86
2020-11-29,66,20.0,False,0.2,13.200000000000001
2020-11-30,85,20.0,,0.2,17.0
2020-12-01,53,20.0,,0.2,10.600000000000001
2020-12-02,38,20.0,,0.2,7.6000000000000005
2020-12-03,41,20.0,,0.2,8.200000000000001
2020-12-04,37,20.0,,0.2,7.4
2020-12-05,33,20.0,,0.2,6.6000000000000005
2020-12-06,30,15.0,False,0.15,4.5
2020-12-07,34,15.0,,0.15,5.1
2020-12-08,32,15.0,,0.15,4.8
2020-12-09,34,15.0,,0.15,5.1
2020-12-10,28,15.0,,0.15,4.2
2020-12-11,30,15.0,,0.15,4.5
2020-12-12,24,15.0,,0.15,3.5999999999999996
2020-12-13,28,25.0,False,0.25,7.0
2020-12-14,30,25.0,,0.25,7.5
2020-12-15,28,25.0,,0.25,7.0
2020-12-16,59,25.0,,0.25,14.75
2020-12-17,100,25.0,,0.25,25.0
2020-12-18,67,25.0,,0.25,16.75
2020-12-19,61,25.0,,0.25,15.25
2020-12-20,55,27.0,False,0.27,14.850000000000001
2020-12-21,63,27.0,,0.27,17.01
2020-12-22,54,27.0,,0.27,14.580000000000002
2020-12-23,49,27.0,,0.27,13.23
2020-12-24,44,27.0,,0.27,11.88
2020-12-25,50,27.0,,0.27,13.5
2020-12-26,65,27.0,,0.27,17.55
2020-12-27,93,42.0,False,0.42,39.059999999999995
2020-12-28,85,42.0,,0.42,35.699999999999996
2020-12-29,70,42.0,,0.42,29.4
2020-12-30,81,42.0,,0.42,34.019999999999996
2020-12-31,83,42.0,,0.42,34.86
2021-01-01,36,42.0,,0.42,15.12
2021-01-02,58,42.0,,0.42,24.36
2021-01-03,68,70.0,False,0.7,47.599999999999994
2021-01-04,65,70.0,,0.7,45.5
2021-01-05,53,70.0,,0.7,37.099999999999994
2021-01-06,58,70.0,,0.7,40.599999999999994
2021-01-07,83,70.0,,0.7,58.099999999999994
2021-01-08,81,70.0,,0.7,56.699999999999996
2021-01-09,63,70.0,,0.7,44.099999999999994
2021-01-10,61,67.0,False,0.67,40.870000000000005
2021-01-11,100,67.0,,0.67,67.0
2021-01-12,81,67.0,,0.67,54.27
2021-01-13,60,67.0,,0.67,40.2
2021-01-14,62,67.0,,0.67,41.54
2021-01-15,59,67.0,,0.67,39.53
2021-01-16,46,67.0,,0.67,30.82
2021-01-17,41,44.0,False,0.44,18.04
2021-01-18,40,44.0,,0.44,17.6
2021-01-19,39,44.0,,0.44,17.16
2021-01-20,38,44.0,,0.44,16.72
2021-01-21,48,44.0,,0.44,21.12
2021-01-22,57,44.0,,0.44,25.080000000000002
2021-01-23,37,44.0,,0.44,16.28
2021-01-24,33,40.0,False,0.4,13.200000000000001
2021-01-25,37,40.0,,0.4,14.8
2021-01-26,34,40.0,,0.4,13.600000000000001
2021-01-27,38,40.0,,0.4,15.200000000000001
2021-01-28,38,40.0,,0.4,15.200000000000001
2021-01-29,61,40.0,,0.4,24.400000000000002
2021-01-30,42,40.0,,0.4,16.8
2021-01-31,34,36.0,False,0.36,12.24
2021-02-01,38,36.0,,0.36,13.68
2021-02-02,34,36.0,,0.36,12.24
2021-02-03,35,36.0,,0.36,12.6
2021-02-04,38,36.0,,0.36,13.68
2021-02-05,34,36.0,,0.36,12.24
2021-02-06,40,36.0,,0.36,14.399999999999999
2021-02-07,35,59.0,False,0.59,20.65
2021-02-08,82,59.0,,0.59,48.379999999999995
2021-02-09,97,59.0,,0.59,57.23
2021-02-10,64,59.0,,0.59,37.76
2021-02-11,58,59.0,,0.59,34.22
2021-02-12,56,59.0,,0.59,33.04
2021-02-13,45,59.0,,0.59,26.549999999999997
2021-02-14,47,58.0,False,0.58,27.259999999999998
2021-02-15,51,58.0,,0.58,29.58
2021-02-16,62,58.0,,0.58,35.96
2021-02-17,66,58.0,,0.58,38.279999999999994
2021-02-18,59,58.0,,0.58,34.22
2021-02-19,65,58.0,,0.58,37.699999999999996
2021-02-20,73,58.0,,0.58,42.339999999999996
2021-02-21,64,67.0,False,0.67,42.88
2021-02-22,79,67.0,,0.67,52.93
2021-02-23,100,67.0,,0.67,67.0
2021-02-24,75,67.0,,0.67,50.25
2021-02-25,62,67.0,,0.67,41.54
2021-02-26,62,67.0,,0.67,41.54
2021-02-27,49,67.0,,0.67,32.830000000000005
2021-02-28,51,46.0,False,0.46,23.46
2021-03-01,100,46.0,,0.46,46.0
2021-03-02,84,46.0,,0.46,38.64
2021-03-03,81,46.0,,0.46,37.260000000000005
2021-03-04,80,46.0,,0.46,36.800000000000004
2021-03-05,77,46.0,,0.46,35.42
2021-03-06,63,46.0,,0.46,28.98
2021-03-07,71,43.0,False,0.43,30.53
2021-03-08,74,43.0,,0.43,31.82
2021-03-09,84,43.0,,0.43,36.12
2021-03-10,90,43.0,,0.43,38.7
2021-03-11,79,43.0,,0.43,33.97
2021-03-12,76,43.0,,0.43,32.68
2021-03-13,95,43.0,,0.43,40.85
2021-03-14,96,43.0,False,0.43,41.28
2021-03-15,86,43.0,,0.43,36.98
2021-03-16,82,43.0,,0.43,35.26
2021-03-17,75,43.0,,0.43,32.25
2021-03-18,76,43.0,,0.43,32.68
2021-03-19,65,43.0,,0.43,27.95
2021-03-20,57,43.0,,0.43,24.509999999999998
2021-03-21,58,36.0,False,0.36,20.88
2021-03-22,63,36.0,,0.36,22.68
2021-03-23,67,36.0,,0.36,24.119999999999997
2021-03-24,78,36.0,,0.36,28.08
2021-03-25,82,36.0,,0.36,29.52
2021-03-26,66,36.0,,0.36,23.759999999999998
2021-03-27,60,36.0,,0.36,21.599999999999998
2021-03-28,56,34.0,False,0.34,19.040000000000003
2021-03-29,65,34.0,,0.34,22.1
2021-03-30,64,34.0,,0.34,21.76
2021-03-31,67,34.0,,0.34,22.78
2021-04-01,50,34.0,,0.34,17.0
2021-04-02,50,34.0,,0.34,17.0
2021-04-03,46,34.0,,0.34,15.64
2021-04-04,42,29.0,False,0.29,12.18
2021-04-05,45,29.0,,0.29,13.049999999999999
2021-04-06,46,29.0,,0.29,13.34
2021-04-07,43,29.0,,0.29,12.469999999999999
2021-04-08,44,29.0,,0.29,12.76
2021-04-09,39,29.0,,0.29,11.309999999999999
2021-04-10,46,29.0,,0.29,13.34
2021-04-11,44,39.0,False,0.39,17.16
2021-04-12,44,39.0,,0.39,17.16
2021-04-13,64,39.0,,0.39,24.96
2021-04-14,77,39.0,,0.39,30.03
2021-04-15,55,39.0,,0.39,21.45
2021-04-16,64,39.0,,0.39,24.96
2021-04-17,52,39.0,,0.39,20.28
2021-04-18,87,51.0,False,0.51,44.37
2021-04-19,84,51.0,,0.51,42.84
2021-04-20,71,51.0,,0.51,36.21
2021-04-21,53,51.0,,0.51,27.03
2021-04-22,60,51.0,,0.51,30.6
2021-04-23,100,51.0,,0.51,51.0
2021-04-24,72,51.0,,0.51,36.72
2021-04-25,63,39.0,False,0.39,24.57
2021-04-26,70,39.0,,0.39,27.3
2021-04-27,64,39.0,,0.39,24.96
2021-04-28,57,39.0,,0.39,22.23
2021-04-29,51,39.0,,0.39,19.89
2021-04-30,48,39.0,,0.39,18.72
2021-05-01,21,39.0,,0.39,8.19
2021-05-02,19,32.0,False,0.32,6.08
2021-05-03,22,32.0,,0.32,7.04
2021-05-04,22,32.0,,0.32,7.04
2021-05-05,22,32.0,,0.32,7.04
2021-05-06,22,32.0,,0.32,7.04
2021-05-07,19,32.0,,0.32,6.08
2021-05-08,19,32.0,,0.32,6.08
2021-05-09,22,47.0,False,0.47,10.34
2021-05-10,22,47.0,,0.47,10.34
2021-05-11,21,47.0,,0.47,9.87
2021-05-12,22,47.0,,0.47,10.34
2021-05-13,64,47.0,,0.47,30.08
2021-05-14,38,47.0,,0.47,17.86
2021-05-15,26,47.0,,0.47,12.219999999999999
2021-05-16,30,86.0,False,0.86,25.8
2021-05-17,46,86.0,,0.86,39.56
2021-05-18,36,86.0,,0.86,30.96
2021-05-19,100,86.0,,0.86,86.0
2021-05-20,80,86.0,,0.86,68.8
2021-05-21,58,86.0,,0.86,49.88
2021-05-22,48,86.0,,0.86,41.28
2021-05-23,58,65.0,False,0.65,37.7
2021-05-24,57,65.0,,0.65,37.050000000000004
2021-05-25,46,65.0,,0.65,29.900000000000002
2021-05-26,37,65.0,,0.65,24.05
2021-05-27,30,65.0,,0.65,19.5
2021-05-28,33,65.0,,0.65,21.45
2021-05-29,32,65.0,,0.65,20.8
2021-05-30,30,45.0,False,0.45,13.5
2021-05-31,30,45.0,,0.45,13.5
2021-06-01,72,45.0,,0.45,32.4
2021-06-02,70,45.0,,0.45,31.5
2021-06-03,69,45.0,,0.45,31.05
2021-06-04,73,45.0,,0.45,32.85
2021-06-05,60,45.0,,0.45,27.0
2021-06-06,61,41.0,False,0.41,25.009999999999998
2021-06-07,61,41.0,,0.41,25.009999999999998
2021-06-08,83,41.0,,0.41,34.03
2021-06-09,73,41.0,,0.41,29.93
2021-06-10,65,41.0,,0.41,26.65
2021-06-11,53,41.0,,0.41,21.73
2021-06-12,47,41.0,,0.41,19.27
2021-06-13,49,32.0,False,0.32,15.68
2021-06-14,68,32.0,,0.32,21.76
2021-06-15,54,32.0,,0.32,17.28
2021-06-16,47,32.0,,0.32,15.040000000000001
2021-06-17,45,32.0,,0.32,14.4
2021-06-18,46,32.0,,0.32,14.72
2021-06-19,39,32.0,,0.32,12.48
2021-06-20,43,42.0,False,0.42,18.06
2021-06-21,66,42.0,,0.42,27.72
2021-06-22,100,42.0,,0.42,42.0
2021-06-23,74,42.0,,0.42,31.08
2021-06-24,60,42.0,,0.42,25.2
2021-06-25,55,42.0,,0.42,23.099999999999998
2021-06-26,50,42.0,,0.42,21.0
2021-06-27,52,29.0,False,0.29,15.079999999999998
2021-06-28,55,29.0,,0.29,15.95
2021-06-29,50,29.0,,0.29,14.499999999999998
2021-06-30,43,29.0,,0.29,12.469999999999999
2021-07-01,65,29.0,,0.29,18.849999999999998
2021-07-02,62,29.0,,0.29,17.98
2021-07-03,56,29.0,,0.29,16.24
2021-07-04,55,22.0,False,0.22,12.1
2021-07-05,55,22.0,,0.22,12.1
2021-07-06,58,22.0,,0.22,12.76
2021-07-07,58,22.0,,0.22,12.76
2021-07-08,67,22.0,,0.22,14.74
2021-07-09,64,22.0,,0.22,14.08
2021-07-10,47,22.0,,0.22,10.34
2021-07-11,48,22.0,False,0.22,10.56
2021-07-12,55,22.0,,0.22,12.1
2021-07-13,58,22.0,,0.22,12.76
2021-07-14,58,22.0,,0.22,12.76
2021-07-15,58,22.0,,0.22,12.76
2021-07-16,63,22.0,,0.22,13.86
2021-07-17,53,22.0,,0.22,11.66
2021-07-18,52,28.0,False,0.28,14.560000000000002
2021-07-19,70,28.0,,0.28,19.6
2021-07-20,86,28.0,,0.28,24.080000000000002
2021-07-21,83,28.0,,0.28,23.240000000000002
2021-07-22,71,28.0,,0.28,19.880000000000003
2021-07-23,58,28.0,,0.28,16.240000000000002
2021-07-24,56,28.0,,0.28,15.680000000000001
2021-07-25,57,30.0,False,0.3,17.099999999999998
2021-07-26,100,30.0,,0.3,30.0
2021-07-27,83,30.0,,0.3,24.9
2021-07-28,79,30.0,,0.3,23.7
2021-07-29,71,30.0,,0.3,21.3
2021-07-30,64,30.0,,0.3,19.2
2021-07-31,66,30.0,,0.3,19.8
2021-08-01,74,25.0,False,0.25,18.5
2021-08-02,78,25.0,,0.25,19.5
2021-08-03,76,25.0,,0.25,19.0
2021-08-04,74,25.0,,0.25,18.5
2021-08-05,72,25.0,,0.25,18.0
2021-08-06,76,25.0,,0.25,19.0
2021-08-07,84,25.0,,0.25,21.0
2021-08-08,85,29.0,False,0.29,24.65
2021-08-09,97,29.0,,0.29,28.13
2021-08-10,93,29.0,,0.29,26.97
2021-08-11,88,29.0,,0.29,25.52
2021-08-12,86,29.0,,0.29,24.939999999999998
2021-08-13,85,29.0,,0.29,24.65
2021-08-14,81,29.0,,0.29,23.49
2021-08-15,77,24.0,False,0.24,18.48
2021-08-16,82,24.0,,0.24,19.68
2021-08-17,74,24.0,,0.24,17.759999999999998
2021-08-18,71,24.0,,0.24,17.04
2021-08-19,68,24.0,,0.24,16.32
2021-08-20,80,24.0,,0.24,19.2
2021-08-21,77,24.0,,0.24,18.48
2021-08-22,73,25.0,False,0.25,18.25
2021-08-23,100,25.0,,0.25,25.0
2021-08-24,90,25.0,,0.25,22.5
2021-08-25,74,25.0,,0.25,18.5
2021-08-26,78,25.0,,0.25,19.5
2021-08-27,72,25.0,,0.25,18.0
2021-08-28,64,25.0,,0.25,16.0
2021-08-29,57,21.0,False,0.21,11.969999999999999
2021-08-30,66,21.0,,0.21,13.86
2021-08-31,70,21.0,,0.21,14.7
2021-09-01,53,21.0,,0.21,11.129999999999999
2021-09-02,53,21.0,,0.21,11.129999999999999
2021-09-03,53,21.0,,0.21,11.129999999999999
2021-09-04,51,21.0,,0.21,10.709999999999999
2021-09-05,52,28.0,False,0.28,14.560000000000002
2021-09-06,56,28.0,,0.28,15.680000000000001
2021-09-07,100,28.0,,0.28,28.000000000000004
2021-09-08,94,28.0,,0.28,26.320000000000004
2021-09-09,67,28.0,,0.28,18.76
2021-09-10,55,28.0,,0.28,15.400000000000002
2021-09-11,51,28.0,,0.28,14.280000000000001
2021-09-12,46,21.0,False,0.21,9.66
2021-09-13,55,21.0,,0.21,11.549999999999999
2021-09-14,56,21.0,,0.21,11.76
2021-09-15,50,21.0,,0.21,10.5
2021-09-16,51,21.0,,0.21,10.709999999999999
2021-09-17,42,21.0,,0.21,8.82
2021-09-18,45,21.0,,0.21,9.45
2021-09-19,43,28.0,False,0.28,12.040000000000001
2021-09-20,65,28.0,,0.28,18.200000000000003
2021-09-21,72,28.0,,0.28,20.160000000000004
2021-09-22,57,28.0,,0.28,15.96
2021-09-23,58,28.0,,0.28,16.240000000000002
2021-09-24,87,28.0,,0.28,24.360000000000003
2021-09-25,63,28.0,,0.28,17.64
2021-09-26,54,22.0,False,0.22,11.88
2021-09-27,53,22.0,,0.22,11.66
2021-09-28,50,22.0,,0.22,11.0
2021-09-29,47,22.0,,0.22,10.34
2021-09-30,48,22.0,,0.22,10.56
2021-10-01,65,22.0,,0.22,14.3
2021-10-02,56,22.0,,0.22,12.32
2021-10-03,55,21.0,False,0.21,11.549999999999999
2021-10-04,60,21.0,,0.21,12.6
2021-10-05,49,21.0,,0.21,10.29
2021-10-06,63,21.0,,0.21,13.229999999999999
2021-10-07,59,21.0,,0.21,12.389999999999999
2021-10-08,54,21.0,,0.21,11.34
2021-10-09,43,21.0,,0.21,9.03
2021-10-10,45,22.0,False,0.22,9.9
2021-10-11,56,22.0,,0.22,12.32
2021-10-12,54,22.0,,0.22,11.88
2021-10-13,46,22.0,,0.22,10.12
2021-10-14,54,22.0,,0.22,11.88
2021-10-15,71,22.0,,0.22,15.62
2021-10-16,65,22.0,,0.22,14.3
2021-10-17,55,28.0,False,0.28,15.400000000000002
2021-10-18,71,28.0,,0.28,19.880000000000003
2021-10-19,78,28.0,,0.28,21.840000000000003
2021-10-20,100,28.0,,0.28,28.000000000000004
2021-10-21,90,28.0,,0.28,25.200000000000003
2021-10-22,75,28.0,,0.28,21.000000000000004
2021-10-23,60,28.0,,0.28,16.8
2021-10-24,53,22.0,False,0.22,11.66
2021-10-25,62,22.0,,0.22,13.64
2021-10-26,61,22.0,,0.22,13.42
2021-10-27,63,22.0,,0.22,13.86
2021-10-28,64,22.0,,0.22,14.08
2021-10-29,57,22.0,,0.22,12.540000000000001
2021-10-30,46,22.0,,0.22,10.12
2021-10-31,43,18.0,False,0.18,7.739999999999999
2021-11-01,69,18.0,,0.18,12.42
2021-11-02,73,18.0,,0.18,13.139999999999999
2021-11-03,69,18.0,,0.18,12.42
2021-11-04,62,18.0,,0.18,11.16
2021-11-05,59,18.0,,0.18,10.62
2021-11-06,53,18.0,,0.18,9.54
2021-11-07,56,22.0,False,0.22,12.32
2021-11-08,88,22.0,,0.22,19.36
2021-11-09,100,22.0,,0.22,22.0
2021-11-10,93,22.0,,0.22,20.46
2021-11-11,80,22.0,,0.22,17.6
2021-11-12,74,22.0,,0.22,16.28
2021-11-13,64,22.0,,0.22,14.08
2021-11-14,60,23.0,False,0.23,13.8
2021-11-15,71,23.0,,0.23,16.330000000000002
2021-11-16,90,23.0,,0.23,20.7
2021-11-17,85,23.0,,0.23,19.55
2021-11-18,90,23.0,,0.23,20.7
2021-11-19,88,23.0,,0.23,20.240000000000002
2021-11-20,74,23.0,,0.23,17.02
2021-11-21,63,21.0,False,0.21,13.229999999999999
2021-11-22,69,21.0,,0.21,14.49
2021-11-23,76,21.0,,0.21,15.959999999999999
2021-11-24,81,21.0,,0.21,17.009999999999998
2021-11-25,67,21.0,,0.21,14.07
2021-11-26,95,21.0,,0.21,19.95
2021-11-27,70,21.0,,0.21,14.7
2021-11-28,75,20.0,True,0.2,15.0
2021-11-29,74,20.0,,0.2,14.8
2021-11-30,76,20.0,,0.2,15.200000000000001
2021-12-01,100,20.0,,0.2,20.0
2021-12-02,96,20.0,,0.2,19.200000000000003
