date,sell bitcoin_unscaled,sell bitcoin_monthly,isPartial,scale,sell bitcoin
2017-08-01,41,,,,
2017-08-02,71,,,,
2017-08-03,25,,,,
2017-08-04,9,,,,
2017-08-05,29,,,,
2017-08-06,77,13.0,False,0.13,10.01
2017-08-07,16,13.0,,0.13,2.08
2017-08-08,55,13.0,,0.13,7.15
2017-08-09,66,13.0,,0.13,8.58
2017-08-10,42,13.0,,0.13,5.46
2017-08-11,26,13.0,,0.13,3.38
2017-08-12,48,13.0,,0.13,6.24
2017-08-13,77,18.0,False,0.18,13.86
2017-08-14,68,18.0,,0.18,12.24
2017-08-15,60,18.0,,0.18,10.799999999999999
2017-08-16,100,18.0,,0.18,18.0
2017-08-17,58,18.0,,0.18,10.44
2017-08-18,34,18.0,,0.18,6.12
2017-08-19,76,18.0,,0.18,13.68
2017-08-20,84,13.0,False,0.13,10.92
2017-08-21,56,13.0,,0.13,7.28
2017-08-22,41,13.0,,0.13,5.33
2017-08-23,25,13.0,,0.13,3.25
2017-08-24,58,13.0,,0.13,7.54
2017-08-25,35,13.0,,0.13,4.55
2017-08-26,19,13.0,,0.13,2.47
2017-08-27,46,13.0,False,0.13,5.98
2017-08-28,50,13.0,,0.13,6.5
2017-08-29,32,13.0,,0.13,4.16
2017-08-30,25,13.0,,0.13,3.25
2017-08-31,66,13.0,,0.13,8.58
2017-09-01,51,13.0,,0.13,6.63
2017-09-02,38,13.0,,0.13,4.94
2017-09-03,64,14.0,False,0.14,8.96
2017-09-04,100,14.0,,0.14,14.000000000000002
2017-09-05,48,14.0,,0.14,6.720000000000001
2017-09-06,55,14.0,,0.14,7.700000000000001
2017-09-07,49,14.0,,0.14,6.86
2017-09-08,33,14.0,,0.14,4.62
2017-09-09,82,14.0,,0.14,11.48
2017-09-10,45,17.0,False,0.17,7.65
2017-09-11,31,17.0,,0.17,5.2700000000000005
2017-09-12,47,17.0,,0.17,7.99
2017-09-13,39,17.0,,0.17,6.630000000000001
2017-09-14,56,17.0,,0.17,9.520000000000001
2017-09-15,25,17.0,,0.17,4.25
2017-09-16,83,17.0,,0.17,14.110000000000001
2017-09-17,81,8.0,False,0.08,6.48
2017-09-18,32,8.0,,0.08,2.56
2017-09-19,31,8.0,,0.08,2.48
2017-09-20,24,8.0,,0.08,1.92
2017-09-21,0,8.0,,0.08,0.0
2017-09-22,33,8.0,,0.08,2.64
2017-09-23,37,8.0,,0.08,2.96
2017-09-24,36,8.0,False,0.08,2.88
2017-09-25,40,8.0,,0.08,3.2
2017-09-26,31,8.0,,0.08,2.48
2017-09-27,24,8.0,,0.08,1.92
2017-09-28,56,8.0,,0.08,4.48
2017-09-29,25,8.0,,0.08,2.0
2017-09-30,0,8.0,,0.08,0.0
2017-10-01,21,9.0,False,0.09,1.89
2017-10-02,30,9.0,,0.09,2.6999999999999997
2017-10-03,49,9.0,,0.09,4.41
2017-10-04,18,9.0,,0.09,1.6199999999999999
2017-10-05,24,9.0,,0.09,2.16
2017-10-06,31,9.0,,0.09,2.79
2017-10-07,28,9.0,,0.09,2.52
2017-10-08,48,16.0,False,0.16,7.68
2017-10-09,42,16.0,,0.16,6.72
2017-10-10,41,16.0,,0.16,6.5600000000000005
2017-10-11,18,16.0,,0.16,2.88
2017-10-12,62,16.0,,0.16,9.92
2017-10-13,100,16.0,,0.16,16.0
2017-10-14,14,16.0,,0.16,2.24
2017-10-15,54,17.0,False,0.17,9.180000000000001
2017-10-16,47,17.0,,0.17,7.99
2017-10-17,35,17.0,,0.17,5.95
2017-10-18,42,17.0,,0.17,7.140000000000001
2017-10-19,49,17.0,,0.17,8.33
2017-10-20,44,17.0,,0.17,7.48
2017-10-21,41,17.0,,0.17,6.970000000000001
2017-10-22,53,21.0,False,0.21,11.129999999999999
2017-10-23,47,21.0,,0.21,9.87
2017-10-24,65,21.0,,0.21,13.65
2017-10-25,59,21.0,,0.21,12.389999999999999
2017-10-26,24,21.0,,0.21,5.04
2017-10-27,25,21.0,,0.21,5.25
2017-10-28,34,21.0,,0.21,7.14
2017-10-29,47,26.0,False,0.26,12.22
2017-10-30,65,26.0,,0.26,16.900000000000002
2017-10-31,48,26.0,,0.26,12.48
2017-11-01,21,26.0,,0.26,5.46
2017-11-02,30,26.0,,0.26,7.800000000000001
2017-11-03,28,26.0,,0.26,7.28
2017-11-04,32,26.0,,0.26,8.32
2017-11-05,24,25.0,False,0.25,6.0
2017-11-06,20,25.0,,0.25,5.0
2017-11-07,24,25.0,,0.25,6.0
2017-11-08,22,25.0,,0.25,5.5
2017-11-09,24,25.0,,0.25,6.0
2017-11-10,27,25.0,,0.25,6.75
2017-11-11,43,25.0,,0.25,10.75
2017-11-12,27,23.0,False,0.23,6.21
2017-11-13,19,23.0,,0.23,4.37
2017-11-14,15,23.0,,0.23,3.45
2017-11-15,24,23.0,,0.23,5.5200000000000005
2017-11-16,28,23.0,,0.23,6.44
2017-11-17,21,23.0,,0.23,4.83
2017-11-18,13,23.0,,0.23,2.99
2017-11-19,20,24.0,False,0.24,4.8
2017-11-20,15,24.0,,0.24,3.5999999999999996
2017-11-21,46,24.0,,0.24,11.04
2017-11-22,46,24.0,,0.24,11.04
2017-11-23,16,24.0,,0.24,3.84
2017-11-24,14,24.0,,0.24,3.36
2017-11-25,22,24.0,,0.24,5.279999999999999
2017-11-26,42,54.0,False,0.54,22.68
2017-11-27,47,54.0,,0.54,25.380000000000003
2017-11-28,89,54.0,,0.54,48.06
2017-11-29,100,54.0,,0.54,54.0
2017-11-30,69,54.0,,0.54,37.260000000000005
2017-12-01,28,54.0,,0.54,15.120000000000001
2017-12-02,26,54.0,,0.54,14.040000000000001
2017-12-03,33,100.0,False,1.0,33.0
2017-12-04,30,100.0,,1.0,30.0
2017-12-05,22,100.0,,1.0,22.0
2017-12-06,59,100.0,,1.0,59.0
2017-12-07,100,100.0,,1.0,100.0
2017-12-08,86,100.0,,1.0,86.0
2017-12-09,50,100.0,,1.0,50.0
2017-12-10,51,89.0,False,0.89,45.39
2017-12-11,48,89.0,,0.89,42.72
2017-12-12,72,89.0,,0.89,64.08
2017-12-13,58,89.0,,0.89,51.62
2017-12-14,34,89.0,,0.89,30.26
2017-12-15,41,89.0,,0.89,36.49
2017-12-16,42,89.0,,0.89,37.38
2017-12-17,39,79.0,False,0.79,30.810000000000002
2017-12-18,54,79.0,,0.79,42.660000000000004
2017-12-19,38,79.0,,0.79,30.020000000000003
2017-12-20,56,79.0,,0.79,44.24
2017-12-21,47,79.0,,0.79,37.13
2017-12-22,70,79.0,,0.79,55.300000000000004
2017-12-23,43,79.0,,0.79,33.97
2017-12-24,19,40.0,False,0.4,7.6000000000000005
2017-12-25,28,40.0,,0.4,11.200000000000001
2017-12-26,19,40.0,,0.4,7.6000000000000005
2017-12-27,23,40.0,,0.4,9.200000000000001
2017-12-28,20,40.0,,0.4,8.0
2017-12-29,25,40.0,,0.4,10.0
2017-12-30,21,40.0,,0.4,8.4
2017-12-31,24,34.0,False,0.34,8.16
2018-01-01,56,34.0,,0.34,19.040000000000003
2018-01-02,75,34.0,,0.34,25.500000000000004
2018-01-03,48,34.0,,0.34,16.32
2018-01-04,100,34.0,,0.34,34.0
2018-01-05,72,34.0,,0.34,24.48
2018-01-06,50,34.0,,0.34,17.0
2018-01-07,43,32.0,False,0.32,13.76
2018-01-08,75,32.0,,0.32,24.0
2018-01-09,34,32.0,,0.32,10.88
2018-01-10,51,32.0,,0.32,16.32
2018-01-11,45,32.0,,0.32,14.4
2018-01-12,39,32.0,,0.32,12.48
2018-01-13,55,32.0,,0.32,17.6
2018-01-14,65,29.0,False,0.29,18.849999999999998
2018-01-15,44,29.0,,0.29,12.76
2018-01-16,67,29.0,,0.29,19.43
2018-01-17,94,29.0,,0.29,27.259999999999998
2018-01-18,64,29.0,,0.29,18.56
2018-01-19,42,29.0,,0.29,12.18
2018-01-20,35,29.0,,0.29,10.149999999999999
2018-01-21,30,21.0,False,0.21,6.3
2018-01-22,30,21.0,,0.21,6.3
2018-01-23,30,21.0,,0.21,6.3
2018-01-24,33,21.0,,0.21,6.93
2018-01-25,34,21.0,,0.21,7.14
2018-01-26,32,21.0,,0.21,6.72
2018-01-27,58,21.0,,0.21,12.18
2018-01-28,23,24.0,False,0.24,5.52
2018-01-29,40,24.0,,0.24,9.6
2018-01-30,44,24.0,,0.24,10.559999999999999
2018-01-31,37,24.0,,0.24,8.879999999999999
2018-02-01,66,24.0,,0.24,15.84
2018-02-02,56,24.0,,0.24,13.44
2018-02-03,82,24.0,,0.24,19.68
2018-02-04,47,22.0,False,0.22,10.34
2018-02-05,83,22.0,,0.22,18.26
2018-02-06,100,22.0,,0.22,22.0
2018-02-07,70,22.0,,0.22,15.4
2018-02-08,47,22.0,,0.22,10.34
2018-02-09,31,22.0,,0.22,6.82
2018-02-10,67,22.0,,0.22,14.74
2018-02-11,53,9.0,False,0.09,4.77
2018-02-12,18,9.0,,0.09,1.6199999999999999
2018-02-13,30,9.0,,0.09,2.6999999999999997
2018-02-14,35,9.0,,0.09,3.15
2018-02-15,42,9.0,,0.09,3.78
2018-02-16,43,9.0,,0.09,3.8699999999999997
2018-02-17,61,9.0,,0.09,5.49
2018-02-18,40,14.0,False,0.14,5.6000000000000005
2018-02-19,42,14.0,,0.14,5.880000000000001
2018-02-20,41,14.0,,0.14,5.74
2018-02-21,47,14.0,,0.14,6.580000000000001
2018-02-22,65,14.0,,0.14,9.100000000000001
2018-02-23,19,14.0,,0.14,2.66
2018-02-24,13,14.0,,0.14,1.8200000000000003
2018-02-25,20,9.0,False,0.09,1.7999999999999998
2018-02-26,17,9.0,,0.09,1.53
2018-02-27,40,9.0,,0.09,3.5999999999999996
2018-02-28,35,9.0,,0.09,3.15
2018-03-01,68,9.0,,0.09,6.12
2018-03-02,27,9.0,,0.09,2.4299999999999997
2018-03-03,40,9.0,,0.09,3.5999999999999996
2018-03-04,20,10.0,False,0.1,2.0
2018-03-05,60,10.0,,0.1,6.0
2018-03-06,78,10.0,,0.1,7.800000000000001
2018-03-07,53,10.0,,0.1,5.300000000000001
2018-03-08,26,10.0,,0.1,2.6
2018-03-09,65,10.0,,0.1,6.5
2018-03-10,40,10.0,,0.1,4.0
2018-03-11,49,9.0,False,0.09,4.41
2018-03-12,35,9.0,,0.09,3.15
2018-03-13,52,9.0,,0.09,4.68
2018-03-14,61,9.0,,0.09,5.49
2018-03-15,26,9.0,,0.09,2.34
2018-03-16,36,9.0,,0.09,3.2399999999999998
2018-03-17,100,9.0,,0.09,9.0
2018-03-18,39,7.0,False,0.07,2.7300000000000004
2018-03-19,62,7.0,,0.07,4.340000000000001
2018-03-20,35,7.0,,0.07,2.45
2018-03-21,44,7.0,,0.07,3.08
2018-03-22,35,7.0,,0.07,2.45
2018-03-23,18,7.0,,0.07,1.2600000000000002
2018-03-24,31,7.0,,0.07,2.1700000000000004
2018-03-25,30,11.0,False,0.11,3.3
2018-03-26,27,11.0,,0.11,2.97
2018-03-27,18,11.0,,0.11,1.98
2018-03-28,54,11.0,,0.11,5.94
2018-03-29,38,11.0,,0.11,4.18
2018-03-30,79,11.0,,0.11,8.69
2018-03-31,11,11.0,,0.11,1.21
2018-04-01,48,7.0,False,0.07,3.3600000000000003
2018-04-02,22,7.0,,0.07,1.54
2018-04-03,20,7.0,,0.07,1.4000000000000001
2018-04-04,31,7.0,,0.07,2.1700000000000004
2018-04-05,31,7.0,,0.07,2.1700000000000004
2018-04-06,32,7.0,,0.07,2.24
2018-04-07,47,7.0,,0.07,3.2900000000000005
2018-04-08,47,6.0,False,0.06,2.82
2018-04-09,41,6.0,,0.06,2.46
2018-04-10,81,6.0,,0.06,4.859999999999999
2018-04-11,30,6.0,,0.06,1.7999999999999998
2018-04-12,61,6.0,,0.06,3.6599999999999997
2018-04-13,32,6.0,,0.06,1.92
2018-04-14,60,6.0,,0.06,3.5999999999999996
2018-04-15,12,6.0,False,0.06,0.72
2018-04-16,61,6.0,,0.06,3.6599999999999997
2018-04-17,51,6.0,,0.06,3.06
2018-04-18,21,6.0,,0.06,1.26
2018-04-19,11,6.0,,0.06,0.6599999999999999
2018-04-20,55,6.0,,0.06,3.3
2018-04-21,48,6.0,,0.06,2.88
2018-04-22,24,8.0,False,0.08,1.92
2018-04-23,10,8.0,,0.08,0.8
2018-04-24,100,8.0,,0.08,8.0
2018-04-25,81,8.0,,0.08,6.48
2018-04-26,41,8.0,,0.08,3.2800000000000002
2018-04-27,55,8.0,,0.08,4.4
2018-04-28,24,8.0,,0.08,1.92
2018-04-29,47,6.0,False,0.06,2.82
2018-04-30,52,6.0,,0.06,3.12
2018-05-01,37,6.0,,0.06,2.2199999999999998
2018-05-02,58,6.0,,0.06,3.48
2018-05-03,35,6.0,,0.06,2.1
2018-05-04,49,6.0,,0.06,2.94
2018-05-05,68,6.0,,0.06,4.08
2018-05-06,27,6.0,False,0.06,1.6199999999999999
2018-05-07,23,6.0,,0.06,1.38
2018-05-08,12,6.0,,0.06,0.72
2018-05-09,35,6.0,,0.06,2.1
2018-05-10,36,6.0,,0.06,2.16
2018-05-11,61,6.0,,0.06,3.6599999999999997
2018-05-12,41,6.0,,0.06,2.46
2018-05-13,27,6.0,False,0.06,1.6199999999999999
2018-05-14,46,6.0,,0.06,2.76
2018-05-15,11,6.0,,0.06,0.6599999999999999
2018-05-16,12,6.0,,0.06,0.72
2018-05-17,71,6.0,,0.06,4.26
2018-05-18,0,6.0,,0.06,0.0
2018-05-19,54,6.0,,0.06,3.2399999999999998
2018-05-20,14,8.0,False,0.08,1.12
2018-05-21,36,8.0,,0.08,2.88
2018-05-22,58,8.0,,0.08,4.64
2018-05-23,12,8.0,,0.08,0.96
2018-05-24,24,8.0,,0.08,1.92
2018-05-25,100,8.0,,0.08,8.0
2018-05-26,41,8.0,,0.08,3.2800000000000002
2018-05-27,27,4.0,False,0.04,1.08
2018-05-28,60,4.0,,0.04,2.4
2018-05-29,35,4.0,,0.04,1.4000000000000001
2018-05-30,35,4.0,,0.04,1.4000000000000001
2018-05-31,48,4.0,,0.04,1.92
2018-06-01,36,4.0,,0.04,1.44
2018-06-02,39,4.0,,0.04,1.56
2018-06-03,19,6.0,False,0.06,1.14
2018-06-04,50,6.0,,0.06,3.0
2018-06-05,50,6.0,,0.06,3.0
2018-06-06,50,6.0,,0.06,3.0
2018-06-07,67,6.0,,0.06,4.02
2018-06-08,18,6.0,,0.06,1.08
2018-06-09,0,6.0,,0.06,0.0
2018-06-10,78,5.0,False,0.05,3.9000000000000004
2018-06-11,0,5.0,,0.05,0.0
2018-06-12,76,5.0,,0.05,3.8000000000000003
2018-06-13,93,5.0,,0.05,4.65
2018-06-14,82,5.0,,0.05,4.1000000000000005
2018-06-15,88,5.0,,0.05,4.4
2018-06-16,39,5.0,,0.05,1.9500000000000002
2018-06-17,38,5.0,False,0.05,1.9000000000000001
2018-06-18,0,5.0,,0.05,0.0
2018-06-19,65,5.0,,0.05,3.25
2018-06-20,100,5.0,,0.05,5.0
2018-06-21,16,5.0,,0.05,0.8
2018-06-22,69,5.0,,0.05,3.45
2018-06-23,19,5.0,,0.05,0.9500000000000001
2018-06-24,56,8.0,False,0.08,4.48
2018-06-25,81,8.0,,0.08,6.48
2018-06-26,49,8.0,,0.08,3.92
2018-06-27,32,8.0,,0.08,2.56
2018-06-28,17,8.0,,0.08,1.36
2018-06-29,35,8.0,,0.08,2.8000000000000003
2018-06-30,58,8.0,,0.08,4.64
2018-07-01,46,6.0,False,0.06,2.76
2018-07-02,14,6.0,,0.06,0.84
2018-07-03,69,6.0,,0.06,4.14
2018-07-04,14,6.0,,0.06,0.84
2018-07-05,57,6.0,,0.06,3.42
2018-07-06,14,6.0,,0.06,0.84
2018-07-07,31,6.0,,0.06,1.8599999999999999
2018-07-08,47,6.0,False,0.06,2.82
2018-07-09,0,6.0,,0.06,0.0
2018-07-10,40,6.0,,0.06,2.4
2018-07-11,51,6.0,,0.06,3.06
2018-07-12,72,6.0,,0.06,4.32
2018-07-13,45,6.0,,0.06,2.6999999999999997
2018-07-14,0,6.0,,0.06,0.0
2018-07-15,48,5.0,False,0.05,2.4000000000000004
2018-07-16,57,5.0,,0.05,2.85
2018-07-17,0,5.0,,0.05,0.0
2018-07-18,71,5.0,,0.05,3.5500000000000003
2018-07-19,57,5.0,,0.05,2.85
2018-07-20,44,5.0,,0.05,2.2
2018-07-21,65,5.0,,0.05,3.25
2018-07-22,65,5.0,False,0.05,3.25
2018-07-23,43,5.0,,0.05,2.15
2018-07-24,70,5.0,,0.05,3.5
2018-07-25,56,5.0,,0.05,2.8000000000000003
2018-07-26,100,5.0,,0.05,5.0
2018-07-27,0,5.0,,0.05,0.0
2018-07-28,64,5.0,,0.05,3.2
2018-07-29,97,5.0,False,0.05,4.8500000000000005
2018-07-30,55,5.0,,0.05,2.75
2018-07-31,41,5.0,,0.05,2.0500000000000003
2018-08-01,33,5.0,,0.05,1.6500000000000001
2018-08-02,47,5.0,,0.05,2.35
2018-08-03,34,5.0,,0.05,1.7000000000000002
2018-08-04,75,5.0,,0.05,3.75
2018-08-05,37,7.0,False,0.07,2.5900000000000003
2018-08-06,16,7.0,,0.07,1.12
2018-08-07,31,7.0,,0.07,2.1700000000000004
2018-08-08,63,7.0,,0.07,4.41
2018-08-09,96,7.0,,0.07,6.720000000000001
2018-08-10,83,7.0,,0.07,5.8100000000000005
2018-08-11,56,7.0,,0.07,3.9200000000000004
2018-08-12,18,4.0,False,0.04,0.72
2018-08-13,48,4.0,,0.04,1.92
2018-08-14,65,4.0,,0.04,2.6
2018-08-15,17,4.0,,0.04,0.68
2018-08-16,17,4.0,,0.04,0.68
2018-08-17,83,4.0,,0.04,3.3200000000000003
2018-08-18,76,4.0,,0.04,3.04
2018-08-19,19,6.0,False,0.06,1.14
2018-08-20,100,6.0,,0.06,6.0
2018-08-21,66,6.0,,0.06,3.96
2018-08-22,83,6.0,,0.06,4.9799999999999995
2018-08-23,33,6.0,,0.06,1.98
2018-08-24,34,6.0,,0.06,2.04
2018-08-25,75,6.0,,0.06,4.5
2018-08-26,37,6.0,False,0.06,2.2199999999999998
2018-08-27,65,6.0,,0.06,3.9
2018-08-28,48,6.0,,0.06,2.88
2018-08-29,96,6.0,,0.06,5.76
2018-08-30,0,6.0,,0.06,0.0
2018-08-31,17,6.0,,0.06,1.02
2018-09-01,37,6.0,,0.06,2.2199999999999998
2018-09-02,100,5.0,False,0.05,5.0
2018-09-03,23,5.0,,0.05,1.1500000000000001
2018-09-04,43,5.0,,0.05,2.15
2018-09-05,43,5.0,,0.05,2.15
2018-09-06,33,5.0,,0.05,1.6500000000000001
2018-09-07,12,5.0,,0.05,0.6000000000000001
2018-09-08,38,5.0,,0.05,1.9000000000000001
2018-09-09,37,7.0,False,0.07,2.5900000000000003
2018-09-10,43,7.0,,0.07,3.0100000000000002
2018-09-11,22,7.0,,0.07,1.54
2018-09-12,32,7.0,,0.07,2.24
2018-09-13,22,7.0,,0.07,1.54
2018-09-14,45,7.0,,0.07,3.1500000000000004
2018-09-15,25,7.0,,0.07,1.7500000000000002
2018-09-16,25,4.0,False,0.04,1.0
2018-09-17,22,4.0,,0.04,0.88
2018-09-18,22,4.0,,0.04,0.88
2018-09-19,22,4.0,,0.04,0.88
2018-09-20,54,4.0,,0.04,2.16
2018-09-21,46,4.0,,0.04,1.84
2018-09-22,13,4.0,,0.04,0.52
2018-09-23,24,4.0,False,0.04,0.96
2018-09-24,54,4.0,,0.04,2.16
2018-09-25,54,4.0,,0.04,2.16
2018-09-26,64,4.0,,0.04,2.56
2018-09-27,22,4.0,,0.04,0.88
2018-09-28,23,4.0,,0.04,0.92
2018-09-29,38,4.0,,0.04,1.52
2018-09-30,25,4.0,False,0.04,1.0
2018-10-01,24,4.0,,0.04,0.96
2018-10-02,96,4.0,,0.04,3.84
2018-10-03,48,4.0,,0.04,1.92
2018-10-04,24,4.0,,0.04,0.96
2018-10-05,25,4.0,,0.04,1.0
2018-10-06,28,4.0,,0.04,1.12
2018-10-07,53,4.0,False,0.04,2.12
2018-10-08,0,4.0,,0.04,0.0
2018-10-09,46,4.0,,0.04,1.84
2018-10-10,73,4.0,,0.04,2.92
2018-10-11,75,4.0,,0.04,3.0
2018-10-12,52,4.0,,0.04,2.08
2018-10-13,0,4.0,,0.04,0.0
2018-10-14,57,5.0,False,0.05,2.85
2018-10-15,74,5.0,,0.05,3.7
2018-10-16,24,5.0,,0.05,1.2000000000000002
2018-10-17,98,5.0,,0.05,4.9
2018-10-18,100,5.0,,0.05,5.0
2018-10-19,26,5.0,,0.05,1.3
2018-10-20,28,5.0,,0.05,1.4000000000000001
2018-10-21,28,3.0,False,0.03,0.84
2018-10-22,49,3.0,,0.03,1.47
2018-10-23,48,3.0,,0.03,1.44
2018-10-24,49,3.0,,0.03,1.47
2018-10-25,74,3.0,,0.03,2.2199999999999998
2018-10-26,77,3.0,,0.03,2.31
2018-10-27,54,3.0,,0.03,1.6199999999999999
2018-10-28,80,4.0,False,0.04,3.2
2018-10-29,46,4.0,,0.04,1.84
2018-10-30,72,4.0,,0.04,2.88
2018-10-31,50,4.0,,0.04,2.0
2018-11-01,13,4.0,,0.04,0.52
2018-11-02,26,4.0,,0.04,1.04
2018-11-03,58,4.0,,0.04,2.32
2018-11-04,27,4.0,False,0.04,1.08
2018-11-05,12,4.0,,0.04,0.48
2018-11-06,62,4.0,,0.04,2.48
2018-11-07,12,4.0,,0.04,0.48
2018-11-08,25,4.0,,0.04,1.0
2018-11-09,0,4.0,,0.04,0.0
2018-11-10,14,4.0,,0.04,0.56
2018-11-11,41,5.0,False,0.05,2.0500000000000003
2018-11-12,37,5.0,,0.05,1.85
2018-11-13,37,5.0,,0.05,1.85
2018-11-14,100,5.0,,0.05,5.0
2018-11-15,13,5.0,,0.05,0.65
2018-11-16,39,5.0,,0.05,1.9500000000000002
2018-11-17,72,5.0,,0.05,3.6
2018-11-18,28,7.0,False,0.07,1.9600000000000002
2018-11-19,25,7.0,,0.07,1.7500000000000002
2018-11-20,75,7.0,,0.07,5.250000000000001
2018-11-21,63,7.0,,0.07,4.41
2018-11-22,26,7.0,,0.07,1.8200000000000003
2018-11-23,26,7.0,,0.07,1.8200000000000003
2018-11-24,28,7.0,,0.07,1.9600000000000002
2018-11-25,28,7.0,False,0.07,1.9600000000000002
2018-11-26,24,7.0,,0.07,1.6800000000000002
2018-11-27,61,7.0,,0.07,4.2700000000000005
2018-11-28,25,7.0,,0.07,1.7500000000000002
2018-11-29,63,7.0,,0.07,4.41
2018-11-30,13,7.0,,0.07,0.9100000000000001
2018-12-01,100,7.0,,0.07,7.000000000000001
2018-12-02,58,6.0,False,0.06,3.48
2018-12-03,52,6.0,,0.06,3.12
2018-12-04,34,6.0,,0.06,2.04
2018-12-05,51,6.0,,0.06,3.06
2018-12-06,53,6.0,,0.06,3.1799999999999997
2018-12-07,92,6.0,,0.06,5.52
2018-12-08,61,6.0,,0.06,3.6599999999999997
2018-12-09,20,3.0,False,0.03,0.6
2018-12-10,35,3.0,,0.03,1.05
2018-12-11,17,3.0,,0.03,0.51
2018-12-12,36,3.0,,0.03,1.08
2018-12-13,55,3.0,,0.03,1.65
2018-12-14,18,3.0,,0.03,0.54
2018-12-15,0,3.0,,0.03,0.0
2018-12-16,20,4.0,False,0.04,0.8
2018-12-17,49,4.0,,0.04,1.96
2018-12-18,17,4.0,,0.04,0.68
2018-12-19,56,4.0,,0.04,2.24
2018-12-20,19,4.0,,0.04,0.76
2018-12-21,39,4.0,,0.04,1.56
2018-12-22,42,4.0,,0.04,1.68
2018-12-23,43,5.0,False,0.05,2.15
2018-12-24,84,5.0,,0.05,4.2
2018-12-25,45,5.0,,0.05,2.25
2018-12-26,78,5.0,,0.05,3.9000000000000004
2018-12-27,0,5.0,,0.05,0.0
2018-12-28,38,5.0,,0.05,1.9000000000000001
2018-12-29,62,5.0,,0.05,3.1
2018-12-30,41,5.0,False,0.05,2.0500000000000003
2018-12-31,41,5.0,,0.05,2.0500000000000003
2019-01-01,39,5.0,,0.05,1.9500000000000002
2019-01-02,34,5.0,,0.05,1.7000000000000002
2019-01-03,33,5.0,,0.05,1.6500000000000001
2019-01-04,100,5.0,,0.05,5.0
2019-01-05,36,5.0,,0.05,1.8
2019-01-06,36,3.0,False,0.03,1.08
2019-01-07,16,3.0,,0.03,0.48
2019-01-08,32,3.0,,0.03,0.96
2019-01-09,0,3.0,,0.03,0.0
2019-01-10,16,3.0,,0.03,0.48
2019-01-11,17,3.0,,0.03,0.51
2019-01-12,18,3.0,,0.03,0.54
2019-01-13,36,3.0,False,0.03,1.08
2019-01-14,16,3.0,,0.03,0.48
2019-01-15,16,3.0,,0.03,0.48
2019-01-16,16,3.0,,0.03,0.48
2019-01-17,32,3.0,,0.03,0.96
2019-01-18,33,3.0,,0.03,0.99
2019-01-19,36,3.0,,0.03,1.08
2019-01-20,17,4.0,False,0.04,0.68
2019-01-21,63,4.0,,0.04,2.52
2019-01-22,16,4.0,,0.04,0.64
2019-01-23,31,4.0,,0.04,1.24
2019-01-24,0,4.0,,0.04,0.0
2019-01-25,16,4.0,,0.04,0.64
2019-01-26,36,4.0,,0.04,1.44
2019-01-27,0,2.0,False,0.02,0.0
2019-01-28,31,2.0,,0.02,0.62
2019-01-29,16,2.0,,0.02,0.32
2019-01-30,16,2.0,,0.02,0.32
2019-01-31,48,2.0,,0.02,0.96
2019-02-01,45,2.0,,0.02,0.9
2019-02-02,100,2.0,,0.02,2.0
2019-02-03,49,4.0,False,0.04,1.96
2019-02-04,22,4.0,,0.04,0.88
2019-02-05,66,4.0,,0.04,2.64
2019-02-06,43,4.0,,0.04,1.72
2019-02-07,65,4.0,,0.04,2.6
2019-02-08,45,4.0,,0.04,1.8
2019-02-09,25,4.0,,0.04,1.0
2019-02-10,0,3.0,False,0.03,0.0
2019-02-11,64,3.0,,0.03,1.92
2019-02-12,43,3.0,,0.03,1.29
2019-02-13,0,3.0,,0.03,0.0
2019-02-14,66,3.0,,0.03,1.98
2019-02-15,45,3.0,,0.03,1.3499999999999999
2019-02-16,25,3.0,,0.03,0.75
2019-02-17,0,6.0,False,0.06,0.0
2019-02-18,66,6.0,,0.06,3.96
2019-02-19,43,6.0,,0.06,2.58
2019-02-20,65,6.0,,0.06,3.9
2019-02-21,22,6.0,,0.06,1.3199999999999998
2019-02-22,45,6.0,,0.06,2.6999999999999997
2019-02-23,50,6.0,,0.06,3.0
2019-02-24,74,3.0,False,0.03,2.2199999999999998
2019-02-25,43,3.0,,0.03,1.29
2019-02-26,65,3.0,,0.03,1.95
2019-02-27,63,3.0,,0.03,1.89
2019-02-28,22,3.0,,0.03,0.6599999999999999
2019-03-01,0,3.0,,0.03,0.0
2019-03-02,0,3.0,,0.03,0.0
2019-03-03,45,6.0,False,0.06,2.6999999999999997
2019-03-04,100,6.0,,0.06,6.0
2019-03-05,0,6.0,,0.06,0.0
2019-03-06,0,6.0,,0.06,0.0
2019-03-07,0,6.0,,0.06,0.0
2019-03-08,41,6.0,,0.06,2.46
2019-03-09,23,6.0,,0.06,1.38
2019-03-10,22,3.0,False,0.03,0.6599999999999999
2019-03-11,39,3.0,,0.03,1.17
2019-03-12,20,3.0,,0.03,0.6
2019-03-13,19,3.0,,0.03,0.57
2019-03-14,59,3.0,,0.03,1.77
2019-03-15,20,3.0,,0.03,0.6
2019-03-16,45,3.0,,0.03,1.3499999999999999
2019-03-17,22,5.0,False,0.05,1.1
2019-03-18,79,5.0,,0.05,3.95
2019-03-19,56,5.0,,0.05,2.8000000000000003
2019-03-20,40,5.0,,0.05,2.0
2019-03-21,61,5.0,,0.05,3.0500000000000003
2019-03-22,62,5.0,,0.05,3.1
2019-03-23,46,5.0,,0.05,2.3000000000000003
2019-03-24,21,4.0,False,0.04,0.84
2019-03-25,0,4.0,,0.04,0.0
2019-03-26,20,4.0,,0.04,0.8
2019-03-27,40,4.0,,0.04,1.6
2019-03-28,81,4.0,,0.04,3.24
2019-03-29,42,4.0,,0.04,1.68
2019-03-30,23,4.0,,0.04,0.92
2019-03-31,0,5.0,False,0.05,0.0
2019-04-01,20,5.0,,0.05,1.0
2019-04-02,81,5.0,,0.05,4.05
2019-04-03,100,5.0,,0.05,5.0
2019-04-04,60,5.0,,0.05,3.0
2019-04-05,63,5.0,,0.05,3.1500000000000004
2019-04-06,68,5.0,,0.05,3.4000000000000004
2019-04-07,46,4.0,False,0.04,1.84
2019-04-08,59,4.0,,0.04,2.36
2019-04-09,40,4.0,,0.04,1.6
2019-04-10,39,4.0,,0.04,1.56
2019-04-11,40,4.0,,0.04,1.6
2019-04-12,42,4.0,,0.04,1.68
2019-04-13,71,4.0,,0.04,2.84
2019-04-14,69,3.0,False,0.03,2.07
2019-04-15,40,3.0,,0.03,1.2
2019-04-16,61,3.0,,0.03,1.8299999999999998
2019-04-17,63,3.0,,0.03,1.89
2019-04-18,64,3.0,,0.03,1.92
2019-04-19,23,3.0,,0.03,0.69
2019-04-20,24,3.0,,0.03,0.72
2019-04-21,49,3.0,False,0.03,1.47
2019-04-22,42,3.0,,0.03,1.26
2019-04-23,40,3.0,,0.03,1.2
2019-04-24,0,3.0,,0.03,0.0
2019-04-25,41,3.0,,0.03,1.23
2019-04-26,63,3.0,,0.03,1.89
2019-04-27,46,3.0,,0.03,1.38
2019-04-28,45,5.0,False,0.05,2.25
2019-04-29,39,5.0,,0.05,1.9500000000000002
2019-04-30,20,5.0,,0.05,1.0
2019-05-01,12,5.0,,0.05,0.6000000000000001
2019-05-02,34,5.0,,0.05,1.7000000000000002
2019-05-03,47,5.0,,0.05,2.35
2019-05-04,13,5.0,,0.05,0.65
2019-05-05,25,4.0,False,0.04,1.0
2019-05-06,23,4.0,,0.04,0.92
2019-05-07,11,4.0,,0.04,0.44
2019-05-08,34,4.0,,0.04,1.36
2019-05-09,58,4.0,,0.04,2.32
2019-05-10,12,4.0,,0.04,0.48
2019-05-11,67,4.0,,0.04,2.68
2019-05-12,52,10.0,False,0.1,5.2
2019-05-13,69,10.0,,0.1,6.9
2019-05-14,57,10.0,,0.1,5.7
2019-05-15,0,10.0,,0.1,0.0
2019-05-16,92,10.0,,0.1,9.200000000000001
2019-05-17,24,10.0,,0.1,2.4000000000000004
2019-05-18,40,10.0,,0.1,4.0
2019-05-19,13,6.0,False,0.06,0.78
2019-05-20,56,6.0,,0.06,3.36
2019-05-21,56,6.0,,0.06,3.36
2019-05-22,34,6.0,,0.06,2.04
2019-05-23,11,6.0,,0.06,0.6599999999999999
2019-05-24,94,6.0,,0.06,5.64
2019-05-25,66,6.0,,0.06,3.96
2019-05-26,39,10.0,False,0.1,3.9000000000000004
2019-05-27,57,10.0,,0.1,5.7
2019-05-28,100,10.0,,0.1,10.0
2019-05-29,55,10.0,,0.1,5.5
2019-05-30,23,10.0,,0.1,2.3000000000000003
2019-05-31,35,10.0,,0.1,3.5
2019-06-01,12,10.0,,0.1,1.2000000000000002
2019-06-02,12,7.0,False,0.07,0.8400000000000001
2019-06-03,0,7.0,,0.07,0.0
2019-06-04,10,7.0,,0.07,0.7000000000000001
2019-06-05,17,7.0,,0.07,1.1900000000000002
2019-06-06,17,7.0,,0.07,1.1900000000000002
2019-06-07,7,7.0,,0.07,0.49000000000000005
2019-06-08,28,7.0,,0.07,1.9600000000000002
2019-06-09,20,5.0,False,0.05,1.0
2019-06-10,14,5.0,,0.05,0.7000000000000001
2019-06-11,14,5.0,,0.05,0.7000000000000001
2019-06-12,3,5.0,,0.05,0.15000000000000002
2019-06-13,10,5.0,,0.05,0.5
2019-06-14,11,5.0,,0.05,0.55
2019-06-15,8,5.0,,0.05,0.4
2019-06-16,23,10.0,False,0.1,2.3000000000000003
2019-06-17,14,10.0,,0.1,1.4000000000000001
2019-06-18,17,10.0,,0.1,1.7000000000000002
2019-06-19,10,10.0,,0.1,1.0
2019-06-20,0,10.0,,0.1,0.0
2019-06-21,11,10.0,,0.1,1.1
2019-06-22,40,10.0,,0.1,4.0
2019-06-23,24,16.0,False,0.16,3.84
2019-06-24,21,16.0,,0.16,3.36
2019-06-25,38,16.0,,0.16,6.08
2019-06-26,100,16.0,,0.16,16.0
2019-06-27,35,16.0,,0.16,5.6000000000000005
2019-06-28,40,16.0,,0.16,6.4
2019-06-29,4,16.0,,0.16,0.64
2019-06-30,24,7.0,False,0.07,1.6800000000000002
2019-07-01,51,7.0,,0.07,3.5700000000000003
2019-07-02,62,7.0,,0.07,4.340000000000001
2019-07-03,13,7.0,,0.07,0.9100000000000001
2019-07-04,66,7.0,,0.07,4.62
2019-07-05,27,7.0,,0.07,1.8900000000000001
2019-07-06,44,7.0,,0.07,3.08
2019-07-07,43,9.0,False,0.09,3.8699999999999997
2019-07-08,63,9.0,,0.09,5.67
2019-07-09,100,9.0,,0.09,9.0
2019-07-10,88,9.0,,0.09,7.92
2019-07-11,75,9.0,,0.09,6.75
2019-07-12,52,9.0,,0.09,4.68
2019-07-13,44,9.0,,0.09,3.96
2019-07-14,100,6.0,False,0.06,6.0
2019-07-15,63,6.0,,0.06,3.78
2019-07-16,76,6.0,,0.06,4.56
2019-07-17,64,6.0,,0.06,3.84
2019-07-18,40,6.0,,0.06,2.4
2019-07-19,41,6.0,,0.06,2.46
2019-07-20,15,6.0,,0.06,0.8999999999999999
2019-07-21,60,6.0,False,0.06,3.5999999999999996
2019-07-22,39,6.0,,0.06,2.34
2019-07-23,26,6.0,,0.06,1.56
2019-07-24,40,6.0,,0.06,2.4
2019-07-25,0,6.0,,0.06,0.0
2019-07-26,41,6.0,,0.06,2.46
2019-07-27,15,6.0,,0.06,0.8999999999999999
2019-07-28,44,6.0,False,0.06,2.6399999999999997
2019-07-29,39,6.0,,0.06,2.34
2019-07-30,52,6.0,,0.06,3.12
2019-07-31,26,6.0,,0.06,1.56
2019-08-01,10,6.0,,0.06,0.6
2019-08-02,42,6.0,,0.06,2.52
2019-08-03,22,6.0,,0.06,1.3199999999999998
2019-08-04,34,7.0,False,0.07,2.3800000000000003
2019-08-05,100,7.0,,0.07,7.000000000000001
2019-08-06,79,7.0,,0.07,5.53
2019-08-07,10,7.0,,0.07,0.7000000000000001
2019-08-08,30,7.0,,0.07,2.1
2019-08-09,51,7.0,,0.07,3.5700000000000003
2019-08-10,46,7.0,,0.07,3.22
2019-08-11,34,6.0,False,0.06,2.04
2019-08-12,39,6.0,,0.06,2.34
2019-08-13,29,6.0,,0.06,1.74
2019-08-14,19,6.0,,0.06,1.14
2019-08-15,40,6.0,,0.06,2.4
2019-08-16,60,6.0,,0.06,3.5999999999999996
2019-08-17,45,6.0,,0.06,2.6999999999999997
2019-08-18,33,4.0,False,0.04,1.32
2019-08-19,48,4.0,,0.04,1.92
2019-08-20,19,4.0,,0.04,0.76
2019-08-21,19,4.0,,0.04,0.76
2019-08-22,29,4.0,,0.04,1.16
2019-08-23,30,4.0,,0.04,1.2
2019-08-24,44,4.0,,0.04,1.76
2019-08-25,45,6.0,False,0.06,2.6999999999999997
2019-08-26,19,6.0,,0.06,1.14
2019-08-27,37,6.0,,0.06,2.2199999999999998
2019-08-28,9,6.0,,0.06,0.54
2019-08-29,37,6.0,,0.06,2.2199999999999998
2019-08-30,29,6.0,,0.06,1.74
2019-08-31,21,6.0,,0.06,1.26
2019-09-01,19,5.0,False,0.05,0.9500000000000001
2019-09-02,34,5.0,,0.05,1.7000000000000002
2019-09-03,80,5.0,,0.05,4.0
2019-09-04,0,5.0,,0.05,0.0
2019-09-05,16,5.0,,0.05,0.8
2019-09-06,33,5.0,,0.05,1.6500000000000001
2019-09-07,56,5.0,,0.05,2.8000000000000003
2019-09-08,37,5.0,False,0.05,1.85
2019-09-09,16,5.0,,0.05,0.8
2019-09-10,32,5.0,,0.05,1.6
2019-09-11,32,5.0,,0.05,1.6
2019-09-12,48,5.0,,0.05,2.4000000000000004
2019-09-13,84,5.0,,0.05,4.2
2019-09-14,92,5.0,,0.05,4.6000000000000005
2019-09-15,36,4.0,False,0.04,1.44
2019-09-16,64,4.0,,0.04,2.56
2019-09-17,32,4.0,,0.04,1.28
2019-09-18,31,4.0,,0.04,1.24
2019-09-19,32,4.0,,0.04,1.28
2019-09-20,33,4.0,,0.04,1.32
2019-09-21,36,4.0,,0.04,1.44
2019-09-22,35,5.0,False,0.05,1.75
2019-09-23,93,5.0,,0.05,4.65
2019-09-24,16,5.0,,0.05,0.8
2019-09-25,62,5.0,,0.05,3.1
2019-09-26,64,5.0,,0.05,3.2
2019-09-27,100,5.0,,0.05,5.0
2019-09-28,37,5.0,,0.05,1.85
2019-09-29,0,7.0,False,0.07,0.0
2019-09-30,48,7.0,,0.07,3.3600000000000003
2019-10-01,50,7.0,,0.07,3.5000000000000004
2019-10-02,25,7.0,,0.07,1.7500000000000002
2019-10-03,50,7.0,,0.07,3.5000000000000004
2019-10-04,52,7.0,,0.07,3.6400000000000006
2019-10-05,86,7.0,,0.07,6.0200000000000005
2019-10-06,14,3.0,False,0.03,0.42
2019-10-07,38,3.0,,0.03,1.14
2019-10-08,88,3.0,,0.03,2.6399999999999997
2019-10-09,64,3.0,,0.03,1.92
2019-10-10,37,3.0,,0.03,1.1099999999999999
2019-10-11,25,3.0,,0.03,0.75
2019-10-12,29,3.0,,0.03,0.87
2019-10-13,28,5.0,False,0.05,1.4000000000000001
2019-10-14,38,5.0,,0.05,1.9000000000000001
2019-10-15,37,5.0,,0.05,1.85
2019-10-16,12,5.0,,0.05,0.6000000000000001
2019-10-17,25,5.0,,0.05,1.25
2019-10-18,39,5.0,,0.05,1.9500000000000002
2019-10-19,43,5.0,,0.05,2.15
2019-10-20,28,9.0,False,0.09,2.52
2019-10-21,61,9.0,,0.09,5.49
2019-10-22,0,9.0,,0.09,0.0
2019-10-23,37,9.0,,0.09,3.33
2019-10-24,61,9.0,,0.09,5.49
2019-10-25,26,9.0,,0.09,2.34
2019-10-26,100,9.0,,0.09,9.0
2019-10-27,41,5.0,False,0.05,2.0500000000000003
2019-10-28,0,5.0,,0.05,0.0
2019-10-29,100,5.0,,0.05,5.0
2019-10-30,37,5.0,,0.05,1.85
2019-10-31,51,5.0,,0.05,2.5500000000000003
2019-11-01,30,5.0,,0.05,1.5
2019-11-02,47,5.0,,0.05,2.35
2019-11-03,47,7.0,False,0.07,3.2900000000000005
2019-11-04,85,7.0,,0.07,5.95
2019-11-05,98,7.0,,0.07,6.86
2019-11-06,27,7.0,,0.07,1.8900000000000001
2019-11-07,42,7.0,,0.07,2.9400000000000004
2019-11-08,14,7.0,,0.07,0.9800000000000001
2019-11-09,31,7.0,,0.07,2.1700000000000004
2019-11-10,46,4.0,False,0.04,1.84
2019-11-11,0,4.0,,0.04,0.0
2019-11-12,28,4.0,,0.04,1.12
2019-11-13,28,4.0,,0.04,1.12
2019-11-14,14,4.0,,0.04,0.56
2019-11-15,0,4.0,,0.04,0.0
2019-11-16,96,4.0,,0.04,3.84
2019-11-17,16,4.0,False,0.04,0.64
2019-11-18,56,4.0,,0.04,2.24
2019-11-19,56,4.0,,0.04,2.24
2019-11-20,43,4.0,,0.04,1.72
2019-11-21,100,4.0,,0.04,4.0
2019-11-22,29,4.0,,0.04,1.16
2019-11-23,95,4.0,,0.04,3.8000000000000003
2019-11-24,46,5.0,False,0.05,2.3000000000000003
2019-11-25,28,5.0,,0.05,1.4000000000000001
2019-11-26,42,5.0,,0.05,2.1
2019-11-27,56,5.0,,0.05,2.8000000000000003
2019-11-28,43,5.0,,0.05,2.15
2019-11-29,0,5.0,,0.05,0.0
2019-11-30,62,5.0,,0.05,3.1
2019-12-01,31,4.0,False,0.04,1.24
2019-12-02,56,4.0,,0.04,2.24
2019-12-03,0,4.0,,0.04,0.0
2019-12-04,28,4.0,,0.04,1.12
2019-12-05,43,4.0,,0.04,1.72
2019-12-06,15,4.0,,0.04,0.6
2019-12-07,83,4.0,,0.04,3.3200000000000003
2019-12-08,50,5.0,False,0.05,2.5
2019-12-09,29,5.0,,0.05,1.4500000000000002
2019-12-10,29,5.0,,0.05,1.4500000000000002
2019-12-11,100,5.0,,0.05,5.0
2019-12-12,44,5.0,,0.05,2.2
2019-12-13,74,5.0,,0.05,3.7
2019-12-14,80,5.0,,0.05,4.0
2019-12-15,64,5.0,False,0.05,3.2
2019-12-16,70,5.0,,0.05,3.5
2019-12-17,43,5.0,,0.05,2.15
2019-12-18,85,5.0,,0.05,4.25
2019-12-19,75,5.0,,0.05,3.75
2019-12-20,77,5.0,,0.05,3.85
2019-12-21,66,5.0,,0.05,3.3000000000000003
2019-12-22,49,7.0,False,0.07,3.43
2019-12-23,46,7.0,,0.07,3.22
2019-12-24,33,7.0,,0.07,2.31
2019-12-25,36,7.0,,0.07,2.5200000000000005
2019-12-26,31,7.0,,0.07,2.1700000000000004
2019-12-27,31,7.0,,0.07,2.1700000000000004
2019-12-28,66,7.0,,0.07,4.62
2019-12-29,65,6.0,False,0.06,3.9
2019-12-30,30,6.0,,0.06,1.7999999999999998
2019-12-31,33,6.0,,0.06,1.98
2020-01-01,0,6.0,,0.06,0.0
2020-01-02,30,6.0,,0.06,1.7999999999999998
2020-01-03,58,6.0,,0.06,3.48
2020-01-04,78,6.0,,0.06,4.68
2020-01-05,48,6.0,False,0.06,2.88
2020-01-06,57,6.0,,0.06,3.42
2020-01-07,85,6.0,,0.06,5.1
2020-01-08,70,6.0,,0.06,4.2
2020-01-09,71,6.0,,0.06,4.26
2020-01-10,43,6.0,,0.06,2.58
2020-01-11,79,6.0,,0.06,4.74
2020-01-12,63,7.0,False,0.07,4.41
2020-01-13,13,7.0,,0.07,0.9100000000000001
2020-01-14,74,7.0,,0.07,5.180000000000001
2020-01-15,95,7.0,,0.07,6.65
2020-01-16,71,7.0,,0.07,4.970000000000001
2020-01-17,14,7.0,,0.07,0.9800000000000001
2020-01-18,32,7.0,,0.07,2.24
2020-01-19,93,5.0,False,0.05,4.65
2020-01-20,71,5.0,,0.05,3.5500000000000003
2020-01-21,42,5.0,,0.05,2.1
2020-01-22,28,5.0,,0.05,1.4000000000000001
2020-01-23,28,5.0,,0.05,1.4000000000000001
2020-01-24,58,5.0,,0.05,2.9000000000000004
2020-01-25,16,5.0,,0.05,0.8
2020-01-26,62,8.0,False,0.08,4.96
2020-01-27,40,8.0,,0.08,3.2
2020-01-28,97,8.0,,0.08,7.76
2020-01-29,56,8.0,,0.08,4.48
2020-01-30,100,8.0,,0.08,8.0
2020-01-31,15,8.0,,0.08,1.2
2020-02-01,78,8.0,,0.08,6.24
2020-02-02,25,7.0,False,0.07,1.7500000000000002
2020-02-03,31,7.0,,0.07,2.1700000000000004
2020-02-04,57,7.0,,0.07,3.99
2020-02-05,46,7.0,,0.07,3.22
2020-02-06,68,7.0,,0.07,4.760000000000001
2020-02-07,47,7.0,,0.07,3.2900000000000005
2020-02-08,51,7.0,,0.07,3.5700000000000003
2020-02-09,49,8.0,False,0.08,3.92
2020-02-10,100,8.0,,0.08,8.0
2020-02-11,33,8.0,,0.08,2.64
2020-02-12,67,8.0,,0.08,5.36
2020-02-13,68,8.0,,0.08,5.44
2020-02-14,47,8.0,,0.08,3.7600000000000002
2020-02-15,51,8.0,,0.08,4.08
2020-02-16,87,7.0,False,0.07,6.090000000000001
2020-02-17,56,7.0,,0.07,3.9200000000000004
2020-02-18,66,7.0,,0.07,4.62
2020-02-19,89,7.0,,0.07,6.23
2020-02-20,0,7.0,,0.07,0.0
2020-02-21,46,7.0,,0.07,3.22
2020-02-22,13,7.0,,0.07,0.9100000000000001
2020-02-23,62,8.0,False,0.08,4.96
2020-02-24,68,8.0,,0.08,5.44
2020-02-25,88,8.0,,0.08,7.04
2020-02-26,64,8.0,,0.08,5.12
2020-02-27,54,8.0,,0.08,4.32
2020-02-28,34,8.0,,0.08,2.72
2020-02-29,61,8.0,,0.08,4.88
2020-03-01,54,5.0,False,0.05,2.7
2020-03-02,39,5.0,,0.05,1.9500000000000002
2020-03-03,29,5.0,,0.05,1.4500000000000002
2020-03-04,57,5.0,,0.05,2.85
2020-03-05,29,5.0,,0.05,1.4500000000000002
2020-03-06,30,5.0,,0.05,1.5
2020-03-07,45,5.0,,0.05,2.25
2020-03-08,86,9.0,False,0.09,7.739999999999999
2020-03-09,39,9.0,,0.09,3.51
2020-03-10,48,9.0,,0.09,4.32
2020-03-11,48,9.0,,0.09,4.32
2020-03-12,57,9.0,,0.09,5.13
2020-03-13,99,9.0,,0.09,8.91
2020-03-14,87,9.0,,0.09,7.83
2020-03-15,54,7.0,False,0.07,3.7800000000000002
2020-03-16,76,7.0,,0.07,5.32
2020-03-17,47,7.0,,0.07,3.2900000000000005
2020-03-18,96,7.0,,0.07,6.720000000000001
2020-03-19,77,7.0,,0.07,5.390000000000001
2020-03-20,47,7.0,,0.07,3.2900000000000005
2020-03-21,32,7.0,,0.07,2.24
2020-03-22,42,8.0,False,0.08,3.36
2020-03-23,43,8.0,,0.08,3.44
2020-03-24,55,8.0,,0.08,4.4
2020-03-25,76,8.0,,0.08,6.08
2020-03-26,0,8.0,,0.08,0.0
2020-03-27,37,8.0,,0.08,2.96
2020-03-28,31,8.0,,0.08,2.48
2020-03-29,51,8.0,False,0.08,4.08
2020-03-30,100,8.0,,0.08,8.0
2020-03-31,36,8.0,,0.08,2.88
2020-04-01,26,8.0,,0.08,2.08
2020-04-02,35,8.0,,0.08,2.8000000000000003
2020-04-03,36,8.0,,0.08,2.88
2020-04-04,69,8.0,,0.08,5.5200000000000005
2020-04-05,30,10.0,False,0.1,3.0
2020-04-06,43,10.0,,0.1,4.3
2020-04-07,44,10.0,,0.1,4.4
2020-04-08,18,10.0,,0.1,1.8
2020-04-09,55,10.0,,0.1,5.5
2020-04-10,47,10.0,,0.1,4.7
2020-04-11,80,10.0,,0.1,8.0
2020-04-12,40,7.0,False,0.07,2.8000000000000003
2020-04-13,63,7.0,,0.07,4.41
2020-04-14,18,7.0,,0.07,1.2600000000000002
2020-04-15,18,7.0,,0.07,1.2600000000000002
2020-04-16,18,7.0,,0.07,1.2600000000000002
2020-04-17,54,7.0,,0.07,3.7800000000000002
2020-04-18,10,7.0,,0.07,0.7000000000000001
2020-04-19,50,6.0,False,0.06,3.0
2020-04-20,17,6.0,,0.06,1.02
2020-04-21,52,6.0,,0.06,3.12
2020-04-22,35,6.0,,0.06,2.1
2020-04-23,34,6.0,,0.06,2.04
2020-04-24,54,6.0,,0.06,3.2399999999999998
2020-04-25,60,6.0,,0.06,3.5999999999999996
2020-04-26,40,12.0,False,0.12,4.8
2020-04-27,35,12.0,,0.12,4.2
2020-04-28,26,12.0,,0.12,3.12
2020-04-29,78,12.0,,0.12,9.36
2020-04-30,100,12.0,,0.12,12.0
2020-05-01,16,12.0,,0.12,1.92
2020-05-02,65,12.0,,0.12,7.8
2020-05-03,59,10.0,False,0.1,5.9
2020-05-04,14,10.0,,0.1,1.4000000000000001
2020-05-05,27,10.0,,0.1,2.7
2020-05-06,22,10.0,,0.1,2.2
2020-05-07,45,10.0,,0.1,4.5
2020-05-08,30,10.0,,0.1,3.0
2020-05-09,100,10.0,,0.1,10.0
2020-05-10,66,13.0,False,0.13,8.58
2020-05-11,52,13.0,,0.13,6.76
2020-05-12,36,13.0,,0.13,4.68
2020-05-13,66,13.0,,0.13,8.58
2020-05-14,66,13.0,,0.13,8.58
2020-05-15,30,13.0,,0.13,3.9000000000000004
2020-05-16,25,13.0,,0.13,3.25
2020-05-17,34,9.0,False,0.09,3.06
2020-05-18,51,9.0,,0.09,4.59
2020-05-19,44,9.0,,0.09,3.96
2020-05-20,45,9.0,,0.09,4.05
2020-05-21,54,9.0,,0.09,4.859999999999999
2020-05-22,45,9.0,,0.09,4.05
2020-05-23,51,9.0,,0.09,4.59
2020-05-24,51,7.0,False,0.07,3.5700000000000003
2020-05-25,23,7.0,,0.07,1.61
2020-05-26,37,7.0,,0.07,2.5900000000000003
2020-05-27,23,7.0,,0.07,1.61
2020-05-28,30,7.0,,0.07,2.1
2020-05-29,39,7.0,,0.07,2.7300000000000004
2020-05-30,17,7.0,,0.07,1.1900000000000002
2020-05-31,51,6.0,False,0.06,3.06
2020-06-01,60,6.0,,0.06,3.5999999999999996
2020-06-02,49,6.0,,0.06,2.94
2020-06-03,9,6.0,,0.06,0.54
2020-06-04,65,6.0,,0.06,3.9
2020-06-05,19,6.0,,0.06,1.14
2020-06-06,11,6.0,,0.06,0.6599999999999999
2020-06-07,11,8.0,False,0.08,0.88
2020-06-08,56,8.0,,0.08,4.48
2020-06-09,9,8.0,,0.08,0.72
2020-06-10,89,8.0,,0.08,7.12
2020-06-11,70,8.0,,0.08,5.6000000000000005
2020-06-12,94,8.0,,0.08,7.5200000000000005
2020-06-13,35,8.0,,0.08,2.8000000000000003
2020-06-14,11,8.0,False,0.08,0.88
2020-06-15,60,8.0,,0.08,4.8
2020-06-16,49,8.0,,0.08,3.92
2020-06-17,100,8.0,,0.08,8.0
2020-06-18,51,8.0,,0.08,4.08
2020-06-19,21,8.0,,0.08,1.68
2020-06-20,80,8.0,,0.08,6.4
2020-06-21,34,7.0,False,0.07,2.3800000000000003
2020-06-22,31,7.0,,0.07,2.1700000000000004
2020-06-23,51,7.0,,0.07,3.5700000000000003
2020-06-24,0,7.0,,0.07,0.0
2020-06-25,51,7.0,,0.07,3.5700000000000003
2020-06-26,43,7.0,,0.07,3.0100000000000002
2020-06-27,23,7.0,,0.07,1.61
2020-06-28,23,8.0,False,0.08,1.84
2020-06-29,10,8.0,,0.08,0.8
2020-06-30,10,8.0,,0.08,0.8
2020-07-01,32,8.0,,0.08,2.56
2020-07-02,72,8.0,,0.08,5.76
2020-07-03,16,8.0,,0.08,1.28
2020-07-04,45,8.0,,0.08,3.6
2020-07-05,9,7.0,False,0.07,0.6300000000000001
2020-07-06,39,7.0,,0.07,2.7300000000000004
2020-07-07,39,7.0,,0.07,2.7300000000000004
2020-07-08,24,7.0,,0.07,1.6800000000000002
2020-07-09,56,7.0,,0.07,3.9200000000000004
2020-07-10,58,7.0,,0.07,4.0600000000000005
2020-07-11,55,7.0,,0.07,3.8500000000000005
2020-07-12,19,7.0,False,0.07,1.33
2020-07-13,33,7.0,,0.07,2.31
2020-07-14,0,7.0,,0.07,0.0
2020-07-15,32,7.0,,0.07,2.24
2020-07-16,49,7.0,,0.07,3.43
2020-07-17,42,7.0,,0.07,2.9400000000000004
2020-07-18,9,7.0,,0.07,0.6300000000000001
2020-07-19,19,8.0,False,0.08,1.52
2020-07-20,25,8.0,,0.08,2.0
2020-07-21,33,8.0,,0.08,2.64
2020-07-22,24,8.0,,0.08,1.92
2020-07-23,65,8.0,,0.08,5.2
2020-07-24,76,8.0,,0.08,6.08
2020-07-25,37,8.0,,0.08,2.96
2020-07-26,84,11.0,False,0.11,9.24
2020-07-27,81,11.0,,0.11,8.91
2020-07-28,81,11.0,,0.11,8.91
2020-07-29,100,11.0,,0.11,11.0
2020-07-30,50,11.0,,0.11,5.5
2020-07-31,26,11.0,,0.11,2.86
2020-08-01,81,11.0,,0.11,8.91
2020-08-02,57,14.0,False,0.14,7.98
2020-08-03,50,14.0,,0.14,7.000000000000001
2020-08-04,78,14.0,,0.14,10.920000000000002
2020-08-05,79,14.0,,0.14,11.06
2020-08-06,69,14.0,,0.14,9.66
2020-08-07,91,14.0,,0.14,12.740000000000002
2020-08-08,100,14.0,,0.14,14.000000000000002
2020-08-09,57,9.0,False,0.09,5.13
2020-08-10,29,9.0,,0.09,2.61
2020-08-11,77,9.0,,0.09,6.93
2020-08-12,58,9.0,,0.09,5.22
2020-08-13,59,9.0,,0.09,5.31
2020-08-14,60,9.0,,0.09,5.3999999999999995
2020-08-15,56,9.0,,0.09,5.04
2020-08-16,44,8.0,False,0.08,3.52
2020-08-17,49,8.0,,0.08,3.92
2020-08-18,10,8.0,,0.08,0.8
2020-08-19,19,8.0,,0.08,1.52
2020-08-20,30,8.0,,0.08,2.4
2020-08-21,20,8.0,,0.08,1.6
2020-08-22,22,8.0,,0.08,1.76
2020-08-23,33,8.0,False,0.08,2.64
2020-08-24,10,8.0,,0.08,0.8
2020-08-25,38,8.0,,0.08,3.04
2020-08-26,29,8.0,,0.08,2.32
2020-08-27,29,8.0,,0.08,2.32
2020-08-28,40,8.0,,0.08,3.2
2020-08-29,0,8.0,,0.08,0.0
2020-08-30,44,8.0,False,0.08,3.52
2020-08-31,47,8.0,,0.08,3.7600000000000002
2020-09-01,50,8.0,,0.08,4.0
2020-09-02,50,8.0,,0.08,4.0
2020-09-03,59,8.0,,0.08,4.72
2020-09-04,51,8.0,,0.08,4.08
2020-09-05,77,8.0,,0.08,6.16
2020-09-06,19,7.0,False,0.07,1.33
2020-09-07,43,7.0,,0.07,3.0100000000000002
2020-09-08,17,7.0,,0.07,1.1900000000000002
2020-09-09,66,7.0,,0.07,4.62
2020-09-10,100,7.0,,0.07,7.000000000000001
2020-09-11,17,7.0,,0.07,1.1900000000000002
2020-09-12,49,7.0,,0.07,3.43
2020-09-13,29,10.0,False,0.1,2.9000000000000004
2020-09-14,33,10.0,,0.1,3.3000000000000003
2020-09-15,75,10.0,,0.1,7.5
2020-09-16,66,10.0,,0.1,6.6000000000000005
2020-09-17,58,10.0,,0.1,5.800000000000001
2020-09-18,87,10.0,,0.1,8.700000000000001
2020-09-19,58,10.0,,0.1,5.800000000000001
2020-09-20,48,7.0,False,0.07,3.3600000000000003
2020-09-21,40,7.0,,0.07,2.8000000000000003
2020-09-22,57,7.0,,0.07,3.99
2020-09-23,41,7.0,,0.07,2.87
2020-09-24,41,7.0,,0.07,2.87
2020-09-25,0,7.0,,0.07,0.0
2020-09-26,10,7.0,,0.07,0.7000000000000001
2020-09-27,48,5.0,False,0.05,2.4000000000000004
2020-09-28,8,5.0,,0.05,0.4
2020-09-29,26,5.0,,0.05,1.3
2020-09-30,17,5.0,,0.05,0.8500000000000001
2020-10-01,96,5.0,,0.05,4.800000000000001
2020-10-02,22,5.0,,0.05,1.1
2020-10-03,25,5.0,,0.05,1.25
2020-10-04,60,5.0,False,0.05,3.0
2020-10-05,31,5.0,,0.05,1.55
2020-10-06,42,5.0,,0.05,2.1
2020-10-07,21,5.0,,0.05,1.05
2020-10-08,32,5.0,,0.05,1.6
2020-10-09,46,5.0,,0.05,2.3000000000000003
2020-10-10,90,5.0,,0.05,4.5
2020-10-11,25,5.0,False,0.05,1.25
2020-10-12,46,5.0,,0.05,2.3000000000000003
2020-10-13,22,5.0,,0.05,1.1
2020-10-14,55,5.0,,0.05,2.75
2020-10-15,22,5.0,,0.05,1.1
2020-10-16,46,5.0,,0.05,2.3000000000000003
2020-10-17,38,5.0,,0.05,1.9000000000000001
2020-10-18,0,6.0,False,0.06,0.0
2020-10-19,68,6.0,,0.06,4.08
2020-10-20,22,6.0,,0.06,1.3199999999999998
2020-10-21,44,6.0,,0.06,2.6399999999999997
2020-10-22,46,6.0,,0.06,2.76
2020-10-23,35,6.0,,0.06,2.1
2020-10-24,87,6.0,,0.06,5.22
2020-10-25,50,8.0,False,0.08,4.0
2020-10-26,45,8.0,,0.08,3.6
2020-10-27,100,8.0,,0.08,8.0
2020-10-28,33,8.0,,0.08,2.64
2020-10-29,57,8.0,,0.08,4.5600000000000005
2020-10-30,23,8.0,,0.08,1.84
2020-10-31,63,8.0,,0.08,5.04
2020-11-01,25,11.0,False,0.11,2.75
2020-11-02,52,11.0,,0.11,5.72
2020-11-03,35,11.0,,0.11,3.85
2020-11-04,35,11.0,,0.11,3.85
2020-11-05,69,11.0,,0.11,7.59
2020-11-06,75,11.0,,0.11,8.25
2020-11-07,45,11.0,,0.11,4.95
2020-11-08,32,10.0,False,0.1,3.2
2020-11-09,14,10.0,,0.1,1.4000000000000001
2020-11-10,21,10.0,,0.1,2.1
2020-11-11,36,10.0,,0.1,3.6
2020-11-12,72,10.0,,0.1,7.2
2020-11-13,30,10.0,,0.1,3.0
2020-11-14,25,10.0,,0.1,2.5
2020-11-15,48,15.0,False,0.15,7.199999999999999
2020-11-16,57,15.0,,0.15,8.549999999999999
2020-11-17,64,15.0,,0.15,9.6
2020-11-18,79,15.0,,0.15,11.85
2020-11-19,58,15.0,,0.15,8.7
2020-11-20,68,15.0,,0.15,10.2
2020-11-21,40,15.0,,0.15,6.0
2020-11-22,57,14.0,False,0.14,7.98
2020-11-23,51,14.0,,0.14,7.140000000000001
2020-11-24,100,14.0,,0.14,14.000000000000002
2020-11-25,87,14.0,,0.14,12.180000000000001
2020-11-26,73,14.0,,0.14,10.22
2020-11-27,44,14.0,,0.14,6.16
2020-11-28,79,14.0,,0.14,11.06
2020-11-29,62,12.0,False,0.12,7.4399999999999995
2020-11-30,49,12.0,,0.12,5.88
2020-12-01,24,12.0,,0.12,2.88
2020-12-02,34,12.0,,0.12,4.08
2020-12-03,35,12.0,,0.12,4.2
2020-12-04,40,12.0,,0.12,4.8
2020-12-05,27,12.0,,0.12,3.2399999999999998
2020-12-06,43,12.0,False,0.12,5.16
2020-12-07,34,12.0,,0.12,4.08
2020-12-08,44,12.0,,0.12,5.279999999999999
2020-12-09,15,12.0,,0.12,1.7999999999999998
2020-12-10,10,12.0,,0.12,1.2
2020-12-11,25,12.0,,0.12,3.0
2020-12-12,33,12.0,,0.12,3.96
2020-12-13,27,15.0,False,0.15,4.05
2020-12-14,24,15.0,,0.15,3.5999999999999996
2020-12-15,25,15.0,,0.15,3.75
2020-12-16,45,15.0,,0.15,6.75
2020-12-17,100,15.0,,0.15,15.0
2020-12-18,74,15.0,,0.15,11.1
2020-12-19,62,15.0,,0.15,9.299999999999999
2020-12-20,23,18.0,False,0.18,4.14
2020-12-21,36,18.0,,0.18,6.4799999999999995
2020-12-22,36,18.0,,0.18,6.4799999999999995
2020-12-23,43,18.0,,0.18,7.739999999999999
2020-12-24,63,18.0,,0.18,11.34
2020-12-25,13,18.0,,0.18,2.34
2020-12-26,57,18.0,,0.18,10.26
2020-12-27,93,24.0,False,0.24,22.32
2020-12-28,57,24.0,,0.24,13.68
2020-12-29,37,24.0,,0.24,8.879999999999999
2020-12-30,75,24.0,,0.24,18.0
2020-12-31,34,24.0,,0.24,8.16
2021-01-01,11,24.0,,0.24,2.6399999999999997
2021-01-02,45,24.0,,0.24,10.799999999999999
2021-01-03,88,45.0,False,0.45,39.6
2021-01-04,69,45.0,,0.45,31.05
2021-01-05,38,45.0,,0.45,17.1
2021-01-06,52,45.0,,0.45,23.400000000000002
2021-01-07,74,45.0,,0.45,33.300000000000004
2021-01-08,83,45.0,,0.45,37.35
2021-01-09,53,45.0,,0.45,23.85
2021-01-10,41,41.0,False,0.41,16.81
2021-01-11,100,41.0,,0.41,41.0
2021-01-12,43,41.0,,0.41,17.63
2021-01-13,33,41.0,,0.41,13.53
2021-01-14,61,41.0,,0.41,25.009999999999998
2021-01-15,30,41.0,,0.41,12.299999999999999
2021-01-16,24,41.0,,0.41,9.84
2021-01-17,40,24.0,False,0.24,9.6
2021-01-18,17,24.0,,0.24,4.08
2021-01-19,22,24.0,,0.24,5.279999999999999
2021-01-20,19,24.0,,0.24,4.56
2021-01-21,43,24.0,,0.24,10.32
2021-01-22,45,24.0,,0.24,10.799999999999999
2021-01-23,27,24.0,,0.24,6.4799999999999995
2021-01-24,19,26.0,False,0.26,4.94
2021-01-25,21,26.0,,0.26,5.46
2021-01-26,11,26.0,,0.26,2.8600000000000003
2021-01-27,24,26.0,,0.26,6.24
2021-01-28,37,26.0,,0.26,9.620000000000001
2021-01-29,63,26.0,,0.26,16.38
2021-01-30,51,26.0,,0.26,13.26
2021-01-31,44,25.0,False,0.25,11.0
2021-02-01,23,25.0,,0.25,5.75
2021-02-02,23,25.0,,0.25,5.75
2021-02-03,69,25.0,,0.25,17.25
2021-02-04,47,25.0,,0.25,11.75
2021-02-05,30,25.0,,0.25,7.5
2021-02-06,38,25.0,,0.25,9.5
2021-02-07,40,30.0,False,0.3,12.0
2021-02-08,59,30.0,,0.3,17.7
2021-02-09,100,30.0,,0.3,30.0
2021-02-10,77,30.0,,0.3,23.099999999999998
2021-02-11,49,30.0,,0.3,14.7
2021-02-12,58,30.0,,0.3,17.4
2021-02-13,48,30.0,,0.3,14.399999999999999
2021-02-14,45,39.0,False,0.39,17.55
2021-02-15,36,39.0,,0.39,14.040000000000001
2021-02-16,46,39.0,,0.39,17.94
2021-02-17,52,39.0,,0.39,20.28
2021-02-18,43,39.0,,0.39,16.77
2021-02-19,84,39.0,,0.39,32.76
2021-02-20,75,39.0,,0.39,29.25
2021-02-21,78,34.0,False,0.34,26.520000000000003
2021-02-22,66,34.0,,0.34,22.44
2021-02-23,72,34.0,,0.34,24.48
2021-02-24,28,34.0,,0.34,9.520000000000001
2021-02-25,37,34.0,,0.34,12.58
2021-02-26,47,34.0,,0.34,15.98
2021-02-27,42,34.0,,0.34,14.280000000000001
2021-02-28,29,19.0,False,0.19,5.51
2021-03-01,75,19.0,,0.19,14.25
2021-03-02,38,19.0,,0.19,7.22
2021-03-03,51,19.0,,0.19,9.69
2021-03-04,66,19.0,,0.19,12.540000000000001
2021-03-05,24,19.0,,0.19,4.5600000000000005
2021-03-06,63,19.0,,0.19,11.97
2021-03-07,37,21.0,False,0.21,7.77
2021-03-08,52,21.0,,0.21,10.92
2021-03-09,56,21.0,,0.21,11.76
2021-03-10,46,21.0,,0.21,9.66
2021-03-11,48,21.0,,0.21,10.08
2021-03-12,63,21.0,,0.21,13.229999999999999
2021-03-13,47,21.0,,0.21,9.87
2021-03-14,35,21.0,False,0.21,7.35
2021-03-15,51,21.0,,0.21,10.709999999999999
2021-03-16,76,21.0,,0.21,15.959999999999999
2021-03-17,51,21.0,,0.21,10.709999999999999
2021-03-18,33,21.0,,0.21,6.93
2021-03-19,53,21.0,,0.21,11.129999999999999
2021-03-20,100,21.0,,0.21,21.0
2021-03-21,37,14.0,False,0.14,5.180000000000001
2021-03-22,56,14.0,,0.14,7.840000000000001
2021-03-23,28,14.0,,0.14,3.9200000000000004
2021-03-24,38,14.0,,0.14,5.32
2021-03-25,53,14.0,,0.14,7.420000000000001
2021-03-26,39,14.0,,0.14,5.460000000000001
2021-03-27,33,14.0,,0.14,4.62
2021-03-28,59,20.0,False,0.2,11.8
2021-03-29,58,20.0,,0.2,11.600000000000001
2021-03-30,54,20.0,,0.2,10.8
2021-03-31,44,20.0,,0.2,8.8
2021-04-01,45,20.0,,0.2,9.0
2021-04-02,53,20.0,,0.2,10.600000000000001
2021-04-03,68,20.0,,0.2,13.600000000000001
2021-04-04,62,16.0,False,0.16,9.92
2021-04-05,27,16.0,,0.16,4.32
2021-04-06,47,16.0,,0.16,7.5200000000000005
2021-04-07,41,16.0,,0.16,6.5600000000000005
2021-04-08,47,16.0,,0.16,7.5200000000000005
2021-04-09,37,16.0,,0.16,5.92
2021-04-10,71,16.0,,0.16,11.36
2021-04-11,52,23.0,False,0.23,11.96
2021-04-12,72,23.0,,0.23,16.560000000000002
2021-04-13,57,23.0,,0.23,13.110000000000001
2021-04-14,68,23.0,,0.23,15.64
2021-04-15,42,23.0,,0.23,9.66
2021-04-16,76,23.0,,0.23,17.48
2021-04-17,95,23.0,,0.23,21.85
2021-04-18,100,19.0,False,0.19,19.0
2021-04-19,57,19.0,,0.19,10.83
2021-04-20,47,19.0,,0.19,8.93
2021-04-21,32,19.0,,0.19,6.08
2021-04-22,58,19.0,,0.19,11.02
2021-04-23,77,19.0,,0.19,14.63
2021-04-24,41,19.0,,0.19,7.79
2021-04-25,52,16.0,False,0.16,8.32
2021-04-26,63,16.0,,0.16,10.08
2021-04-27,78,16.0,,0.16,12.48
2021-04-28,53,16.0,,0.16,8.48
2021-04-29,37,16.0,,0.16,5.92
2021-04-30,59,16.0,,0.16,9.44
2021-05-01,36,16.0,,0.16,5.76
2021-05-02,14,25.0,False,0.25,3.5
2021-05-03,42,25.0,,0.25,10.5
2021-05-04,50,25.0,,0.25,12.5
2021-05-05,44,25.0,,0.25,11.0
2021-05-06,48,25.0,,0.25,12.0
2021-05-07,37,25.0,,0.25,9.25
2021-05-08,72,25.0,,0.25,18.0
2021-05-09,73,27.0,False,0.27,19.71
2021-05-10,55,27.0,,0.27,14.850000000000001
2021-05-11,31,27.0,,0.27,8.370000000000001
2021-05-12,51,27.0,,0.27,13.770000000000001
2021-05-13,86,27.0,,0.27,23.220000000000002
2021-05-14,48,27.0,,0.27,12.96
2021-05-15,62,27.0,,0.27,16.740000000000002
2021-05-16,46,38.0,False,0.38,17.48
2021-05-17,77,38.0,,0.38,29.26
2021-05-18,41,38.0,,0.38,15.58
2021-05-19,100,38.0,,0.38,38.0
2021-05-20,26,38.0,,0.38,9.88
2021-05-21,59,38.0,,0.38,22.42
2021-05-22,33,38.0,,0.38,12.540000000000001
2021-05-23,62,17.0,False,0.17,10.540000000000001
2021-05-24,32,17.0,,0.17,5.44
2021-05-25,42,17.0,,0.17,7.140000000000001
2021-05-26,45,17.0,,0.17,7.65
2021-05-27,32,17.0,,0.17,5.44
2021-05-28,30,17.0,,0.17,5.1000000000000005
2021-05-29,30,17.0,,0.17,5.1000000000000005
2021-05-30,30,13.0,False,0.13,3.9000000000000004
2021-05-31,23,13.0,,0.13,2.99
2021-06-01,90,13.0,,0.13,11.700000000000001
2021-06-02,79,13.0,,0.13,10.27
2021-06-03,80,13.0,,0.13,10.4
2021-06-04,51,13.0,,0.13,6.63
2021-06-05,67,13.0,,0.13,8.71
2021-06-06,79,11.0,False,0.11,8.69
2021-06-07,58,11.0,,0.11,6.38
2021-06-08,78,11.0,,0.11,8.58
2021-06-09,49,11.0,,0.11,5.39
2021-06-10,70,11.0,,0.11,7.7
2021-06-11,30,11.0,,0.11,3.3
2021-06-12,57,11.0,,0.11,6.2700000000000005
2021-06-13,98,10.0,False,0.1,9.8
2021-06-14,49,10.0,,0.1,4.9
2021-06-15,78,10.0,,0.1,7.800000000000001
2021-06-16,59,10.0,,0.1,5.9
2021-06-17,30,10.0,,0.1,3.0
2021-06-18,31,10.0,,0.1,3.1
2021-06-19,33,10.0,,0.1,3.3000000000000003
2021-06-20,23,13.0,False,0.13,2.99
2021-06-21,100,13.0,,0.13,13.0
2021-06-22,89,13.0,,0.13,11.57
2021-06-23,58,13.0,,0.13,7.54
2021-06-24,41,13.0,,0.13,5.33
2021-06-25,84,13.0,,0.13,10.92
2021-06-26,34,13.0,,0.13,4.42
2021-06-27,56,11.0,False,0.11,6.16
2021-06-28,50,11.0,,0.11,5.5
2021-06-29,29,11.0,,0.11,3.19
2021-06-30,40,11.0,,0.11,4.4
2021-07-01,85,11.0,,0.11,9.35
2021-07-02,33,11.0,,0.11,3.63
2021-07-03,24,11.0,,0.11,2.64
2021-07-04,49,8.0,False,0.08,3.92
2021-07-05,54,8.0,,0.08,4.32
2021-07-06,75,8.0,,0.08,6.0
2021-07-07,84,8.0,,0.08,6.72
2021-07-08,32,8.0,,0.08,2.56
2021-07-09,11,8.0,,0.08,0.88
2021-07-10,24,8.0,,0.08,1.92
2021-07-11,12,8.0,False,0.08,0.96
2021-07-12,54,8.0,,0.08,4.32
2021-07-13,74,8.0,,0.08,5.92
2021-07-14,43,8.0,,0.08,3.44
2021-07-15,65,8.0,,0.08,5.2
2021-07-16,22,8.0,,0.08,1.76
2021-07-17,49,8.0,,0.08,3.92
2021-07-18,12,12.0,False,0.12,1.44
2021-07-19,33,12.0,,0.12,3.96
2021-07-20,100,12.0,,0.12,12.0
2021-07-21,78,12.0,,0.12,9.36
2021-07-22,45,12.0,,0.12,5.3999999999999995
2021-07-23,45,12.0,,0.12,5.3999999999999995
2021-07-24,12,12.0,,0.12,1.44
2021-07-25,36,10.0,False,0.1,3.6
2021-07-26,95,10.0,,0.1,9.5
2021-07-27,74,10.0,,0.1,7.4
2021-07-28,43,10.0,,0.1,4.3
2021-07-29,43,10.0,,0.1,4.3
2021-07-30,33,10.0,,0.1,3.3000000000000003
2021-07-31,61,10.0,,0.1,6.1000000000000005
2021-08-01,28,8.0,False,0.08,2.24
2021-08-02,33,8.0,,0.08,2.64
2021-08-03,33,8.0,,0.08,2.64
2021-08-04,17,8.0,,0.08,1.36
2021-08-05,17,8.0,,0.08,1.36
2021-08-06,60,8.0,,0.08,4.8
2021-08-07,9,8.0,,0.08,0.72
2021-08-08,57,10.0,False,0.1,5.7
2021-08-09,67,10.0,,0.1,6.7
2021-08-10,43,10.0,,0.1,4.3
2021-08-11,42,10.0,,0.1,4.2
2021-08-12,60,10.0,,0.1,6.0
2021-08-13,44,10.0,,0.1,4.4
2021-08-14,46,10.0,,0.1,4.6000000000000005
2021-08-15,57,11.0,False,0.11,6.2700000000000005
2021-08-16,58,11.0,,0.11,6.38
2021-08-17,33,11.0,,0.11,3.63
2021-08-18,68,11.0,,0.11,7.48
2021-08-19,50,11.0,,0.11,5.5
2021-08-20,33,11.0,,0.11,3.63
2021-08-21,46,11.0,,0.11,5.06
2021-08-22,38,9.0,False,0.09,3.42
2021-08-23,44,9.0,,0.09,3.96
2021-08-24,100,9.0,,0.09,9.0
2021-08-25,66,9.0,,0.09,5.9399999999999995
2021-08-26,25,9.0,,0.09,2.25
2021-08-27,42,9.0,,0.09,3.78
2021-08-28,46,9.0,,0.09,4.14
2021-08-29,64,12.0,False,0.12,7.68
2021-08-30,41,12.0,,0.12,4.92
2021-08-31,68,12.0,,0.12,8.16
2021-09-01,87,12.0,,0.12,10.44
2021-09-02,53,12.0,,0.12,6.359999999999999
2021-09-03,100,12.0,,0.12,12.0
2021-09-04,61,12.0,,0.12,7.319999999999999
2021-09-05,92,12.0,False,0.12,11.04
2021-09-06,45,12.0,,0.12,5.3999999999999995
2021-09-07,72,12.0,,0.12,8.64
2021-09-08,45,12.0,,0.12,5.3999999999999995
2021-09-09,44,12.0,,0.12,5.279999999999999
2021-09-10,9,12.0,,0.12,1.08
2021-09-11,49,12.0,,0.12,5.88
2021-09-12,39,9.0,False,0.09,3.51
2021-09-13,35,9.0,,0.09,3.15
2021-09-14,43,9.0,,0.09,3.8699999999999997
2021-09-15,34,9.0,,0.09,3.06
2021-09-16,61,9.0,,0.09,5.49
2021-09-17,36,9.0,,0.09,3.2399999999999998
2021-09-18,69,9.0,,0.09,6.21
2021-09-19,39,14.0,False,0.14,5.460000000000001
2021-09-20,34,14.0,,0.14,4.760000000000001
2021-09-21,69,14.0,,0.14,9.66
2021-09-22,34,14.0,,0.14,4.760000000000001
2021-09-23,26,14.0,,0.14,3.6400000000000006
2021-09-24,45,14.0,,0.14,6.300000000000001
2021-09-25,29,14.0,,0.14,4.0600000000000005
2021-09-26,19,10.0,False,0.1,1.9000000000000001
2021-09-27,43,10.0,,0.1,4.3
2021-09-28,34,10.0,,0.1,3.4000000000000004
2021-09-29,51,10.0,,0.1,5.1000000000000005
2021-09-30,52,10.0,,0.1,5.2
2021-10-01,62,10.0,,0.1,6.2
2021-10-02,90,10.0,,0.1,9.0
2021-10-03,33,10.0,False,0.1,3.3000000000000003
2021-10-04,48,10.0,,0.1,4.800000000000001
2021-10-05,13,10.0,,0.1,1.3
2021-10-06,60,10.0,,0.1,6.0
2021-10-07,27,10.0,,0.1,2.7
2021-10-08,35,10.0,,0.1,3.5
2021-10-09,55,10.0,,0.1,5.5
2021-10-10,100,11.0,False,0.11,11.0
2021-10-11,47,11.0,,0.11,5.17
2021-10-12,35,11.0,,0.11,3.85
2021-10-13,48,11.0,,0.11,5.28
2021-10-14,41,11.0,,0.11,4.51
2021-10-15,63,11.0,,0.11,6.93
2021-10-16,61,11.0,,0.11,6.71
2021-10-17,92,12.0,False,0.12,11.04
2021-10-18,13,12.0,,0.12,1.56
2021-10-19,54,12.0,,0.12,6.4799999999999995
2021-10-20,74,12.0,,0.12,8.879999999999999
2021-10-21,48,12.0,,0.12,5.76
2021-10-22,62,12.0,,0.12,7.4399999999999995
2021-10-23,45,12.0,,0.12,5.3999999999999995
2021-10-24,44,10.0,False,0.1,4.4
2021-10-25,40,10.0,,0.1,4.0
2021-10-26,65,10.0,,0.1,6.5
2021-10-27,67,10.0,,0.1,6.7
2021-10-28,80,10.0,,0.1,8.0
2021-10-29,21,10.0,,0.1,2.1
2021-10-30,45,10.0,,0.1,4.5
2021-10-31,68,10.0,False,0.1,6.800000000000001
2021-11-01,42,10.0,,0.1,4.2
2021-11-02,40,10.0,,0.1,4.0
2021-11-03,60,10.0,,0.1,6.0
2021-11-04,68,10.0,,0.1,6.800000000000001
2021-11-05,42,10.0,,0.1,4.2
2021-11-06,45,10.0,,0.1,4.5
2021-11-07,53,11.0,False,0.11,5.83
2021-11-08,81,11.0,,0.11,8.91
2021-11-09,100,11.0,,0.11,11.0
2021-11-10,73,11.0,,0.11,8.03
2021-11-11,32,11.0,,0.11,3.52
2021-11-12,14,11.0,,0.11,1.54
2021-11-13,46,11.0,,0.11,5.06
2021-11-14,60,9.0,False,0.09,5.3999999999999995
2021-11-15,67,9.0,,0.09,6.029999999999999
2021-11-16,67,9.0,,0.09,6.029999999999999
2021-11-17,52,9.0,,0.09,4.68
2021-11-18,80,9.0,,0.09,7.199999999999999
2021-11-19,61,9.0,,0.09,5.49
2021-11-20,22,9.0,,0.09,1.98
2021-11-21,29,6.0,False,0.06,1.74
2021-11-22,33,6.0,,0.06,1.98
2021-11-23,46,6.0,,0.06,2.76
2021-11-24,46,6.0,,0.06,2.76
2021-11-25,45,6.0,,0.06,2.6999999999999997
2021-11-26,13,6.0,,0.06,0.78
2021-11-27,58,6.0,,0.06,3.48
2021-11-28,73,9.0,True,0.09,6.569999999999999
2021-11-29,38,9.0,,0.09,3.42
2021-11-30,32,9.0,,0.09,2.88
2021-12-01,79,9.0,,0.09,7.109999999999999
2021-12-02,100,9.0,,0.09,9.0
