date,what is bitcoin_unscaled,what is bitcoin_monthly,isPartial,scale,what is bitcoin
2017-08-01,80,,,,
2017-08-02,83,,,,
2017-08-03,70,,,,
2017-08-04,44,,,,
2017-08-05,49,,,,
2017-08-06,33,12.0,False,0.12,3.96
2017-08-07,73,12.0,,0.12,8.76
2017-08-08,69,12.0,,0.12,8.28
2017-08-09,75,12.0,,0.12,9.0
2017-08-10,51,12.0,,0.12,6.12
2017-08-11,52,12.0,,0.12,6.24
2017-08-12,35,12.0,,0.12,4.2
2017-08-13,87,17.0,False,0.17,14.790000000000001
2017-08-14,89,17.0,,0.17,15.13
2017-08-15,86,17.0,,0.17,14.620000000000001
2017-08-16,93,17.0,,0.17,15.81
2017-08-17,73,17.0,,0.17,12.41
2017-08-18,70,17.0,,0.17,11.9
2017-08-19,67,17.0,,0.17,11.39
2017-08-20,66,15.0,False,0.15,9.9
2017-08-21,62,15.0,,0.15,9.299999999999999
2017-08-22,100,15.0,,0.15,15.0
2017-08-23,47,15.0,,0.15,7.05
2017-08-24,53,15.0,,0.15,7.949999999999999
2017-08-25,68,15.0,,0.15,10.2
2017-08-26,58,15.0,,0.15,8.7
2017-08-27,47,16.0,False,0.16,7.5200000000000005
2017-08-28,31,16.0,,0.16,4.96
2017-08-29,55,16.0,,0.16,8.8
2017-08-30,55,16.0,,0.16,8.8
2017-08-31,97,16.0,,0.16,15.52
2017-09-01,100,16.0,,0.16,16.0
2017-09-02,72,16.0,,0.16,11.52
2017-09-03,77,16.0,False,0.16,12.32
2017-09-04,67,16.0,,0.16,10.72
2017-09-05,79,16.0,,0.16,12.64
2017-09-06,72,16.0,,0.16,11.52
2017-09-07,98,16.0,,0.16,15.68
2017-09-08,58,16.0,,0.16,9.28
2017-09-09,97,16.0,,0.16,15.52
2017-09-10,82,14.0,False,0.14,11.48
2017-09-11,54,14.0,,0.14,7.5600000000000005
2017-09-12,43,14.0,,0.14,6.0200000000000005
2017-09-13,81,14.0,,0.14,11.340000000000002
2017-09-14,93,14.0,,0.14,13.020000000000001
2017-09-15,98,14.0,,0.14,13.72
2017-09-16,54,14.0,,0.14,7.5600000000000005
2017-09-17,63,13.0,False,0.13,8.19
2017-09-18,84,13.0,,0.13,10.92
2017-09-19,68,13.0,,0.13,8.84
2017-09-20,55,13.0,,0.13,7.15
2017-09-21,64,13.0,,0.13,8.32
2017-09-22,52,13.0,,0.13,6.76
2017-09-23,50,13.0,,0.13,6.5
2017-09-24,49,12.0,False,0.12,5.88
2017-09-25,43,12.0,,0.12,5.16
2017-09-26,52,12.0,,0.12,6.24
2017-09-27,84,12.0,,0.12,10.08
2017-09-28,71,12.0,,0.12,8.52
2017-09-29,46,12.0,,0.12,5.52
2017-09-30,47,12.0,,0.12,5.64
2017-10-01,28,9.0,False,0.09,2.52
2017-10-02,51,9.0,,0.09,4.59
2017-10-03,44,9.0,,0.09,3.96
2017-10-04,29,9.0,,0.09,2.61
2017-10-05,49,9.0,,0.09,4.41
2017-10-06,33,9.0,,0.09,2.9699999999999998
2017-10-07,56,9.0,,0.09,5.04
2017-10-08,66,16.0,False,0.16,10.56
2017-10-09,53,16.0,,0.16,8.48
2017-10-10,38,16.0,,0.16,6.08
2017-10-11,67,16.0,,0.16,10.72
2017-10-12,84,16.0,,0.16,13.44
2017-10-13,98,16.0,,0.16,15.68
2017-10-14,81,16.0,,0.16,12.96
2017-10-15,57,18.0,False,0.18,10.26
2017-10-16,89,18.0,,0.18,16.02
2017-10-17,64,18.0,,0.18,11.52
2017-10-18,70,18.0,,0.18,12.6
2017-10-19,47,18.0,,0.18,8.459999999999999
2017-10-20,74,18.0,,0.18,13.32
2017-10-21,92,18.0,,0.18,16.56
2017-10-22,83,19.0,False,0.19,15.77
2017-10-23,85,19.0,,0.19,16.15
2017-10-24,93,19.0,,0.19,17.67
2017-10-25,83,19.0,,0.19,15.77
2017-10-26,82,19.0,,0.19,15.58
2017-10-27,53,19.0,,0.19,10.07
2017-10-28,100,19.0,,0.19,19.0
2017-10-29,57,25.0,False,0.25,14.25
2017-10-30,95,25.0,,0.25,23.75
2017-10-31,76,25.0,,0.25,19.0
2017-11-01,22,25.0,,0.25,5.5
2017-11-02,30,25.0,,0.25,7.5
2017-11-03,36,25.0,,0.25,9.0
2017-11-04,18,25.0,,0.25,4.5
2017-11-05,20,25.0,False,0.25,5.0
2017-11-06,21,25.0,,0.25,5.25
2017-11-07,23,25.0,,0.25,5.75
2017-11-08,17,25.0,,0.25,4.25
2017-11-09,25,25.0,,0.25,6.25
2017-11-10,20,25.0,,0.25,5.0
2017-11-11,19,25.0,,0.25,4.75
2017-11-12,20,29.0,False,0.29,5.8
2017-11-13,21,29.0,,0.29,6.09
2017-11-14,26,29.0,,0.29,7.539999999999999
2017-11-15,18,29.0,,0.29,5.22
2017-11-16,26,29.0,,0.29,7.539999999999999
2017-11-17,29,29.0,,0.29,8.41
2017-11-18,19,29.0,,0.29,5.51
2017-11-19,16,25.0,False,0.25,4.0
2017-11-20,31,25.0,,0.25,7.75
2017-11-21,23,25.0,,0.25,5.75
2017-11-22,18,25.0,,0.25,4.5
2017-11-23,21,25.0,,0.25,5.25
2017-11-24,19,25.0,,0.25,4.75
2017-11-25,27,25.0,,0.25,6.75
2017-11-26,30,72.0,False,0.72,21.599999999999998
2017-11-27,50,72.0,,0.72,36.0
2017-11-28,58,72.0,,0.72,41.76
2017-11-29,100,72.0,,0.72,72.0
2017-11-30,77,72.0,,0.72,55.44
2017-12-01,40,72.0,,0.72,28.799999999999997
2017-12-02,30,72.0,,0.72,21.599999999999998
2017-12-03,29,100.0,False,1.0,29.0
2017-12-04,33,100.0,,1.0,33.0
2017-12-05,33,100.0,,1.0,33.0
2017-12-06,45,100.0,,1.0,45.0
2017-12-07,87,100.0,,1.0,87.0
2017-12-08,77,100.0,,1.0,77.0
2017-12-09,54,100.0,,1.0,54.0
2017-12-10,45,100.0,False,1.0,45.0
2017-12-11,61,100.0,,1.0,61.0
2017-12-12,62,100.0,,1.0,62.0
2017-12-13,66,100.0,,1.0,66.0
2017-12-14,52,100.0,,1.0,52.0
2017-12-15,45,100.0,,1.0,45.0
2017-12-16,39,100.0,,1.0,39.0
2017-12-17,48,97.0,False,0.97,46.56
2017-12-18,43,97.0,,0.97,41.71
2017-12-19,53,97.0,,0.97,51.41
2017-12-20,100,97.0,,0.97,97.0
2017-12-21,54,97.0,,0.97,52.379999999999995
2017-12-22,52,97.0,,0.97,50.44
2017-12-23,43,97.0,,0.97,41.71
2017-12-24,27,53.0,False,0.53,14.31
2017-12-25,25,53.0,,0.53,13.25
2017-12-26,33,53.0,,0.53,17.490000000000002
2017-12-27,27,53.0,,0.53,14.31
2017-12-28,33,53.0,,0.53,17.490000000000002
2017-12-29,30,53.0,,0.53,15.9
2017-12-30,24,53.0,,0.53,12.72
2017-12-31,24,47.0,False,0.47,11.28
2018-01-01,52,47.0,,0.47,24.439999999999998
2018-01-02,73,47.0,,0.47,34.309999999999995
2018-01-03,69,47.0,,0.47,32.43
2018-01-04,67,47.0,,0.47,31.49
2018-01-05,78,47.0,,0.47,36.66
2018-01-06,74,47.0,,0.47,34.78
2018-01-07,68,50.0,False,0.5,34.0
2018-01-08,68,50.0,,0.5,34.0
2018-01-09,80,50.0,,0.5,40.0
2018-01-10,74,50.0,,0.5,37.0
2018-01-11,88,50.0,,0.5,44.0
2018-01-12,65,50.0,,0.5,32.5
2018-01-13,54,50.0,,0.5,27.0
2018-01-14,57,45.0,False,0.45,25.650000000000002
2018-01-15,54,45.0,,0.45,24.3
2018-01-16,71,45.0,,0.45,31.95
2018-01-17,100,45.0,,0.45,45.0
2018-01-18,71,45.0,,0.45,31.95
2018-01-19,81,45.0,,0.45,36.45
2018-01-20,58,45.0,,0.45,26.1
2018-01-21,51,33.0,False,0.33,16.830000000000002
2018-01-22,47,33.0,,0.33,15.510000000000002
2018-01-23,45,33.0,,0.33,14.850000000000001
2018-01-24,43,33.0,,0.33,14.190000000000001
2018-01-25,53,33.0,,0.33,17.490000000000002
2018-01-26,41,33.0,,0.33,13.530000000000001
2018-01-27,37,33.0,,0.33,12.21
2018-01-28,40,31.0,False,0.31,12.4
2018-01-29,36,31.0,,0.31,11.16
2018-01-30,47,31.0,,0.31,14.57
2018-01-31,44,31.0,,0.31,13.64
2018-02-01,82,31.0,,0.31,25.419999999999998
2018-02-02,73,31.0,,0.31,22.63
2018-02-03,85,31.0,,0.31,26.35
2018-02-04,68,36.0,False,0.36,24.48
2018-02-05,82,36.0,,0.36,29.52
2018-02-06,100,36.0,,0.36,36.0
2018-02-07,73,36.0,,0.36,26.279999999999998
2018-02-08,62,36.0,,0.36,22.32
2018-02-09,62,36.0,,0.36,22.32
2018-02-10,48,36.0,,0.36,17.28
2018-02-11,51,25.0,False,0.25,12.75
2018-02-12,54,25.0,,0.25,13.5
2018-02-13,52,25.0,,0.25,13.0
2018-02-14,62,25.0,,0.25,15.5
2018-02-15,45,25.0,,0.25,11.25
2018-02-16,51,25.0,,0.25,12.75
2018-02-17,51,25.0,,0.25,12.75
2018-02-18,53,21.0,False,0.21,11.129999999999999
2018-02-19,39,21.0,,0.21,8.19
2018-02-20,47,21.0,,0.21,9.87
2018-02-21,47,21.0,,0.21,9.87
2018-02-22,50,21.0,,0.21,10.5
2018-02-23,41,21.0,,0.21,8.61
2018-02-24,40,21.0,,0.21,8.4
2018-02-25,47,20.0,False,0.2,9.4
2018-02-26,36,20.0,,0.2,7.2
2018-02-27,49,20.0,,0.2,9.8
2018-02-28,30,20.0,,0.2,6.0
2018-03-01,68,20.0,,0.2,13.600000000000001
2018-03-02,67,20.0,,0.2,13.4
2018-03-03,71,20.0,,0.2,14.200000000000001
2018-03-04,64,17.0,False,0.17,10.88
2018-03-05,63,17.0,,0.17,10.71
2018-03-06,71,17.0,,0.17,12.07
2018-03-07,77,17.0,,0.17,13.090000000000002
2018-03-08,78,17.0,,0.17,13.260000000000002
2018-03-09,100,17.0,,0.17,17.0
2018-03-10,63,17.0,,0.17,10.71
2018-03-11,70,15.0,False,0.15,10.5
2018-03-12,75,15.0,,0.15,11.25
2018-03-13,91,15.0,,0.15,13.65
2018-03-14,57,15.0,,0.15,8.549999999999999
2018-03-15,60,15.0,,0.15,9.0
2018-03-16,72,15.0,,0.15,10.799999999999999
2018-03-17,48,15.0,,0.15,7.199999999999999
2018-03-18,47,16.0,False,0.16,7.5200000000000005
2018-03-19,68,16.0,,0.16,10.88
2018-03-20,50,16.0,,0.16,8.0
2018-03-21,69,16.0,,0.16,11.040000000000001
2018-03-22,80,16.0,,0.16,12.8
2018-03-23,83,16.0,,0.16,13.280000000000001
2018-03-24,47,16.0,,0.16,7.5200000000000005
2018-03-25,43,13.0,False,0.13,5.59
2018-03-26,61,13.0,,0.13,7.930000000000001
2018-03-27,68,13.0,,0.13,8.84
2018-03-28,51,13.0,,0.13,6.63
2018-03-29,43,13.0,,0.13,5.59
2018-03-30,73,13.0,,0.13,9.49
2018-03-31,45,13.0,,0.13,5.8500000000000005
2018-04-01,70,12.0,False,0.12,8.4
2018-04-02,55,12.0,,0.12,6.6
2018-04-03,72,12.0,,0.12,8.64
2018-04-04,79,12.0,,0.12,9.48
2018-04-05,67,12.0,,0.12,8.04
2018-04-06,84,12.0,,0.12,10.08
2018-04-07,60,12.0,,0.12,7.199999999999999
2018-04-08,47,14.0,False,0.14,6.580000000000001
2018-04-09,83,14.0,,0.14,11.620000000000001
2018-04-10,88,14.0,,0.14,12.32
2018-04-11,99,14.0,,0.14,13.860000000000001
2018-04-12,100,14.0,,0.14,14.000000000000002
2018-04-13,61,14.0,,0.14,8.540000000000001
2018-04-14,60,14.0,,0.14,8.4
2018-04-15,63,13.0,False,0.13,8.19
2018-04-16,62,13.0,,0.13,8.06
2018-04-17,69,13.0,,0.13,8.97
2018-04-18,52,13.0,,0.13,6.76
2018-04-19,90,13.0,,0.13,11.700000000000001
2018-04-20,92,13.0,,0.13,11.96
2018-04-21,69,13.0,,0.13,8.97
2018-04-22,91,11.0,False,0.11,10.01
2018-04-23,57,11.0,,0.11,6.2700000000000005
2018-04-24,91,11.0,,0.11,10.01
2018-04-25,69,11.0,,0.11,7.59
2018-04-26,87,11.0,,0.11,9.57
2018-04-27,52,11.0,,0.11,5.72
2018-04-28,53,11.0,,0.11,5.83
2018-04-29,64,9.0,False,0.09,5.76
2018-04-30,57,9.0,,0.09,5.13
2018-05-01,74,9.0,,0.09,6.66
2018-05-02,62,9.0,,0.09,5.58
2018-05-03,54,9.0,,0.09,4.859999999999999
2018-05-04,89,9.0,,0.09,8.01
2018-05-05,77,9.0,,0.09,6.93
2018-05-06,67,9.0,False,0.09,6.029999999999999
2018-05-07,66,9.0,,0.09,5.9399999999999995
2018-05-08,46,9.0,,0.09,4.14
2018-05-09,97,9.0,,0.09,8.73
2018-05-10,55,9.0,,0.09,4.95
2018-05-11,68,9.0,,0.09,6.12
2018-05-12,59,9.0,,0.09,5.31
2018-05-13,40,8.0,False,0.08,3.2
2018-05-14,100,8.0,,0.08,8.0
2018-05-15,76,8.0,,0.08,6.08
2018-05-16,46,8.0,,0.08,3.68
2018-05-17,55,8.0,,0.08,4.4
2018-05-18,58,8.0,,0.08,4.64
2018-05-19,31,8.0,,0.08,2.48
2018-05-20,45,9.0,False,0.09,4.05
2018-05-21,63,9.0,,0.09,5.67
2018-05-22,58,9.0,,0.09,5.22
2018-05-23,70,9.0,,0.09,6.3
2018-05-24,75,9.0,,0.09,6.75
2018-05-25,45,9.0,,0.09,4.05
2018-05-26,36,9.0,,0.09,3.2399999999999998
2018-05-27,31,8.0,False,0.08,2.48
2018-05-28,44,8.0,,0.08,3.52
2018-05-29,46,8.0,,0.08,3.68
2018-05-30,62,8.0,,0.08,4.96
2018-05-31,59,8.0,,0.08,4.72
2018-06-01,48,8.0,,0.08,3.84
2018-06-02,64,8.0,,0.08,5.12
2018-06-03,63,8.0,False,0.08,5.04
2018-06-04,72,8.0,,0.08,5.76
2018-06-05,54,8.0,,0.08,4.32
2018-06-06,49,8.0,,0.08,3.92
2018-06-07,41,8.0,,0.08,3.2800000000000002
2018-06-08,62,8.0,,0.08,4.96
2018-06-09,64,8.0,,0.08,5.12
2018-06-10,100,7.0,False,0.07,7.000000000000001
2018-06-11,61,7.0,,0.07,4.2700000000000005
2018-06-12,57,7.0,,0.07,3.99
2018-06-13,38,7.0,,0.07,2.66
2018-06-14,26,7.0,,0.07,1.8200000000000003
2018-06-15,62,7.0,,0.07,4.340000000000001
2018-06-16,52,7.0,,0.07,3.6400000000000006
2018-06-17,77,8.0,False,0.08,6.16
2018-06-18,40,8.0,,0.08,3.2
2018-06-19,84,8.0,,0.08,6.72
2018-06-20,54,8.0,,0.08,4.32
2018-06-21,71,8.0,,0.08,5.68
2018-06-22,51,8.0,,0.08,4.08
2018-06-23,46,8.0,,0.08,3.68
2018-06-24,86,6.0,False,0.06,5.16
2018-06-25,66,6.0,,0.06,3.96
2018-06-26,44,6.0,,0.06,2.6399999999999997
2018-06-27,44,6.0,,0.06,2.6399999999999997
2018-06-28,40,6.0,,0.06,2.4
2018-06-29,38,6.0,,0.06,2.28
2018-06-30,52,6.0,,0.06,3.12
2018-07-01,58,6.0,False,0.06,3.48
2018-07-02,69,6.0,,0.06,4.14
2018-07-03,75,6.0,,0.06,4.5
2018-07-04,97,6.0,,0.06,5.819999999999999
2018-07-05,42,6.0,,0.06,2.52
2018-07-06,46,6.0,,0.06,2.76
2018-07-07,72,6.0,,0.06,4.32
2018-07-08,53,6.0,False,0.06,3.1799999999999997
2018-07-09,81,6.0,,0.06,4.859999999999999
2018-07-10,61,6.0,,0.06,3.6599999999999997
2018-07-11,48,6.0,,0.06,2.88
2018-07-12,84,6.0,,0.06,5.04
2018-07-13,100,6.0,,0.06,6.0
2018-07-14,55,6.0,,0.06,3.3
2018-07-15,67,7.0,False,0.07,4.69
2018-07-16,83,7.0,,0.07,5.8100000000000005
2018-07-17,82,7.0,,0.07,5.74
2018-07-18,83,7.0,,0.07,5.8100000000000005
2018-07-19,72,7.0,,0.07,5.040000000000001
2018-07-20,49,7.0,,0.07,3.43
2018-07-21,75,7.0,,0.07,5.250000000000001
2018-07-22,68,8.0,False,0.08,5.44
2018-07-23,95,8.0,,0.08,7.6000000000000005
2018-07-24,100,8.0,,0.08,8.0
2018-07-25,59,8.0,,0.08,4.72
2018-07-26,90,8.0,,0.08,7.2
2018-07-27,91,8.0,,0.08,7.28
2018-07-28,60,8.0,,0.08,4.8
2018-07-29,41,8.0,False,0.08,3.2800000000000002
2018-07-30,35,8.0,,0.08,2.8000000000000003
2018-07-31,99,8.0,,0.08,7.92
2018-08-01,53,8.0,,0.08,4.24
2018-08-02,32,8.0,,0.08,2.56
2018-08-03,40,8.0,,0.08,3.2
2018-08-04,100,8.0,,0.08,8.0
2018-08-05,76,7.0,False,0.07,5.32
2018-08-06,57,7.0,,0.07,3.99
2018-08-07,79,7.0,,0.07,5.53
2018-08-08,83,7.0,,0.07,5.8100000000000005
2018-08-09,47,7.0,,0.07,3.2900000000000005
2018-08-10,44,7.0,,0.07,3.08
2018-08-11,71,7.0,,0.07,4.970000000000001
2018-08-12,59,6.0,False,0.06,3.54
2018-08-13,62,6.0,,0.06,3.7199999999999998
2018-08-14,38,6.0,,0.06,2.28
2018-08-15,69,6.0,,0.06,4.14
2018-08-16,68,6.0,,0.06,4.08
2018-08-17,44,6.0,,0.06,2.6399999999999997
2018-08-18,34,6.0,,0.06,2.04
2018-08-19,51,6.0,False,0.06,3.06
2018-08-20,64,6.0,,0.06,3.84
2018-08-21,39,6.0,,0.06,2.34
2018-08-22,74,6.0,,0.06,4.4399999999999995
2018-08-23,68,6.0,,0.06,4.08
2018-08-24,40,6.0,,0.06,2.4
2018-08-25,39,6.0,,0.06,2.34
2018-08-26,55,7.0,False,0.07,3.8500000000000005
2018-08-27,38,7.0,,0.07,2.66
2018-08-28,52,7.0,,0.07,3.6400000000000006
2018-08-29,47,7.0,,0.07,3.2900000000000005
2018-08-30,52,7.0,,0.07,3.6400000000000006
2018-08-31,64,7.0,,0.07,4.48
2018-09-01,74,7.0,,0.07,5.180000000000001
2018-09-02,88,7.0,False,0.07,6.16
2018-09-03,74,7.0,,0.07,5.180000000000001
2018-09-04,46,7.0,,0.07,3.22
2018-09-05,47,7.0,,0.07,3.2900000000000005
2018-09-06,100,7.0,,0.07,7.000000000000001
2018-09-07,88,7.0,,0.07,6.16
2018-09-08,68,7.0,,0.07,4.760000000000001
2018-09-09,53,6.0,False,0.06,3.1799999999999997
2018-09-10,93,6.0,,0.06,5.58
2018-09-11,76,6.0,,0.06,4.56
2018-09-12,70,6.0,,0.06,4.2
2018-09-13,90,6.0,,0.06,5.3999999999999995
2018-09-14,48,6.0,,0.06,2.88
2018-09-15,61,6.0,,0.06,3.6599999999999997
2018-09-16,67,6.0,False,0.06,4.02
2018-09-17,90,6.0,,0.06,5.3999999999999995
2018-09-18,41,6.0,,0.06,2.46
2018-09-19,82,6.0,,0.06,4.92
2018-09-20,47,6.0,,0.06,2.82
2018-09-21,37,6.0,,0.06,2.2199999999999998
2018-09-22,48,6.0,,0.06,2.88
2018-09-23,66,7.0,False,0.07,4.62
2018-09-24,82,7.0,,0.07,5.74
2018-09-25,59,7.0,,0.07,4.130000000000001
2018-09-26,46,7.0,,0.07,3.22
2018-09-27,66,7.0,,0.07,4.62
2018-09-28,55,7.0,,0.07,3.8500000000000005
2018-09-29,48,7.0,,0.07,3.3600000000000003
2018-09-30,73,6.0,False,0.06,4.38
2018-10-01,52,6.0,,0.06,3.12
2018-10-02,98,6.0,,0.06,5.88
2018-10-03,34,6.0,,0.06,2.04
2018-10-04,58,6.0,,0.06,3.48
2018-10-05,6,6.0,,0.06,0.36
2018-10-06,40,6.0,,0.06,2.4
2018-10-07,57,7.0,False,0.07,3.99
2018-10-08,58,7.0,,0.07,4.0600000000000005
2018-10-09,33,7.0,,0.07,2.31
2018-10-10,53,7.0,,0.07,3.7100000000000004
2018-10-11,48,7.0,,0.07,3.3600000000000003
2018-10-12,94,7.0,,0.07,6.580000000000001
2018-10-13,34,7.0,,0.07,2.3800000000000003
2018-10-14,47,8.0,False,0.08,3.7600000000000002
2018-10-15,65,8.0,,0.08,5.2
2018-10-16,93,8.0,,0.08,7.44
2018-10-17,100,8.0,,0.08,8.0
2018-10-18,54,8.0,,0.08,4.32
2018-10-19,50,8.0,,0.08,4.0
2018-10-20,68,8.0,,0.08,5.44
2018-10-21,33,6.0,False,0.06,1.98
2018-10-22,35,6.0,,0.06,2.1
2018-10-23,75,6.0,,0.06,4.5
2018-10-24,82,6.0,,0.06,4.92
2018-10-25,65,6.0,,0.06,3.9
2018-10-26,49,6.0,,0.06,2.94
2018-10-27,52,6.0,,0.06,3.12
2018-10-28,32,6.0,False,0.06,1.92
2018-10-29,55,6.0,,0.06,3.3
2018-10-30,63,6.0,,0.06,3.78
2018-10-31,60,6.0,,0.06,3.5999999999999996
2018-11-01,26,6.0,,0.06,1.56
2018-11-02,21,6.0,,0.06,1.26
2018-11-03,45,6.0,,0.06,2.6999999999999997
2018-11-04,21,6.0,False,0.06,1.26
2018-11-05,55,6.0,,0.06,3.3
2018-11-06,49,6.0,,0.06,2.94
2018-11-07,65,6.0,,0.06,3.9
2018-11-08,24,6.0,,0.06,1.44
2018-11-09,60,6.0,,0.06,3.5999999999999996
2018-11-10,67,6.0,,0.06,4.02
2018-11-11,38,7.0,False,0.07,2.66
2018-11-12,63,7.0,,0.07,4.41
2018-11-13,34,7.0,,0.07,2.3800000000000003
2018-11-14,73,7.0,,0.07,5.11
2018-11-15,83,7.0,,0.07,5.8100000000000005
2018-11-16,61,7.0,,0.07,4.2700000000000005
2018-11-17,23,7.0,,0.07,1.61
2018-11-18,71,7.0,False,0.07,4.970000000000001
2018-11-19,49,7.0,,0.07,3.43
2018-11-20,88,7.0,,0.07,6.16
2018-11-21,39,7.0,,0.07,2.7300000000000004
2018-11-22,25,7.0,,0.07,1.7500000000000002
2018-11-23,76,7.0,,0.07,5.32
2018-11-24,87,7.0,,0.07,6.090000000000001
2018-11-25,64,8.0,False,0.08,5.12
2018-11-26,100,8.0,,0.08,8.0
2018-11-27,76,8.0,,0.08,6.08
2018-11-28,91,8.0,,0.08,7.28
2018-11-29,59,8.0,,0.08,4.72
2018-11-30,74,8.0,,0.08,5.92
2018-12-01,67,8.0,,0.08,5.36
2018-12-02,30,8.0,False,0.08,2.4
2018-12-03,49,8.0,,0.08,3.92
2018-12-04,71,8.0,,0.08,5.68
2018-12-05,44,8.0,,0.08,3.52
2018-12-06,100,8.0,,0.08,8.0
2018-12-07,80,8.0,,0.08,6.4
2018-12-08,58,8.0,,0.08,4.64
2018-12-09,35,6.0,False,0.06,2.1
2018-12-10,72,6.0,,0.06,4.32
2018-12-11,40,6.0,,0.06,2.4
2018-12-12,46,6.0,,0.06,2.76
2018-12-13,61,6.0,,0.06,3.6599999999999997
2018-12-14,59,6.0,,0.06,3.54
2018-12-15,27,6.0,,0.06,1.6199999999999999
2018-12-16,68,6.0,False,0.06,4.08
2018-12-17,67,6.0,,0.06,4.02
2018-12-18,74,6.0,,0.06,4.4399999999999995
2018-12-19,58,6.0,,0.06,3.48
2018-12-20,58,6.0,,0.06,3.48
2018-12-21,46,6.0,,0.06,2.76
2018-12-22,44,6.0,,0.06,2.6399999999999997
2018-12-23,33,4.0,False,0.04,1.32
2018-12-24,33,4.0,,0.04,1.32
2018-12-25,35,4.0,,0.04,1.4000000000000001
2018-12-26,25,4.0,,0.04,1.0
2018-12-27,44,4.0,,0.04,1.76
2018-12-28,25,4.0,,0.04,1.0
2018-12-29,74,4.0,,0.04,2.96
2018-12-30,37,4.0,False,0.04,1.48
2018-12-31,42,4.0,,0.04,1.68
2019-01-01,41,4.0,,0.04,1.6400000000000001
2019-01-02,85,4.0,,0.04,3.4
2019-01-03,48,4.0,,0.04,1.92
2019-01-04,21,4.0,,0.04,0.84
2019-01-05,45,4.0,,0.04,1.8
2019-01-06,38,4.0,False,0.04,1.52
2019-01-07,88,4.0,,0.04,3.52
2019-01-08,73,4.0,,0.04,2.92
2019-01-09,27,4.0,,0.04,1.08
2019-01-10,81,4.0,,0.04,3.24
2019-01-11,76,4.0,,0.04,3.04
2019-01-12,30,4.0,,0.04,1.2
2019-01-13,22,5.0,False,0.05,1.1
2019-01-14,85,5.0,,0.05,4.25
2019-01-15,91,5.0,,0.05,4.55
2019-01-16,100,5.0,,0.05,5.0
2019-01-17,67,5.0,,0.05,3.35
2019-01-18,21,5.0,,0.05,1.05
2019-01-19,67,5.0,,0.05,3.35
2019-01-20,85,4.0,False,0.04,3.4
2019-01-21,26,4.0,,0.04,1.04
2019-01-22,46,4.0,,0.04,1.84
2019-01-23,58,4.0,,0.04,2.32
2019-01-24,52,4.0,,0.04,2.08
2019-01-25,40,4.0,,0.04,1.6
2019-01-26,30,4.0,,0.04,1.2
2019-01-27,51,5.0,False,0.05,2.5500000000000003
2019-01-28,59,5.0,,0.05,2.95
2019-01-29,66,5.0,,0.05,3.3000000000000003
2019-01-30,46,5.0,,0.05,2.3000000000000003
2019-01-31,86,5.0,,0.05,4.3
2019-02-01,46,5.0,,0.05,2.3000000000000003
2019-02-02,36,5.0,,0.05,1.8
2019-02-03,28,5.0,False,0.05,1.4000000000000001
2019-02-04,25,5.0,,0.05,1.25
2019-02-05,89,5.0,,0.05,4.45
2019-02-06,44,5.0,,0.05,2.2
2019-02-07,75,5.0,,0.05,3.75
2019-02-08,65,5.0,,0.05,3.25
2019-02-09,50,5.0,,0.05,2.5
2019-02-10,84,5.0,False,0.05,4.2
2019-02-11,43,5.0,,0.05,2.15
2019-02-12,31,5.0,,0.05,1.55
2019-02-13,37,5.0,,0.05,1.85
2019-02-14,25,5.0,,0.05,1.25
2019-02-15,85,5.0,,0.05,4.25
2019-02-16,29,5.0,,0.05,1.4500000000000002
2019-02-17,58,6.0,False,0.06,3.48
2019-02-18,32,6.0,,0.06,1.92
2019-02-19,74,6.0,,0.06,4.4399999999999995
2019-02-20,100,6.0,,0.06,6.0
2019-02-21,56,6.0,,0.06,3.36
2019-02-22,26,6.0,,0.06,1.56
2019-02-23,22,6.0,,0.06,1.3199999999999998
2019-02-24,78,5.0,False,0.05,3.9000000000000004
2019-02-25,43,5.0,,0.05,2.15
2019-02-26,25,5.0,,0.05,1.25
2019-02-27,61,5.0,,0.05,3.0500000000000003
2019-02-28,64,5.0,,0.05,3.2
2019-03-01,75,5.0,,0.05,3.75
2019-03-02,41,5.0,,0.05,2.0500000000000003
2019-03-03,31,5.0,False,0.05,1.55
2019-03-04,37,5.0,,0.05,1.85
2019-03-05,72,5.0,,0.05,3.6
2019-03-06,61,5.0,,0.05,3.0500000000000003
2019-03-07,55,5.0,,0.05,2.75
2019-03-08,94,5.0,,0.05,4.7
2019-03-09,94,5.0,,0.05,4.7
2019-03-10,91,4.0,False,0.04,3.64
2019-03-11,54,4.0,,0.04,2.16
2019-03-12,54,4.0,,0.04,2.16
2019-03-13,80,4.0,,0.04,3.2
2019-03-14,36,4.0,,0.04,1.44
2019-03-15,56,4.0,,0.04,2.24
2019-03-16,31,4.0,,0.04,1.24
2019-03-17,82,4.0,False,0.04,3.2800000000000002
2019-03-18,36,4.0,,0.04,1.44
2019-03-19,86,4.0,,0.04,3.44
2019-03-20,100,4.0,,0.04,4.0
2019-03-21,37,4.0,,0.04,1.48
2019-03-22,47,4.0,,0.04,1.8800000000000001
2019-03-23,52,4.0,,0.04,2.08
2019-03-24,66,3.0,False,0.03,1.98
2019-03-25,73,3.0,,0.03,2.19
2019-03-26,90,3.0,,0.03,2.6999999999999997
2019-03-27,46,3.0,,0.03,1.38
2019-03-28,74,3.0,,0.03,2.2199999999999998
2019-03-29,39,3.0,,0.03,1.17
2019-03-30,21,3.0,,0.03,0.63
2019-03-31,52,7.0,False,0.07,3.6400000000000006
2019-04-01,37,7.0,,0.07,2.5900000000000003
2019-04-02,100,7.0,,0.07,7.000000000000001
2019-04-03,66,7.0,,0.07,4.62
2019-04-04,70,7.0,,0.07,4.9
2019-04-05,39,7.0,,0.07,2.7300000000000004
2019-04-06,28,7.0,,0.07,1.9600000000000002
2019-04-07,19,6.0,False,0.06,1.14
2019-04-08,45,6.0,,0.06,2.6999999999999997
2019-04-09,41,6.0,,0.06,2.46
2019-04-10,57,6.0,,0.06,3.42
2019-04-11,62,6.0,,0.06,3.7199999999999998
2019-04-12,61,6.0,,0.06,3.6599999999999997
2019-04-13,34,6.0,,0.06,2.04
2019-04-14,33,4.0,False,0.04,1.32
2019-04-15,37,4.0,,0.04,1.48
2019-04-16,42,4.0,,0.04,1.68
2019-04-17,39,4.0,,0.04,1.56
2019-04-18,18,4.0,,0.04,0.72
2019-04-19,38,4.0,,0.04,1.52
2019-04-20,15,4.0,,0.04,0.6
2019-04-21,50,5.0,False,0.05,2.5
2019-04-22,44,5.0,,0.05,2.2
2019-04-23,46,5.0,,0.05,2.3000000000000003
2019-04-24,54,5.0,,0.05,2.7
2019-04-25,34,5.0,,0.05,1.7000000000000002
2019-04-26,22,5.0,,0.05,1.1
2019-04-27,19,5.0,,0.05,0.9500000000000001
2019-04-28,37,5.0,False,0.05,1.85
2019-04-29,36,5.0,,0.05,1.8
2019-04-30,37,5.0,,0.05,1.85
2019-05-01,32,5.0,,0.05,1.6
2019-05-02,35,5.0,,0.05,1.75
2019-05-03,57,5.0,,0.05,2.85
2019-05-04,62,5.0,,0.05,3.1
2019-05-05,39,6.0,False,0.06,2.34
2019-05-06,65,6.0,,0.06,3.9
2019-05-07,54,6.0,,0.06,3.2399999999999998
2019-05-08,50,6.0,,0.06,3.0
2019-05-09,56,6.0,,0.06,3.36
2019-05-10,42,6.0,,0.06,2.52
2019-05-11,88,6.0,,0.06,5.279999999999999
2019-05-12,57,8.0,False,0.08,4.5600000000000005
2019-05-13,55,8.0,,0.08,4.4
2019-05-14,65,8.0,,0.08,5.2
2019-05-15,100,8.0,,0.08,8.0
2019-05-16,60,8.0,,0.08,4.8
2019-05-17,63,8.0,,0.08,5.04
2019-05-18,52,8.0,,0.08,4.16
2019-05-19,57,8.0,False,0.08,4.5600000000000005
2019-05-20,74,8.0,,0.08,5.92
2019-05-21,93,8.0,,0.08,7.44
2019-05-22,54,8.0,,0.08,4.32
2019-05-23,57,8.0,,0.08,4.5600000000000005
2019-05-24,36,8.0,,0.08,2.88
2019-05-25,70,8.0,,0.08,5.6000000000000005
2019-05-26,57,8.0,False,0.08,4.5600000000000005
2019-05-27,75,8.0,,0.08,6.0
2019-05-28,49,8.0,,0.08,3.92
2019-05-29,58,8.0,,0.08,4.64
2019-05-30,79,8.0,,0.08,6.32
2019-05-31,41,8.0,,0.08,3.2800000000000002
2019-06-01,18,8.0,,0.08,1.44
2019-06-02,27,7.0,False,0.07,1.8900000000000001
2019-06-03,39,7.0,,0.07,2.7300000000000004
2019-06-04,51,7.0,,0.07,3.5700000000000003
2019-06-05,21,7.0,,0.07,1.4700000000000002
2019-06-06,21,7.0,,0.07,1.4700000000000002
2019-06-07,47,7.0,,0.07,3.2900000000000005
2019-06-08,28,7.0,,0.07,1.9600000000000002
2019-06-09,14,7.0,False,0.07,0.9800000000000001
2019-06-10,21,7.0,,0.07,1.4700000000000002
2019-06-11,33,7.0,,0.07,2.31
2019-06-12,33,7.0,,0.07,2.31
2019-06-13,54,7.0,,0.07,3.7800000000000002
2019-06-14,28,7.0,,0.07,1.9600000000000002
2019-06-15,31,7.0,,0.07,2.1700000000000004
2019-06-16,41,9.0,False,0.09,3.69
2019-06-17,51,9.0,,0.09,4.59
2019-06-18,39,9.0,,0.09,3.51
2019-06-19,51,9.0,,0.09,4.59
2019-06-20,37,9.0,,0.09,3.33
2019-06-21,54,9.0,,0.09,4.859999999999999
2019-06-22,77,9.0,,0.09,6.93
2019-06-23,73,12.0,False,0.12,8.76
2019-06-24,64,12.0,,0.12,7.68
2019-06-25,63,12.0,,0.12,7.56
2019-06-26,81,12.0,,0.12,9.719999999999999
2019-06-27,100,12.0,,0.12,12.0
2019-06-28,38,12.0,,0.12,4.56
2019-06-29,31,12.0,,0.12,3.7199999999999998
2019-06-30,24,7.0,False,0.07,1.6800000000000002
2019-07-01,63,7.0,,0.07,4.41
2019-07-02,32,7.0,,0.07,2.24
2019-07-03,63,7.0,,0.07,4.41
2019-07-04,100,7.0,,0.07,7.000000000000001
2019-07-05,31,7.0,,0.07,2.1700000000000004
2019-07-06,38,7.0,,0.07,2.66
2019-07-07,33,7.0,False,0.07,2.31
2019-07-08,42,7.0,,0.07,2.9400000000000004
2019-07-09,66,7.0,,0.07,4.62
2019-07-10,58,7.0,,0.07,4.0600000000000005
2019-07-11,78,7.0,,0.07,5.460000000000001
2019-07-12,60,7.0,,0.07,4.2
2019-07-13,48,7.0,,0.07,3.3600000000000003
2019-07-14,37,7.0,False,0.07,2.5900000000000003
2019-07-15,50,7.0,,0.07,3.5000000000000004
2019-07-16,42,7.0,,0.07,2.9400000000000004
2019-07-17,38,7.0,,0.07,2.66
2019-07-18,65,7.0,,0.07,4.550000000000001
2019-07-19,45,7.0,,0.07,3.1500000000000004
2019-07-20,34,7.0,,0.07,2.3800000000000003
2019-07-21,44,6.0,False,0.06,2.6399999999999997
2019-07-22,47,6.0,,0.06,2.82
2019-07-23,81,6.0,,0.06,4.859999999999999
2019-07-24,35,6.0,,0.06,2.1
2019-07-25,58,6.0,,0.06,3.48
2019-07-26,36,6.0,,0.06,2.16
2019-07-27,68,6.0,,0.06,4.08
2019-07-28,48,5.0,False,0.05,2.4000000000000004
2019-07-29,48,5.0,,0.05,2.4000000000000004
2019-07-30,34,5.0,,0.05,1.7000000000000002
2019-07-31,43,5.0,,0.05,2.15
2019-08-01,61,5.0,,0.05,3.0500000000000003
2019-08-02,24,5.0,,0.05,1.2000000000000002
2019-08-03,47,5.0,,0.05,2.35
2019-08-04,42,8.0,False,0.08,3.36
2019-08-05,51,8.0,,0.08,4.08
2019-08-06,41,8.0,,0.08,3.2800000000000002
2019-08-07,37,8.0,,0.08,2.96
2019-08-08,69,8.0,,0.08,5.5200000000000005
2019-08-09,100,8.0,,0.08,8.0
2019-08-10,27,8.0,,0.08,2.16
2019-08-11,26,6.0,False,0.06,1.56
2019-08-12,69,6.0,,0.06,4.14
2019-08-13,45,6.0,,0.06,2.6999999999999997
2019-08-14,48,6.0,,0.06,2.88
2019-08-15,46,6.0,,0.06,2.76
2019-08-16,47,6.0,,0.06,2.82
2019-08-17,31,6.0,,0.06,1.8599999999999999
2019-08-18,57,6.0,False,0.06,3.42
2019-08-19,58,6.0,,0.06,3.48
2019-08-20,63,6.0,,0.06,3.78
2019-08-21,54,6.0,,0.06,3.2399999999999998
2019-08-22,50,6.0,,0.06,3.0
2019-08-23,19,6.0,,0.06,1.14
2019-08-24,36,6.0,,0.06,2.16
2019-08-25,68,8.0,False,0.08,5.44
2019-08-26,40,8.0,,0.08,3.2
2019-08-27,53,8.0,,0.08,4.24
2019-08-28,53,8.0,,0.08,4.24
2019-08-29,44,8.0,,0.08,3.52
2019-08-30,40,8.0,,0.08,3.2
2019-08-31,40,8.0,,0.08,3.2
2019-09-01,65,6.0,False,0.06,3.9
2019-09-02,64,6.0,,0.06,3.84
2019-09-03,46,6.0,,0.06,2.76
2019-09-04,57,6.0,,0.06,3.42
2019-09-05,67,6.0,,0.06,4.02
2019-09-06,64,6.0,,0.06,3.84
2019-09-07,42,6.0,,0.06,2.52
2019-09-08,47,6.0,False,0.06,2.82
2019-09-09,62,6.0,,0.06,3.7199999999999998
2019-09-10,72,6.0,,0.06,4.32
2019-09-11,46,6.0,,0.06,2.76
2019-09-12,46,6.0,,0.06,2.76
2019-09-13,70,6.0,,0.06,4.2
2019-09-14,77,6.0,,0.06,4.62
2019-09-15,46,5.0,False,0.05,2.3000000000000003
2019-09-16,72,5.0,,0.05,3.6
2019-09-17,76,5.0,,0.05,3.8000000000000003
2019-09-18,91,5.0,,0.05,4.55
2019-09-19,57,5.0,,0.05,2.85
2019-09-20,59,5.0,,0.05,2.95
2019-09-21,58,5.0,,0.05,2.9000000000000004
2019-09-22,45,5.0,False,0.05,2.25
2019-09-23,50,5.0,,0.05,2.5
2019-09-24,100,5.0,,0.05,5.0
2019-09-25,45,5.0,,0.05,2.25
2019-09-26,46,5.0,,0.05,2.3000000000000003
2019-09-27,53,5.0,,0.05,2.6500000000000004
2019-09-28,47,5.0,,0.05,2.35
2019-09-29,41,6.0,False,0.06,2.46
2019-09-30,56,6.0,,0.06,3.36
2019-10-01,95,6.0,,0.06,5.7
2019-10-02,62,6.0,,0.06,3.7199999999999998
2019-10-03,57,6.0,,0.06,3.42
2019-10-04,53,6.0,,0.06,3.1799999999999997
2019-10-05,36,6.0,,0.06,2.16
2019-10-06,43,5.0,False,0.05,2.15
2019-10-07,76,5.0,,0.05,3.8000000000000003
2019-10-08,89,5.0,,0.05,4.45
2019-10-09,65,5.0,,0.05,3.25
2019-10-10,95,5.0,,0.05,4.75
2019-10-11,39,5.0,,0.05,1.9500000000000002
2019-10-12,14,5.0,,0.05,0.7000000000000001
2019-10-13,57,6.0,False,0.06,3.42
2019-10-14,64,6.0,,0.06,3.84
2019-10-15,68,6.0,,0.06,4.08
2019-10-16,50,6.0,,0.06,3.0
2019-10-17,76,6.0,,0.06,4.56
2019-10-18,66,6.0,,0.06,3.96
2019-10-19,50,6.0,,0.06,3.0
2019-10-20,85,6.0,False,0.06,5.1
2019-10-21,31,6.0,,0.06,1.8599999999999999
2019-10-22,54,6.0,,0.06,3.2399999999999998
2019-10-23,69,6.0,,0.06,4.14
2019-10-24,56,6.0,,0.06,3.36
2019-10-25,53,6.0,,0.06,3.1799999999999997
2019-10-26,87,6.0,,0.06,5.22
2019-10-27,84,6.0,False,0.06,5.04
2019-10-28,86,6.0,,0.06,5.16
2019-10-29,19,6.0,,0.06,1.14
2019-10-30,100,6.0,,0.06,6.0
2019-10-31,65,6.0,,0.06,3.9
2019-11-01,64,6.0,,0.06,3.84
2019-11-02,53,6.0,,0.06,3.1799999999999997
2019-11-03,72,5.0,False,0.05,3.6
2019-11-04,71,5.0,,0.05,3.5500000000000003
2019-11-05,64,5.0,,0.05,3.2
2019-11-06,52,5.0,,0.05,2.6
2019-11-07,82,5.0,,0.05,4.1000000000000005
2019-11-08,97,5.0,,0.05,4.8500000000000005
2019-11-09,46,5.0,,0.05,2.3000000000000003
2019-11-10,58,6.0,False,0.06,3.48
2019-11-11,52,6.0,,0.06,3.12
2019-11-12,81,6.0,,0.06,4.859999999999999
2019-11-13,47,6.0,,0.06,2.82
2019-11-14,98,6.0,,0.06,5.88
2019-11-15,67,6.0,,0.06,4.02
2019-11-16,40,6.0,,0.06,2.4
2019-11-17,72,6.0,False,0.06,4.32
2019-11-18,59,6.0,,0.06,3.54
2019-11-19,77,6.0,,0.06,4.62
2019-11-20,30,6.0,,0.06,1.7999999999999998
2019-11-21,72,6.0,,0.06,4.32
2019-11-22,99,6.0,,0.06,5.9399999999999995
2019-11-23,40,6.0,,0.06,2.4
2019-11-24,72,6.0,False,0.06,4.32
2019-11-25,75,6.0,,0.06,4.5
2019-11-26,64,6.0,,0.06,3.84
2019-11-27,100,6.0,,0.06,6.0
2019-11-28,42,6.0,,0.06,2.52
2019-11-29,54,6.0,,0.06,3.2399999999999998
2019-11-30,72,6.0,,0.06,4.32
2019-12-01,45,6.0,False,0.06,2.6999999999999997
2019-12-02,82,6.0,,0.06,4.92
2019-12-03,100,6.0,,0.06,6.0
2019-12-04,29,6.0,,0.06,1.74
2019-12-05,77,6.0,,0.06,4.62
2019-12-06,31,6.0,,0.06,1.8599999999999999
2019-12-07,69,6.0,,0.06,4.14
2019-12-08,14,5.0,False,0.05,0.7000000000000001
2019-12-09,36,5.0,,0.05,1.8
2019-12-10,30,5.0,,0.05,1.5
2019-12-11,53,5.0,,0.05,2.6500000000000004
2019-12-12,42,5.0,,0.05,2.1
2019-12-13,62,5.0,,0.05,3.1
2019-12-14,67,5.0,,0.05,3.35
2019-12-15,53,3.0,False,0.03,1.5899999999999999
2019-12-16,47,3.0,,0.03,1.41
2019-12-17,59,3.0,,0.03,1.77
2019-12-18,83,3.0,,0.03,2.4899999999999998
2019-12-19,43,3.0,,0.03,1.29
2019-12-20,38,3.0,,0.03,1.14
2019-12-21,48,3.0,,0.03,1.44
2019-12-22,61,5.0,False,0.05,3.0500000000000003
2019-12-23,57,5.0,,0.05,2.85
2019-12-24,34,5.0,,0.05,1.7000000000000002
2019-12-25,67,5.0,,0.05,3.35
2019-12-26,65,5.0,,0.05,3.25
2019-12-27,64,5.0,,0.05,3.2
2019-12-28,62,5.0,,0.05,3.1
2019-12-29,54,6.0,False,0.06,3.2399999999999998
2019-12-30,31,6.0,,0.06,1.8599999999999999
2019-12-31,82,6.0,,0.06,4.92
2020-01-01,44,6.0,,0.06,2.6399999999999997
2020-01-02,54,6.0,,0.06,3.2399999999999998
2020-01-03,63,6.0,,0.06,3.78
2020-01-04,67,6.0,,0.06,4.02
2020-01-05,81,7.0,False,0.07,5.670000000000001
2020-01-06,98,7.0,,0.07,6.86
2020-01-07,71,7.0,,0.07,4.970000000000001
2020-01-08,61,7.0,,0.07,4.2700000000000005
2020-01-09,61,7.0,,0.07,4.2700000000000005
2020-01-10,78,7.0,,0.07,5.460000000000001
2020-01-11,57,7.0,,0.07,3.99
2020-01-12,96,6.0,False,0.06,5.76
2020-01-13,51,6.0,,0.06,3.06
2020-01-14,84,6.0,,0.06,5.04
2020-01-15,78,6.0,,0.06,4.68
2020-01-16,41,6.0,,0.06,2.46
2020-01-17,47,6.0,,0.06,2.82
2020-01-18,45,6.0,,0.06,2.6999999999999997
2020-01-19,100,7.0,False,0.07,7.000000000000001
2020-01-20,77,7.0,,0.07,5.390000000000001
2020-01-21,66,7.0,,0.07,4.62
2020-01-22,66,7.0,,0.07,4.62
2020-01-23,65,7.0,,0.07,4.550000000000001
2020-01-24,57,7.0,,0.07,3.99
2020-01-25,74,7.0,,0.07,5.180000000000001
2020-01-26,44,8.0,False,0.08,3.52
2020-01-27,39,8.0,,0.08,3.12
2020-01-28,65,8.0,,0.08,5.2
2020-01-29,65,8.0,,0.08,5.2
2020-01-30,67,8.0,,0.08,5.36
2020-01-31,74,8.0,,0.08,5.92
2020-02-01,84,8.0,,0.08,6.72
2020-02-02,51,5.0,False,0.05,2.5500000000000003
2020-02-03,47,5.0,,0.05,2.35
2020-02-04,46,5.0,,0.05,2.3000000000000003
2020-02-05,60,5.0,,0.05,3.0
2020-02-06,78,5.0,,0.05,3.9000000000000004
2020-02-07,29,5.0,,0.05,1.4500000000000002
2020-02-08,47,5.0,,0.05,2.35
2020-02-09,35,6.0,False,0.06,2.1
2020-02-10,45,6.0,,0.06,2.6999999999999997
2020-02-11,67,6.0,,0.06,4.02
2020-02-12,45,6.0,,0.06,2.6999999999999997
2020-02-13,74,6.0,,0.06,4.4399999999999995
2020-02-14,24,6.0,,0.06,1.44
2020-02-15,52,6.0,,0.06,3.12
2020-02-16,76,6.0,False,0.06,4.56
2020-02-17,41,6.0,,0.06,2.46
2020-02-18,53,6.0,,0.06,3.1799999999999997
2020-02-19,40,6.0,,0.06,2.4
2020-02-20,54,6.0,,0.06,3.2399999999999998
2020-02-21,42,6.0,,0.06,2.52
2020-02-22,76,6.0,,0.06,4.56
2020-02-23,55,7.0,False,0.07,3.8500000000000005
2020-02-24,68,7.0,,0.07,4.760000000000001
2020-02-25,98,7.0,,0.07,6.86
2020-02-26,100,7.0,,0.07,7.000000000000001
2020-02-27,57,7.0,,0.07,3.99
2020-02-28,37,7.0,,0.07,2.5900000000000003
2020-02-29,55,7.0,,0.07,3.8500000000000005
2020-03-01,52,7.0,False,0.07,3.6400000000000006
2020-03-02,50,7.0,,0.07,3.5000000000000004
2020-03-03,100,7.0,,0.07,7.000000000000001
2020-03-04,45,7.0,,0.07,3.1500000000000004
2020-03-05,90,7.0,,0.07,6.300000000000001
2020-03-06,56,7.0,,0.07,3.9200000000000004
2020-03-07,49,7.0,,0.07,3.43
2020-03-08,47,8.0,False,0.08,3.7600000000000002
2020-03-09,58,8.0,,0.08,4.64
2020-03-10,87,8.0,,0.08,6.96
2020-03-11,27,8.0,,0.08,2.16
2020-03-12,60,8.0,,0.08,4.8
2020-03-13,55,8.0,,0.08,4.4
2020-03-14,91,8.0,,0.08,7.28
2020-03-15,77,9.0,False,0.09,6.93
2020-03-16,56,9.0,,0.09,5.04
2020-03-17,45,9.0,,0.09,4.05
2020-03-18,69,9.0,,0.09,6.21
2020-03-19,84,9.0,,0.09,7.56
2020-03-20,53,9.0,,0.09,4.77
2020-03-21,38,9.0,,0.09,3.42
2020-03-22,67,9.0,False,0.09,6.029999999999999
2020-03-23,59,9.0,,0.09,5.31
2020-03-24,74,9.0,,0.09,6.66
2020-03-25,61,9.0,,0.09,5.49
2020-03-26,80,9.0,,0.09,7.199999999999999
2020-03-27,70,9.0,,0.09,6.3
2020-03-28,83,9.0,,0.09,7.47
2020-03-29,78,6.0,False,0.06,4.68
2020-03-30,61,6.0,,0.06,3.6599999999999997
2020-03-31,39,6.0,,0.06,2.34
2020-04-01,45,6.0,,0.06,2.6999999999999997
2020-04-02,45,6.0,,0.06,2.6999999999999997
2020-04-03,54,6.0,,0.06,3.2399999999999998
2020-04-04,44,6.0,,0.06,2.6399999999999997
2020-04-05,30,7.0,False,0.07,2.1
2020-04-06,60,7.0,,0.07,4.2
2020-04-07,34,7.0,,0.07,2.3800000000000003
2020-04-08,43,7.0,,0.07,3.0100000000000002
2020-04-09,41,7.0,,0.07,2.87
2020-04-10,45,7.0,,0.07,3.1500000000000004
2020-04-11,36,7.0,,0.07,2.5200000000000005
2020-04-12,54,9.0,False,0.09,4.859999999999999
2020-04-13,60,9.0,,0.09,5.3999999999999995
2020-04-14,61,9.0,,0.09,5.49
2020-04-15,52,9.0,,0.09,4.68
2020-04-16,55,9.0,,0.09,4.95
2020-04-17,57,9.0,,0.09,5.13
2020-04-18,56,9.0,,0.09,5.04
2020-04-19,42,9.0,False,0.09,3.78
2020-04-20,44,9.0,,0.09,3.96
2020-04-21,44,9.0,,0.09,3.96
2020-04-22,50,9.0,,0.09,4.5
2020-04-23,69,9.0,,0.09,6.21
2020-04-24,64,9.0,,0.09,5.76
2020-04-25,60,9.0,,0.09,5.3999999999999995
2020-04-26,42,12.0,False,0.12,5.04
2020-04-27,56,12.0,,0.12,6.72
2020-04-28,62,12.0,,0.12,7.4399999999999995
2020-04-29,81,12.0,,0.12,9.719999999999999
2020-04-30,100,12.0,,0.12,12.0
2020-05-01,66,12.0,,0.12,7.92
2020-05-02,60,12.0,,0.12,7.199999999999999
2020-05-03,48,10.0,False,0.1,4.800000000000001
2020-05-04,46,10.0,,0.1,4.6000000000000005
2020-05-05,64,10.0,,0.1,6.4
2020-05-06,54,10.0,,0.1,5.4
2020-05-07,93,10.0,,0.1,9.3
2020-05-08,58,10.0,,0.1,5.800000000000001
2020-05-09,45,10.0,,0.1,4.5
2020-05-10,67,13.0,False,0.13,8.71
2020-05-11,100,13.0,,0.13,13.0
2020-05-12,91,13.0,,0.13,11.83
2020-05-13,77,13.0,,0.13,10.01
2020-05-14,47,13.0,,0.13,6.11
2020-05-15,58,13.0,,0.13,7.54
2020-05-16,66,13.0,,0.13,8.58
2020-05-17,58,10.0,False,0.1,5.800000000000001
2020-05-18,44,10.0,,0.1,4.4
2020-05-19,47,10.0,,0.1,4.7
2020-05-20,53,10.0,,0.1,5.300000000000001
2020-05-21,57,10.0,,0.1,5.7
2020-05-22,38,10.0,,0.1,3.8000000000000003
2020-05-23,31,10.0,,0.1,3.1
2020-05-24,52,9.0,False,0.09,4.68
2020-05-25,52,9.0,,0.09,4.68
2020-05-26,43,9.0,,0.09,3.8699999999999997
2020-05-27,30,9.0,,0.09,2.6999999999999997
2020-05-28,48,9.0,,0.09,4.32
2020-05-29,37,9.0,,0.09,3.33
2020-05-30,46,9.0,,0.09,4.14
2020-05-31,67,8.0,False,0.08,5.36
2020-06-01,75,8.0,,0.08,6.0
2020-06-02,74,8.0,,0.08,5.92
2020-06-03,63,8.0,,0.08,5.04
2020-06-04,67,8.0,,0.08,5.36
2020-06-05,58,8.0,,0.08,4.64
2020-06-06,54,8.0,,0.08,4.32
2020-06-07,76,8.0,False,0.08,6.08
2020-06-08,67,8.0,,0.08,5.36
2020-06-09,74,8.0,,0.08,5.92
2020-06-10,41,8.0,,0.08,3.2800000000000002
2020-06-11,71,8.0,,0.08,5.68
2020-06-12,83,8.0,,0.08,6.640000000000001
2020-06-13,70,8.0,,0.08,5.6000000000000005
2020-06-14,56,7.0,False,0.07,3.9200000000000004
2020-06-15,71,7.0,,0.07,4.970000000000001
2020-06-16,70,7.0,,0.07,4.9
2020-06-17,72,7.0,,0.07,5.040000000000001
2020-06-18,69,7.0,,0.07,4.83
2020-06-19,39,7.0,,0.07,2.7300000000000004
2020-06-20,69,7.0,,0.07,4.83
2020-06-21,86,8.0,False,0.08,6.88
2020-06-22,46,8.0,,0.08,3.68
2020-06-23,50,8.0,,0.08,4.0
2020-06-24,74,8.0,,0.08,5.92
2020-06-25,70,8.0,,0.08,5.6000000000000005
2020-06-26,56,8.0,,0.08,4.48
2020-06-27,100,8.0,,0.08,8.0
2020-06-28,42,7.0,False,0.07,2.9400000000000004
2020-06-29,62,7.0,,0.07,4.340000000000001
2020-06-30,46,7.0,,0.07,3.22
2020-07-01,69,7.0,,0.07,4.83
2020-07-02,43,7.0,,0.07,3.0100000000000002
2020-07-03,51,7.0,,0.07,3.5700000000000003
2020-07-04,56,7.0,,0.07,3.9200000000000004
2020-07-05,30,8.0,False,0.08,2.4
2020-07-06,48,8.0,,0.08,3.84
2020-07-07,65,8.0,,0.08,5.2
2020-07-08,80,8.0,,0.08,6.4
2020-07-09,100,8.0,,0.08,8.0
2020-07-10,31,8.0,,0.08,2.48
2020-07-11,53,8.0,,0.08,4.24
2020-07-12,50,7.0,False,0.07,3.5000000000000004
2020-07-13,57,7.0,,0.07,3.99
2020-07-14,43,7.0,,0.07,3.0100000000000002
2020-07-15,57,7.0,,0.07,3.99
2020-07-16,75,7.0,,0.07,5.250000000000001
2020-07-17,56,7.0,,0.07,3.9200000000000004
2020-07-18,51,7.0,,0.07,3.5700000000000003
2020-07-19,50,8.0,False,0.08,4.0
2020-07-20,47,8.0,,0.08,3.7600000000000002
2020-07-21,44,8.0,,0.08,3.52
2020-07-22,71,8.0,,0.08,5.68
2020-07-23,57,8.0,,0.08,4.5600000000000005
2020-07-24,73,8.0,,0.08,5.84
2020-07-25,77,8.0,,0.08,6.16
2020-07-26,54,10.0,False,0.1,5.4
2020-07-27,98,10.0,,0.1,9.8
2020-07-28,77,10.0,,0.1,7.7
2020-07-29,65,10.0,,0.1,6.5
2020-07-30,82,10.0,,0.1,8.200000000000001
2020-07-31,79,10.0,,0.1,7.9
2020-08-01,56,10.0,,0.1,5.6000000000000005
2020-08-02,63,9.0,False,0.09,5.67
2020-08-03,49,9.0,,0.09,4.41
2020-08-04,83,9.0,,0.09,7.47
2020-08-05,77,9.0,,0.09,6.93
2020-08-06,90,9.0,,0.09,8.1
2020-08-07,63,9.0,,0.09,5.67
2020-08-08,87,9.0,,0.09,7.83
2020-08-09,89,9.0,False,0.09,8.01
2020-08-10,67,9.0,,0.09,6.029999999999999
2020-08-11,63,9.0,,0.09,5.67
2020-08-12,63,9.0,,0.09,5.67
2020-08-13,76,9.0,,0.09,6.84
2020-08-14,81,9.0,,0.09,7.29
2020-08-15,76,9.0,,0.09,6.84
2020-08-16,50,9.0,False,0.09,4.5
2020-08-17,67,9.0,,0.09,6.029999999999999
2020-08-18,100,9.0,,0.09,9.0
2020-08-19,50,9.0,,0.09,4.5
2020-08-20,42,9.0,,0.09,3.78
2020-08-21,36,9.0,,0.09,3.2399999999999998
2020-08-22,72,9.0,,0.09,6.4799999999999995
2020-08-23,54,9.0,False,0.09,4.859999999999999
2020-08-24,47,9.0,,0.09,4.2299999999999995
2020-08-25,87,9.0,,0.09,7.83
2020-08-26,70,9.0,,0.09,6.3
2020-08-27,47,9.0,,0.09,4.2299999999999995
2020-08-28,78,9.0,,0.09,7.02
2020-08-29,83,9.0,,0.09,7.47
2020-08-30,72,8.0,False,0.08,5.76
2020-08-31,37,8.0,,0.08,2.96
2020-09-01,100,8.0,,0.08,8.0
2020-09-02,69,8.0,,0.08,5.5200000000000005
2020-09-03,78,8.0,,0.08,6.24
2020-09-04,80,8.0,,0.08,6.4
2020-09-05,68,8.0,,0.08,5.44
2020-09-06,53,7.0,False,0.07,3.7100000000000004
2020-09-07,52,7.0,,0.07,3.6400000000000006
2020-09-08,77,7.0,,0.07,5.390000000000001
2020-09-09,50,7.0,,0.07,3.5000000000000004
2020-09-10,73,7.0,,0.07,5.11
2020-09-11,57,7.0,,0.07,3.99
2020-09-12,48,7.0,,0.07,3.3600000000000003
2020-09-13,53,8.0,False,0.08,4.24
2020-09-14,81,8.0,,0.08,6.48
2020-09-15,68,8.0,,0.08,5.44
2020-09-16,63,8.0,,0.08,5.04
2020-09-17,77,8.0,,0.08,6.16
2020-09-18,67,8.0,,0.08,5.36
2020-09-19,53,8.0,,0.08,4.24
2020-09-20,37,6.0,False,0.06,2.2199999999999998
2020-09-21,57,6.0,,0.06,3.42
2020-09-22,72,6.0,,0.06,4.32
2020-09-23,71,6.0,,0.06,4.26
2020-09-24,63,6.0,,0.06,3.78
2020-09-25,64,6.0,,0.06,3.84
2020-09-26,43,6.0,,0.06,2.58
2020-09-27,79,8.0,False,0.08,6.32
2020-09-28,70,8.0,,0.08,5.6000000000000005
2020-09-29,89,8.0,,0.08,7.12
2020-09-30,79,8.0,,0.08,6.32
2020-10-01,64,8.0,,0.08,5.12
2020-10-02,54,8.0,,0.08,4.32
2020-10-03,70,8.0,,0.08,5.6000000000000005
2020-10-04,45,8.0,False,0.08,3.6
2020-10-05,43,8.0,,0.08,3.44
2020-10-06,59,8.0,,0.08,4.72
2020-10-07,44,8.0,,0.08,3.52
2020-10-08,52,8.0,,0.08,4.16
2020-10-09,70,8.0,,0.08,5.6000000000000005
2020-10-10,34,8.0,,0.08,2.72
2020-10-11,77,6.0,False,0.06,4.62
2020-10-12,35,6.0,,0.06,2.1
2020-10-13,54,6.0,,0.06,3.2399999999999998
2020-10-14,46,6.0,,0.06,2.76
2020-10-15,55,6.0,,0.06,3.3
2020-10-16,52,6.0,,0.06,3.12
2020-10-17,43,6.0,,0.06,2.58
2020-10-18,33,8.0,False,0.08,2.64
2020-10-19,43,8.0,,0.08,3.44
2020-10-20,42,8.0,,0.08,3.36
2020-10-21,88,8.0,,0.08,7.04
2020-10-22,100,8.0,,0.08,8.0
2020-10-23,89,8.0,,0.08,7.12
2020-10-24,71,8.0,,0.08,5.68
2020-10-25,61,8.0,False,0.08,4.88
2020-10-26,63,8.0,,0.08,5.04
2020-10-27,63,8.0,,0.08,5.04
2020-10-28,76,8.0,,0.08,6.08
2020-10-29,73,8.0,,0.08,5.84
2020-10-30,49,8.0,,0.08,3.92
2020-10-31,67,8.0,,0.08,5.36
2020-11-01,35,9.0,False,0.09,3.15
2020-11-02,30,9.0,,0.09,2.6999999999999997
2020-11-03,35,9.0,,0.09,3.15
2020-11-04,47,9.0,,0.09,4.2299999999999995
2020-11-05,46,9.0,,0.09,4.14
2020-11-06,47,9.0,,0.09,4.2299999999999995
2020-11-07,28,9.0,,0.09,2.52
2020-11-08,24,9.0,False,0.09,2.16
2020-11-09,43,9.0,,0.09,3.8699999999999997
2020-11-10,24,9.0,,0.09,2.16
2020-11-11,45,9.0,,0.09,4.05
2020-11-12,31,9.0,,0.09,2.79
2020-11-13,33,9.0,,0.09,2.9699999999999998
2020-11-14,50,9.0,,0.09,4.5
2020-11-15,38,14.0,False,0.14,5.32
2020-11-16,60,14.0,,0.14,8.4
2020-11-17,93,14.0,,0.14,13.020000000000001
2020-11-18,70,14.0,,0.14,9.8
2020-11-19,56,14.0,,0.14,7.840000000000001
2020-11-20,70,14.0,,0.14,9.8
2020-11-21,80,14.0,,0.14,11.200000000000001
2020-11-22,59,15.0,False,0.15,8.85
2020-11-23,63,15.0,,0.15,9.45
2020-11-24,67,15.0,,0.15,10.049999999999999
2020-11-25,87,15.0,,0.15,13.049999999999999
2020-11-26,77,15.0,,0.15,11.549999999999999
2020-11-27,100,15.0,,0.15,15.0
2020-11-28,58,15.0,,0.15,8.7
2020-11-29,46,14.0,False,0.14,6.44
2020-11-30,68,14.0,,0.14,9.520000000000001
2020-12-01,54,14.0,,0.14,7.5600000000000005
2020-12-02,46,14.0,,0.14,6.44
2020-12-03,48,14.0,,0.14,6.720000000000001
2020-12-04,49,14.0,,0.14,6.86
2020-12-05,39,14.0,,0.14,5.460000000000001
2020-12-06,29,11.0,False,0.11,3.19
2020-12-07,34,11.0,,0.11,3.74
2020-12-08,32,11.0,,0.11,3.52
2020-12-09,23,11.0,,0.11,2.53
2020-12-10,29,11.0,,0.11,3.19
2020-12-11,44,11.0,,0.11,4.84
2020-12-12,19,11.0,,0.11,2.09
2020-12-13,29,17.0,False,0.17,4.930000000000001
2020-12-14,23,17.0,,0.17,3.91
2020-12-15,28,17.0,,0.17,4.760000000000001
2020-12-16,57,17.0,,0.17,9.690000000000001
2020-12-17,100,17.0,,0.17,17.0
2020-12-18,86,17.0,,0.17,14.620000000000001
2020-12-19,75,17.0,,0.17,12.750000000000002
2020-12-20,55,16.0,False,0.16,8.8
2020-12-21,59,16.0,,0.16,9.44
2020-12-22,40,16.0,,0.16,6.4
2020-12-23,54,16.0,,0.16,8.64
2020-12-24,32,16.0,,0.16,5.12
2020-12-25,41,16.0,,0.16,6.5600000000000005
2020-12-26,34,16.0,,0.16,5.44
2020-12-27,75,27.0,False,0.27,20.25
2020-12-28,56,27.0,,0.27,15.120000000000001
2020-12-29,84,27.0,,0.27,22.68
2020-12-30,74,27.0,,0.27,19.98
2020-12-31,83,27.0,,0.27,22.41
2021-01-01,24,27.0,,0.27,6.48
2021-01-02,73,27.0,,0.27,19.71
2021-01-03,91,43.0,False,0.43,39.13
2021-01-04,71,43.0,,0.43,30.53
2021-01-05,40,43.0,,0.43,17.2
2021-01-06,67,43.0,,0.43,28.81
2021-01-07,86,43.0,,0.43,36.98
2021-01-08,94,43.0,,0.43,40.42
2021-01-09,100,43.0,,0.43,43.0
2021-01-10,84,44.0,False,0.44,36.96
2021-01-11,69,44.0,,0.44,30.36
2021-01-12,63,44.0,,0.44,27.72
2021-01-13,90,44.0,,0.44,39.6
2021-01-14,78,44.0,,0.44,34.32
2021-01-15,91,44.0,,0.44,40.04
2021-01-16,72,44.0,,0.44,31.68
2021-01-17,60,27.0,False,0.27,16.200000000000003
2021-01-18,41,27.0,,0.27,11.07
2021-01-19,47,27.0,,0.27,12.690000000000001
2021-01-20,27,27.0,,0.27,7.290000000000001
2021-01-21,54,27.0,,0.27,14.580000000000002
2021-01-22,50,27.0,,0.27,13.5
2021-01-23,39,27.0,,0.27,10.530000000000001
2021-01-24,36,30.0,False,0.3,10.799999999999999
2021-01-25,33,30.0,,0.3,9.9
2021-01-26,38,30.0,,0.3,11.4
2021-01-27,46,30.0,,0.3,13.799999999999999
2021-01-28,54,30.0,,0.3,16.2
2021-01-29,69,30.0,,0.3,20.7
2021-01-30,71,30.0,,0.3,21.3
2021-01-31,56,26.0,False,0.26,14.56
2021-02-01,53,26.0,,0.26,13.780000000000001
2021-02-02,44,26.0,,0.26,11.440000000000001
2021-02-03,39,26.0,,0.26,10.14
2021-02-04,36,26.0,,0.26,9.36
2021-02-05,45,26.0,,0.26,11.700000000000001
2021-02-06,46,26.0,,0.26,11.96
2021-02-07,57,44.0,False,0.44,25.080000000000002
2021-02-08,83,44.0,,0.44,36.52
2021-02-09,100,44.0,,0.44,44.0
2021-02-10,81,44.0,,0.44,35.64
2021-02-11,68,44.0,,0.44,29.92
2021-02-12,69,44.0,,0.44,30.36
2021-02-13,63,44.0,,0.44,27.72
2021-02-14,54,43.0,False,0.43,23.22
2021-02-15,50,43.0,,0.43,21.5
2021-02-16,74,43.0,,0.43,31.82
2021-02-17,65,43.0,,0.43,27.95
2021-02-18,67,43.0,,0.43,28.81
2021-02-19,92,43.0,,0.43,39.56
2021-02-20,96,43.0,,0.43,41.28
2021-02-21,79,36.0,False,0.36,28.439999999999998
2021-02-22,78,36.0,,0.36,28.08
2021-02-23,85,36.0,,0.36,30.599999999999998
2021-02-24,68,36.0,,0.36,24.48
2021-02-25,59,36.0,,0.36,21.24
2021-02-26,51,36.0,,0.36,18.36
2021-02-27,42,36.0,,0.36,15.12
2021-02-28,49,25.0,False,0.25,12.25
2021-03-01,84,25.0,,0.25,21.0
2021-03-02,76,25.0,,0.25,19.0
2021-03-03,97,25.0,,0.25,24.25
2021-03-04,72,25.0,,0.25,18.0
2021-03-05,67,25.0,,0.25,16.75
2021-03-06,70,25.0,,0.25,17.5
2021-03-07,83,25.0,False,0.25,20.75
2021-03-08,92,25.0,,0.25,23.0
2021-03-09,75,25.0,,0.25,18.75
2021-03-10,95,25.0,,0.25,23.75
2021-03-11,55,25.0,,0.25,13.75
2021-03-12,79,25.0,,0.25,19.75
2021-03-13,74,25.0,,0.25,18.5
2021-03-14,99,21.0,False,0.21,20.79
2021-03-15,81,21.0,,0.21,17.009999999999998
2021-03-16,69,21.0,,0.21,14.49
2021-03-17,89,21.0,,0.21,18.689999999999998
2021-03-18,77,21.0,,0.21,16.169999999999998
2021-03-19,63,21.0,,0.21,13.229999999999999
2021-03-20,62,21.0,,0.21,13.02
2021-03-21,73,21.0,False,0.21,15.33
2021-03-22,58,21.0,,0.21,12.18
2021-03-23,60,21.0,,0.21,12.6
2021-03-24,67,21.0,,0.21,14.07
2021-03-25,88,21.0,,0.21,18.48
2021-03-26,86,21.0,,0.21,18.06
2021-03-27,83,21.0,,0.21,17.43
2021-03-28,100,25.0,False,0.25,25.0
2021-03-29,64,25.0,,0.25,16.0
2021-03-30,84,25.0,,0.25,21.0
2021-03-31,83,25.0,,0.25,20.75
2021-04-01,86,25.0,,0.25,21.5
2021-04-02,63,25.0,,0.25,15.75
2021-04-03,54,25.0,,0.25,13.5
2021-04-04,46,25.0,False,0.25,11.5
2021-04-05,57,25.0,,0.25,14.25
2021-04-06,65,25.0,,0.25,16.25
2021-04-07,66,25.0,,0.25,16.5
2021-04-08,66,25.0,,0.25,16.5
2021-04-09,62,25.0,,0.25,15.5
2021-04-10,63,25.0,,0.25,15.75
2021-04-11,58,32.0,False,0.32,18.56
2021-04-12,53,32.0,,0.32,16.96
2021-04-13,84,32.0,,0.32,26.88
2021-04-14,100,32.0,,0.32,32.0
2021-04-15,96,32.0,,0.32,30.72
2021-04-16,89,32.0,,0.32,28.48
2021-04-17,88,32.0,,0.32,28.16
2021-04-18,95,34.0,False,0.34,32.300000000000004
2021-04-19,95,34.0,,0.34,32.300000000000004
2021-04-20,90,34.0,,0.34,30.6
2021-04-21,77,34.0,,0.34,26.180000000000003
2021-04-22,77,34.0,,0.34,26.180000000000003
2021-04-23,90,34.0,,0.34,30.6
2021-04-24,71,34.0,,0.34,24.14
2021-04-25,67,27.0,False,0.27,18.09
2021-04-26,71,27.0,,0.27,19.17
2021-04-27,86,27.0,,0.27,23.220000000000002
2021-04-28,73,27.0,,0.27,19.71
2021-04-29,65,27.0,,0.27,17.55
2021-04-30,71,27.0,,0.27,19.17
2021-05-01,29,27.0,,0.27,7.83
2021-05-02,29,26.0,False,0.26,7.54
2021-05-03,28,26.0,,0.26,7.28
2021-05-04,39,26.0,,0.26,10.14
2021-05-05,29,26.0,,0.26,7.54
2021-05-06,34,26.0,,0.26,8.84
2021-05-07,32,26.0,,0.26,8.32
2021-05-08,36,26.0,,0.26,9.36
2021-05-09,29,41.0,False,0.41,11.889999999999999
2021-05-10,43,41.0,,0.41,17.63
2021-05-11,35,41.0,,0.41,14.35
2021-05-12,36,41.0,,0.41,14.76
2021-05-13,100,41.0,,0.41,41.0
2021-05-14,58,41.0,,0.41,23.779999999999998
2021-05-15,41,41.0,,0.41,16.81
2021-05-16,32,41.0,False,0.41,13.12
2021-05-17,38,41.0,,0.41,15.579999999999998
2021-05-18,32,41.0,,0.41,13.12
2021-05-19,63,41.0,,0.41,25.83
2021-05-20,61,41.0,,0.41,25.009999999999998
2021-05-21,49,41.0,,0.41,20.09
2021-05-22,46,41.0,,0.41,18.86
2021-05-23,39,35.0,False,0.35,13.649999999999999
2021-05-24,42,35.0,,0.35,14.7
2021-05-25,38,35.0,,0.35,13.299999999999999
2021-05-26,25,35.0,,0.35,8.75
2021-05-27,29,35.0,,0.35,10.149999999999999
2021-05-28,43,35.0,,0.35,15.049999999999999
2021-05-29,51,35.0,,0.35,17.849999999999998
2021-05-30,33,21.0,False,0.21,6.93
2021-05-31,25,21.0,,0.21,5.25
2021-06-01,83,21.0,,0.21,17.43
2021-06-02,63,21.0,,0.21,13.229999999999999
2021-06-03,48,21.0,,0.21,10.08
2021-06-04,80,21.0,,0.21,16.8
2021-06-05,70,21.0,,0.21,14.7
2021-06-06,63,25.0,False,0.25,15.75
2021-06-07,98,25.0,,0.25,24.5
2021-06-08,89,25.0,,0.25,22.25
2021-06-09,93,25.0,,0.25,23.25
2021-06-10,100,25.0,,0.25,25.0
2021-06-11,95,25.0,,0.25,23.75
2021-06-12,80,25.0,,0.25,20.0
2021-06-13,64,21.0,False,0.21,13.44
2021-06-14,82,21.0,,0.21,17.22
2021-06-15,87,21.0,,0.21,18.27
2021-06-16,61,21.0,,0.21,12.809999999999999
2021-06-17,45,21.0,,0.21,9.45
2021-06-18,49,21.0,,0.21,10.29
2021-06-19,59,21.0,,0.21,12.389999999999999
2021-06-20,55,20.0,False,0.2,11.0
2021-06-21,92,20.0,,0.2,18.400000000000002
2021-06-22,77,20.0,,0.2,15.4
2021-06-23,62,20.0,,0.2,12.4
2021-06-24,46,20.0,,0.2,9.200000000000001
2021-06-25,62,20.0,,0.2,12.4
2021-06-26,57,20.0,,0.2,11.4
2021-06-27,58,17.0,False,0.17,9.860000000000001
2021-06-28,50,17.0,,0.17,8.5
2021-06-29,59,17.0,,0.17,10.030000000000001
2021-06-30,63,17.0,,0.17,10.71
2021-07-01,64,17.0,,0.17,10.88
2021-07-02,68,17.0,,0.17,11.56
2021-07-03,67,17.0,,0.17,11.39
2021-07-04,84,15.0,False,0.15,12.6
2021-07-05,72,15.0,,0.15,10.799999999999999
2021-07-06,87,15.0,,0.15,13.049999999999999
2021-07-07,80,15.0,,0.15,12.0
2021-07-08,76,15.0,,0.15,11.4
2021-07-09,100,15.0,,0.15,15.0
2021-07-10,83,15.0,,0.15,12.45
2021-07-11,57,13.0,False,0.13,7.41
2021-07-12,96,13.0,,0.13,12.48
2021-07-13,83,13.0,,0.13,10.790000000000001
2021-07-14,49,13.0,,0.13,6.37
2021-07-15,86,13.0,,0.13,11.18
2021-07-16,60,13.0,,0.13,7.800000000000001
2021-07-17,66,13.0,,0.13,8.58
2021-07-18,75,16.0,False,0.16,12.0
2021-07-19,99,16.0,,0.16,15.84
2021-07-20,96,16.0,,0.16,15.36
2021-07-21,82,16.0,,0.16,13.120000000000001
2021-07-22,94,16.0,,0.16,15.040000000000001
2021-07-23,80,16.0,,0.16,12.8
2021-07-24,68,16.0,,0.16,10.88
2021-07-25,55,16.0,False,0.16,8.8
2021-07-26,99,16.0,,0.16,15.84
2021-07-27,92,16.0,,0.16,14.72
2021-07-28,97,16.0,,0.16,15.52
2021-07-29,80,16.0,,0.16,12.8
2021-07-30,86,16.0,,0.16,13.76
2021-07-31,80,16.0,,0.16,12.8
2021-08-01,86,12.0,False,0.12,10.32
2021-08-02,85,12.0,,0.12,10.2
2021-08-03,42,12.0,,0.12,5.04
2021-08-04,75,12.0,,0.12,9.0
2021-08-05,62,12.0,,0.12,7.4399999999999995
2021-08-06,49,12.0,,0.12,5.88
2021-08-07,38,12.0,,0.12,4.56
2021-08-08,66,15.0,False,0.15,9.9
2021-08-09,61,15.0,,0.15,9.15
2021-08-10,82,15.0,,0.15,12.299999999999999
2021-08-11,94,15.0,,0.15,14.1
2021-08-12,77,15.0,,0.15,11.549999999999999
2021-08-13,100,15.0,,0.15,15.0
2021-08-14,86,15.0,,0.15,12.9
2021-08-15,91,13.0,False,0.13,11.83
2021-08-16,75,13.0,,0.13,9.75
2021-08-17,55,13.0,,0.13,7.15
2021-08-18,65,13.0,,0.13,8.450000000000001
2021-08-19,48,13.0,,0.13,6.24
2021-08-20,64,13.0,,0.13,8.32
2021-08-21,92,13.0,,0.13,11.96
2021-08-22,82,14.0,False,0.14,11.48
2021-08-23,65,14.0,,0.14,9.100000000000001
2021-08-24,88,14.0,,0.14,12.32
2021-08-25,68,14.0,,0.14,9.520000000000001
2021-08-26,76,14.0,,0.14,10.64
2021-08-27,57,14.0,,0.14,7.98
2021-08-28,50,14.0,,0.14,7.000000000000001
2021-08-29,50,12.0,False,0.12,6.0
2021-08-30,55,12.0,,0.12,6.6
2021-08-31,65,12.0,,0.12,7.8
2021-09-01,73,12.0,,0.12,8.76
2021-09-02,54,12.0,,0.12,6.4799999999999995
2021-09-03,62,12.0,,0.12,7.4399999999999995
2021-09-04,100,12.0,,0.12,12.0
2021-09-05,70,18.0,False,0.18,12.6
2021-09-06,71,18.0,,0.18,12.78
2021-09-07,80,18.0,,0.18,14.399999999999999
2021-09-08,81,18.0,,0.18,14.58
2021-09-09,88,18.0,,0.18,15.84
2021-09-10,54,18.0,,0.18,9.719999999999999
2021-09-11,44,18.0,,0.18,7.92
2021-09-12,70,15.0,False,0.15,10.5
2021-09-13,64,15.0,,0.15,9.6
2021-09-14,72,15.0,,0.15,10.799999999999999
2021-09-15,70,15.0,,0.15,10.5
2021-09-16,49,15.0,,0.15,7.35
2021-09-17,41,15.0,,0.15,6.1499999999999995
2021-09-18,47,15.0,,0.15,7.05
2021-09-19,41,14.0,False,0.14,5.74
2021-09-20,43,14.0,,0.14,6.0200000000000005
2021-09-21,69,14.0,,0.14,9.66
2021-09-22,67,14.0,,0.14,9.38
2021-09-23,76,14.0,,0.14,10.64
2021-09-24,60,14.0,,0.14,8.4
2021-09-25,78,14.0,,0.14,10.920000000000002
2021-09-26,61,16.0,False,0.16,9.76
2021-09-27,59,16.0,,0.16,9.44
2021-09-28,55,16.0,,0.16,8.8
2021-09-29,47,16.0,,0.16,7.5200000000000005
2021-09-30,78,16.0,,0.16,12.48
2021-10-01,55,16.0,,0.16,8.8
2021-10-02,41,16.0,,0.16,6.5600000000000005
2021-10-03,40,14.0,False,0.14,5.6000000000000005
2021-10-04,56,14.0,,0.14,7.840000000000001
2021-10-05,34,14.0,,0.14,4.760000000000001
2021-10-06,51,14.0,,0.14,7.140000000000001
2021-10-07,54,14.0,,0.14,7.5600000000000005
2021-10-08,42,14.0,,0.14,5.880000000000001
2021-10-09,57,14.0,,0.14,7.98
2021-10-10,40,15.0,False,0.15,6.0
2021-10-11,43,15.0,,0.15,6.45
2021-10-12,52,15.0,,0.15,7.8
2021-10-13,44,15.0,,0.15,6.6
2021-10-14,37,15.0,,0.15,5.55
2021-10-15,63,15.0,,0.15,9.45
2021-10-16,62,15.0,,0.15,9.299999999999999
2021-10-17,59,21.0,False,0.21,12.389999999999999
2021-10-18,62,21.0,,0.21,13.02
2021-10-19,81,21.0,,0.21,17.009999999999998
2021-10-20,78,21.0,,0.21,16.38
2021-10-21,70,21.0,,0.21,14.7
2021-10-22,70,21.0,,0.21,14.7
2021-10-23,52,21.0,,0.21,10.92
2021-10-24,48,20.0,False,0.2,9.600000000000001
2021-10-25,51,20.0,,0.2,10.200000000000001
2021-10-26,100,20.0,,0.2,20.0
2021-10-27,89,20.0,,0.2,17.8
2021-10-28,60,20.0,,0.2,12.0
2021-10-29,51,20.0,,0.2,10.200000000000001
2021-10-30,49,20.0,,0.2,9.8
2021-10-31,67,18.0,False,0.18,12.059999999999999
2021-11-01,72,18.0,,0.18,12.959999999999999
2021-11-02,79,18.0,,0.18,14.219999999999999
2021-11-03,95,18.0,,0.18,17.099999999999998
2021-11-04,72,18.0,,0.18,12.959999999999999
2021-11-05,90,18.0,,0.18,16.2
2021-11-06,84,18.0,,0.18,15.12
2021-11-07,89,22.0,False,0.22,19.580000000000002
2021-11-08,97,22.0,,0.22,21.34
2021-11-09,82,22.0,,0.22,18.04
2021-11-10,96,22.0,,0.22,21.12
2021-11-11,76,22.0,,0.22,16.72
2021-11-12,68,22.0,,0.22,14.96
2021-11-13,100,22.0,,0.22,22.0
2021-11-14,61,18.0,False,0.18,10.98
2021-11-15,100,18.0,,0.18,18.0
2021-11-16,68,18.0,,0.18,12.24
2021-11-17,78,18.0,,0.18,14.04
2021-11-18,76,18.0,,0.18,13.68
2021-11-19,75,18.0,,0.18,13.5
2021-11-20,56,18.0,,0.18,10.08
2021-11-21,76,15.0,False,0.15,11.4
2021-11-22,68,15.0,,0.15,10.2
2021-11-23,84,15.0,,0.15,12.6
2021-11-24,89,15.0,,0.15,13.35
2021-11-25,54,15.0,,0.15,8.1
2021-11-26,88,15.0,,0.15,13.2
2021-11-27,67,15.0,,0.15,10.049999999999999
2021-11-28,69,15.0,True,0.15,10.35
2021-11-29,65,15.0,,0.15,9.75
2021-11-30,72,15.0,,0.15,10.799999999999999
2021-12-01,100,15.0,,0.15,15.0
2021-12-02,99,15.0,,0.15,14.85
